/* Wygenerowane automatycznie z plikow .mem.
 * Probki audio Q1.15 (16-bit U2), 1 probka = 1 slowo 16-bit.
 */
#ifndef AUDIO_FILES_H
#define AUDIO_FILES_H
#include "xil_types.h"

/* ON  (good) : 16000 probek */
static const u16 audio_on_good[16000] = {
0x0025, 0xfeb3, 0xff24, 0x0048, 0x00ac, 0xfea0, 0xfcee, 0xfd7f, 0xfc9e, 0xfbdf, 0xfcb5, 0xfbfb,
0xfc87, 0xfd0e, 0xfdbb, 0xfe9e, 0xfe2d, 0x00c2, 0x01ae, 0x0068, 0x0111, 0x015c, 0x01c2, 0x0178,
0x019e, 0x00b0, 0xff2b, 0x026d, 0x026b, 0x0110, 0x0295, 0x0253, 0x02bb, 0x01c7, 0x0123, 0x0046,
0xfd05, 0xfd47, 0xfec9, 0xfe2b, 0xfde4, 0xff0c, 0x007c, 0x01db, 0x03d5, 0x0323, 0x0371, 0x055f,
0x048e, 0x04ec, 0x04b3, 0x03c0, 0x0279, 0xffc7, 0x0089, 0x0031, 0xffd0, 0x0160, 0xffa2, 0xff40,
0x005f, 0xff7a, 0xfe54, 0xfe8f, 0xfd71, 0xfe2b, 0xff0a, 0xfe0d, 0xff1c, 0x0021, 0x0079, 0x00b1,
0x00a4, 0x007c, 0x00db, 0x0041, 0x006f, 0xff89, 0xfed8, 0x0068, 0xff4a, 0xfe08, 0xff3c, 0x00af,
0x00bf, 0xff4e, 0xff95, 0xff35, 0xfe7f, 0xfe26, 0xfcec, 0xfda9, 0xfd4b, 0xfc8e, 0xfc36, 0xfc8d,
0xfc75, 0xfc10, 0xff32, 0x014d, 0x0025, 0x0198, 0x0455, 0x03cd, 0x0446, 0x02cd, 0x00bf, 0x015a,
0xff82, 0xfeb2, 0xfe57, 0xfe12, 0xff71, 0xff68, 0xff6f, 0xff5c, 0xfe6a, 0xff15, 0xff0d, 0xfef7,
0xfef3, 0xfcba, 0xfdaa, 0xfed8, 0xfe7d, 0x000a, 0x0121, 0x015d, 0x0009, 0x014d, 0x0130, 0x0016,
0x0182, 0xff68, 0xff9d, 0x00e5, 0x0026, 0x0082, 0x00ad, 0x02ac, 0x048c, 0x034a, 0x0252, 0x024e,
0x01d1, 0x0145, 0xfd81, 0xfb5f, 0xfc02, 0xfaf2, 0xfd08, 0xfd4c, 0xffa5, 0x00d7, 0x0057, 0x0181,
0x0098, 0x02b6, 0x031b, 0x0519, 0x0521, 0x047a, 0x0473, 0x0218, 0x01b6, 0x00be, 0x010e, 0x0294,
0x0118, 0xfdb3, 0xff2b, 0x0012, 0xfe0d, 0xfe2c, 0xfcec, 0xfc2e, 0xfc8a, 0xfbfe, 0xfc9e, 0xfc79,
0xfe8a, 0x0046, 0xff91, 0x008a, 0xff8f, 0xfef2, 0x0074, 0x0167, 0x00a8, 0x00d5, 0x025b, 0x0083,
0x00c9, 0x031e, 0x02c0, 0x02bc, 0x03c6, 0x02c4, 0x0167, 0x01b7, 0xfeb5, 0xfc19, 0xfcbf, 0xfaf9,
0xf99a, 0xfb55, 0xfc81, 0xfdcd, 0xfe88, 0x0001, 0x0293, 0x0207, 0x0261, 0x0369, 0x034e, 0x02a9,
0x0239, 0x00d7, 0xffb5, 0xffce, 0x0021, 0x0165, 0x01d6, 0x01ef, 0x01b5, 0x0212, 0x0183, 0xffb6,
0xfe5b, 0xff50, 0xfdba, 0xfc28, 0xfdb2, 0xfd62, 0xfe0e, 0x0012, 0x00af, 0x003e, 0x0031, 0xffcb,
0xffe7, 0xffb9, 0xffdb, 0x0065, 0x0041, 0xff05, 0xff22, 0x0071, 0x0117, 0x0111, 0x0090, 0x01a8,
0x014a, 0xfdfb, 0xfc44, 0xfcc5, 0xfc03, 0xf9e6, 0xfa68, 0xfbf0, 0xfc78, 0xfe50, 0xfe86, 0x007c,
0x027f, 0x0249, 0x041c, 0x0648, 0x05a2, 0x03ba, 0x0346, 0x021c, 0x016a, 0x00ce, 0x00ee, 0x0098,
0x00cc, 0x0269, 0x0139, 0x00b5, 0x011b, 0x0023, 0xfec3, 0xff4b, 0xffbb, 0xfeba, 0xfff9, 0xffa6,
0xff0a, 0x0030, 0x0069, 0x011f, 0xffd9, 0x0049, 0x009d, 0xffe4, 0x0144, 0x0111, 0x00e3, 0x0079,
0xffd6, 0x00d5, 0x01c7, 0x0163, 0x0399, 0x0542, 0x0493, 0x0500, 0x02ff, 0x016a, 0xfec7, 0xfcaa,
0xfc9c, 0xfa1c, 0xf960, 0xf9c8, 0xfb82, 0xfcae, 0xfcc9, 0xfffc, 0x0061, 0x004e, 0x020b, 0x02ec,
0x04aa, 0x02b9, 0x0054, 0xff60, 0xff39, 0x010c, 0x004e, 0xffe5, 0xff9c, 0xff84, 0x00ab, 0xfeaf,
0xfef0, 0xffd7, 0xfccf, 0xfbcb, 0xfde0, 0xfe4e, 0xfcea, 0xfd89, 0xfe75, 0xfe67, 0x0009, 0x002a,
0xffea, 0x016c, 0x01d2, 0x0293, 0x0259, 0x028d, 0x0365, 0x0220, 0x01e5, 0x0262, 0x0256, 0x01ed,
0x014c, 0x004d, 0xfeb9, 0xfd58, 0xfd8a, 0xfc41, 0xfa1f, 0xf9bb, 0xf9d8, 0xfabc, 0xfa49, 0xfbe6,
0xfe66, 0xffe3, 0x026a, 0x041b, 0x05d0, 0x0735, 0x05ec, 0x04d0, 0x0226, 0x009b, 0x00aa, 0xfe82,
0xfdeb, 0xfd9a, 0xfe43, 0xfcbb, 0xfd25, 0xfeec, 0xfe0b, 0x0012, 0x000d, 0xffd8, 0xffc2, 0xfe26,
0xfd5a, 0xfd8a, 0xfd5e, 0xfd01, 0xfeeb, 0x0056, 0x0015, 0x0077, 0x00d6, 0x0004, 0x00a8, 0x011f,
0x01f6, 0x02af, 0x02c5, 0x03e6, 0x0452, 0x0439, 0x032e, 0x0255, 0x0267, 0x01fc, 0xffb9, 0xfec7,
0xfe63, 0xfd11, 0xfbc3, 0xfa5a, 0xf9c8, 0xfa10, 0xfc3b, 0xfded, 0x011e, 0x040d, 0x0453, 0x04c1,
0x04ac, 0x0466, 0x0355, 0x02c0, 0x0214, 0x00c5, 0x0163, 0x0236, 0x02af, 0x0342, 0x01c9, 0x0201,
0x01e5, 0x01f9, 0x03c1, 0x0292, 0x004b, 0xff7f, 0xfe13, 0xfc41, 0xfbbb, 0xfad1, 0xfa85, 0xfa60,
0xfcb9, 0xfe11, 0xfeb7, 0x01fd, 0x0267, 0x0272, 0x030d, 0x0302, 0x03a1, 0x03e2, 0x03f3, 0x03f3,
0x03c1, 0x0296, 0x00ed, 0x00df, 0x003b, 0xfeca, 0xfced, 0xfabe, 0xf914, 0xf8bd, 0xf96f, 0xfa6c,
0xfc23, 0xfd82, 0x00eb, 0x01b9, 0x019f, 0x02c5, 0x0333, 0x02a1, 0x014a, 0x01c2, 0x0175, 0x0129,
0xff65, 0xff2b, 0x00da, 0xff3d, 0xff14, 0xff5b, 0x0062, 0x005b, 0x001f, 0x01a5, 0xff38, 0xfff8,
0xffbd, 0xfe37, 0xfea3, 0xfd25, 0xfd5e, 0xfdb7, 0xfe84, 0xff9f, 0x00a6, 0x013b, 0x00e7, 0x00cf,
0x00b4, 0x00dd, 0xfeee, 0xfec6, 0x00dc, 0x0151, 0x008e, 0xfed6, 0xffd5, 0x00d5, 0xffc3, 0xffd5,
0xff37, 0xfdea, 0xfd1f, 0xfe4f, 0xfd6d, 0xfba1, 0xfaa6, 0xfb4f, 0xfd5a, 0xfdfc, 0xff50, 0x000c,
0x01ac, 0x01fd, 0x016a, 0x01c1, 0x0130, 0x011c, 0x0058, 0xfe97, 0x005d, 0x0097, 0x0159, 0x037b,
0x02c1, 0x0424, 0x05d1, 0x06cb, 0x0600, 0x0403, 0x0304, 0x0136, 0xff5e, 0xff37, 0xfe84, 0xfd84,
0xfea6, 0xffa2, 0x0083, 0x0156, 0x01ca, 0x02f1, 0x0290, 0x024b, 0x033e, 0x0241, 0x007b, 0x00c7,
0xff74, 0xfed1, 0xffdc, 0xfebb, 0xfd95, 0xfd11, 0xfc74, 0xfd1a, 0xfd55, 0xfaad, 0xfae2, 0xfb5e,
0xfa06, 0xfb65, 0xfecd, 0xffec, 0xffa4, 0x0270, 0x037b, 0x016a, 0x008a, 0x0166, 0xff8d, 0xff63,
0x012a, 0x0039, 0xffa1, 0xffbe, 0x0027, 0xffd1, 0x0036, 0x020a, 0x0179, 0x019f, 0x03c4, 0x036a,
0x046a, 0x0343, 0x0071, 0xfee4, 0xfd0b, 0xfc77, 0xfbf9, 0xfccb, 0xfec1, 0xffc8, 0xfffa, 0x0104,
0x03b8, 0x0459, 0x042c, 0x0363, 0x0386, 0x0414, 0x01a1, 0x007a, 0xfe56, 0x000c, 0xffa8, 0xfd7e,
0xff82, 0x0015, 0xffab, 0xfd7c, 0xfcf6, 0xfe18, 0xfc14, 0xfa58, 0xfb14, 0xfb84, 0xfd97, 0xfe16,
0xffe7, 0x024c, 0x0093, 0x01ae, 0x023b, 0x024a, 0x01bd, 0xfff8, 0x0027, 0xff71, 0xfd3d, 0xfb69,
0xfcff, 0xfd3d, 0xfc25, 0xfda5, 0xffc7, 0xffaa, 0x00da, 0x0186, 0xfe9e, 0xfd7d, 0xfc93, 0xfc5c,
0xfc56, 0xfe49, 0x013e, 0x008d, 0x014d, 0x030b, 0x041a, 0x0565, 0x03d4, 0x0359, 0x0430, 0x040e,
0x0327, 0x018c, 0x012f, 0xfef8, 0xfe70, 0xfefe, 0xfd96, 0xff9c, 0x01c1, 0x0122, 0xffbb, 0xff1c,
0xff99, 0xfff5, 0xfeb0, 0xff3a, 0x0177, 0x0155, 0x039b, 0x02d9, 0x01e7, 0x023c, 0x002a, 0x02c6,
0x0383, 0x026a, 0x044f, 0x0476, 0x037b, 0x0210, 0xfffe, 0xff5d, 0xffed, 0x00a9, 0x018d, 0x019d,
0x001c, 0xfff5, 0xfeb5, 0xfaf5, 0xfb37, 0xfa29, 0xfb02, 0xfd6d, 0xfce1, 0xfe1e, 0xfe7c, 0xff56,
0x007b, 0xff68, 0x0055, 0x03ac, 0x04e5, 0x04f4, 0x03b5, 0x031d, 0x0277, 0x014b, 0xfee6, 0xfec1,
0xfcfa, 0xfc31, 0xfe15, 0xfc37, 0xfe05, 0xfc2a, 0xfb88, 0xfcd5, 0xfc14, 0xfd56, 0xfbef, 0xfd32,
0xff56, 0xff5c, 0xff60, 0x0077, 0x0155, 0x0236, 0x0423, 0x03c7, 0x02a0, 0x0179, 0x00ad, 0x008d,
0xfed1, 0xfe4d, 0xfe9a, 0xfed7, 0xfeaf, 0xfe56, 0x006d, 0x0110, 0x003a, 0xff68, 0xfe31, 0xfe53,
0xfe2f, 0xfd66, 0xfd11, 0xfccc, 0xff14, 0xfe85, 0xfd79, 0x006d, 0x003f, 0x0188, 0x0311, 0x0319,
0x049a, 0x02ab, 0x0092, 0xff49, 0xfd17, 0xfca8, 0xfdbe, 0xfe1f, 0xfe35, 0x0006, 0x00d2, 0x00b5,
0x02a2, 0x01ec, 0x0136, 0x0182, 0x00b8, 0x0197, 0x01b4, 0x0199, 0x0145, 0x007b, 0x008f, 0x01c9,
0x01a9, 0xff94, 0xfff5, 0x026e, 0x025e, 0x024d, 0x0151, 0x0035, 0x0185, 0x0122, 0x0103, 0x0202,
0x0186, 0x015d, 0x00be, 0xffa1, 0xffaa, 0xfe79, 0xfe16, 0xfd6a, 0xfc75, 0xfcea, 0xfcf4, 0xfe0c,
0xff33, 0xff66, 0x01e6, 0x0462, 0x05f2, 0x06b6, 0x0653, 0x06f6, 0x0549, 0x02f0, 0x0120, 0xff92,
0xff7a, 0xfedb, 0xfef7, 0xfdb5, 0xfc2e, 0xfe67, 0xfedd, 0xfd69, 0xfcf1, 0xfcc8, 0xfdf8, 0xfccb,
0xfb86, 0xfd4f, 0xfe99, 0xff8d, 0xff28, 0x0012, 0x00c6, 0x00f0, 0x0136, 0x01b4, 0x0361, 0x027d,
0x01a3, 0x00b3, 0x00ad, 0x026a, 0x0221, 0x002d, 0x00e8, 0x0212, 0x0225, 0x01d9, 0x0139, 0x011f,
0xff6b, 0xfe64, 0xffcb, 0xfeb6, 0xfc1a, 0xfe8a, 0xff67, 0xfe4d, 0xff9d, 0x0034, 0x00e1, 0x01e3,
0x02aa, 0x0307, 0x0284, 0x015d, 0xfff9, 0xfeaa, 0xfc2e, 0xfc3a, 0xfd47, 0xfc96, 0xff19, 0x0108,
0x0032, 0x0078, 0x008c, 0xff3a, 0xffcd, 0xfde8, 0xfc75, 0xfe2b, 0xfc71, 0xfc61, 0xfd4d, 0xfc9c,
0xfbf9, 0xfcbd, 0xfd95, 0xfd47, 0xfdd4, 0xfed0, 0x002b, 0xff81, 0x0003, 0x01bb, 0x0137, 0x01d3,
0x015d, 0xff49, 0xffaf, 0x0032, 0xffdf, 0xfc46, 0xfbb8, 0xfc68, 0xfa6f, 0xfb23, 0xfa82, 0xfc5a,
0xfd8b, 0xfd81, 0xfed4, 0x007c, 0x02cd, 0x0482, 0x0719, 0x08b4, 0x0929, 0x0855, 0x05f8, 0x0447,
0x0387, 0x0083, 0xff47, 0x006f, 0xffe8, 0xfdf3, 0xfd4f, 0xfd19, 0xfc18, 0xfbbf, 0xfbf5, 0xfe08,
0xff20, 0xff2c, 0xff67, 0x00e4, 0x028c, 0x01c1, 0x017a, 0x0275, 0x0406, 0x0608, 0x0686, 0x05d6,
0x04e9, 0x02cb, 0x006b, 0xff05, 0xfc99, 0xfd67, 0x0051, 0xfeb3, 0xfffb, 0xffed, 0xfee8, 0x00c8,
0xff32, 0xfda1, 0xff93, 0x00cc, 0xffae, 0x016e, 0x0074, 0x015e, 0x0216, 0xff04, 0x0200, 0x0316,
0x01eb, 0x0165, 0xffc0, 0xfe87, 0xfcdd, 0xfdbe, 0xfdf4, 0xfcd3, 0xfe84, 0xfef7, 0x0120, 0x03b7,
0x02ae, 0x0407, 0x0493, 0x047c, 0x05d6, 0x0691, 0x06a2, 0x04f9, 0x03a7, 0x0246, 0xff45, 0xfd13,
0xfcd9, 0xfcbc, 0xfc9a, 0xfc5c, 0xfcd8, 0xfdff, 0xfcea, 0xfd83, 0xfcfd, 0xfb11, 0xfc64, 0xfd9b,
0xfde4, 0xfdfd, 0xffec, 0xfed3, 0xff48, 0x00eb, 0x000a, 0x009b, 0xff4e, 0xfe32, 0xfcdb, 0xfc45,
0xfaeb, 0xfa93, 0xfb90, 0xfb5d, 0xfdad, 0xff91, 0x0094, 0x0278, 0x0380, 0x0253, 0x0259, 0x033a,
0x021e, 0x00c6, 0x00fa, 0x00bd, 0x0110, 0xff5a, 0xfd9d, 0xfebd, 0xfe16, 0xfe46, 0xfd1b, 0xfc3c,
0xfb33, 0xfbb8, 0xfc6e, 0xfbf8, 0xfdfb, 0xfea2, 0x012d, 0x0302, 0x051d, 0x064c, 0x05d6, 0x0702,
0x0782, 0x080e, 0x05a1, 0x026c, 0xffb6, 0xfe26, 0xfe7f, 0xfcd9, 0xfca0, 0xfe4b, 0xfdca, 0xfd0c,
0xfde3, 0xffda, 0xff9f, 0xfd83, 0xfe41, 0x0015, 0x00f5, 0xfff7, 0x0104, 0x02f3, 0x0165, 0x0247,
0x03a2, 0x02fe, 0x02ae, 0x0298, 0x0193, 0xffd7, 0xfee1, 0xfe8b, 0xff45, 0x0093, 0x016d, 0x00c6,
0x01b4, 0x0311, 0x027a, 0x024b, 0x0110, 0x0199, 0x01e9, 0x0196, 0x0165, 0xffa5, 0xfea0, 0xfd5f,
0xfd8b, 0xfdbf, 0xfc65, 0xfc12, 0xfdc3, 0xfdea, 0xff23, 0xff53, 0xfe4f, 0xff88, 0xfddd, 0xff06,
0x009a, 0x0199, 0x039e, 0x0322, 0x0460, 0x0487, 0x0396, 0x0321, 0x01af, 0x0193, 0x0093, 0xfec1,
0xfd3c, 0xfb6a, 0xfa83, 0xfb19, 0xfbfc, 0xfcf6, 0xfff2, 0x0020, 0x0080, 0x0235, 0x023a, 0x030a,
0x0357, 0x02cf, 0x024f, 0x02e5, 0x0243, 0x013b, 0xffdb, 0xfff6, 0xffe4, 0xfd0e, 0xfcd7, 0xfbdd,
0xfb51, 0xfcae, 0xfd3c, 0xfcaa, 0xfc19, 0xfdcf, 0xfd9a, 0xfe2f, 0x019b, 0x01f1, 0x0251, 0x04e3,
0x04e4, 0x02a0, 0x00ca, 0xff8f, 0xff25, 0xfdb3, 0xfd21, 0xfda8, 0xfc81, 0xfc47, 0xfc5c, 0xfcd2,
0xfda4, 0xfeb8, 0xffb3, 0x0022, 0x006c, 0xfe6c, 0xfe0f, 0xfec8, 0xfe57, 0xffaf, 0x017b, 0x009d,
0x01f4, 0x0482, 0x0448, 0x0482, 0x02d4, 0x0088, 0x0080, 0x00b3, 0xff37, 0xff34, 0x016c, 0x0183,
0x0063, 0xffa7, 0x0012, 0x00d2, 0xff7f, 0xfef6, 0x0056, 0x02a8, 0x02f0, 0x0233, 0x00a7, 0x003f,
0x0012, 0xfe2d, 0xfdb3, 0xfe86, 0xff34, 0xfe6d, 0xff1e, 0xfcf9, 0xfb4c, 0xfb18, 0xfc17, 0xfe3c,
0xffa7, 0x02dc, 0x03a4, 0x0403, 0x049a, 0x035b, 0x03df, 0x04e1, 0x033d, 0x0382, 0x02f6, 0x0048,
0xff0b, 0xfebd, 0xfd3a, 0xfb02, 0xfa37, 0xfa73, 0xfc2f, 0xfd83, 0xff96, 0x0167, 0x02b0, 0x034a,
0x00b7, 0x00be, 0x01ad, 0x01c5, 0x02cb, 0x030b, 0x0333, 0x007d, 0x0033, 0x014e, 0xff58, 0xffe3,
0x009f, 0x005e, 0xffc8, 0xfee1, 0xfe46, 0xfce7, 0xfda2, 0xfdbe, 0xfea1, 0x007c, 0x0062, 0x01f8,
0x0109, 0xffd7, 0xff10, 0xfd8b, 0xfe86, 0xff02, 0xffa9, 0x0022, 0x0095, 0x00f9, 0x0129, 0x00a2,
0x0024, 0x00c8, 0xff71, 0xfe9a, 0xff2d, 0xfe50, 0xfd65, 0xfc7b, 0xfc7e, 0xfc2d, 0xfb5d, 0xfda4,
0xff94, 0x0272, 0x0441, 0x039e, 0x041f, 0x0282, 0x0198, 0x006d, 0xfe2d, 0xffa3, 0xfef2, 0xff2c,
0x0014, 0xfdb5, 0xfeb6, 0xff11, 0xfe6d, 0xfe0a, 0xff8d, 0xffe0, 0x000d, 0x0129, 0xff90, 0xff0d,
0xfdf2, 0xff76, 0x0058, 0x00a6, 0x021e, 0x0211, 0x0365, 0x0584, 0x02e1, 0xffdf, 0x0006, 0xff3c,
0xffd7, 0x0077, 0x024f, 0x0328, 0x03a3, 0x041a, 0x0442, 0x0520, 0x0313, 0x0275, 0x01ea, 0x00b9,
0xff78, 0xfdba, 0xfd88, 0xfe21, 0xfe59, 0xfe39, 0xff12, 0x0053, 0x0176, 0x0148, 0x0170, 0x00f7,
0x004e, 0x00ca, 0xffa9, 0xfefb, 0x0137, 0x02d4, 0x0125, 0x00a9, 0x00eb, 0xff34, 0xffa5, 0x00b1,
0xfdd1, 0xfd9f, 0xfe05, 0xfca6, 0xfebf, 0xff8b, 0xffa7, 0xffe5, 0xff19, 0xff62, 0x0103, 0x0252,
0x0244, 0x00f1, 0x011d, 0x0291, 0x01f0, 0x0232, 0x0322, 0x0159, 0x0055, 0x00e5, 0xfd75, 0xfb97,
0xfd23, 0xff0e, 0xff55, 0xfed2, 0x0028, 0xffa9, 0xff31, 0xfeca, 0xfe56, 0xfd80, 0xfca2, 0xfe0a,
0xfe97, 0xffaa, 0x010c, 0x0085, 0x01d7, 0x0253, 0x01f1, 0x00fa, 0x0114, 0x01bf, 0xfe31, 0xfe59,
0xfda5, 0xfd09, 0xff24, 0xfeac, 0xff56, 0xfe27, 0xfe2e, 0xfe6c, 0xfc69, 0xfc77, 0xfba9, 0xfa92,
0xfb3e, 0xfccc, 0xfe68, 0x001d, 0x013b, 0x00d6, 0x00d2, 0x0240, 0x013f, 0xfe82, 0xfe2b, 0xff96,
0xff3f, 0xfce4, 0xfca6, 0xfda9, 0x0028, 0x0066, 0xfea6, 0xff27, 0xfef9, 0x0055, 0xfff8, 0xfefe,
0xff78, 0xffe8, 0x01ba, 0x014f, 0x0161, 0x00ad, 0xfe60, 0xfec1, 0xff88, 0xff19, 0xffd0, 0x0109,
0x00b0, 0x009f, 0x002d, 0x00ac, 0x0040, 0xfef1, 0xfee6, 0xfefd, 0xff96, 0xfee2, 0xfe56, 0xff5b,
0xfeea, 0xfebd, 0x022d, 0x034f, 0x02e2, 0x0388, 0x0258, 0x008a, 0x0117, 0x0243, 0x00a9, 0x0177,
0x0116, 0x005f, 0x02bc, 0x0222, 0x019e, 0x00ed, 0xfffa, 0x000c, 0x0157, 0x02c0, 0x02a2, 0x03b5,
0x04de, 0x0303, 0x02b6, 0x0394, 0x03f1, 0x03c1, 0x026c, 0x01a6, 0xff63, 0xfe85, 0xfde2, 0xfdd4,
0xfe29, 0xfe6f, 0x0197, 0x034e, 0x043e, 0x02a8, 0x0077, 0x0179, 0x00bc, 0x0078, 0x013d, 0x0286,
0x04d9, 0x0541, 0x034d, 0x0153, 0x00b9, 0x0031, 0xff2a, 0xfcf1, 0xfd78, 0xfe96, 0xff14, 0x00d0,
0x007b, 0x0049, 0xfe8e, 0xfec8, 0xff4e, 0xff2b, 0xffbc, 0xff58, 0x0176, 0x0091, 0xffb2, 0xff56,
0xffd0, 0x00a2, 0xfe5c, 0xfe8e, 0xfe7f, 0xfcaa, 0xfbdc, 0xfcb4, 0xfbf0, 0xfc91, 0xfd5b, 0xfc86,
0xfde9, 0xfd81, 0xfe04, 0xfdde, 0xffb7, 0x00c5, 0xffd6, 0x00fd, 0xff78, 0x019c, 0x011d, 0xfe57,
0x0032, 0xfe53, 0xfc90, 0xfd8c, 0xfd66, 0xfdf5, 0xfd92, 0xfca2, 0xfc06, 0xfc60, 0xfd6b, 0xfd7b,
0xff67, 0x005b, 0x0073, 0x0083, 0x0023, 0xff02, 0xfd8c, 0xfd36, 0xfd78, 0xfed0, 0x0002, 0x0183,
0x01de, 0x01ea, 0x021c, 0x01a8, 0x0177, 0x01e7, 0x0296, 0x01b8, 0x00b1, 0x024e, 0x014b, 0x00c7,
0x0164, 0x00c9, 0x0127, 0x004a, 0x0199, 0x01e4, 0x01f5, 0x000c, 0xfedb, 0x0030, 0xff18, 0xfd30,
0xfd46, 0xfee7, 0xfe49, 0xfef6, 0xff64, 0xfeca, 0xff88, 0x004e, 0x008e, 0x01a7, 0x00e7, 0x005f,
0x01e9, 0x0351, 0x028b, 0x00e0, 0x02b8, 0x027c, 0x015a, 0x007d, 0xffd0, 0x0000, 0xfff3, 0xff79,
0xfd86, 0xfd0e, 0xfec6, 0xfea7, 0xfe8e, 0x0230, 0x03fb, 0x0409, 0x05b6, 0x063d, 0x05e7, 0x0584,
0x03ba, 0x0205, 0x01a7, 0x0191, 0x02be, 0x0492, 0x01ba, 0xff9d, 0xffb2, 0xfdb0, 0xfc2b, 0xfcd9,
0xfe6b, 0xfe8b, 0xff99, 0x0166, 0x00f5, 0x0080, 0x0192, 0xff2b, 0xfe5d, 0x007e, 0xffed, 0x0033,
0x0032, 0xfff7, 0x0114, 0x00e8, 0x0055, 0x006c, 0xff37, 0xff5f, 0x0013, 0xffbc, 0xfe53, 0xfdf8,
0xfe0f, 0xfd54, 0xfe8c, 0xfef8, 0x00c9, 0x00e3, 0x003d, 0x00b6, 0xfee6, 0xfe24, 0xfe19, 0xff4a,
0xff6f, 0xff05, 0x0031, 0xfe93, 0xfd30, 0xfdbb, 0xfd6e, 0xfc26, 0xfd2d, 0xfeef, 0xfda7, 0xfe23,
0xfe22, 0xfe2d, 0xfce7, 0xfc1c, 0xfeb2, 0xff64, 0x000e, 0xffe5, 0x0081, 0x004b, 0xff21, 0xfed0,
0xfd1f, 0xfcc6, 0xfdcf, 0xfd7d, 0xfd6d, 0xfde7, 0xfedc, 0xffe4, 0x00e9, 0x00f8, 0x0087, 0x01b1,
0x0206, 0x01e0, 0x0295, 0x02d1, 0x00b3, 0x0070, 0x016e, 0x0031, 0xff56, 0xfdf1, 0xfd99, 0xfec6,
0xfe51, 0xfdd9, 0xfede, 0xff87, 0xff5c, 0xfeef, 0x0079, 0x001d, 0xfde6, 0x0081, 0xffe2, 0xffce,
0x0191, 0x0236, 0x0326, 0x03a5, 0x06b4, 0x0502, 0x04cf, 0x055f, 0x0360, 0x0330, 0x0016, 0xfea2,
0xfe4d, 0xfcde, 0xfdf0, 0xfe0e, 0xfe3c, 0x0003, 0xff39, 0x000c, 0x00fa, 0xfff4, 0x0143, 0x0178,
0x02f1, 0x035b, 0x035d, 0x047c, 0x04f5, 0x05aa, 0x04d1, 0x0552, 0x0213, 0x00b7, 0x005d, 0xfe0f,
0x002c, 0xff26, 0xfe71, 0xfdd1, 0xfd0e, 0xfd6b, 0xfcb1, 0xfd0d, 0xfd1d, 0xfe1e, 0xfe89, 0xff10,
0xfebe, 0xff06, 0x0015, 0xffba, 0xff5c, 0xfef9, 0xffd5, 0x00e5, 0x0173, 0x00d5, 0x0258, 0x02a5,
0x0130, 0x0111, 0x017c, 0x01c4, 0xff86, 0xfe36, 0xfe36, 0xfcee, 0xfc81, 0xfd7c, 0xfe07, 0xfeb3,
0xfef5, 0x00c7, 0xffc1, 0xffb2, 0x005b, 0xfed0, 0xff27, 0xfd23, 0xfe19, 0xfe6a, 0xfe99, 0x0020,
0xff64, 0x0082, 0x0102, 0x0111, 0x00ac, 0x0087, 0xff29, 0xfe18, 0xff3a, 0xffe3, 0xff64, 0xff47,
0x015e, 0x0227, 0x0313, 0x02a1, 0x00fb, 0x010a, 0x0025, 0x00a4, 0xffbe, 0xff2c, 0xfffa, 0xff6c,
0x0067, 0xfffc, 0xfeca, 0xff34, 0x0119, 0x0229, 0x02b2, 0x036e, 0x01f0, 0x0128, 0x003f, 0xfe24,
0xfdf9, 0xff24, 0xfd36, 0xfdb1, 0xfef5, 0xfd39, 0xff08, 0xfefb, 0xffec, 0x00f6, 0x008a, 0x01c2,
0x01bd, 0x0219, 0x0204, 0x0156, 0x0013, 0xff09, 0xff6c, 0xffd1, 0x0051, 0x00f7, 0x017d, 0x024e,
0x027f, 0x0247, 0x00cd, 0x008a, 0x011e, 0xfd6b, 0xfc95, 0xfdc8, 0xfb72, 0xfbc0, 0xfb9d, 0xfcef,
0xffec, 0xffed, 0x00da, 0x0178, 0x00ac, 0xff80, 0x0051, 0x009c, 0x0151, 0x03a8, 0x0333, 0x0556,
0x05a4, 0x0441, 0x0425, 0x02a0, 0x008d, 0xfee4, 0xfeef, 0xfca8, 0xfce2, 0xfc06, 0xfb0d, 0xfd52,
0xfec0, 0x0071, 0xff73, 0x006d, 0x0251, 0x02c8, 0x0206, 0x00af, 0x01b7, 0x00de, 0x007c, 0x00bc,
0xff1c, 0xff4f, 0x0038, 0x005a, 0xffac, 0xff1d, 0xff04, 0xfd99, 0xfe4d, 0xfe2b, 0xfd6b, 0xfdab,
0xfd8c, 0xfe9a, 0xfdec, 0xfe96, 0xfed4, 0xfe13, 0xff70, 0xff84, 0xfef8, 0xfdd6, 0xfc83, 0xfcf5,
0xfec9, 0xfe65, 0xfe9b, 0xff6a, 0xff29, 0x00e3, 0x0107, 0x015e, 0x0140, 0x0112, 0xff84, 0xfe6a,
0xfe9f, 0xfc61, 0xfbe1, 0xfb96, 0xfcbb, 0xfd01, 0xfc74, 0xfd9d, 0xff70, 0x0337, 0x0536, 0x0667,
0x06d8, 0x05c2, 0x057d, 0x03db, 0x0175, 0xfe6d, 0xfdf8, 0xff1a, 0xfed6, 0x0056, 0x01db, 0x0224,
0x023e, 0x0181, 0x0161, 0x0115, 0x0111, 0x0228, 0x01b8, 0x01d8, 0xff61, 0xfd72, 0xfd60, 0xfbbd,
0xfcc0, 0xfe59, 0xff4c, 0x008e, 0x015e, 0x026f, 0x0217, 0x0231, 0x0443, 0x0384, 0x030c, 0x03c9,
0x02d9, 0x021c, 0x01e2, 0x02e7, 0x02f8, 0x0062, 0xff97, 0x0070, 0xfe89, 0xfdf5, 0xfde4, 0xfbea,
0xfe11, 0x0020, 0xff54, 0x00f3, 0x030d, 0x02e2, 0x0507, 0x050d, 0x0380, 0x0321, 0x0012, 0xff3e,
0xfe03, 0xff8b, 0x025b, 0x005d, 0x01fc, 0x01e2, 0x00a6, 0x007c, 0xfdcd, 0xfecb, 0xff6c, 0xfdb5,
0xfdbb, 0xfd5c, 0xfa95, 0xfb88, 0xfbda, 0xfa89, 0xfd36, 0xfea4, 0x008f, 0x01ab, 0x0248, 0x035e,
0x00d7, 0xffb7, 0x0085, 0xff2a, 0xfe8a, 0xfea7, 0xfeed, 0xfeb2, 0xfdbd, 0xfe05, 0xfe0a, 0xfc9b,
0xfcd0, 0xfe6c, 0xfe56, 0xfdf6, 0xfd4d, 0xfe85, 0x0028, 0xff77, 0xfe96, 0xfef3, 0x0100, 0x00bb,
0x00f0, 0x037d, 0x0377, 0x0238, 0x00c8, 0xfe78, 0xff58, 0xfe6b, 0xfd4f, 0xfedf, 0xfebc, 0xfeed,
0xff8f, 0x002c, 0x0154, 0x0297, 0x0237, 0x00d6, 0x000a, 0x0043, 0xfe8d, 0xfc96, 0xfc2f, 0xfc9f,
0xfd8a, 0xfdaf, 0xff44, 0x01bc, 0x020d, 0x02a7, 0x034e, 0x035f, 0x022a, 0x013b, 0x00ae, 0xffcd,
0xfee4, 0xfe21, 0xffbd, 0xfeae, 0xff88, 0x0239, 0x01b1, 0x01ee, 0x003a, 0xff2a, 0xfe40, 0xfaf2,
0xfba4, 0xfc14, 0xfd3c, 0x001a, 0x00ed, 0x027b, 0x0301, 0x0385, 0x0403, 0x027c, 0x029d, 0x01c5,
0xff32, 0x00e5, 0x01f4, 0xffe0, 0xffdd, 0x0114, 0x0137, 0x00c4, 0x00d5, 0x012e, 0x018a, 0x01a7,
0x0007, 0xffc2, 0x00bc, 0x0048, 0x00be, 0xffa4, 0xfde5, 0xfd96, 0xffac, 0x0105, 0x01e9, 0x03ae,
0x03ea, 0x05f7, 0x048c, 0x043e, 0x04a7, 0x01dc, 0x026f, 0x01e8, 0x0147, 0x00a4, 0xff6f, 0xff49,
0xfeff, 0xfe5e, 0xfd99, 0xfeb6, 0xfea2, 0xfda5, 0xfe15, 0xfeb0, 0xff35, 0xff16, 0x000c, 0x0155,
0x011d, 0x0232, 0x02a3, 0x0134, 0x0128, 0xfeb4, 0xfe28, 0xfeb4, 0xfb15, 0xfc81, 0xfe7d, 0xfee9,
0x0013, 0x00ad, 0x0255, 0x0203, 0x0219, 0x0290, 0x032c, 0x021a, 0xff54, 0xfe44, 0xfca3, 0xfc66,
0xfb63, 0xfc3a, 0xfc8f, 0xfc30, 0xfee2, 0xfee3, 0xfff4, 0x007e, 0x0111, 0x0072, 0xfdeb, 0xfe68,
0xffa5, 0xff20, 0xfe5f, 0xfd34, 0xfdca, 0xfe8b, 0xfc73, 0xfe1e, 0xfe5c, 0xfe76, 0xff17, 0xfe60,
0x00d1, 0x009b, 0xff68, 0xfffd, 0x0061, 0x0023, 0xffd0, 0x0032, 0xfff5, 0xff3a, 0xfe44, 0xfdd7,
0xff30, 0xff73, 0xff37, 0xfee5, 0xff3a, 0x00d8, 0xffea, 0xfef4, 0xfea6, 0xff8a, 0xffef, 0x00f5,
0x0171, 0x0012, 0x00b1, 0xfea4, 0xfbcf, 0xfa03, 0xf9d9, 0xfad8, 0xfb49, 0xfc41, 0xfeae, 0x00d2,
0x01c2, 0x04ff, 0x04da, 0x04f5, 0x04cd, 0x0276, 0x02e3, 0x033c, 0x0207, 0x01f6, 0x0336, 0x01b2,
0x00d0, 0x0123, 0x0170, 0x00c2, 0xffa1, 0x0065, 0x0183, 0x02bd, 0x023e, 0x011d, 0x0130, 0xffbd,
0xff47, 0xffc0, 0xfece, 0xfecc, 0xfe3f, 0xff94, 0x0239, 0x01d3, 0x02c1, 0x030d, 0x03e6, 0x0397,
0x02e9, 0x0385, 0x024d, 0x0356, 0x02cc, 0x02c3, 0x02a2, 0x011e, 0x0078, 0xfdf3, 0xfbc0, 0xfaec,
0xfbb9, 0xfb3f, 0xfb9b, 0xfd4c, 0xff6f, 0x018e, 0x011d, 0x0171, 0x0262, 0x027e, 0x0179, 0x00e5,
0x01c3, 0x025b, 0x00f8, 0x0021, 0xfefa, 0xfe03, 0xfd90, 0xfd4b, 0xff18, 0xfdab, 0xfe04, 0x0031,
0x00c9, 0x0021, 0xfee5, 0x0044, 0xffda, 0x001e, 0x00ba, 0x00c4, 0x022b, 0x0134, 0xfede, 0x0005,
0xff61, 0xfc9f, 0xffd0, 0x0111, 0xff8e, 0x00a2, 0x0077, 0xffed, 0xff85, 0x0078, 0x0120, 0xff0f,
0x0118, 0x02b6, 0x013d, 0x0214, 0x0155, 0xff77, 0xfe63, 0xfddb, 0xfd57, 0xfd9d, 0xff4f, 0xfecd,
0xff03, 0x0043, 0x0138, 0x0197, 0x0183, 0x02ea, 0x0345, 0x01bf, 0x00e9, 0x009f, 0xfe84, 0xfe3c,
0xfcbd, 0xfbdf, 0xfcd0, 0xfca6, 0xfef0, 0x00d0, 0x016f, 0x017a, 0x0297, 0x01c0, 0x01e2, 0x016f,
0x0028, 0x0100, 0xfffb, 0x00ce, 0xfe34, 0xfc73, 0xfdb5, 0xfd12, 0xfdd8, 0xfeaf, 0x00bc, 0x01cf,
0x0211, 0x0307, 0x0228, 0x02a8, 0x00ab, 0xff22, 0xff94, 0xfe1a, 0xffc3, 0xffc4, 0xfe6e, 0xfe17,
0xfc86, 0xfc11, 0xfcda, 0xfe67, 0xff0d, 0xff60, 0x01ab, 0x01ce, 0x0079, 0x0284, 0x037f, 0x0336,
0x03c5, 0x027d, 0x01d3, 0x020d, 0x0032, 0xfed1, 0xff18, 0xfdc0, 0xfd22, 0xfee6, 0xfe92, 0xfe9d,
0x00ff, 0x0109, 0x00a7, 0x00f8, 0x0140, 0x01a6, 0x0076, 0x00e9, 0xffcc, 0xfd6c, 0xfca9, 0xfa9a,
0xfa0f, 0xfaed, 0xfc39, 0xfe1e, 0xff70, 0x0192, 0x0312, 0x027a, 0x0283, 0x01ff, 0x015c, 0x0036,
0xff29, 0x0183, 0x01de, 0x0280, 0x0282, 0xffbd, 0x010e, 0xfeaa, 0xfd5a, 0x0082, 0xffbf, 0xfec9,
0xfeb9, 0x0110, 0x0080, 0xff12, 0x0064, 0xfea7, 0x010c, 0x02c0, 0x00fd, 0xffe6, 0x0012, 0xffd8,
0xfcd7, 0xfff0, 0xfe8f, 0xfd8c, 0x010a, 0x0042, 0x00d9, 0x013b, 0x01f6, 0x015e, 0x0209, 0x0092,
0xfdc1, 0xff4d, 0xfefa, 0xfcd2, 0xfcac, 0xfbfb, 0xfc20, 0xfd10, 0xfd59, 0xff9c, 0x005d, 0x016f,
0x0200, 0x028e, 0x00f4, 0xff14, 0xffa7, 0xffd8, 0x0076, 0x00b7, 0x0099, 0xffdb, 0x0067, 0x00b6,
0x005d, 0xfffa, 0xff8b, 0xfe4d, 0xff26, 0xffba, 0xffa5, 0x009a, 0xff79, 0x00ec, 0x0193, 0x012c,
0x03e6, 0x03d6, 0x0376, 0x0308, 0x0208, 0x02c2, 0x00e1, 0xff73, 0xfe5a, 0xffe8, 0x02ea, 0x016c,
0x01aa, 0x02c6, 0x0286, 0x02c8, 0x02a6, 0x0325, 0x0246, 0xffe8, 0x0005, 0xffc2, 0xfe06, 0xfc82,
0xfb48, 0xfcf1, 0xfd0e, 0xfd53, 0xff18, 0xff10, 0x002a, 0x0092, 0x01c8, 0x01df, 0x0183, 0x02d6,
0x030d, 0x03f3, 0x0278, 0x0130, 0x0141, 0xff40, 0xff5c, 0xff3e, 0xfe9d, 0xfe0e, 0xfdc1, 0xfdf2,
0xfd03, 0xfd13, 0xfd7e, 0xff70, 0xff4e, 0xfde0, 0xff0d, 0x0035, 0x004f, 0x0065, 0xff97, 0xff79,
0xff0c, 0xfd67, 0xfcc4, 0xfc73, 0xfd9f, 0xfdff, 0xff74, 0x00ba, 0x024c, 0x02e2, 0x025f, 0x036d,
0x00db, 0x009a, 0xff7e, 0xfc62, 0xfcaa, 0xfae0, 0xfa44, 0xfaf9, 0xfb11, 0xfeb1, 0xff0d, 0xffd4,
0x02c8, 0x0130, 0x031d, 0x0323, 0x021e, 0x0259, 0x00e9, 0x0259, 0x0169, 0x010d, 0xff83, 0xfef5,
0x016b, 0x015e, 0x0086, 0xffb5, 0xffd6, 0x0052, 0xffc4, 0xfe95, 0xfd5b, 0xfd1e, 0xfdb9, 0xfe49,
0xfe9e, 0xfe6d, 0xff60, 0xfeb1, 0xffac, 0xffbf, 0xff67, 0x0076, 0xff98, 0x0247, 0x01ac, 0x0070,
0x0239, 0x0137, 0x01ce, 0x0330, 0x02ee, 0x019f, 0x007d, 0x002e, 0x001c, 0xfdee, 0xfbc6, 0xfcda,
0xfd0d, 0xfdee, 0xfed9, 0x002f, 0x0159, 0x02b9, 0x0377, 0x039e, 0x04b2, 0x035a, 0x0124, 0x00a8,
0x0183, 0x0128, 0x034c, 0x023b, 0x00b1, 0x02b1, 0x03ae, 0x043f, 0x030f, 0x0166, 0x0166, 0xffb9,
0xfe13, 0xfe1c, 0xfd93, 0xff76, 0xfeb7, 0xffa8, 0x0072, 0x0008, 0x0087, 0xff06, 0x0059, 0xfeac,
0x0003, 0x017d, 0xffbb, 0x0131, 0x00c1, 0x01cd, 0x02ac, 0x0223, 0x02e7, 0x03a8, 0x0307, 0x0166,
0x0227, 0x00b7, 0xfe4d, 0xfeca, 0xfd04, 0xfc3b, 0xfba9, 0xfb8b, 0xfdf5, 0xfdcb, 0xfeaf, 0xffb7,
0x008d, 0x0240, 0x00aa, 0x0256, 0x0230, 0xff7d, 0x0068, 0xfec3, 0xfead, 0xfde8, 0xfe9e, 0xff0a,
0xff0a, 0x01b4, 0x003b, 0x0058, 0x029d, 0x02fc, 0x01bf, 0x0052, 0xfe64, 0xff05, 0xfdc9, 0xfbe7,
0xfe46, 0xfdd8, 0xfd8c, 0xfea0, 0x0037, 0x0177, 0x0110, 0xfff0, 0x0074, 0x00ad, 0xfddf, 0x000b,
0x0132, 0xff68, 0x00b6, 0x0110, 0x0181, 0x00a6, 0xff5f, 0x0021, 0xfdb5, 0xfe0b, 0xfd7e, 0xf99c,
0xfa37, 0xf8e5, 0xf8b1, 0xf986, 0xfabd, 0xfdeb, 0xfe1f, 0xff8d, 0xfff0, 0xfced, 0xfd47, 0xfc8d,
0xfce6, 0xfdd6, 0xfe60, 0x005d, 0xfff5, 0x01c8, 0x0262, 0x01fc, 0x01fd, 0x031b, 0x033b, 0x0448,
0x0483, 0x0173, 0x0240, 0xffe2, 0xfe32, 0xffbc, 0xfd9f, 0xfe10, 0xfeed, 0xff13, 0x017b, 0xfffb,
0xfefd, 0xffe7, 0xfec9, 0xfed8, 0xfe31, 0xfe8c, 0x019d, 0x037c, 0x0522, 0x0641, 0x0697, 0x05be,
0x053b, 0x057f, 0x032d, 0x00cf, 0x0040, 0xffd8, 0xfe7a, 0xfdaa, 0xfd12, 0xfc7b, 0xfdca, 0xff82,
0xff82, 0x0177, 0x0468, 0x0393, 0x03be, 0x0337, 0x00d0, 0x021b, 0x021d, 0x0073, 0x015f, 0x0201,
0x0201, 0x01b9, 0x01e2, 0x0206, 0x00d4, 0x01d1, 0x0090, 0xff1f, 0xfdaf, 0xfb2e, 0xfba6, 0xfb2b,
0xfb47, 0xfbe4, 0xfe6b, 0xffa4, 0x0017, 0x0124, 0x0130, 0x02a0, 0x021e, 0x0077, 0x00de, 0x0085,
0x00fa, 0x0096, 0x00e8, 0x01bf, 0x0096, 0x015d, 0x0055, 0x0007, 0xfeac, 0xfca4, 0xfc85, 0xfba0,
0xfbb3, 0xfb5e, 0xfc01, 0xfc99, 0xfe30, 0xff43, 0x0060, 0x0167, 0x0264, 0x0578, 0x043b, 0x04b7,
0x0595, 0x035f, 0x0334, 0x03e9, 0x02e9, 0x01d7, 0x01fe, 0x01f7, 0x02d2, 0x0223, 0x0148, 0x0127,
0x00ad, 0x00d6, 0xff7e, 0xfd29, 0xfbbe, 0xfc25, 0xfb4f, 0xfada, 0xfc52, 0xfb98, 0xfcd3, 0xfd7a,
0xfdf6, 0x0092, 0xffd1, 0xfe5b, 0xfed4, 0x0074, 0x0090, 0x017e, 0x0331, 0x01e3, 0x02c6, 0x0291,
0x026f, 0x0388, 0x00ef, 0xff75, 0xfeb6, 0xfe5b, 0xfe2e, 0xfac9, 0xfa06, 0xfced, 0xfc81, 0xfd85,
0xfde3, 0xfdb3, 0x00fc, 0x0266, 0x02f0, 0x0269, 0xff83, 0x00a7, 0xff96, 0xfb9f, 0xfb07, 0xf96a,
0xf953, 0xfab4, 0xfd21, 0xff7c, 0x0136, 0x05ed, 0x0a17, 0x0b5e, 0x0c48, 0x0a10, 0x03f7, 0x006a,
0xfc99, 0xf9fa, 0xfa14, 0xf9f0, 0xfcb7, 0xfef5, 0x0185, 0x0366, 0x01b3, 0x00af, 0xff94, 0xfd0e,
0xfb98, 0xf96a, 0xf930, 0xfa0c, 0xfac0, 0xfe38, 0xffe9, 0x01ab, 0x03dd, 0x048c, 0x05b8, 0x06df,
0x0525, 0x01d5, 0x003e, 0xffd3, 0xfde2, 0xfd53, 0xfd49, 0xfb7c, 0xfef8, 0x00fb, 0x00a0, 0x00a7,
0xff97, 0x0028, 0xffa1, 0x0036, 0xff33, 0xfdc4, 0xff69, 0x00b4, 0x029b, 0x02ec, 0x0584, 0x06d8,
0x06bc, 0x09cc, 0x09de, 0x07cb, 0x0371, 0x0059, 0xfde9, 0xfbc7, 0xfb13, 0xf9e3, 0xfa40, 0xfa1b,
0xfba5, 0xfe86, 0xfe7f, 0x018d, 0x03dc, 0x03dd, 0x04e5, 0x0263, 0x0298, 0x0410, 0x0312, 0x0389,
0x040f, 0x03c0, 0x03a0, 0x049c, 0x029c, 0x004e, 0xffc4, 0xfb77, 0xf9ca, 0xf7f5, 0xf5d3, 0xf7d3,
0xf8e1, 0xfa3c, 0xfc0d, 0xfd14, 0xff61, 0xfff0, 0x0072, 0x012f, 0x0056, 0x0230, 0x0163, 0x001c,
0x002e, 0x0116, 0xffbb, 0xfdb7, 0xfe8d, 0xfc64, 0xfdcf, 0xfe08, 0xfb48, 0xfbc6, 0xf9cf, 0xfa9e,
0xfaf1, 0xf898, 0xf969, 0xf8d2, 0xf9fd, 0xfd52, 0xfdd6, 0xfe4c, 0x01ab, 0x025f, 0x037c, 0x0683,
0x076b, 0x07cf, 0x084c, 0x07a3, 0x069d, 0x05d1, 0x03cc, 0x0591, 0x0506, 0x03d7, 0x06f1, 0x064e,
0x032f, 0x0085, 0xfd45, 0xfb30, 0xf989, 0xf81c, 0xf9d9, 0xfaf6, 0xfd97, 0xffd9, 0x02b6, 0x0558,
0x04be, 0x05ad, 0x04fc, 0x06b9, 0x0557, 0x03b9, 0x0279, 0x02f6, 0x0742, 0x05a5, 0x05c8, 0x0568,
0x05b6, 0x05c8, 0x036c, 0x015b, 0xff29, 0xfe12, 0xf9da, 0xf720, 0xf632, 0xf689, 0xf811, 0xf90e,
0xfd76, 0xff60, 0xffc4, 0x019e, 0x0088, 0x001b, 0x0041, 0x0036, 0x0164, 0x00ec, 0x00a6, 0x0045,
0x0069, 0xfed3, 0xfdfb, 0xfddb, 0xfa54, 0xfb12, 0xfadd, 0xfa61, 0xfae0, 0xfa43, 0xf9d6, 0xf952,
0xfa36, 0xfb5c, 0xfcdc, 0xfecf, 0x001a, 0xff34, 0xfdfd, 0xfb3a, 0xf90a, 0xf663, 0xf48d, 0xf46e,
0xf4d5, 0xf822, 0xfa1b, 0xff38, 0x0394, 0x055d, 0x0956, 0x0a7b, 0x0c76, 0x0c92, 0x0ab8, 0x08e4,
0x07ee, 0x064b, 0x035f, 0x041c, 0x0284, 0x03c2, 0x0516, 0x037d, 0x0429, 0x0410, 0x02fe, 0x0153,
0x00b8, 0xfe7b, 0xfcf9, 0xfe81, 0x0108, 0x0397, 0x0336, 0x0552, 0x0b6a, 0x0c96, 0x0b60, 0x0c22,
0x0a8a, 0x08b5, 0x071f, 0x042b, 0x01b9, 0xfe0b, 0xfd4e, 0xfe7b, 0xfe09, 0x0040, 0x0097, 0x0057,
0x0141, 0xfe44, 0xfc83, 0xfc8e, 0xfc9c, 0xfd7e, 0xff20, 0x0131, 0x0236, 0x02ae, 0x021f, 0x02fd,
0x03de, 0x0158, 0xff35, 0xfed9, 0xfd4d, 0xfa67, 0xf8a4, 0xf608, 0xf574, 0xf3ef, 0xf173, 0xf2f2,
0xf087, 0xf1ad, 0xf147, 0xefde, 0xf19a, 0xedad, 0xeed9, 0xeeda, 0xed92, 0xf0c5, 0xefe8, 0xf668,
0xfeba, 0x00e3, 0x077b, 0x0ce7, 0x10fc, 0x1509, 0x144f, 0x11b5, 0x10d5, 0x0cba, 0x0827, 0x051b,
0x00f2, 0x01e1, 0x0131, 0x00e5, 0x033b, 0x0068, 0x0188, 0x0091, 0xfd90, 0xfe6b, 0xfb6e, 0xfc38,
0xfd65, 0xfe87, 0x0234, 0x060a, 0x0af8, 0x0d26, 0x1112, 0x1130, 0x0f8e, 0x0f6b, 0x0bab, 0x0914,
0x036a, 0xfe68, 0xfdd4, 0xf9fb, 0xf74b, 0xf70d, 0xf843, 0xfb5c, 0xfb47, 0xfd57, 0xff41, 0x0054,
0x0156, 0x01f5, 0x02c4, 0x0299, 0x0467, 0x03c0, 0x0413, 0x0665, 0x0651, 0x0672, 0x0610, 0x06c6,
0x077b, 0x02fb, 0xffe6, 0xfe90, 0xfb84, 0xf9e4, 0xf6df, 0xf4b8, 0xf50b, 0xf54f, 0xf56b, 0xf68d,
0xf875, 0xf8d7, 0xf8a1, 0xf816, 0xfb50, 0xfdfc, 0xfe4d, 0x004e, 0x0000, 0x01b3, 0x01f4, 0xfffe,
0xfff4, 0xfbe4, 0xf669, 0xf272, 0xef58, 0xec04, 0xea34, 0xed13, 0xf24a, 0xfc4e, 0x06f3, 0x0f55,
0x16bb, 0x1a66, 0x1b1f, 0x178d, 0x115a, 0x0aa8, 0x0470, 0x0199, 0x01de, 0x0402, 0x078f, 0x0bc1,
0x0eeb, 0x0cf4, 0x0b5f, 0x083c, 0x0110, 0xfcc2, 0xf6de, 0xf3f5, 0xf22e, 0xf295, 0xf811, 0xfb47,
0x00b1, 0x06c6, 0x09f0, 0x0c3b, 0x0d26, 0x0c80, 0x09f6, 0x0532, 0xff15, 0xf7ed, 0xf288, 0xec6b,
0xe5b4, 0xe0af, 0xde7e, 0xe199, 0xe084, 0xe05e, 0xe5f2, 0xe923, 0xf139, 0xf8ec, 0xfbd2, 0x02b4,
0x0bb8, 0x10a6, 0x1561, 0x182a, 0x1665, 0x15f2, 0x143f, 0x1183, 0x0e3c, 0x0903, 0x07a9, 0x05aa,
0x00f2, 0xfdbb, 0xf77d, 0xf57f, 0xf462, 0xf212, 0xf1fc, 0xf1ae, 0xf77f, 0xfaef, 0xfd67, 0x03e3,
0x06ac, 0x09a5, 0x0f13, 0x1347, 0x1424, 0x1416, 0x1347, 0x11bb, 0x1016, 0x0b8c, 0x085a, 0x042a,
0xfede, 0xfdcd, 0xf8e4, 0xf5cb, 0xf6e0, 0xf642, 0xf796, 0xf7d5, 0xfa5e, 0xfd62, 0x0068, 0x03e5,
0x0591, 0x0830, 0x096a, 0x0d16, 0x0b7b, 0x02af, 0x00b6, 0xfbb6, 0xf67c, 0xf464, 0xf06c, 0xf3c4,
0xf75a, 0xfab7, 0x000b, 0x0320, 0x0655, 0x0643, 0x042e, 0x028b, 0xff32, 0xfda4, 0xfa5b, 0xf91b,
0xfd31, 0xff50, 0x0363, 0x07ef, 0x0b93, 0x0cf4, 0x0ceb, 0x0ca3, 0x08d2, 0x0758, 0x0456, 0x02a1,
0x0333, 0x023a, 0x0304, 0x03e3, 0x059c, 0x0440, 0x03c4, 0x01c8, 0x00b0, 0x0214, 0x017e, 0x0463,
0x052e, 0x0613, 0x06f6, 0x041d, 0x027d, 0x009c, 0xfd6b, 0xfc94, 0xfdcd, 0xfcd7, 0xfcff, 0xfe29,
0xfb2c, 0xf706, 0xf07f, 0xe6ed, 0xdb4c, 0xcc3e, 0xc204, 0xbf99, 0xc32c, 0xce46, 0xda67, 0xebb6,
0xff4a, 0x10a1, 0x1dcc, 0x2156, 0x22da, 0x1f8b, 0x17d3, 0x10ee, 0x0ab3, 0x07fa, 0x0510, 0x05a8,
0x0a68, 0x0b6a, 0x0f14, 0x0f56, 0x0a89, 0x0385, 0xf8b8, 0xf053, 0xe851, 0xe61e, 0xe57f, 0xe493,
0xeb21, 0xf3c0, 0xffeb, 0x0da6, 0x1727, 0x1f15, 0x2335, 0x2127, 0x1ddc, 0x18bc, 0x1101, 0x088a,
0x00b5, 0xfcd8, 0xf92d, 0xf8c1, 0xfa69, 0xfb18, 0xfda0, 0xffbb, 0x009e, 0x0153, 0xfe60, 0xfb86,
0xfbe1, 0xfb7c, 0xfcb1, 0x0039, 0x0484, 0x08aa, 0x0dea, 0x1271, 0x1552, 0x166d, 0x149e, 0x119d,
0x0aad, 0xff6b, 0xf650, 0xf063, 0xeaa7, 0xe8e8, 0xe6a0, 0xdef7, 0xde93, 0xe10b, 0xe51a, 0xefcc,
0xf67e, 0x0114, 0x0f68, 0x17c1, 0x1e3f, 0x20c0, 0x1f56, 0x19d5, 0x133e, 0x0c9e, 0x07cc, 0x06d0,
0x04c4, 0x0765, 0x0acd, 0x0ac2, 0x0ac7, 0x068c, 0x001e, 0xf77e, 0xeec2, 0xe7a6, 0xe324, 0xe5b5,
0xebd0, 0xf40f, 0xfd3a, 0x07e9, 0x12e6, 0x1c81, 0x240b, 0x2743, 0x25c6, 0x1cf5, 0x121c, 0x0a89,
0xffb8, 0xf53f, 0xf35d, 0xf03f, 0xf15b, 0xf669, 0xf87a, 0xfd49, 0xfce0, 0xfcb0, 0xfad9, 0xf5af,
0xf350, 0xed4b, 0xe7b3, 0xe750, 0xe4d3, 0xdf97, 0xd940, 0xd379, 0xd1a8, 0xd574, 0xdd87, 0xe3b9,
0xee9d, 0xfb5c, 0x06fe, 0x135a, 0x145d, 0x130d, 0x1301, 0x0dd8, 0x0c45, 0x09c8, 0x09b9, 0x0c29,
0x0d95, 0x1164, 0x1280, 0x106e, 0x0d10, 0x08e6, 0xff48, 0xf650, 0xec46, 0xe33a, 0xe482, 0xe678,
0xe9fb, 0xeee2, 0xf820, 0x0641, 0x10aa, 0x1c19, 0x23cd, 0x25c4, 0x2539, 0x1fdf, 0x18be, 0x0fb9,
0x07cd, 0x0210, 0xfd35, 0xfba7, 0xfbf9, 0xfc0b, 0xfcdf, 0x0053, 0x0032, 0x0099, 0x00db, 0xff56,
0xfebb, 0xfbcb, 0xfb5a, 0xfba3, 0xfde9, 0x00bb, 0x02b9, 0x064c, 0x094a, 0x0ca5, 0x0d8a, 0x0b49,
0x09f5, 0x0824, 0x0377, 0xfb1f, 0xf341, 0xeb30, 0xe6d0, 0xe7e3, 0xe701, 0xe958, 0xee4f, 0xf1b8,
0xf7ba, 0xfd39, 0x025f, 0x05d2, 0x03aa, 0x03c3, 0x03c0, 0x02a4, 0x05e0, 0x07e4, 0x07c5, 0x0827,
0x077e, 0x0473, 0x03e1, 0x0294, 0xff68, 0x0153, 0x0462, 0x088f, 0x0a21, 0x09e2, 0x0b03, 0x07eb,
0x0637, 0x078b, 0x04c7, 0x04c0, 0x07f8, 0x0784, 0x098c, 0x0bb4, 0x0b30, 0x0f82, 0x1121, 0x0e5e,
0x0c7f, 0x085b, 0x06e9, 0x03a7, 0x00ac, 0x029d, 0x01ae, 0x00f6, 0x0465, 0x0670, 0x060e, 0x0653,
0x03c8, 0xffdf, 0xfd76, 0xf8bf, 0xf47d, 0xf1fe, 0xed21, 0xe793, 0xe287, 0xdb08, 0xd211, 0xcbdf,
0xcabc, 0xd0fb, 0xd7e8, 0xe053, 0xee54, 0xff40, 0x0d18, 0x17cb, 0x1bd9, 0x19b4, 0x1af6, 0x157f,
0x0e9d, 0x0a49, 0x0677, 0x05b5, 0x04b4, 0x048a, 0x03ab, 0x012c, 0xfd5e, 0xf7cc, 0xf22e, 0xec16,
0xe897, 0xe61a, 0xe307, 0xe589, 0xe93f, 0xf1ad, 0xfa8e, 0x04bc, 0x11a5, 0x197f, 0x2240, 0x2446,
0x2135, 0x1cf0, 0x16e7, 0x0f17, 0x05b3, 0xfea1, 0xf736, 0xf4c4, 0xf724, 0xf774, 0xf911, 0xfcbd,
0x01a1, 0x07e6, 0x0850, 0x091d, 0x09cc, 0x0a04, 0x0b27, 0x0907, 0x0930, 0x07ae, 0x09d8, 0x0cb9,
0x0d59, 0x0ebc, 0x0ce2, 0x0b6f, 0x0638, 0x0201, 0xf8f7, 0xebf8, 0xe2f2, 0xd9ca, 0xd873, 0xd952,
0xdc93, 0xe797, 0xf476, 0x025a, 0x0daf, 0x1669, 0x1c25, 0x1a2f, 0x15ed, 0x0eb9, 0x0614, 0xff47,
0xfb1a, 0xf9d0, 0xf9c8, 0xfe31, 0x0122, 0x0237, 0x0593, 0x0718, 0x0340, 0x0040, 0xfd97, 0xf9d1,
0xf900, 0xf6d5, 0xf5d9, 0xf9da, 0xfd7f, 0x052d, 0x0e7e, 0x1402, 0x1a96, 0x1c11, 0x1b43, 0x1b4c,
0x1736, 0x10bc, 0x0cbe, 0x0783, 0x025a, 0x0169, 0xfda2, 0xff1b, 0x01ac, 0x0348, 0x07f1, 0x07f2,
0x090b, 0x09cd, 0x088c, 0x0569, 0xff9a, 0xfb94, 0xf54f, 0xec17, 0xe608, 0xe1d3, 0xdbde, 0xd534,
0xcbdc, 0xc44f, 0xc24d, 0xc604, 0xcd0a, 0xd481, 0xe1ee, 0xf097, 0x04c3, 0x1354, 0x1854, 0x1dda,
0x1e2c, 0x1c32, 0x161d, 0x10fd, 0x0d05, 0x0a6c, 0x0b8e, 0x09f7, 0x08f7, 0x080c, 0x0493, 0xff67,
0xf98d, 0xf317, 0xec38, 0xe974, 0xe86a, 0xe86a, 0xe9ca, 0xf047, 0xfaab, 0x057d, 0x12bb, 0x1b46,
0x212f, 0x2508, 0x23ff, 0x1fdb, 0x19f4, 0x1221, 0x0ae8, 0x01c3, 0xf990, 0xf82a, 0xf766, 0xf9a0,
0xfa72, 0xfbcf, 0xfff3, 0x00c9, 0x039e, 0x0458, 0x0285, 0x0532, 0x0655, 0x063b, 0x08cc, 0x0a81,
0x0b99, 0x0e52, 0x0ff1, 0x1023, 0x0f31, 0x0c57, 0x0a09, 0x03f7, 0xfaa2, 0xf031, 0xe5ed, 0xe0ec,
0xdc5b, 0xda41, 0xdc80, 0xe180, 0xeeef, 0xfc1b, 0x091a, 0x15e0, 0x1b95, 0x1f8c, 0x1bd0, 0x1268,
0x0ab6, 0x0102, 0xfbd1, 0xf8d3, 0xf69e, 0xfa9c, 0xff49, 0x047c, 0x072c, 0x0688, 0x04e4, 0xfff2,
0xfacd, 0xf832, 0xf374, 0xf270, 0xf600, 0xf8f6, 0x0272, 0x0ba3, 0x15de, 0x2013, 0x2122, 0x21f5,
0x205d, 0x1c9c, 0x1696, 0x0ae0, 0x0158, 0xf96e, 0xf2aa, 0xef9f, 0xf1d1, 0xf409, 0xf65a, 0xfe05,
0x0113, 0x0370, 0x050d, 0x029b, 0x0114, 0xfccd, 0xf96b, 0xf553, 0xef76, 0xe839, 0xe170, 0xdb7a,
0xd18c, 0xcbee, 0xccc2, 0xd51d, 0xe02b, 0xe487, 0xf115, 0xff54, 0x0b35, 0x15fc, 0x16b0, 0x15c7,
0x1142, 0x0d87, 0x0cfb, 0x0a8a, 0x0909, 0x0bc6, 0x0eac, 0x1058, 0x120f, 0x0c48, 0x04c2, 0xffc7,
0xf67b, 0xeb36, 0xe42e, 0xe3ad, 0xe436, 0xe5f6, 0xeb03, 0xf1d8, 0xfed2, 0x0baf, 0x1741, 0x201d,
0x2307, 0x2530, 0x21b1, 0x1d6f, 0x1971, 0x0ee6, 0x068d, 0xff08, 0xf73b, 0xf4b4, 0xf221, 0xf155,
0xf50a, 0xf8c0, 0xfb9f, 0xfec7, 0x003f, 0x00af, 0x01c4, 0x0336, 0x0677, 0x0930, 0x0c2c, 0x0f7b,
0x11ed, 0x13fb, 0x1305, 0x109c, 0x0e76, 0x05e9, 0xf998, 0xef5e, 0xe572, 0xe007, 0xd9c9, 0xd5ca,
0xd778, 0xde56, 0xeb39, 0xf6e4, 0x0426, 0x1033, 0x198a, 0x1ec3, 0x1fda, 0x219f, 0x1a7f, 0x111a,
0x0c01, 0x0639, 0x0512, 0x027c, 0x01a1, 0x039b, 0x0147, 0xfecb, 0xf8dd, 0xf413, 0xf09e, 0xe92b,
0xe6b2, 0xe4fe, 0xe713, 0xf205, 0xfb84, 0x08a1, 0x1661, 0x1fa6, 0x281b, 0x2f19, 0x31fe, 0x2ccd,
0x2360, 0x1968, 0x0e48, 0x0180, 0xf898, 0xf23b, 0xedf6, 0xef59, 0xf1af, 0xf709, 0xfd67, 0x04ff,
0x080c, 0x0496, 0x0365, 0xfffe, 0xfd3d, 0xf92c, 0xf276, 0xeea3, 0xe9d4, 0xe892, 0xe15c, 0xd40c,
0xcf5f, 0xcae2, 0xcfc4, 0xd68a, 0xdbc4, 0xe99d, 0xf4d9, 0x0551, 0x10a9, 0x11a9, 0x142f, 0x1280,
0x1321, 0x1007, 0x0b4a, 0x0d0c, 0x0b89, 0x0de3, 0x0ed3, 0x0b87, 0x0a42, 0x05fa, 0x0044, 0xf8d6,
0xefa8, 0xeaac, 0xe6a8, 0xe229, 0xe283, 0xe391, 0xe99e, 0xf5bb, 0x0246, 0x0f12, 0x18e0, 0x1fcd,
0x232d, 0x242f, 0x2373, 0x1e54, 0x15eb, 0x0e07, 0x0753, 0x012b, 0xfca5, 0xfbd2, 0xf97f, 0xf7e0,
0xfa6b, 0xfbed, 0xfe12, 0xfd1b, 0xfce3, 0xff75, 0x00bf, 0x03ca, 0x05ce, 0x0961, 0x0d16, 0x0eff,
0x1220, 0x13f0, 0x13d4, 0x0f7a, 0x09ba, 0x0324, 0xf94f, 0xf2f0, 0xe9f8, 0xe171, 0xe044, 0xdca3,
0xdecb, 0xe50e, 0xeca0, 0xf8f3, 0x02d0, 0x0cae, 0x1415, 0x17ec, 0x180a, 0x12a9, 0x0ee0, 0x0911,
0x050d, 0x04b9, 0x02ce, 0x041a, 0x02a3, 0x04d4, 0x02ff, 0xfcd0, 0xfc9d, 0xf57b, 0xf0e8, 0xf11a,
0xef27, 0xf025, 0xf660, 0xfc9f, 0x0319, 0x0b33, 0x1221, 0x1b20, 0x2260, 0x23b9, 0x227d, 0x1e53,
0x1794, 0x0f66, 0x0552, 0xfa89, 0xf3ae, 0xf1c2, 0xf033, 0xf3aa, 0xf7db, 0xfd7e, 0x0381, 0x0757,
0x0ce8, 0x0b6e, 0x0b63, 0x07c1, 0x0241, 0xff50, 0xf6b5, 0xf42e, 0xee0b, 0xe708, 0xdef5, 0xd0a1,
0xca60, 0xc517, 0xc996, 0xd230, 0xd748, 0xe6d5, 0xf64f, 0x0791, 0x1650, 0x1c4c, 0x1d7a, 0x18fa,
0x1728, 0x125b, 0x0dbe, 0x0bfb, 0x0844, 0x0aa5, 0x0da8, 0x0e3e, 0x0ba7, 0x05a4, 0xfeb3, 0xf61a,
0xedb9, 0xe673, 0xe280, 0xe018, 0xdff2, 0xe2a4, 0xe777, 0xf2c8, 0x008e, 0x0fba, 0x1be3, 0x217a,
0x2655, 0x27c7, 0x269d, 0x2289, 0x17ba, 0x102c, 0x084d, 0xfe54, 0xfb8d, 0xf762, 0xf446, 0xf73a,
0xf88e, 0xf904, 0xfa98, 0xfc46, 0xfe26, 0x0141, 0x03bb, 0x046d, 0x04ab, 0x04ae, 0x0746, 0x0750,
0x0611, 0x0a1a, 0x0be1, 0x0bd9, 0x0f4b, 0x0c6b, 0x0713, 0x0574, 0xfc9a, 0xf16c, 0xec0d, 0xe613,
0xe291, 0xe566, 0xe879, 0xef74, 0xf8ef, 0x034d, 0x0d48, 0x1084, 0x0f87, 0x0bab, 0x05bb, 0x00f1,
0xfb47, 0xf6eb, 0xf712, 0xf836, 0xfd9f, 0x027b, 0x0318, 0x0563, 0x05e4, 0x06a2, 0x0730, 0x04ac,
0x0319, 0xfe79, 0xfcac, 0xfd03, 0xfe0b, 0x03e2, 0x0795, 0x0be8, 0x10d1, 0x1262, 0x141c, 0x168b,
0x1343, 0x0fda, 0x0b6b, 0x050d, 0x0008, 0xfa02, 0xf892, 0xf503, 0xf6f3, 0xfba5, 0xfd89, 0x03d2,
0x05ba, 0x09fd, 0x0bb6, 0x0a9d, 0x0c0e, 0x0797, 0x016a, 0xf79f, 0xefd9, 0xeacf, 0xe2cd, 0xdd79,
0xd322, 0xc7bd, 0xc680, 0xc8fc, 0xd23e, 0xda3f, 0xe2ec, 0xf456, 0x0386, 0x1278, 0x1981, 0x1a68,
0x1961, 0x1696, 0x14fb, 0x0f7d, 0x0d42, 0x0bf7, 0x09fe, 0x0904, 0x07da, 0x0b6b, 0x0b1d, 0x04b6,
0xfbaa, 0xf136, 0xec21, 0xe7b5, 0xe489, 0xe511, 0xe418, 0xe80d, 0xf182, 0xff37, 0x0cef, 0x16c1,
0x1fa7, 0x24b0, 0x2619, 0x1fdc, 0x1b07, 0x15f8, 0x0b55, 0x04a7, 0xfcfc, 0xf79f, 0xf6d7, 0xf736,
0xfa07, 0xfe2f, 0x0292, 0x0608, 0x07bc, 0x0740, 0x0693, 0x0458, 0x006c, 0x0001, 0xfea2, 0xffd2,
0x0383, 0x033b, 0x0504, 0x09e1, 0x0e4a, 0x101d, 0x0f1d, 0x0ab2, 0x00ab, 0xf634, 0xee0d, 0xe68f,
0xe75e, 0xe84c, 0xed6e, 0xf946, 0x024a, 0x0fad, 0x15ad, 0x1682, 0x1442, 0x0c0c, 0x0641, 0xfeaa,
0xf8be, 0xf4e9, 0xf332, 0xf6e6, 0xfd13, 0x02b0, 0x060b, 0x068c, 0x061c, 0x02a2, 0xff3b, 0xfef0,
0xfd90, 0xfd03, 0xfb80, 0xfb6e, 0xff02, 0x0322, 0x083d, 0x0b30, 0x0d80, 0x1288, 0x13d0, 0x1300,
0x1257, 0x0ead, 0x0aed, 0x0801, 0x04a2, 0x008f, 0xfde1, 0xfb6f, 0xfa40, 0xfddf, 0x00d2, 0x0391,
0x0719, 0x066b, 0x05a2, 0x03d3, 0xff33, 0xfbd7, 0xf5f9, 0xf138, 0xec7f, 0xe100, 0xd51d, 0xc3b0,
0xb775, 0xb827, 0xbb03, 0xc5ee, 0xd28e, 0xe210, 0xfa45, 0x1299, 0x2368, 0x2ab7, 0x2ae5, 0x24b7,
0x1cec, 0x1113, 0x0825, 0x04ec, 0x0033, 0x02b0, 0x05ab, 0x0a0f, 0x0e5e, 0x0ac2, 0x0827, 0xfebc,
0xf468, 0xee38, 0xe7f5, 0xe2ce, 0xddfd, 0xdfe6, 0xe618, 0xf2fd, 0x0321, 0x12e4, 0x2311, 0x2c87,
0x30d8, 0x2f0d, 0x29eb, 0x2114, 0x12af, 0x0523, 0xf7ef, 0xef01, 0xe907, 0xe7e2, 0xeea0, 0xf3e5,
0xf8f6, 0x00f0, 0x071d, 0x0bea, 0x0e9e, 0x0c60, 0x099d, 0x0687, 0x04e8, 0x0330, 0x016b, 0x0442,
0x07c5, 0x0be6, 0x0ee6, 0x133f, 0x1743, 0x1390, 0x0df1, 0x06c2, 0xfdfe, 0xf4cc, 0xeb1b, 0xe41b,
0xdbd2, 0xd7ca, 0xdb0c, 0xe302, 0xee7e, 0xf919, 0x04ca, 0x0fd4, 0x1755, 0x1a76, 0x1a94, 0x1673,
0x0ce3, 0x050c, 0xfcac, 0xf8a3, 0xfa37, 0xfb58, 0xff2d, 0x021e, 0x0909, 0x0aca, 0x0679, 0x0477,
0xfbca, 0xf570, 0xf1c6, 0xed8f, 0xee62, 0xf12d, 0xf87b, 0x034a, 0x0de8, 0x187c, 0x1ebe, 0x22d5,
0x2147, 0x1d0d, 0x177b, 0x0dbd, 0x08a3, 0x0063, 0xfb00, 0xf9f4, 0xf783, 0xfc10, 0x0105, 0x047d,
0x0615, 0x0678, 0x06a0, 0x0634, 0x05c3, 0x0104, 0xfb83, 0xf441, 0xeea3, 0xec19, 0xe80b, 0xe415,
0xdbb3, 0xd1a1, 0xcc08, 0xcaa9, 0xcf4b, 0xd617, 0xde02, 0xe681, 0xf19e, 0x03b6, 0x0f3f, 0x14d2,
0x17e7, 0x133a, 0x10fa, 0x0e1d, 0x0b21, 0x0b86, 0x0989, 0x0a67, 0x0bd0, 0x0ae1, 0x0a7f, 0x0492,
0xfdc6, 0xf443, 0xe941, 0xe8e7, 0xe768, 0xe5aa, 0xe8d9, 0xebaa, 0xf3e8, 0x0166, 0x0d29, 0x18ef,
0x2253, 0x25a1, 0x277e, 0x246d, 0x1cd5, 0x1632, 0x0b98, 0x02c5, 0xfa5d, 0xf48f, 0xf58c, 0xf2ae,
0xf62f, 0xfa24, 0xfb91, 0x00a9, 0x003b, 0x0248, 0x037c, 0x01e0, 0x02fe, 0x028f, 0x0388, 0x065f,
0x0879, 0x0b0d, 0x0e82, 0x0f7d, 0x12cd, 0x1458, 0x1202, 0x0f7f, 0x05f9, 0xfba6, 0xf2f4, 0xe997,
0xe2ab, 0xdec4, 0xdf6d, 0xe0ee, 0xe945, 0xf62b, 0xff36, 0x0944, 0x0de6, 0x1140, 0x1271, 0x0d8b,
0x09bb, 0x02fc, 0xfe4d, 0xfc92, 0xfc01, 0xfdbe, 0x009d, 0x0611, 0x0a3a, 0x0e29, 0x0f86, 0x1195,
0x1134, 0x0b93, 0x0534, 0xfb1c, 0xf66d, 0xf64e, 0xf4fb, 0xf696, 0xfc09, 0x0486, 0x0cb7, 0x1188,
0x15f0, 0x192c, 0x17ec, 0x1546, 0x0ff7, 0x0a04, 0x05a1, 0xff83, 0xfd3a, 0xfb75, 0xfe1b, 0x02aa,
0x0707, 0x1068, 0x13b5, 0x1637, 0x122e, 0x093c, 0x021f, 0xf42c, 0xea9e, 0xe114, 0xd704, 0xcf7b,
0xc068, 0xb2e5, 0xacbb, 0xafc5, 0xb9c5, 0xc625, 0xd721, 0xe9f4, 0x02be, 0x18c8, 0x22ae, 0x29e6,
0x28fa, 0x2449, 0x1d32, 0x1397, 0x116a, 0x0f20, 0x0d29, 0x0e38, 0x1157, 0x146b, 0x10a7, 0x07c4,
0xfb43, 0xed8f, 0xe5d2, 0xde6d, 0xd697, 0xd03f, 0xcfac, 0xd837, 0xe4ea, 0xf7d7, 0x0848, 0x19af,
0x2c78, 0x34ae, 0x3816, 0x3771, 0x32dd, 0x28c3, 0x1c00, 0x0dfc, 0xfebe, 0xf80c, 0xf2a4, 0xef50,
0xef8a, 0xf161, 0xf74a, 0xfb83, 0xff2c, 0xff49, 0xfde7, 0xfea4, 0xfce3, 0xfd77, 0xfee3, 0x00ed,
0x089f, 0x0ec1, 0x11b5, 0x171f, 0x1b04, 0x1c2d, 0x1a85, 0x157e, 0x0e26, 0x0281, 0xf843, 0xedbd,
0xe47a, 0xdef8, 0xdc34, 0xdfe7, 0xe499, 0xeb80, 0xf5fd, 0xfced, 0x0492, 0x0ada, 0x0b0f, 0x0a17,
0x09e9, 0x0643, 0x0229, 0x0372, 0x0235, 0x05f9, 0x093b, 0x081c, 0x0caf, 0x0d89, 0x0e3d, 0x0df2,
0x0af3, 0x0690, 0xfd86, 0xf75c, 0xf181, 0xeeb9, 0xf08e, 0xf261, 0xf9b4, 0x005d, 0x074a, 0x0d33,
0x0ffc, 0x1596, 0x13d1, 0x1052, 0x0cba, 0x071b, 0x0367, 0x0082, 0x03b8, 0x0489, 0x06de, 0x0ba9,
0x0cc1, 0x0f95, 0x0e09, 0x0a01, 0x0771, 0x03bf, 0x0026, 0xfb4c, 0xf5ca, 0xf10c, 0xeec5, 0xeee8,
0xee2a, 0xed85, 0xe873, 0xe208, 0xd8a0, 0xc7d4, 0xbd86, 0xb96b, 0xbb45, 0xc3a5, 0xccbf, 0xdf7b,
0xf4dc, 0x098f, 0x1cd0, 0x24d8, 0x2a7c, 0x2909, 0x2129, 0x19e0, 0x1371, 0x0f8a, 0x099b, 0x074b,
0x0832, 0x08a6, 0x0652, 0xfedc, 0xf918, 0xf52d, 0xf329, 0xeecd, 0xe9b6, 0xe7b2, 0xe53f, 0xe779,
0xedea, 0xfa39, 0x087c, 0x13c6, 0x1e53, 0x244c, 0x28bf, 0x2ac6, 0x2966, 0x2356, 0x185e, 0x0df8,
0x04c8, 0xfffe, 0xfbbf, 0xf792, 0xf72a, 0xf892, 0xfb32, 0xfcbf, 0xfd67, 0xfe88, 0x0112, 0x014e,
0xfeed, 0xffae, 0xfe1c, 0xff97, 0x02d7, 0x0407, 0x0cd6, 0x123c, 0x14c8, 0x173e, 0x14e5, 0x1111,
0x071a, 0xfdfc, 0xf33e, 0xe789, 0xe110, 0xdd64, 0xe0f0, 0xe4f2, 0xefc9, 0xfd8a, 0x07d3, 0x1282,
0x144a, 0x13cb, 0x0fd1, 0x0395, 0xfbfe, 0xf99a, 0xf7c8, 0xf849, 0xfdba, 0x0576, 0x0c8c, 0x12e8,
0x1522, 0x17aa, 0x158a, 0x0ecc, 0x0917, 0xfe76, 0xf5ab, 0xf0cd, 0xefb8, 0xf24b, 0xf7ad, 0xfdaa,
0x04ee, 0x108b, 0x14db, 0x16b9, 0x1846, 0x1532, 0x0fb0, 0x089c, 0x01e9, 0xfb56, 0xf8c6, 0xf780,
0xfa91, 0x01dd, 0x05b8, 0x0a3d, 0x0c8e, 0x0d3b, 0x0de7, 0x0ba8, 0x05ce, 0xfdaf, 0xf7a6, 0xef1b,
0xe7de, 0xe3c6, 0xe261, 0xe3db, 0xdead, 0xd405, 0xc71f, 0xc174, 0xc241, 0xc343, 0xc7b9, 0xcf3f,
0xe0db, 0xf70a, 0x07b8, 0x127d, 0x1b19, 0x2198, 0x2112, 0x1e98, 0x1b95, 0x1908, 0x161a, 0x10c2,
0x1383, 0x13f7, 0x0e92, 0x08cc, 0xfcc9, 0xf656, 0xf130, 0xea03, 0xe67f, 0xdfe4, 0xdfcd, 0xe147,
0xe362, 0xed9f, 0xf7b0, 0x0608, 0x1277, 0x1a52, 0x2282, 0x28dc, 0x2afd, 0x275d, 0x22fa, 0x1c12,
0x11df, 0x0a05, 0x03d7, 0xfeda, 0xfc7a, 0xf906, 0xf8bd, 0xf96d, 0xf97c, 0xfb97, 0xfba4, 0xfd26,
0xfeaf, 0x00ac, 0x030b, 0x0391, 0x04f4, 0x05c2, 0x071d, 0x09d2, 0x0d69, 0x10f2, 0x1095, 0x0e20,
0x0904, 0x04b3, 0xff56, 0xf76f, 0xf07d, 0xe9b0, 0xe65c, 0xe63a, 0xe846, 0xeb3d, 0xf218, 0xf99f,
0x0452, 0x0ea6, 0x124f, 0x15b9, 0x137d, 0x0edf, 0x09f7, 0x0628, 0x040a, 0xff6f, 0xff5a, 0x023d,
0x0383, 0x04dd, 0x0737, 0x04fb, 0x0329, 0x0221, 0xfe15, 0x004b, 0xff6f, 0xfed3, 0x01f4, 0x038e,
0x0af7, 0x0fe2, 0x13f1, 0x1923, 0x18a3, 0x1a50, 0x184d, 0x1311, 0x0e04, 0x0465, 0x00d0, 0xfa6e,
0xf601, 0xf897, 0xf8fc, 0xfc9b, 0xfe71, 0x01be, 0x028a, 0x0262, 0x005b, 0xfc94, 0xfd80, 0xf792,
0xf527, 0xf1a8, 0xec5c, 0xead4, 0xdd94, 0xd0ef, 0xc469, 0xbd58, 0xc37f, 0xc7af, 0xcff1, 0xd995,
0xe90d, 0xfce1, 0x0c13, 0x1476, 0x13ba, 0x16fc, 0x1682, 0x1273, 0x1056, 0x0c94, 0x0c8f, 0x0dd0,
0x0f41, 0x10a6, 0x111f, 0x0d30, 0x02e5, 0xf9d9, 0xf3e7, 0xee42, 0xe6c0, 0xe055, 0xdee6, 0xdf39,
0xe60a, 0xeff7, 0xfb52, 0x09bc, 0x14f9, 0x1d07, 0x2174, 0x2660, 0x2672, 0x2014, 0x1996, 0x11bc,
0x0882, 0x00c3, 0xfe78, 0xfbb5, 0xfaf1, 0xfcfb, 0xfb26, 0xfe27, 0x0039, 0xfdd5, 0xfcf9, 0xfa70,
0xfa33, 0xfa31, 0xfde3, 0x0309, 0x068b, 0x0b45, 0x0cf2, 0x0efe, 0x101a, 0x0fdc, 0x0f08, 0x0e54,
0x084a, 0x0211, 0xfe6a, 0xf83e, 0xf3bb, 0xeda9, 0xe885, 0xe4a0, 0xe35c, 0xe60a, 0xed4b, 0xf437,
0xfa13, 0x0160, 0x0751, 0x0e38, 0x1090, 0x0f67, 0x0f22, 0x0c0d, 0x0a41, 0x0988, 0x06ef, 0x0727,
0x061f, 0x0558, 0x04ec, 0x0560, 0x0526, 0x0134, 0xfd9b, 0xf7ac, 0xf627, 0xf820, 0xf8ea, 0xfe9d,
0x0386, 0x0b96, 0x151f, 0x1a2e, 0x2174, 0x24ce, 0x2629, 0x2372, 0x1c64, 0x1537, 0x0c48, 0x063e,
0x004d, 0xfb72, 0xf9bb, 0xfab9, 0xfdd4, 0xffbf, 0x01f0, 0x03ec, 0x0303, 0x039c, 0x0247, 0xfd52,
0xf96b, 0xf391, 0xefb8, 0xeb4b, 0xe4d8, 0xda08, 0xc692, 0xb945, 0xb6fb, 0xbc4f, 0xc5b4, 0xd096,
0xdd75, 0xf1d0, 0x08e5, 0x149f, 0x1b39, 0x1c7f, 0x17bc, 0x139c, 0x0c17, 0x075c, 0x07f7, 0x0811,
0x0af4, 0x11b8, 0x172b, 0x168d, 0x1223, 0x05ed, 0xf988, 0xf21c, 0xe871, 0xe0d3, 0xd898, 0xd603,
0xd8ff, 0xdd66, 0xed75, 0xff2f, 0x0c3c, 0x1b4b, 0x24af, 0x2835, 0x2b7c, 0x294e, 0x2206, 0x16f3,
0x0c0e, 0x051c, 0xfe93, 0xfa5b, 0xf78a, 0xf872, 0xfcd5, 0xfe8f, 0xff8d, 0x0162, 0x011a, 0x001a,
0xfeeb, 0xfb61, 0xfc23, 0x0064, 0x02aa, 0x06f2, 0x0b14, 0x0e03, 0x1287, 0x1566, 0x14fb, 0x12e8,
0x0f9a, 0x091c, 0x01bd, 0xf963, 0xf042, 0xe92d, 0xe588, 0xe3d6, 0xe370, 0xe50f, 0xe5c0, 0xea67,
0xf08d, 0xf6d2, 0xfc19, 0x017b, 0x0668, 0x0737, 0x0a0c, 0x0b6e, 0x0ea4, 0x106b, 0x0ef4, 0x0d99,
0x0ac0, 0x099f, 0x06eb, 0x0642, 0x0735, 0x0632, 0x0642, 0x0531, 0x0070, 0xfd71, 0xfc25, 0xfaee,
0xfcd2, 0xfda7, 0xffdb, 0x056d, 0x0b19, 0x10b8, 0x1434, 0x1580, 0x1982, 0x19f8, 0x1709, 0x158b,
0x1101, 0x0d6d, 0x0d44, 0x0b98, 0x084a, 0x06e4, 0x0582, 0x0552, 0x03b6, 0x0077, 0x00db, 0xfd59,
0xf9e4, 0xf7ed, 0xf185, 0xede1, 0xe992, 0xe428, 0xdf9d, 0xd4ec, 0xc4f4, 0xb86d, 0xb751, 0xc0bd,
0xcc38, 0xd46d, 0xe2e9, 0xf8fb, 0x0cd7, 0x1b2b, 0x21d1, 0x224c, 0x1c71, 0x159e, 0x0e0e, 0x065f,
0x0481, 0x04b2, 0x0664, 0x09b1, 0x10d7, 0x0f8b, 0x084e, 0x0391, 0xf7f8, 0xf1de, 0xecb9, 0xe321,
0xddd4, 0xda68, 0xdb20, 0xe29d, 0xf072, 0x0012, 0x0e06, 0x1a23, 0x2301, 0x2949, 0x2c13, 0x2826,
0x23b8, 0x1afb, 0x0e64, 0x06c1, 0xfee2, 0xf9d9, 0xf7a9, 0xf86c, 0xfbd5, 0xfd33, 0xfeed, 0x0003,
0x0181, 0xfff1, 0xfcbe, 0xfcbf, 0xfd5e, 0xff51, 0x0138, 0x02d7, 0x0417, 0x09e5, 0x1051, 0x151f,
0x19f2, 0x19b7, 0x164c, 0x10c6, 0x0b67, 0xff95, 0xf33f, 0xeb57, 0xe511, 0xe324, 0xdfb3, 0xe162,
0xe713, 0xec4b, 0xf2b2, 0xf634, 0xfdd3, 0x03ec, 0x057c, 0x0781, 0x0524, 0x078c, 0x0a3a, 0x0a69,
0x0c9f, 0x0b80, 0x0bde, 0x0bf8, 0x0b9e, 0x0b7f, 0x090b, 0x06e3, 0x01dc, 0xfd3f, 0xf9f0, 0xf5a4,
0xf4cf, 0xf8be, 0xfca8, 0xffb3, 0x07ce, 0x0cc0, 0x119c, 0x1646, 0x1548, 0x16dc, 0x17c9, 0x158c,
0x1259, 0x0f43, 0x0b92, 0x0909, 0x095f, 0x08b3, 0x0861, 0x06a2, 0x0445, 0x0429, 0x0028, 0xfc87,
0xfa6e, 0xf7d1, 0xf7a3, 0xf393, 0xf1b1, 0xf1e9, 0xeef2, 0xed3a, 0xe89b, 0xe1bf, 0xd2b5, 0xc332,
0xbcfd, 0xbb37, 0xc224, 0xc9ae, 0xd618, 0xeb45, 0xff59, 0x1490, 0x2255, 0x23ec, 0x2283, 0x2077,
0x194b, 0x0f61, 0x0a86, 0x054e, 0x0475, 0x09e9, 0x0a65, 0x0c90, 0x0a82, 0x05fc, 0x0009, 0xf6a0,
0xf21f, 0xe83d, 0xe314, 0xdf68, 0xdb55, 0xe30c, 0xedc6, 0xfb46, 0x09ee, 0x17da, 0x2364, 0x2a7c,
0x2f76, 0x2e5a, 0x272f, 0x1e22, 0x113a, 0x063f, 0xfdcb, 0xf5c7, 0xf3c3, 0xf3db, 0xf6ec, 0xfa4f,
0xfaf0, 0xfe15, 0xffdb, 0xff67, 0xfe77, 0xfcae, 0xfdb5, 0xfdd2, 0xfe9e, 0x02f3, 0x04bb, 0x0905,
0x0eaf, 0x1360, 0x17bf, 0x175e, 0x1314, 0x0d8f, 0x0996, 0x01ac, 0xf5dd, 0xee4d, 0xe823, 0xe1f0,
0xdd76, 0xd8e5, 0xda72, 0xe002, 0xe588, 0xefb1, 0xf78c, 0xfe8f, 0x09c1, 0x127e, 0x1835, 0x1ca7,
0x1fc4, 0x1e7f, 0x18ce, 0x114a, 0x0cd1, 0x0971, 0x0447, 0x0505, 0x0660, 0x0618, 0x0544, 0x041f,
0x004c, 0xfc10, 0xfb68, 0xf9af, 0xf908, 0xf78b, 0xfaec, 0x01f0, 0x07c5, 0x119c, 0x1871, 0x1d4b,
0x22fc, 0x2101, 0x1abc, 0x15f8, 0x1254, 0x0ff2, 0x0b7c, 0x0900, 0x0913, 0x065d, 0x04a0, 0x0159,
0xfda0, 0xfb0b, 0xf62b, 0xf331, 0xf0c2, 0xebe6, 0xeb51, 0xea6f, 0xe64f, 0xe3e6, 0xd851, 0xc77a,
0xbb19, 0xb6e6, 0xbc04, 0xc5bc, 0xd144, 0xe184, 0xf6d2, 0x0b2b, 0x1ca3, 0x22f3, 0x2308, 0x220a,
0x1931, 0x0fe6, 0x07d4, 0x017b, 0x0055, 0xff84, 0x05a4, 0x0b9e, 0x09dc, 0x054c, 0xfdf9, 0xf8ed,
0xf302, 0xecf5, 0xe640, 0xdd84, 0xdc31, 0xddeb, 0xe539, 0xf132, 0xfe8e, 0x1056, 0x1a34, 0x23c1,
0x2c05, 0x2b93, 0x2be1, 0x24e6, 0x179b, 0x0d20, 0x0345, 0xfc4d, 0xf6b6, 0xf4e9, 0xf891, 0xfac3,
0xfe2f, 0x0164, 0x0309, 0x021c, 0xff92, 0xff52, 0xfe49, 0xfe39, 0xff20, 0x021f, 0x07d6, 0x0c6f,
0x1066, 0x14a1, 0x19bd, 0x1a2e, 0x1548, 0x0f4a, 0x0535, 0xf9e8, 0xf0ae, 0xe7b8, 0xe1ba, 0xe11f,
0xe305, 0xe712, 0xed59, 0xf1c1, 0xf459, 0xf806, 0xfb91, 0xfe48, 0xfebc, 0xfe01, 0xff81, 0x017d,
0x0755, 0x0ca2, 0x0f81, 0x12e4, 0x123d, 0x10e8, 0x0ce4, 0x07c0, 0x02ff, 0xfd16, 0xf74a, 0xf3ae,
0xf38d, 0xf107, 0xf3fc, 0xf8cb, 0xff86, 0x0a38, 0x0ecc, 0x14aa, 0x17af, 0x1889, 0x19a4, 0x180e,
0x17da, 0x15a5, 0x131c, 0x0e6b, 0x0a7a, 0x0ab2, 0x0a7b, 0x0cb5, 0x0f60, 0x10c1, 0x0f9e, 0x0a54,
0x0808, 0x05bc, 0x01c3, 0x002d, 0xfd42, 0xfc26, 0xfa5a, 0xf885, 0xf964, 0xf6ed, 0xf763, 0xf760,
0xf463, 0xf2fd, 0xe82e, 0xd3a6, 0xbda7, 0xaf9e, 0xaffb, 0xb512, 0xbaf7, 0xc719, 0xdac0, 0xf930,
0x142b, 0x234c, 0x2cf8, 0x2bfb, 0x2670, 0x1d0e, 0x11c1, 0x085a, 0x025c, 0x023d, 0x0455, 0x0c09,
0x0cf0, 0x0ab4, 0x096a, 0x0258, 0xfe2d, 0xf59c, 0xeb77, 0xe14d, 0xd91a, 0xd809, 0xd921, 0xe35f,
0xf3f3, 0x0513, 0x15fc, 0x234d, 0x2cc8, 0x32ce, 0x330e, 0x2ceb, 0x2271, 0x1642, 0x0928, 0xfe8e,
0xf85b, 0xf42d, 0xf2fa, 0xf388, 0xf648, 0xf960, 0xfdb9, 0x0299, 0x02d3, 0x023d, 0x01f2, 0xff6d,
0xfd8c, 0xfde3, 0x00eb, 0x02bc, 0x0629, 0x0d11, 0x1308, 0x199a, 0x17b4, 0x116e, 0x0953, 0xfd91,
0xf43a, 0xe7c8, 0xe15e, 0xded0, 0xdb8e, 0xde5f, 0xe1f8, 0xec7a, 0xf7c6, 0xfd11, 0x0449, 0x08ce,
0x098b, 0x096b, 0x08e2, 0x069f, 0x0677, 0x064c, 0x0591, 0x08b7, 0x0ad9, 0x0ac7, 0x0a42, 0x09d9,
0x07fd, 0x0746, 0x03c0, 0xfd47, 0xfa30, 0xf6f3, 0xf7ad, 0xfc23, 0xff41, 0x049e, 0x0ab2, 0x0f6c,
0x1519, 0x1a15, 0x1a5d, 0x19fe, 0x16f7, 0x123f, 0x0fc4, 0x0ba8, 0x08f2, 0x066c, 0x0695, 0x0a0c,
0x0ac9, 0x0c0d, 0x0c4e, 0x0aeb, 0x06f0, 0x0142, 0x003e, 0xfd40, 0xfabe, 0xfab6, 0xf98b, 0xf78d,
0xf7f4, 0xfa99, 0xf838, 0xf89b, 0xf4a3, 0xe59f, 0xd0c4, 0xb9b9, 0xaad1, 0xa918, 0xaf19, 0xb985,
0xca3d, 0xdee0, 0xfb6d, 0x152a, 0x25e6, 0x3126, 0x2f05, 0x2887, 0x1f2c, 0x11c5, 0x099f, 0x029f,
0xff09, 0x021a, 0x0919, 0x0dfe, 0x0c6b, 0x0782, 0x007b, 0xfad9, 0xf58d, 0xec8d, 0xe055, 0xd895,
0xd5c2, 0xd931, 0xe602, 0xf466, 0x053a, 0x14fa, 0x2220, 0x2cd6, 0x3156, 0x307b, 0x2aa0, 0x214f,
0x1435, 0x080e, 0xfef9, 0xf8c1, 0xf6f6, 0xf85d, 0xfc18, 0x00d8, 0x0578, 0x099a, 0x09f8, 0x0703,
0x0268, 0xfcba, 0xfbb0, 0xfb09, 0xf939, 0xfa01, 0xfd96, 0x05f3, 0x0eaa, 0x155e, 0x1a74, 0x1b79,
0x17b7, 0x0bfb, 0xfcd4, 0xee7c, 0xe40e, 0xe09f, 0xdb4f, 0xd992, 0xde1b, 0xe312, 0xebee, 0xf595,
0xff44, 0x05c0, 0x0940, 0x0dbd, 0x0e97, 0x0f05, 0x0faa, 0x0b0d, 0x07d9, 0x05c0, 0x0092, 0xfb78,
0xf840, 0xf80f, 0xf923, 0xfc84, 0x015e, 0x0434, 0x04c3, 0x04ef, 0x034f, 0x03dd, 0x075e, 0x0a89,
0x0e43, 0x122d, 0x165f, 0x1940, 0x18f4, 0x16ec, 0x14ba, 0x1118, 0x0b31, 0x0629, 0x043f, 0x0273,
0x0277, 0x0389, 0x047f, 0x05d3, 0x0707, 0x0a63, 0x0952, 0x09ba, 0x0a3f, 0x0732, 0x05c8, 0x0185,
0xfe5a, 0xfa1b, 0xf539, 0xf4ab, 0xf41c, 0xf2df, 0xf003, 0xeb41, 0xe085, 0xcbfd, 0xb9f4, 0xaf6a,
0xaf0b, 0xb317, 0xbadd, 0xcdcc, 0xe545, 0xffa9, 0x152c, 0x22d2, 0x2b8e, 0x2c77, 0x2424, 0x1b3c,
0x12e5, 0x0c15, 0x0ae2, 0x0853, 0x0a37, 0x0f56, 0x1027, 0x0da0, 0x055a, 0xfbef, 0xf702, 0xeed9,
0xe486, 0xdaa2, 0xd5d6, 0xd836, 0xdd93, 0xe797, 0xf970, 0x0d55, 0x1938, 0x23fb, 0x2dcf, 0x32ed,
0x3034, 0x2553, 0x1c51, 0x1163, 0x03a3, 0xfc4c, 0xf605, 0xf4a6, 0xf93e, 0xfc89, 0xffc6, 0x022f,
0x041b, 0x0442, 0x0495, 0x0336, 0x01c0, 0x0244, 0x02a2, 0x029a, 0x0380, 0x060e, 0x0954, 0x0dfd,
0x1157, 0x12a4, 0x0fa8, 0x081c, 0xffeb, 0xf6e3, 0xef2e, 0xe9b9, 0xe572, 0xe732, 0xeab9, 0xefc8,
0xf579, 0xf9b0, 0x0075, 0x036c, 0x04eb, 0x055c, 0x0443, 0x062c, 0x05a1, 0x0441, 0x05d0, 0x0662,
0x0611, 0x02e8, 0xfe56, 0xfddd, 0xfbad, 0xf944, 0xfa01, 0xfa57, 0xfd46, 0xfff5, 0x020f, 0x0637,
0x0906, 0x0ceb, 0x116a, 0x1526, 0x15c9, 0x13e6, 0x1517, 0x1562, 0x1544, 0x13e8, 0x1088, 0x0ddc,
0x0ab4, 0x05fc, 0x00ba, 0xfe7e, 0xfe6f, 0xfe47, 0xffc0, 0x035b, 0x03e9, 0x05c8, 0x0874, 0x088f,
0x08b3, 0x0739, 0x0637, 0x05ae, 0x03d6, 0x02bc, 0xff4f, 0xfc2b, 0xf9d3, 0xf2a0, 0xea5e, 0xe0f1,
0xd424, 0xc0dc, 0xaf5c, 0xaa14, 0xad14, 0xb6a3, 0xc211, 0xd34d, 0xeb31, 0x0478, 0x1b4b, 0x273a,
0x2a00, 0x23cb, 0x1ee2, 0x165b, 0x0b32, 0x0a15, 0x05e5, 0x08f5, 0x0f67, 0x10be, 0x12a7, 0x09bb,
0x024b, 0xfbc7, 0xf2e5, 0xecb1, 0xe243, 0xd99b, 0xd84c, 0xdd1d, 0xe1c9, 0xf004, 0x02c1, 0x1013,
0x1da4, 0x2603, 0x2b74, 0x2b9b, 0x26e0, 0x1e34, 0x13b0, 0x0d66, 0x0507, 0xffb2, 0xff17, 0xff0a,
0x028b, 0x0498, 0x05f3, 0x066c, 0x0459, 0x03da, 0xfe1a, 0xf8a5, 0xf7d4, 0xf5bc, 0xf759, 0xfadd,
0xff57, 0x08a0, 0x105c, 0x1669, 0x188f, 0x16e0, 0x115c, 0x02d9, 0xf654, 0xec3a, 0xe75d, 0xe5f4,
0xe3ee, 0xe736, 0xed36, 0xf5fc, 0xfd99, 0x0644, 0x0bc0, 0x0c0d, 0x0b09, 0x0521, 0x0230, 0xfbe9,
0xf487, 0xf252, 0xefb7, 0xf355, 0xf792, 0xf871, 0xfb79, 0x00ad, 0x04ac, 0x059d, 0x03c1, 0x0366,
0x046b, 0x0629, 0x0765, 0x0977, 0x0fcf, 0x153a, 0x18e8, 0x19e9, 0x19ef, 0x1a02, 0x16a9, 0x1247,
0x0e9e, 0x0902, 0x05c4, 0x0477, 0x034a, 0x02c3, 0x03cd, 0x05a1, 0x0681, 0x0a70, 0x0e29, 0x0f61,
0x1032, 0x1207, 0x111c, 0x0cc2, 0x07c9, 0x04b5, 0x0368, 0x02cc, 0x010d, 0xfc08, 0xfb06, 0xfa6c,
0xf731, 0xf4a5, 0xf01f, 0xe624, 0xd94c, 0xc9da, 0xb69c, 0xa87d, 0xa38b, 0xab59, 0xba43, 0xcb06,
0xdfe6, 0xf737, 0x1150, 0x220e, 0x2889, 0x2aa0, 0x239a, 0x1ba3, 0x11e5, 0x0953, 0x0921, 0x0ac2,
0x10fe, 0x1805, 0x176b, 0x1127, 0x0901, 0x00d7, 0xf651, 0xeae9, 0xe016, 0xd687, 0xd2f9, 0xd401,
0xdca4, 0xe9f9, 0xfb6f, 0x0fcd, 0x1e40, 0x2957, 0x2c67, 0x2a1a, 0x257e, 0x1db2, 0x1544, 0x0b18,
0x0248, 0xfd1d, 0xfc41, 0xfe82, 0x0191, 0x03e6, 0x071f, 0x08c6, 0x0822, 0x05fc, 0x0182, 0xfe49,
0xfbaa, 0xf87a, 0xf89f, 0xfa52, 0xfd4b, 0x042e, 0x08c7, 0x0dcc, 0x10ca, 0x0d56, 0x0865, 0xfe0c,
0xf2f3, 0xed29, 0xe9ff, 0xec1f, 0xeed2, 0xf44d, 0xfd9c, 0x05a4, 0x0bef, 0x0a7c, 0x098c, 0x055c,
0xfd90, 0xf7e9, 0xf12a, 0xefc3, 0xef70, 0xf12b, 0xf875, 0xfe87, 0x0152, 0x0488, 0x0638, 0x05c1,
0x02c1, 0xfedf, 0xfdff, 0xffc3, 0x01a2, 0x03f4, 0x0943, 0x0da4, 0x12e4, 0x188a, 0x1843, 0x1732,
0x1671, 0x1498, 0x12ac, 0x0d94, 0x0b13, 0x0a17, 0x06e7, 0x0638, 0x06b1, 0x0567, 0x03e0, 0x0389,
0x04ad, 0x0511, 0x0504, 0x0661, 0x0786, 0x09fc, 0x0c28, 0x0b9b, 0x0bfe, 0x0dc3, 0x0dda, 0x0d4b,
0x0ad2, 0x0683, 0x026a, 0xfb45, 0xf2e8, 0xee71, 0xe722, 0xdeba, 0xd522, 0xc055, 0xaf68, 0xa83e,
0xaa6f, 0xb60c, 0xc426, 0xd530, 0xeaac, 0x04b2, 0x1782, 0x2032, 0x2523, 0x2254, 0x1c40, 0x1480,
0x0c6f, 0x09f4, 0x0a62, 0x0dd3, 0x139a, 0x1a8b, 0x1b03, 0x15c9, 0x0ccc, 0x0047, 0xf582, 0xe99d,
0xdfcd, 0xd68b, 0xd1a9, 0xd716, 0xdf2d, 0xeb4f, 0xfd7a, 0x0d75, 0x1a34, 0x22f0, 0x2461, 0x25a9,
0x2450, 0x1ccb, 0x1430, 0x0c73, 0x07a9, 0x0553, 0x04fc, 0x0721, 0x0be7, 0x0e80, 0x0c8c, 0x09d9,
0x0509, 0xff9f, 0xfb61, 0xf502, 0xf0cc, 0xf21e, 0xf669, 0xfac2, 0xff2e, 0x04d0, 0x0acf, 0x0e7f,
0x0f0e, 0x0a56, 0x0497, 0xfd57, 0xf276, 0xee55, 0xed2b, 0xee99, 0xf3fb, 0xf99f, 0xfe43, 0x02e0,
0x0387, 0xfff5, 0xfc3f, 0xf67f, 0xf346, 0xf339, 0xf546, 0xf8da, 0xfc97, 0x0021, 0x0308, 0x033e,
0x01cc, 0xfdbe, 0xf6dd, 0xf3d4, 0xf4e6, 0xf620, 0xfb2b, 0x02af, 0x0938, 0x10c2, 0x133a, 0x14ff,
0x171c, 0x158f, 0x1396, 0x0f58, 0x0cbf, 0x0b0f, 0x0a26, 0x0a86, 0x09ed, 0x0b4d, 0x0b03, 0x0c4c,
0x0c95, 0x0a34, 0x0b0a, 0x06a2, 0x034b, 0x05e2, 0x040a, 0x039c, 0x0796, 0x09e6, 0x0af1, 0x0b14,
0x0a8c, 0x0a50, 0x0b4b, 0x080a, 0x050a, 0x0113, 0xf91e, 0xf5eb, 0xf1d9, 0xefea, 0xed69, 0xe69d,
0xdc64, 0xca42, 0xba19, 0xaf96, 0xb017, 0xb94c, 0xc366, 0xd52f, 0xead9, 0x0122, 0x12f0, 0x1bd3,
0x230b, 0x216a, 0x1c0f, 0x1937, 0x129a, 0x128b, 0x125c, 0x1227, 0x1682, 0x1740, 0x137b, 0x0aa3,
0x0177, 0xf709, 0xeaee, 0xe309, 0xdd1d, 0xd6ea, 0xd72a, 0xde11, 0xe7e4, 0xf5e8, 0x0539, 0x1337,
0x1f65, 0x2448, 0x232b, 0x2050, 0x1cf4, 0x1933, 0x1093, 0x0908, 0x0435, 0x03be, 0x0825, 0x0946,
0x0bb6, 0x0dab, 0x0ce6, 0x0d89, 0x0a23, 0x041a, 0xfff5, 0xfacd, 0xf967, 0xf979, 0xf90b, 0xfcce,
0xff85, 0x0337, 0x06cf, 0x07ea, 0x0895, 0x08b4, 0x04f9, 0xfabf, 0xf3dc, 0xeeea, 0xedae, 0xf2b1,
0xf7d6, 0xfc04, 0xfee6, 0x02e7, 0x0542, 0x02b0, 0xfefd, 0xfbbb, 0xf528, 0xf09e, 0xf075, 0xf12f,
0xf542, 0xfb04, 0x00be, 0x05ae, 0x0602, 0x059b, 0x0350, 0xfcc1, 0xfa19, 0xf80a, 0xf7c9, 0xfb26,
0x017d, 0x07f4, 0x0ae1, 0x0edc, 0x125a, 0x16fd, 0x169d, 0x153f, 0x147e, 0x104e, 0x102a, 0x0e32,
0x0e11, 0x0dfe, 0x0cf8, 0x0db5, 0x0c8e, 0x0b64, 0x0810, 0x062a, 0x042d, 0x030e, 0x0140, 0x0138,
0x037c, 0x0319, 0x09f7, 0x0f68, 0x1038, 0x12b7, 0x11b8, 0x0f09, 0x09b1, 0x0140, 0xfa30, 0xf21c,
0xea23, 0xe55f, 0xdf97, 0xdaa5, 0xd336, 0xc420, 0xb566, 0xae84, 0xb1bf, 0xb94b, 0xc2f4, 0xd280,
0xe70d, 0xfe1c, 0x11f0, 0x1da8, 0x2379, 0x222a, 0x1c66, 0x166e, 0x102f, 0x0ed5, 0x0edb, 0x0faa,
0x1437, 0x1724, 0x16b6, 0x0ec7, 0x03ec, 0xfa44, 0xf001, 0xe98e, 0xe1f6, 0xda2e, 0xd931, 0xde3e,
0xe91c, 0xf5cc, 0x0123, 0x0e8c, 0x1b4d, 0x211f, 0x221c, 0x1f05, 0x1c62, 0x1909, 0x11e2, 0x0c08,
0x07ae, 0x0699, 0x06a9, 0x0898, 0x0ad9, 0x0a59, 0x0a64, 0x07ff, 0x028c, 0xffed, 0xfcdf, 0xf9c8,
0xfa01, 0xfaf9, 0xfeaf, 0x0240, 0x05d6, 0x0ae3, 0x0bc2, 0x0a7a, 0x0841, 0x0348, 0xfd42, 0xf616,
0xf0c1, 0xed94, 0xee55, 0xf2f1, 0xf643, 0xf957, 0xfa07, 0xfa69, 0xfefb, 0x01ab, 0x02df, 0x036c,
0x010d, 0x02df, 0x02f1, 0x00f1, 0xff6d, 0xfb30, 0xf8b0, 0xf61d, 0xf354, 0xf32b, 0xf1ec, 0xf34f,
0xf819, 0xfb47, 0xff77, 0x0216, 0x061a, 0x091c, 0x0aab, 0x0e9c, 0x11be, 0x149f, 0x13a8, 0x127d,
0x132a, 0x1123, 0x10ca, 0x11c0, 0x1021, 0x0d89, 0x0b7a, 0x09d0, 0x093d, 0x08a9, 0x0958, 0x07e2,
0x073f, 0x0a23, 0x0a2e, 0x09a4, 0x09fc, 0x0d12, 0x0d65, 0x0d89, 0x0f51, 0x0e34, 0x0d0d, 0x0bcf,
0x0a61, 0x08f5, 0x06de, 0x0480, 0xffa6, 0xfa02, 0xf42c, 0xeb9b, 0xe33b, 0xd915, 0xcb5c, 0xb881,
0xa8dc, 0xa359, 0xa485, 0xb14d, 0xc3e7, 0xd713, 0xf04e, 0x08dd, 0x1be2, 0x259d, 0x2669, 0x23cd,
0x1aed, 0x11e1, 0x0c39, 0x0878, 0x0a68, 0x0e10, 0x1385, 0x165b, 0x1650, 0x118f, 0x05b7, 0xfa70,
0xed8f, 0xe300, 0xdc25, 0xd858, 0xdb88, 0xe312, 0xebd5, 0xf89e, 0x057c, 0x0f2b, 0x18fd, 0x1d29,
0x1c7a, 0x18a5, 0x12e1, 0x0ebf, 0x0c79, 0x0cf0, 0x0c05, 0x0ce8, 0x1353, 0x14be, 0x14b9, 0x14c9,
0x1093, 0x0d41, 0x089a, 0x037e, 0xfd8b, 0xf851, 0xf40b, 0xf0c1, 0xf0f9, 0xf581, 0xfae5, 0xff5b,
0x0178, 0x010b, 0x0430, 0x02c5, 0x0266, 0x0030, 0xfbde, 0xfbe1, 0xfa8f, 0xfa6d, 0xf979, 0xfc06,
0xff1a, 0xffe7, 0x0168, 0xffab, 0xfc73, 0xfc2e, 0xf8bb, 0xf6d2, 0xf966, 0xf964, 0xfa64, 0xfbc0,
0xfb8e, 0xfd25, 0xfc48, 0xf865, 0xf788, 0xf93b, 0xfc64, 0xff28, 0x0560, 0x0b57, 0x0ef9, 0x147b,
0x1673, 0x1591, 0x1264, 0x0dae, 0x0973, 0x0429, 0xfd74, 0xfb37, 0xfb42, 0xfaed, 0xfe0e, 0x0230,
0x0805, 0x0de0, 0x128b, 0x145b, 0x1366, 0x1034, 0x0cb3, 0x09aa, 0x076a, 0x0b4e, 0x10cc, 0x15a5,
0x183c, 0x17ed, 0x1542, 0x1075, 0x0b6f, 0x053e, 0xfebe, 0xfa17, 0xf5de, 0xf393, 0xf47b, 0xf2df,
0xf209, 0xeef4, 0xec60, 0xeacb, 0xe874, 0xe960, 0xe60a, 0xe565, 0xe00c, 0xd3ca, 0xcb98, 0xc5db,
0xc911, 0xcf0d, 0xd882, 0xe590, 0xf117, 0xfdb4, 0x0705, 0x0c38, 0x0c74, 0x090c, 0x069d, 0x078a,
0x06a0, 0x095c, 0x0ef6, 0x13a0, 0x1b04, 0x1c30, 0x1b68, 0x16f6, 0x0ddb, 0x061a, 0xfd76, 0xf589,
0xf158, 0xf01c, 0xee49, 0xee1f, 0xefba, 0xf314, 0xf748, 0xfc47, 0x01c3, 0x077b, 0x0ca9, 0x10dc,
0x15af, 0x1636, 0x16b3, 0x1798, 0x16d8, 0x1851, 0x1825, 0x174f, 0x15db, 0x1247, 0x0eeb, 0x087a,
0x00b2, 0xf99b, 0xf1dc, 0xecca, 0xea92, 0xebb7, 0xedad, 0xf0fe, 0xf7a6, 0xfcee, 0x00ec, 0x0169,
0x0125, 0x026b, 0x0125, 0x0047, 0x0097, 0x00e7, 0x0402, 0x06bc, 0x0605, 0x082d, 0x0882, 0x03ee,
0xfd98, 0xf385, 0xeab8, 0xe353, 0xe0a5, 0xe2ee, 0xe3d2, 0xe92d, 0xef57, 0xf624, 0xff83, 0x0520,
0x0a24, 0x0db6, 0x11f1, 0x15e8, 0x1810, 0x1949, 0x1ab8, 0x1d1a, 0x1c7f, 0x1c83, 0x197c, 0x11df,
0x0a66, 0x0504, 0x0155, 0xfe97, 0xfc6f, 0xfe72, 0x022e, 0x0212, 0x031c, 0x043b, 0x03fa, 0x0527,
0x079e, 0x09f1, 0x0b07, 0x0f50, 0x14e7, 0x1694, 0x17f9, 0x183d, 0x1884, 0x1605, 0x11ee, 0x0ec4,
0x0596, 0xfd70, 0xf58b, 0xed11, 0xe6c1, 0xde22, 0xd7bd, 0xd30b, 0xcd7e, 0xc459, 0xb92a, 0xb122,
0xb155, 0xb942, 0xc508, 0xd68e, 0xe932, 0xfd07, 0x10d1, 0x1c7a, 0x1ec8, 0x1f2c, 0x1bae, 0x1436,
0x0d84, 0x0bcc, 0x10ed, 0x152c, 0x1bf2, 0x1f04, 0x19e7, 0x152b, 0x0d0a, 0xff5d, 0xf15d, 0xe67b,
0xe24e, 0xe24c, 0xe284, 0xe68a, 0xedeb, 0xf5fe, 0xfea8, 0x046e, 0x0a14, 0x0e7b, 0x10fc, 0x116d,
0x0e49, 0x0edc, 0x11d5, 0x13ce, 0x13a4, 0x15df, 0x1892, 0x186c, 0x1831, 0x1431, 0x107f, 0x0ba7,
0x03e3, 0xfd70, 0xf80a, 0xf6f3, 0xf5b7, 0xf45c, 0xf667, 0xfb10, 0xfdea, 0xffa4, 0xfef5, 0xfb71,
0xfb6b, 0xfb31, 0xf9eb, 0xf93b, 0xfaf5, 0xfc11, 0xfeb2, 0x009a, 0xff14, 0xffd2, 0x0038, 0xff88,
0xff7b, 0xfd90, 0xfad4, 0xf9c2, 0xf7bb, 0xfa43, 0xfdfa, 0xff58, 0x048d, 0x0561, 0x04ac, 0x040e,
0xff68, 0xfdca, 0xfa9e, 0xf5db, 0xf6cd, 0xf8c7, 0xfbc5, 0x036a, 0x087b, 0x0d20, 0x10d0, 0x10d9,
0x10c5, 0x0f49, 0x0d02, 0x0951, 0x0bf0, 0x0ecc, 0x0cb2, 0x0ba9, 0x0978, 0x0846, 0x078d, 0x05e8,
0x03d9, 0x0446, 0x05ce, 0x079e, 0x099f, 0x0b39, 0x0aa9, 0x0d2f, 0x0ff6, 0x0ec4, 0x0f85, 0x10a0,
0x1271, 0x133a, 0x10b6, 0x0888, 0xff53, 0xf8f2, 0xefa3, 0xe82e, 0xe4c6, 0xdeba, 0xda50, 0xd44f,
0xc79b, 0xba9e, 0xb56d, 0xb878, 0xbf34, 0xca63, 0xda32, 0xea27, 0xfacd, 0x0acf, 0x11b8, 0x11ae,
0x1014, 0x0e40, 0x09ac, 0x0780, 0x0b5a, 0x12b5, 0x1b49, 0x1fad, 0x21da, 0x1d38, 0x1416, 0x0b4c,
0xff36, 0xf4c5, 0xec61, 0xe684, 0xe602, 0xe86b, 0xec25, 0xf194, 0xf96d, 0xfe79, 0x01ab, 0x0794,
0x094d, 0x0a67, 0x0aff, 0x0a6a, 0x0e30, 0x1049, 0x11e9, 0x1271, 0x13c4, 0x1950, 0x1961, 0x163d,
0x1489, 0x0eef, 0x0846, 0x01b4, 0xfb8a, 0xf852, 0xf900, 0xfa46, 0xfcdc, 0xffb3, 0xff2e, 0x0056,
0xfe1b, 0xfa5a, 0xf5cf, 0xf193, 0xf19f, 0xf324, 0xf52f, 0xf785, 0xfd02, 0x010c, 0x049f, 0x0712,
0x086b, 0x07ec, 0x0298, 0xfd35, 0xf8ba, 0xf6b0, 0xf5a3, 0xf7b9, 0xfad8, 0xfc92, 0x00cc, 0x02fd,
0x046f, 0x048a, 0x0016, 0xfa55, 0xf41c, 0xf1a2, 0xf2fc, 0xf6f0, 0xffe0, 0x06e0, 0x0f1d, 0x1746,
0x176f, 0x179f, 0x1382, 0x0d4e, 0x0ca7, 0x0c04, 0x0de7, 0x0f23, 0x0c7e, 0x0ce5, 0x0d5f, 0x08d6,
0x049c, 0x0320, 0x038c, 0x0423, 0x02e0, 0x0248, 0x03e6, 0x07f4, 0x0bcc, 0x0e9e, 0x1168, 0x1449,
0x1800, 0x18fa, 0x172f, 0x137a, 0x0cac, 0x0740, 0x00da, 0xf948, 0xf3d2, 0xeb85, 0xe73c, 0xe2db,
0xd86e, 0xd0ec, 0xc483, 0xb9d9, 0xb891, 0xbc6e, 0xc4ca, 0xd1f7, 0xe154, 0xf05e, 0x0151, 0x0b1a,
0x0ec5, 0x0fef, 0x0edd, 0x0b51, 0x088a, 0x0b37, 0x10a8, 0x17f0, 0x1b6f, 0x1964, 0x1540, 0x0d08,
0x03b3, 0xfbdc, 0xf41e, 0xee9c, 0xe9b7, 0xe9bc, 0xeb6a, 0xeef6, 0xf398, 0xf5b3, 0xfae6, 0xfc3e,
0x00c6, 0x0764, 0x096a, 0x0d8c, 0x0c60, 0x0a83, 0x0b31, 0x09e9, 0x0ba6, 0x0ed9, 0x109f, 0x12d8,
0x138e, 0x11b6, 0x1196, 0x0eb4, 0x09e4, 0x0669, 0x033d, 0x0296, 0x0249, 0x0353, 0x0505, 0x05a8,
0x03fd, 0x00e7, 0xff6c, 0xfddb, 0xfc9d, 0xfc05, 0xfc1d, 0xfa0d, 0xf90f, 0xf95f, 0xf6c4, 0xf2d4,
0xf231, 0xf4e8, 0xf67e, 0xfa85, 0xfa3a, 0xf94b, 0xfc59, 0xfcef, 0xffc6, 0xffea, 0xff02, 0x02dc,
0x01b1, 0xfff6, 0xffd9, 0x01b4, 0x0437, 0x0327, 0x010d, 0xfb9a, 0xf9ca, 0xfa87, 0xfa65, 0xfd1b,
0xfea4, 0x0109, 0x04eb, 0x0664, 0x0767, 0x0701, 0x077c, 0x074d, 0x077f, 0x0887, 0x09aa, 0x0c20,
0x0c62, 0x0bcb, 0x0a98, 0x08d5, 0x08f1, 0x0879, 0x07db, 0x0aa5, 0x0cfd, 0x0e55, 0x1342, 0x16b0,
0x15ee, 0x1558, 0x15ca, 0x15bc, 0x1288, 0x1178, 0x0eba, 0x090a, 0x061b, 0x0195, 0xfd65, 0xfa0b,
0xf722, 0xf4d8, 0xf022, 0xea44, 0xe20b, 0xd7b5, 0xd065, 0xcaa1, 0xc8d0, 0xccc7, 0xd18d, 0xd9e9,
0xe306, 0xea5d, 0xf153, 0xf7c1, 0xf942, 0xf7eb, 0xf88a, 0xf738, 0xf90d, 0xfde6, 0x06b5, 0x0f8e,
0x1152, 0x0f60, 0x0c30, 0x0961, 0x08c7, 0x084e, 0x0515, 0x04db, 0x06c2, 0x090e, 0x0b10, 0x0c83,
0x0b6c, 0x09d2, 0x08ed, 0x05a5, 0x0710, 0x06ee, 0x0838, 0x0910, 0x0553, 0x01a3, 0xfbda, 0xf9f4,
0xf9a6, 0xf942, 0xf9d0, 0xfb01, 0xfe19, 0x0133, 0x01ff, 0x0234, 0x01a3, 0x008b, 0x0224, 0x03ec,
0x076e, 0x0cd9, 0x1136, 0x135d, 0x1440, 0x13c4, 0x1203, 0x0dee, 0x0957, 0x0603, 0x0085, 0xfede,
0xfcf8, 0xf9e5, 0xf898, 0xf524, 0xf2c9, 0xf2a5, 0xf133, 0xf007, 0xefe4, 0xef4b, 0xef1f, 0xed8b,
0xeef3, 0xf00b, 0xf1ae, 0xf696, 0xf777, 0xfb28, 0xff4c, 0x001e, 0x01b8, 0x01c3, 0x022b, 0x02d0,
0x0215, 0x01bf, 0x0216, 0x0240, 0x05fc, 0x0990, 0x086f, 0x0a5e, 0x0be4, 0x0c6a, 0x0ee5, 0x0f5d,
0x1085, 0x102c, 0x0e3a, 0x0d1e, 0x0c6f, 0x0b5f, 0x093e, 0x07db, 0x04bf, 0x0177, 0x02c2, 0x0524,
0x073e, 0x0941, 0x0a28, 0x0c6d, 0x0dab, 0x0c7c, 0x0ae3, 0x0875, 0x06dc, 0x066e, 0x05c5, 0x03ca,
0x0420, 0x035b, 0x0014, 0x00b6, 0xfc7b, 0xf50a, 0xee36, 0xe625, 0xe110, 0xdbe0, 0xda21, 0xde24,
0xdf43, 0xdf87, 0xe259, 0xe588, 0xe7fb, 0xeb35, 0xee72, 0xece6, 0xeb46, 0xebd2, 0xeef1, 0xf4a7,
0xf8ef, 0xfb11, 0xfd86, 0xfef4, 0x01c9, 0x07bb, 0x0c95, 0x1028, 0x11bc, 0x123d, 0x1148, 0x1214,
0x125b, 0x12b5, 0x12f3, 0x114b, 0x0f36, 0x0b8a, 0x0af8, 0x0a77, 0x09be, 0x0607, 0x0259, 0x01bd,
0x00ce, 0x01e6, 0x01b7, 0xffc9, 0xffa9, 0x000c, 0xfeb9, 0xff1f, 0xff09, 0xfe2b, 0xfdfd, 0xfd37,
0xfdb6, 0x0020, 0x0449, 0x0762, 0x0b76, 0x0c53, 0x0b44, 0x0c4d, 0x0c87, 0x0c88, 0x0837, 0x04cb,
0x02d6, 0x00a3, 0xffd1, 0xff57, 0xffa4, 0xfe33, 0xfc9e, 0xfb95, 0xfbcc, 0xfa92, 0xf9c0, 0xfa9c,
0xf899, 0xf6aa, 0xf55d, 0xf55c, 0xf781, 0xf89a, 0xf87c, 0xf9db, 0xfac5, 0xfc01, 0xfda2, 0xfb7d,
0xf83a, 0xf5c5, 0xf2f6, 0xf1d0, 0xf33d, 0xf72f, 0xf89f, 0xfa62, 0xfd19, 0xfedc, 0x04d5, 0x085a,
0x0a0f, 0x0cc2, 0x0c59, 0x0b94, 0x0d67, 0x1030, 0x12c8, 0x13c6, 0x12b1, 0x1290, 0x1274, 0x1031,
0x10a2, 0x10b7, 0x0f58, 0x1055, 0x0e71, 0x0c2f, 0x0cf8, 0x0cdd, 0x0b7c, 0x09ed, 0x06f4, 0x0584,
0x05f4, 0x03c8, 0x019e, 0x0282, 0x0261, 0x0266, 0x01a1, 0xff9f, 0xfccf, 0xf744, 0xf23f, 0xebbb,
0xe385, 0xde4f, 0xda7e, 0xd629, 0xd40c, 0xd203, 0xd2e6, 0xd621, 0xda80, 0xe156, 0xe686, 0xedca,
0xf25f, 0xf2be, 0xf67e, 0xf91a, 0xfe8e, 0x05b4, 0x06af, 0x0871, 0x08f4, 0x0866, 0x0b79, 0x0d34,
0x0cc3, 0x0ce7, 0x0dbf, 0x0c15, 0x0a7a, 0x0ada, 0x0cd8, 0x0dc5, 0x0b88, 0x0a51, 0x08a3, 0x09bc,
0x0c99, 0x0c4e, 0x0a7f, 0x07d3, 0x0594, 0x04dc, 0x03da, 0x0312, 0x0250, 0x018c, 0xffc7, 0xfdbb,
0xfcab, 0xfaf5, 0xfbbd, 0xfc3b, 0xfc31, 0xfdc2, 0xff18, 0x0047, 0x02ca, 0x04bb, 0x055d, 0x0774,
0x0aa6, 0x0e01, 0x0dd5, 0x0db3, 0x0ca2, 0x0838, 0x07f5, 0x05bf, 0x02a8, 0x037f, 0x01fb, 0xfeb0,
0xfcd1, 0xfb1f, 0xf9fb, 0xf6d4, 0xf1db, 0xee3d, 0xebf1, 0xed52, 0xef52, 0xf208, 0xf6fd, 0xfa3a,
0xfb69, 0xfc0b, 0xfdde, 0xfdfe, 0xfd12, 0xfdd2, 0xfcd5, 0xfd01, 0xfd75, 0xff16, 0x00ff, 0x0204,
0x0420, 0x072d, 0x0acb, 0x0973, 0x0bd8, 0x0dc6, 0x0ec7, 0x10c0, 0x0d33, 0x0c44, 0x0c68, 0x0d18,
0x0c7d, 0x0cb5, 0x0b96, 0x09ca, 0x0922, 0x0766, 0x08b9, 0x0843, 0x07e5, 0x0838, 0x0647, 0x0598,
0x04dd, 0x047b, 0x068a, 0x0742, 0x0659, 0x0797, 0x08be, 0x0737, 0x070a, 0x028d, 0xfd32, 0xfac8,
0xf364, 0xea0f, 0xe2ae, 0xddf2, 0xdb3d, 0xdcd7, 0xddce, 0xdc84, 0xdcb4, 0xdf6c, 0xe2d9, 0xe5fd,
0xe98d, 0xeaf4, 0xebce, 0xeca9, 0xee4f, 0xf326, 0xfba4, 0x021b, 0x0431, 0x0602, 0x07cf, 0x093b,
0x0c98, 0x0fe8, 0x1076, 0x0dc1, 0x0b19, 0x092c, 0x06d4, 0x08cb, 0x09a0, 0x06e4, 0x047f, 0x0461,
0x05b8, 0x0752, 0x0ae3, 0x0c4c, 0x0bea, 0x0afe, 0x0b59, 0x09cf, 0x0730, 0x06f5, 0x059e, 0x0347,
0x00b6, 0x00f6, 0xff5d, 0xfe4b, 0xfe27, 0xfa43, 0xf85c, 0xf8ed, 0xfc3d, 0xff53, 0x00c2, 0x0331,
0x0470, 0x05c4, 0x0704, 0x090f, 0x0bce, 0x0bb1, 0x0ad2, 0x08cd, 0x0656, 0x05d9, 0x0664, 0x07bd,
0x07f6, 0x050e, 0x0290, 0xffd9, 0xfcb0, 0xfcb0, 0xfb9d, 0xf962, 0xf6ea, 0xf348, 0xf1fc, 0xf0f4,
0xf019, 0xf0ec, 0xf168, 0xf37a, 0xf41d, 0xf72c, 0xfa3d, 0xfaa7, 0xfc80, 0xfb99, 0xfea4, 0xfeda,
0xfea6, 0x01d0, 0x0338, 0x05d0, 0x05cb, 0x06f0, 0x084c, 0x09a5, 0x0b7b, 0x0c25, 0x0b85, 0x0973,
0x0a92, 0x0cbc, 0x0cc5, 0x0d6a, 0x0d3a, 0x0d51, 0x0dc6, 0x0d33, 0x0bb1, 0x0a4b, 0x0a09, 0x0788,
0x072e, 0x0794, 0x0781, 0x09b0, 0x092e, 0x0794, 0x07c7, 0x052b, 0x0362, 0x046a, 0x0232, 0x015a,
0x00b1, 0xfc8d, 0xf81c, 0xf413, 0xee51, 0xe7dc, 0xe58b, 0xe0f9, 0xdcec, 0xe001, 0xdf2d, 0xdec5,
0xe011, 0xe137, 0xe4b3, 0xe74f, 0xe9f4, 0xeb2c, 0xeeaf, 0xf104, 0xf580, 0xfaab, 0xfeba, 0x0404,
0x043f, 0x0661, 0x07f2, 0x0a6c, 0x0d2e, 0x0eab, 0x10b6, 0x0ed9, 0x0d94, 0x0cc4, 0x0dc6, 0x0e0c,
0x0bbb, 0x0a13, 0x098e, 0x08ac, 0x07a3, 0x0b35, 0x0aef, 0x08eb, 0x0af2, 0x09c3, 0x0920, 0x061a,
0x02b9, 0x02fc, 0x008d, 0xfdcc, 0xfd0b, 0xfe66, 0xfe0d, 0xfd53, 0xfdbc, 0xfd6a, 0xfd36, 0xfcc9,
0xfd90, 0xfe07, 0xff47, 0x0107, 0x0205, 0x0308, 0x0552, 0x0661, 0x06ac, 0x0884, 0x08f0, 0x07df,
0x060b, 0x0566, 0x05c8, 0x05a8, 0x0433, 0x02ba, 0x0044, 0xfda7, 0xfc97, 0xfdba, 0xfea5, 0xfb2f,
0xf7c8, 0xf636, 0xf261, 0xf0fb, 0xf34f, 0xf34b, 0xf395, 0xf330, 0xef4e, 0xeed4, 0xf172, 0xf409,
0xf8e2, 0xfb31, 0xfe17, 0xff54, 0x008c, 0x04f7, 0x0785, 0x09d6, 0x0a1c, 0x0c1a, 0x0c99, 0x0cae,
0x1052, 0x10d5, 0x0f52, 0x0e14, 0x0c69, 0x09f5, 0x0965, 0x0ab5, 0x0b9a, 0x0cc0, 0x0cb6, 0x0d2e,
0x0c9e, 0x0af0, 0x0b0e, 0x0930, 0x0828, 0x0605, 0x021a, 0x0367, 0x0427, 0x0309, 0x02ef, 0x020e,
0xffde, 0xffa3, 0xff3a, 0xfd83, 0xfcd3, 0xf85c, 0xf205, 0xec50, 0xe7b4, 0xe41a, 0xe3d9, 0xe3e7,
0xe02f, 0xdefa, 0xdda1, 0xde3e, 0xe118, 0xe4c2, 0xe8c9, 0xe8de, 0xe8a7, 0xea81, 0xeffe, 0xf7bc,
0xfe44, 0x0191, 0x029f, 0x02de, 0x0622, 0x0b2e, 0x0ee8, 0x1191, 0x1229, 0x1213, 0x11b7, 0x1231,
0x1167, 0x108d, 0x1053, 0x0b3d, 0x07c3, 0x050c, 0x0456, 0x074e, 0x065d, 0x05c0, 0x05c4, 0x035f,
0x0415, 0x062f, 0x058b, 0x04b2, 0x02e3, 0x02df, 0x02ce, 0x0211, 0x04f6, 0x0689, 0x063d, 0x047a,
0x02a4, 0x0436, 0x043d, 0x03f5, 0x0381, 0x033c, 0x02bd, 0x0297, 0x0669, 0x0734, 0x0534, 0x056f,
0x049d, 0x04b0, 0x05c9, 0x0363, 0x03bb, 0x042c, 0x00f0, 0x0224, 0x0297, 0x00e5, 0x00a0, 0x0039,
0xfded, 0xf9a3, 0xf5ec, 0xf2cf, 0xef93, 0xece4, 0xec45, 0xea82, 0xebd5, 0xef8f, 0xf116, 0xf3e9,
0xf6f0, 0xf984, 0xfaea, 0xfb5a, 0xfd32, 0xfff5, 0x02b9, 0x063e, 0x08d7, 0x09c4, 0x0c0f, 0x0ca1,
0x0d8b, 0x0eb5, 0x0e08, 0x0ee4, 0x0eab, 0x0fb9, 0x0ff8, 0x0d3e, 0x0d16, 0x0cc5, 0x0af9, 0x0b3b,
0x09cd, 0x07fa, 0x07f7, 0x0783, 0x068d, 0x03ff, 0x015b, 0x00b9, 0x0008, 0x00c6, 0x0247, 0x03c9,
0x052f, 0x0481, 0x0568, 0x04e2, 0x018f, 0x0032, 0xfc34, 0xf5d4, 0xf2f2, 0xee73, 0xe984, 0xe77d,
0xe5d0, 0xe401, 0xe386, 0xe3bf, 0xe38d, 0xe3d2, 0xe5b9, 0xe751, 0xe63b, 0xe5f6, 0xe4ed, 0xe677,
0xec9d, 0xf0d9, 0xf7a8, 0xfdd0, 0xfed1, 0x007b, 0x02c7, 0x07a8, 0x0cb4, 0x0eb6, 0x11d2, 0x12c5,
0x13a6, 0x14df, 0x14cc, 0x13d7, 0x1171, 0x0e2e, 0x08b7, 0x062e, 0x0520, 0x0509, 0x0480, 0x0304,
0x0343, 0x0245, 0x027e, 0x038c, 0x0317, 0x01c9, 0xff2a, 0xfe05, 0xff22, 0xffd8, 0x01b9, 0x0400,
0x0477, 0x04c3, 0x05ea, 0x0619, 0x07b6, 0x0a9c, 0x0923, 0x08a0, 0x0834, 0x05bf, 0x0549, 0x064b,
0x0692, 0x0509, 0x0239, 0x0254, 0x03a5, 0x01d4, 0x02f4, 0x02db, 0x016a, 0x015f, 0x012c, 0xffd3,
0xff3c, 0xff2e, 0xff3d, 0xff21, 0xfcbf, 0xfac5, 0xf85a, 0xf69e, 0xf4b4, 0xf184, 0xef75, 0xf0ae,
0xf0aa, 0xf212, 0xf3e1, 0xf364, 0xf770, 0xfa1f, 0xfbce, 0xff05, 0x0291, 0x0623, 0x077d, 0x0855,
0x081f, 0x09f0, 0x0b2b, 0x0bd9, 0x0bf5, 0x0c03, 0x0c95, 0x0a1b, 0x0a6a, 0x0a62, 0x09c2, 0x0a03,
0x0953, 0x09a7, 0x096b, 0x0a38, 0x0957, 0x076c, 0x066b, 0x04bf, 0x03f0, 0x025f, 0x0223, 0x0114,
0xff25, 0xff84, 0xff58, 0xfe23, 0xff1f, 0x0186, 0x009a, 0xffec, 0x009a, 0xffa3, 0xfd3e, 0xfa31,
0xf408, 0xecc9, 0xea5a, 0xe8d3, 0xe6de, 0xe622, 0xe5f0, 0xe463, 0xe3b8, 0xe485, 0xe67f, 0xea0e,
0xe999, 0xe7c7, 0xe88b, 0xea2d, 0xeec0, 0xf5a8, 0xfb1f, 0xfd81, 0xfdf1, 0x00ac, 0x0463, 0x0a5b,
0x1083, 0x1276, 0x13f8, 0x1389, 0x1173, 0x110a, 0x1046, 0x1041, 0x109c, 0x0d52, 0x09a5, 0x0920,
0x09ce, 0x087c, 0x0645, 0x057e, 0x0456, 0x0280, 0x0228, 0x0269, 0x0215, 0x00d3, 0x0020, 0xffe4,
0xffbe, 0x00f9, 0x015c, 0x01fc, 0x0355, 0x03ea, 0x0593, 0x0613, 0x06cf, 0x07d8, 0x045c, 0x02ac,
0x03eb, 0x02d3, 0x032f, 0x05f7, 0x06b6, 0x0483, 0x041b, 0x0450, 0x0245, 0x02ab, 0x0204, 0x01a3,
0x033e, 0xfff3, 0x0023, 0x002c, 0xfdcf, 0xfe70, 0xfd6d, 0xfbe8, 0xfa01, 0xf820, 0xf409, 0xf20f,
0xf42b, 0xf5b5, 0xf5b6, 0xf396, 0xf19c, 0xf403, 0xf736, 0xf985, 0xfd3e, 0xfef6, 0x0059, 0x00a9,
0x026a, 0x04ce, 0x05b8, 0x0777, 0x0733, 0x0696, 0x06a3, 0x086f, 0x0a9c, 0x0a36, 0x0ae3, 0x0c13,
0x0bb8, 0x0c5b, 0x0bcd, 0x0c8a, 0x0d09, 0x0a99, 0x0ba0, 0x0afa, 0x0af1, 0x0bab, 0x0944, 0x092c,
0x060d, 0x0260, 0x02d4, 0x02b9, 0x0282, 0x0146, 0x004a, 0x00f3, 0x0155, 0x032b, 0x037d, 0x01d1,
0x008c, 0xfbfe, 0xf68c, 0xf230, 0xecc8, 0xe894, 0xe74d, 0xe6c5, 0xe634, 0xe616, 0xe61c, 0xe612,
0xe8a7, 0xeaa9, 0xe95b, 0xe936, 0xe878, 0xe7b7, 0xe871, 0xed96, 0xf2e2, 0xf59c, 0xf965, 0xfc7f,
0xffb2, 0x02c8, 0x063b, 0x0baa, 0x0ea8, 0x100b, 0x11b4, 0x0fc6, 0x109c, 0x11f3, 0x108d, 0x0f09,
0x0d53, 0x0af5, 0x093b, 0x090b, 0x08d2, 0x088e, 0x06fb, 0x06ec, 0x05b5, 0x02bd, 0x03a0, 0x02ad,
0xffe2, 0xfe09, 0xfbfd, 0xfd31, 0xfc67, 0xfbf9, 0xfe79, 0xff1a, 0x009e, 0x03d8, 0x0528, 0x0593,
0x04c9, 0x0314, 0x0466, 0x0473, 0x0641, 0x07ad, 0x077b, 0x07d8, 0x0854, 0x099f, 0x0841, 0x070d,
0x056e, 0x02df, 0x0069, 0xfe9c, 0xfda5, 0xff4f, 0x0131, 0xfe30, 0xfd63, 0xfe52, 0xfb83, 0xf9b9,
0xf87b, 0xf836, 0xf6d5, 0xf590, 0xf692, 0xf575, 0xf528, 0xf576, 0xf494, 0xf51e, 0xf77b, 0xfb37,
0xfeae, 0xff32, 0xff68, 0x009f, 0x03a6, 0x053c, 0x04c3, 0x052d, 0x040a, 0x04ec, 0x061e, 0x057b,
0x06b0, 0x0889, 0x092c, 0x0977, 0x0a98, 0x0aee, 0x0ce8, 0x0c22, 0x0b32, 0x0bc2, 0x08d6, 0x0995,
0x0996, 0x090d, 0x08dd, 0x06ae, 0x0604, 0x0486, 0x0252, 0x008e, 0xff0e, 0xfc45, 0xfa8b, 0xfbdc,
0xfce2, 0xfbde, 0xf953, 0xf6d7, 0xf3b7, 0xef2f, 0xeca8, 0xecbf, 0xeba0, 0xeb42, 0xea41, 0xebed,
0xecef, 0xec77, 0xf0a9, 0xf030, 0xf051, 0xef1b, 0xeb45, 0xedcb, 0xf01b, 0xf488, 0xf8b7, 0xfac1,
0xfcb4, 0xfc9c, 0xffa3, 0x01e2, 0x05fa, 0x0b3a, 0x0aa9, 0x0b9a, 0x0dc2, 0x0e5e, 0x0ec3, 0x1003,
0x0e89, 0x0c8f, 0x0e65, 0x0c19, 0x0b82, 0x0d7d, 0x0be9, 0x0acb, 0x0970, 0x0762, 0x066c, 0x05f0,
0x059b, 0x02c6, 0xff11, 0xfded, 0xfcf1, 0xfd60, 0xfc89, 0xfc04, 0xfd17, 0xfd2b, 0x005d, 0x027b,
0x0519, 0x0601, 0x04a9, 0x05a3, 0x0567, 0x0799, 0x0a2b, 0x0a03, 0x06ed, 0x075b, 0x0675, 0x04d4,
0x072c, 0x062d, 0x0347, 0xfead, 0xfb99, 0xfaf0, 0xfb52, 0xfc5d, 0xfc65, 0xfa02, 0xfa5f, 0xfb6a,
0xfaff, 0xfb69, 0xfb85, 0xfadf, 0xfa9e, 0xfa16, 0xfa1c, 0xfc90, 0xfdf3, 0xfe76, 0xfbad, 0xf9f6,
0xfb0a, 0xfc14, 0xffc9, 0x0111, 0x00e3, 0x02c6, 0x01fb, 0x014e, 0x01c2, 0x00a4, 0xfe65, 0xfdfa,
0xfe45, 0x0042, 0x01eb, 0x017e, 0x0432, 0x0623, 0x068a, 0x065b, 0x080f, 0x0a3e, 0x09e7, 0x0afc,
0x0ba2, 0x09f9, 0x0836, 0x0533, 0x0449, 0x0313, 0x01f4, 0x0239, 0x01ad, 0x0406, 0x036e, 0x0288,
0x0013, 0xff23, 0x021f, 0x0171, 0x00ee, 0xff12, 0xfc77, 0xfa2c, 0xf352, 0xeed8, 0xee3f, 0xeaa0,
0xea59, 0xeb31, 0xe957, 0xe882, 0xea2c, 0xee32, 0xf039, 0xefeb, 0xee9c, 0xed9f, 0xee27, 0xf16e,
0xf618, 0xf96f, 0xfb70, 0xfb45, 0xf9f7, 0xfa90, 0xff71, 0x0390, 0x06d8, 0x084c, 0x08de, 0x0bb7,
0x0d10, 0x0e06, 0x10a6, 0x11c1, 0x0fd2, 0x0e2a, 0x0b0c, 0x0a4a, 0x0a92, 0x0909, 0x09d4, 0x0910,
0x07dd, 0x07eb, 0x06d2, 0x0776, 0x0654, 0x0329, 0x024c, 0xff97, 0xfdd0, 0xfd1c, 0xfc46, 0xfc88,
0xfc19, 0xfc7e, 0xfcc0, 0xfe75, 0xffcf, 0x01c2, 0x04e0, 0x055b, 0x0729, 0x0961, 0x0993, 0x09e9,
0x08e8, 0x05d9, 0x043f, 0x03eb, 0x0635, 0x0606, 0x0478, 0x05a1, 0x030a, 0x00f6, 0x012f, 0x010e,
0xff72, 0xfd2f, 0xfc63, 0xfb64, 0xfc3f, 0xfdb9, 0xfded, 0xfe20, 0xfd22, 0xfb70, 0xfb57, 0xfbb3,
0xf9b9, 0xf9f7, 0xfaf5, 0xf9b3, 0xfb61, 0xfdab, 0xfd6b, 0xfff4, 0x0232, 0x0296, 0x028b, 0x013d,
0x01e0, 0x00a1, 0xfef2, 0x0094, 0xffc5, 0x0078, 0x014d, 0x008a, 0x0409, 0x0643, 0x07d2, 0x070b,
0x0711, 0x0752, 0x0449, 0x03cc, 0x02f9, 0x043c, 0x05ce, 0x0474, 0x043c, 0x0498, 0x0303, 0x0348,
0x0383, 0x0164, 0x00dd, 0xff72, 0xfd20, 0xfd13, 0xfca4, 0xfc2b, 0xfdc3, 0xfd1c, 0xf992, 0xf44a,
0xedfa, 0xeb99, 0xebe1, 0xec53, 0xee51, 0xedb9, 0xed18, 0xec25, 0xebfd, 0xefa3, 0xf36f, 0xf4e4,
0xf430, 0xf284, 0xf29e, 0xf64e, 0xfadf, 0xfeb9, 0xfe4b, 0xfc03, 0xfac3, 0xfc3e, 0xfdf0, 0x009c,
0x041e, 0x0548, 0x0729, 0x08df, 0x0bb3, 0x0e27, 0x1066, 0x0eec, 0x0bc5, 0x0d67, 0x0cd2, 0x0b7f,
0x0bc8, 0x0a5f, 0x09a4, 0x09a4, 0x09bd, 0x098e, 0x095d, 0x086a, 0x0441, 0xff87, 0xfbc0, 0xfa96,
0xfaac, 0xfbc2, 0xfbf8, 0xf9f2, 0xfaa3, 0xfb9e, 0xfe42, 0x0257, 0x0368, 0x0307, 0x0344, 0x038a,
0x0516, 0x0754, 0x0741, 0x06df, 0x05c2, 0x0304, 0x0259, 0x04a6, 0x0787, 0x071c, 0x070b, 0x0776,
0x0625, 0x06d7, 0x058b, 0x0364, 0x028f, 0x01db, 0xfffd, 0xfffd, 0x018e, 0x010a, 0xff6d, 0xfd83,
0xfcfd, 0xfc7d, 0xfd19, 0xfd13, 0xfa17, 0xf90f, 0xf891, 0xf789, 0xf995, 0xfbcc, 0xfde9, 0x0063,
0x00a7, 0x006f, 0x0109, 0xffef, 0x002e, 0x0093, 0xffd6, 0x0016, 0x01b6, 0x0307, 0x0234, 0x03b7,
0x0543, 0x03be, 0x028f, 0x022b, 0x01d4, 0x03b8, 0x0553, 0x04c7, 0x0323, 0x023f, 0x0123, 0x01c3,
0x00c6, 0x000e, 0x0359, 0x0313, 0x037b, 0x04aa, 0x025c, 0x013e, 0xff39, 0xfbd3, 0xfbb7, 0xfab7,
0xf7de, 0xf4fc, 0xf209, 0xef6d, 0xeea7, 0xedb0, 0xef33, 0xefbc, 0xeeb5, 0xf18e, 0xf0f0, 0xf0f1,
0xf58e, 0xf7e7, 0xf8c7, 0xfbe8, 0xfc2e, 0xfc41, 0xfe93, 0x005a, 0x006d, 0x0107, 0x01d7, 0x0085,
0xffb7, 0xff27, 0x00f6, 0x0171, 0x0288, 0x03a7, 0x0378, 0x0556, 0x066b, 0x0768, 0x0830, 0x08fc,
0x0b54, 0x0b11, 0x0959, 0x0959, 0x06cb, 0x07a8, 0x0743, 0x0611, 0x07e2, 0x05b5, 0x0502, 0x0296,
0xff45, 0xfe4a, 0xfafd, 0xf84b, 0xf898, 0xf93c, 0xfb10, 0xfd4d, 0xfe93, 0x017d, 0x0436, 0x05b5,
0x07c1, 0x0882, 0x08ca, 0x08bf, 0x08a1, 0x09e6, 0x09fa, 0x095b, 0x0628, 0x0406, 0x05b0, 0x0671,
0x0743, 0x0929, 0x0815, 0x050d, 0x0261, 0xfeeb, 0xfd4b, 0xfbfa, 0xfaf2, 0xfbdf, 0xfbcf, 0xfbca,
0xfd6a, 0x0133, 0x0249, 0xffcb, 0xffa8, 0xffc5, 0xff39, 0xfed5, 0xfebf, 0xfc91, 0xfae8, 0xfb35,
0xf9d0, 0xfbcd, 0xfdfc, 0xfe61, 0xff47, 0xfea7, 0x00e1, 0x010a, 0xffc1, 0x005d, 0xfedc, 0xfd9c,
0xfd98, 0xfdab, 0xfded, 0xfcfc, 0xfcbc, 0xfc9a, 0xfcc1, 0xfe23, 0xff0a, 0x0061, 0x002c, 0xff1d,
0xfd0b, 0xfcad, 0xfb4b, 0xfad2, 0xfd63, 0xfd22, 0xfd54, 0xfd4c, 0xfc2c, 0xfb19, 0xf833, 0xf5e9,
0xf43a, 0xf033, 0xf0ba, 0xf227, 0xf113, 0xf3b1, 0xf539, 0xf740, 0xfa4c, 0xfb5c, 0xfd20, 0xfded,
0xfdf6, 0xfe7d, 0xfdfe, 0xff2d, 0x011f, 0x03be, 0x0638, 0x060e, 0x087e, 0x0967, 0x0a75, 0x0d06,
0x0ca5, 0x0ba4, 0x0aab, 0x09e8, 0x0702, 0x0526, 0x039c, 0x0351, 0x02b1, 0x01dd, 0x03bd, 0x04ce,
0x053e, 0x0487, 0x03f7, 0x03be, 0x0466, 0x03b3, 0x0255, 0x0129, 0x0095, 0x012f, 0x0199, 0x03c4,
0x0562, 0x0558, 0x04e5, 0x0516, 0x055d, 0x04ef, 0x0473, 0x03d6, 0x0382, 0x02bd, 0x0195, 0x02e0,
0x05fb, 0x0751, 0x06b9, 0x0793, 0x0781, 0x0750, 0x08fb, 0x08ff, 0x074a, 0x0398, 0x001c, 0xff24,
0xfe28, 0xfd3f, 0xfb54, 0xfa6f, 0xfb08, 0xfa24, 0xfb7c, 0xfc34, 0xfba0, 0xfb3b, 0xf93f, 0xf84f,
0xf718, 0xf7a6, 0xf93e, 0xf8ae, 0xf996, 0xfa8c, 0xfa44, 0xfa58, 0xfae1, 0xfbae, 0xfa61, 0xf7da,
0xf956, 0xfa7a, 0xf9fb, 0xfc38, 0xfd02, 0xfdba, 0x001c, 0x0145, 0x013f, 0x00d0, 0x019a, 0xff14,
0xff58, 0x0078, 0xfe4e, 0xfd66, 0xfbe8, 0xfc5a, 0xfbcf, 0xfe3f, 0xfe76, 0xfe00, 0x01c8, 0x005d,
0xfea6, 0xfe4d, 0xfdd8, 0xfc06, 0xfb12, 0xfa72, 0xfa5e, 0xfac0, 0xfae9, 0xfe00, 0xfd58, 0xff7c,
0x0160, 0x0027, 0x01c2, 0x021a, 0x020f, 0x00d4, 0x004c, 0x00e0, 0xffdf, 0xffaf, 0x008b, 0xfe0b,
0xfd7c, 0xff43, 0xfeac, 0x023e, 0x03c2, 0x02c2, 0x0687, 0x04cf, 0x03be, 0x0610, 0x04c3, 0x05b0,
0x04d3, 0x04a2, 0x05b7, 0x0449, 0x05c2, 0x0520, 0x02c2, 0x01f3, 0xffab, 0xfdd0, 0xfc5d, 0xfc33,
0xfd21, 0xfd6a, 0xfea3, 0x0095, 0x0225, 0x0410, 0x05f1, 0x0530, 0x0534, 0x072c, 0x05d1, 0x0524,
0x0551, 0x04e7, 0x052b, 0x05bf, 0x05ef, 0x0498, 0x0449, 0x0513, 0x0529, 0x04b2, 0x0756, 0x066c,
0x0578, 0x0766, 0x04d2, 0x0441, 0x03c4, 0x03a8, 0x043b, 0x0238, 0x0150, 0x006c, 0xff55, 0x0066,
0xff75, 0xfc11, 0xf9b5, 0xf7d2, 0xf780, 0xfa54, 0xfadd, 0xfa2a, 0xfbfc, 0xfc1a, 0xfd28, 0xfdd8,
0xfdac, 0xfdfc, 0xfd20, 0xfc89, 0xfc62, 0xfc08, 0xfd14, 0xfc46, 0xfa99, 0xfbef, 0xfc01, 0xfc6c,
0xfcaf, 0xfc3b, 0xfd62, 0xff3d, 0xfd88, 0xfc9e, 0xfcb3, 0xfaf4, 0xfbbe, 0xfbc8, 0xfa9a, 0xfa30,
0xfb26, 0xfc4d, 0xfdb1, 0xfe15, 0xff03, 0xff1a, 0xfcef, 0xfd8a, 0xfd2b, 0xfd4d, 0xfe1c, 0xfb15,
0xf8f2, 0xf6ea, 0xf5d9, 0xf698, 0xf844, 0xf96c, 0xf795, 0xfa3b, 0xfb53, 0xfc39, 0x001f, 0x0187,
0x0072, 0xff41, 0x0164, 0x0108, 0x0680, 0x0996, 0x07ac, 0x09dc, 0x07a0, 0x0661, 0x05d8, 0x046e,
0x052b, 0x02b3, 0x00b8, 0x02ae, 0x0376, 0x04b2, 0x0615, 0x05cb, 0x046f, 0x01b8, 0x011f, 0x011b,
0x01ce, 0x026c, 0x0239, 0x00e8, 0x0136, 0x0212, 0x0059, 0x023f, 0x0227, 0x0168, 0x01a0, 0x0145,
0x03d2, 0x04c2, 0x0534, 0x03e0, 0x0123, 0x044b, 0x06d5, 0x06b0, 0x07ab, 0x07f2, 0x0738, 0x063a,
0x084b, 0x078f, 0x0504, 0x0530, 0x04d6, 0x0492, 0x04ef, 0x0629, 0x0558, 0x05f1, 0x04eb, 0x026f,
0x030a, 0x0236, 0x0153, 0xfea3, 0xfe17, 0xfda5, 0xfd10, 0xff79, 0xfed0, 0xfdd6, 0xfcb7, 0xfb04,
0xf95c, 0xf8c1, 0xf650, 0xf5a6, 0xf67e, 0xf3e7, 0xf410, 0xf501, 0xf49c, 0xf556, 0xf802, 0xf83d,
0xf996, 0xfa3e, 0xfbeb, 0xfda7, 0xfc60, 0x00bb, 0x0143, 0x0072, 0x0038, 0xfb34, 0xf779, 0xf4e7,
0xf31a, 0xf2bd, 0xf53e, 0xfa2b, 0xfd8b, 0x0128, 0x0182, 0x0063, 0x012e, 0xff6b, 0x006d, 0x005b,
0xfc02, 0xfc61, 0xff32, 0x01e8, 0x0692, 0x0676, 0x0588, 0x0666, 0x0550, 0x050b, 0x04f1, 0x0585,
0x050c, 0x02f3, 0x00dc, 0xfe7b, 0xfe4c, 0xffb3, 0xfcaf, 0xfe0c, 0x00d0, 0x01bb, 0x042c, 0x02f7,
0x036b, 0x030b, 0x015e, 0x005f, 0xfe6c, 0xfedd, 0xffa5, 0xffe9, 0x000c, 0x011f, 0x0466, 0x045c,
0x03e6, 0x03dc, 0x035a, 0x0475, 0x051b, 0x03cf, 0x03e8, 0x073d, 0x0608, 0x03bb, 0x03f2, 0x02d4,
0x029e, 0x018b, 0x0144, 0x020b, 0x042e, 0x0647, 0x05f7, 0x04fd, 0x037b, 0x033b, 0x0301, 0x0208,
0x01a6, 0x028c, 0x029a, 0x01bc, 0x023c, 0x020c, 0x0203, 0x02bf, 0x0006, 0x0054, 0x01d0, 0x01e0,
0x0292, 0x025f, 0x018a, 0xfeec, 0xfd68, 0xfd17, 0xfdcc, 0xfd49, 0xfcaa, 0xfca0, 0xfc2f, 0xfcba,
0xfbe8, 0xfb95, 0xfb56, 0xfb30, 0xfe3d, 0xffa0, 0x00bf, 0x03ac, 0x0412, 0x0360, 0x0355, 0x0103,
0xff10, 0xfd93, 0xfb3f, 0xf90f, 0xf506, 0xf40b, 0xf56a, 0xf48f, 0xf2d7, 0xf45a, 0xf6be, 0xf5fa,
0xf6d7, 0xf9c1, 0xfdfa, 0x0100, 0x023c, 0x0466, 0x0592, 0x066c, 0x0345, 0x00a5, 0xffbf, 0xfd31,
0xfde4, 0xfdd1, 0xfc39, 0xfce7, 0xfdf6, 0xfc43, 0xfb52, 0xfaeb, 0xf7bb, 0xf7ed, 0xf94f, 0xfb84,
0x006a, 0x023f, 0x0454, 0x0664, 0x07d3, 0x06bd, 0x05c7, 0x05d7, 0x02bf, 0x0090, 0xfe41, 0xfbcc,
0xfd12, 0xfed9, 0xff17, 0xfe11, 0xfd36, 0xfdbc, 0xfbca, 0xf9d0, 0xf707, 0xf72f, 0xf910, 0xfc28,
0xff98, 0x02c1, 0x0708, 0x0880, 0x0898, 0x0819, 0x06e2, 0x043b, 0x0432, 0x04a5, 0x02e7, 0x02b5,
0x02cb, 0x0243, 0x01b1, 0xffed, 0x02f2, 0x04b2, 0x0476, 0x0786, 0x09ad, 0x0a43, 0x0a27, 0x0c2f,
0x0a5a, 0x06ba, 0x081f, 0x0714, 0x0552, 0x0754, 0x0609, 0x05a1, 0x04dc, 0x023b, 0x01d8, 0xfeea,
0xfee4, 0xff18, 0xfcdc, 0xfa67, 0xfa86, 0xfcc1, 0xff26, 0x011e, 0x02ed, 0x04af, 0x0437, 0x0622,
0x0549, 0x03dc, 0x00a6, 0xfd9a, 0xfd48, 0xf95f, 0xf6e3, 0xf606, 0xf689, 0xf870, 0xf9e2, 0xfbc5,
0xfcaf, 0xfcdf, 0xfff0, 0xfff7, 0xfed2, 0x0066, 0x0052, 0xff77, 0xffec, 0x0135, 0x00ab, 0x00dc,
0x01af, 0x024a, 0x014e, 0x0079, 0x012e, 0xfeb8, 0xfc8a, 0xfb5e, 0xfaa1, 0xfa2a, 0xf8ab, 0xf857,
0xf675, 0xf75b, 0xf848, 0xfa91, 0x006b, 0x0101, 0x0306, 0x0402, 0x04a3, 0x0813, 0x0622, 0x032e,
0xff60, 0xfd36, 0x0063, 0xfdf8, 0xfca1, 0xfdaf, 0xfcd6, 0x00ce, 0x0185, 0x0063, 0x00bd, 0xfcf9,
0xfc02, 0xfae3, 0xf990, 0xf944, 0xf919, 0xfb2f, 0xfa6a, 0xfef3, 0x007d, 0xfb5a, 0xfb29, 0xfb24,
0xf8da, 0xf5e1, 0xf288, 0xf34b, 0xf4aa, 0xf4bf, 0xf86d, 0xfafd, 0xfe0d, 0x006d, 0x0357, 0x05fc,
0x04f7, 0x07d3, 0x0878, 0x07de, 0x0a16, 0x086b, 0x074a, 0x067d, 0x03cd, 0x0387, 0x00bf, 0xffae,
0x0068, 0xff89, 0x007e, 0x0150, 0x04fb, 0x07ba, 0x0802, 0x09d3, 0x0b3f, 0x09f9, 0x0a49, 0x0b5f,
0x0cc6, 0x0fe8, 0x0e7a, 0x0e36, 0x0b4d, 0x0864, 0x0881, 0x0390, 0x0200, 0x006a, 0xff3f, 0xfead,
0xfd8d, 0xfe36, 0xfe42, 0xfe8b, 0xfe9f, 0xff67, 0xfebf, 0xffa1, 0xff34, 0xff23, 0x0065, 0xff1f,
0xff92, 0xffd3, 0xff9d, 0xffe2, 0x0016, 0x0073, 0x01a8, 0x001a, 0xfac6, 0xf6c6, 0xf417, 0xf273,
0xf2c9, 0xf431, 0xf6cd, 0xfa7c, 0xfe51, 0x0040, 0xff37, 0x00b7, 0xfe69, 0xfa67, 0xfdd7, 0xfeb4,
0x0178, 0x0564, 0x05a7, 0x05b5, 0x0411, 0x0118, 0xfc82, 0xfa0c, 0xf964, 0xfa5f, 0xfcc6, 0xffd4,
0x012c, 0x01ad, 0xff16, 0xfbfd, 0xf981, 0xf754, 0xfa09, 0xfc6b, 0x011e, 0x043f, 0x05ed, 0x06e4,
0x036e, 0xff88, 0xfd44, 0xfc90, 0xfc42, 0xfca1, 0x00af, 0x0566, 0x0517, 0x04ae, 0x027a, 0xff64,
0xffdb, 0xfef5, 0x0024, 0x030c, 0x0275, 0x0117, 0x01e3, 0x0042, 0xfc15, 0xfbed, 0xf7e9, 0xf621,
0xf755, 0xf5fd, 0xfa0e, 0xf9ad, 0xf9a9, 0xfb91, 0xfa8c, 0xfc53, 0xfd69, 0xfe56, 0x0024, 0x03e3,
0x0727, 0x0704, 0x0920, 0x09d6, 0x07ea, 0x07b2, 0x04f3, 0x0307, 0x01f0, 0xffc8, 0x001f, 0x013c,
0xffd7, 0xfefa, 0x0135, 0x02a2, 0x044e, 0x059c, 0x041d, 0x02f6, 0x023e, 0x01c6, 0x0130, 0x01e2,
0x01a5, 0x0240, 0x02ff, 0x02be, 0x06c1, 0x0728, 0x06fa, 0x08f7, 0x07a5, 0x04de, 0x015c, 0xfd70,
0xfc18, 0xfb72, 0xf9ef, 0xf986, 0xf910, 0xfa0c, 0xfc3a, 0xfe9e, 0x00f0, 0x021e, 0x0184, 0x0110,
0x02ca, 0x02a2, 0x0095, 0x0155, 0x02b0, 0x023a, 0x0258, 0x00f4, 0x007f, 0x0093, 0x0061, 0x017a,
0xff3b, 0xff1c, 0xfdf8, 0xfb38, 0xfa67, 0xf85b, 0xf81b, 0xf8f3, 0xfab2, 0xfe04, 0xffe3, 0x0142,
0x02f9, 0x029e, 0x0162, 0xffdc, 0xfcb7, 0xfc26, 0xfde7, 0xfea9, 0xff8a, 0x021e, 0x0524, 0x050c,
0x0255, 0x008b, 0xff82, 0xfd26, 0xfc5d, 0xfb20, 0xfa06, 0xfc06, 0xfe24, 0xfcc5, 0xfa94, 0xfa72,
0xfaaa, 0xfaf8, 0xfb20, 0xfc77, 0xfd1b, 0xfe09, 0xfdfc, 0xfe4b, 0xffa1, 0xfcb7, 0xfb1a, 0xfc9f,
0xfce9, 0xfda2, 0x0139, 0x03a4, 0x06f6, 0x08af, 0x0776, 0x067a, 0x03ca, 0x0173, 0xfe37, 0xfbf5,
0xfab0, 0xfb62, 0xfd50, 0xfdb2, 0xfe96, 0x0147, 0x0421, 0x02c1, 0x0262, 0xfee7, 0xfc74, 0xfc47,
0xf9ef, 0xfd68, 0xff3e, 0x0172, 0x04dc, 0x067d, 0x0683, 0x0549, 0x0596, 0x0595, 0x074b, 0x06f6,
0x0619, 0x050c, 0x01e7, 0x0191, 0x004b, 0xfdb8, 0xfdcf, 0xfe8a, 0xfd77, 0xff9f, 0x0337, 0x03e3,
0x060c, 0x0706, 0x06db, 0x0778, 0x062e, 0x04a7, 0x04a9, 0x0410, 0x0299, 0x035f, 0x01e7, 0x0176,
0x0319, 0x0398, 0x04b2, 0x0315, 0x02e4, 0x025f, 0x01e1, 0x0145, 0xfefe, 0xfcc2, 0xfa44, 0xfa42,
0xfb8e, 0xfcad, 0xfc9e, 0xfdc8, 0xffd8, 0xff69, 0xfdac, 0xff11, 0x00ef, 0xffc8, 0xfe07, 0xfcce,
0xfd6d, 0xfeaa, 0xfe83, 0xfe9a, 0xfd6e, 0xfd5e, 0xfcf1, 0xfb09, 0xfb22, 0xf929, 0xf936, 0xf982,
0xf69d, 0xf815, 0xfa32, 0xfa02, 0xfc48, 0xfd7e, 0xfeee, 0x0245, 0x02de, 0x037e, 0x0475, 0x048c,
0x0391, 0x0250, 0x02af, 0x015d, 0xff89, 0xfc03, 0xfaeb, 0xfc63, 0xfa73, 0xfcb7, 0x005a, 0x0149,
0x02ce, 0x049c, 0x04ad, 0x01a6, 0xffeb, 0xfeea, 0xfe70, 0xfd01, 0xff48, 0x029f, 0x0344, 0x06ad,
0x05eb, 0x04e2, 0x01d0, 0xfec3, 0xff2d, 0xfba5, 0xf9d4, 0xfc0f, 0xfd26, 0xffe8, 0x0054, 0xff25,
0xfe23, 0xfb9e, 0xfbd8, 0xfbbe, 0xfc06, 0xfbc9, 0xfcb5, 0xfe02, 0xfe34, 0xff2e, 0xfefc, 0xff53,
0xff11, 0xfed5, 0xfdf9, 0xfd95, 0x0115, 0x001f, 0x00a0, 0x0229, 0xfff9, 0x0195, 0x00d5, 0x01b8,
0x02e8, 0x035c, 0x062f, 0x0589, 0x060c, 0x0646, 0x06b1, 0x0490, 0x0210, 0x01da, 0x00d4, 0x0050,
0xfef7, 0xff17, 0x00e0, 0x03ad, 0x03ce, 0x0362, 0x03b9, 0x02ba, 0x0298, 0x0381, 0x03f8, 0x0383,
0x0277, 0x034e, 0x02d3, 0x0158, 0x0331, 0x0197, 0xff17, 0xfde8, 0xfd00, 0xfd1d, 0xfce3, 0xfe8d,
0xfec1, 0xff4c, 0x0195, 0x0126, 0x026a, 0x0586, 0x0473, 0x0382, 0x040b, 0x0218, 0x0147, 0xff14,
0xfc19, 0xfc13, 0xfc95, 0xfc5e, 0xfaae, 0xf9bd, 0xfb02, 0xfcd5, 0xfc8a, 0xfc35, 0xfcdd, 0xfd5f,
0xfcfd, 0xfd8c, 0xfe85, 0xfe00, 0xfee8, 0x009b, 0xff7b, 0xfe34, 0xfccc, 0xfd29, 0xfee4, 0xfea2,
0x0019, 0x0019, 0x010a, 0x0285, 0x0279, 0x0198, 0x029b, 0x0285, 0x0142, 0x00e0, 0xff15, 0x003f,
0x00dc, 0x01e8, 0x018a, 0x0210, 0x01a8, 0x0056, 0xffa3, 0xfdb0, 0xfee3, 0xff24, 0xfe69, 0xfdad,
0xff34, 0x0020, 0xff5a, 0xfef4, 0xffb2, 0xffdd, 0xfe31, 0x0017, 0xff57, 0xfda6, 0x003c, 0x0064,
0x009e, 0xff06, 0xfcc9, 0xffc8, 0x010b, 0x006f, 0x0117, 0x0379, 0x04dc, 0x024d, 0x00f9, 0xfe8e,
0xfa9e, 0xfa8b, 0xf7f7, 0xf7b9, 0xfadd, 0xfbb8, 0xfdcf, 0xfcfb, 0xfd64, 0xff7b, 0xff29, 0xfea3,
0xff02, 0x0077, 0x0213, 0x03c2, 0x01aa, 0x0002, 0x0081, 0xff4a, 0xfd26, 0xfc46, 0xfc7b, 0xfd96,
0x006d, 0x0180, 0x0233, 0x027e, 0x0296, 0x0323, 0x019e, 0x01b6, 0x0249, 0x0179, 0x036b, 0x048e,
0x03c2, 0x0406, 0x051b, 0x0448, 0x038b, 0x02bc, 0x0284, 0x026d, 0x01d4, 0x0422, 0x030a, 0x01fd,
0x03fa, 0x03db, 0x0267, 0x00e0, 0x0004, 0x0057, 0xff0b, 0xfe99, 0xffce, 0xff1b, 0xfe63, 0xfcdb,
0xfc21, 0xfbfd, 0xfb84, 0xfd91, 0x00e7, 0x03b6, 0x0536, 0x05fd, 0x04a4, 0x0447, 0x0325, 0x00c6,
0x0001, 0xfe57, 0xfd43, 0xfe9b, 0x00cb, 0x0167, 0x01a0, 0x007f, 0x00b7, 0xfef3, 0xfc92, 0xfc5b,
0xfd03, 0xff29, 0xfec5, 0xff1b, 0xff5c, 0xfe05, 0xfc98, 0xfcfd, 0xfe39, 0xfe34, 0xfdc6, 0xffe5,
0x0208, 0x0406, 0x0561, 0x047a, 0x0322, 0x01dc, 0x0203, 0xffb6, 0xfe90, 0xfef3, 0xff79, 0x00af,
0x0190, 0x01c6, 0xff1c, 0xfded, 0xfbf4, 0xf96a, 0xfb28, 0xfca4, 0xff63, 0x0198, 0x034c, 0x05d9,
0x05b6, 0x04e3, 0x0260, 0x0010, 0xfecd, 0xfd32, 0xfd9a, 0xfef2, 0xfe84, 0xfd62, 0xfc2a, 0xfb1c,
0xf99e, 0xf93a, 0xfae5, 0xfb9b, 0xfcf3, 0xfd1b, 0xfde6, 0xff4e, 0xfe19, 0xfe32, 0xff48, 0xfd83,
0xfcef, 0xfddb, 0xfc8f, 0xfd54, 0xfe18, 0x0053, 0x0165, 0x01f2, 0x0342, 0x012b, 0x0251, 0x02be,
0x01ca, 0x029e, 0x025a, 0x02ac, 0x01e5, 0x0044, 0x00cf, 0xff76, 0xfd4e, 0xfe2d, 0xfd0e, 0xfd01,
0xff59, 0xfef9, 0x025d, 0x0570, 0x046b, 0x0558, 0x0416, 0x03d3, 0x02ea, 0x039d, 0x051a, 0x0371,
0x04a5, 0x0154, 0xfffc, 0xff3a, 0xfcec, 0xfc0a, 0xfb9c, 0xfd36, 0xfd95, 0xff84, 0x017e, 0x01e7,
0x0262, 0x00bf, 0xfe7d, 0xfd1f, 0xf9d5, 0xfaaa, 0xfcff, 0xfe01, 0x018e, 0x01a1, 0x01d9, 0x0305,
0x0129, 0x0196, 0x0027, 0xfeeb, 0x017a, 0x01cb, 0xffa8, 0xfd9d, 0xfe16, 0xfd91, 0xfe08, 0xfdf8,
0xfd2c, 0xfe13, 0xfe99, 0xffde, 0xff99, 0xfedc, 0xfe86, 0xff86, 0x0016, 0x0143, 0x020d, 0x0379,
0x05f8, 0x0673, 0x078b, 0x061a, 0x04c3, 0x0279, 0xffab, 0xfda2, 0xfbfe, 0xfb76, 0xfb38, 0xfc5d,
0xfb3d, 0xfbbd, 0xfd83, 0xfde4, 0x0084, 0x0343, 0x049a, 0x045b, 0x0563, 0x05fe, 0x029a, 0x0181,
0x008a, 0xfedd, 0xfe26, 0xfcb9, 0xfe96, 0x0187, 0x0216, 0x0377, 0x04b2, 0x03b4, 0x0154, 0x004a,
0x008f, 0xff8d, 0x00a9, 0x020c, 0x02fd, 0x0562, 0x0401, 0x0217, 0x012d, 0xfdfa, 0xfccd, 0xfa4e,
0xf7af, 0xf7eb, 0xf8a7, 0xfa88, 0xfc8e, 0xff05, 0x003d, 0x017c, 0x013a, 0x0133, 0x01e0, 0xffa0,
0x0108, 0x01ba, 0x0084, 0x01a6, 0x00ce, 0x012a, 0x0191, 0xfec7, 0xfe09, 0xfe87, 0xff58, 0x0134,
0x024f, 0x01d6, 0xff5a, 0xfe41, 0xfc5b, 0xfb6f, 0xfba5, 0xfa34, 0xfaea, 0xfdad, 0x0061, 0x0030,
0x014a, 0x024e, 0x01a9, 0x0240, 0x03d1, 0x0568, 0x0537, 0x0695, 0x0828, 0x06f1, 0x04ee, 0x03a8,
0xffb6, 0xfe2d, 0xfd8b, 0xf9fb, 0xf8b8, 0xf9ea, 0xfd5e, 0xfe90, 0xfec9, 0xffdc, 0xff15, 0x0071,
0x00c0, 0xffb7, 0x01c7, 0x00a2, 0xff6c, 0x00ed, 0x001c, 0x0063, 0x0045, 0xffd1, 0x00a6, 0x0065,
0x01aa, 0x0080, 0xfef7, 0xfe5e, 0xfdae, 0xfe46, 0xfd0a, 0xfb00, 0xf97c, 0xf947, 0xfb3d, 0xfce8,
0xfd75, 0xfe15, 0xfcce, 0xfe0a, 0xfe10, 0xfc0d, 0xfdfe, 0xfddd, 0x003d, 0x0293, 0x01df, 0x048d,
0x0566, 0x0547, 0x04da, 0x016f, 0x017f, 0x007d, 0xfdb5, 0xff1c, 0xfceb, 0xfd37, 0xfe5d, 0xfea9,
0x0174, 0xff3c, 0x00a9, 0x01cd, 0x01c2, 0x0330, 0x0288, 0x0247, 0x023a, 0x043c, 0x0381, 0x03d3,
0x03e9, 0x0252, 0x026b, 0x01c0, 0x00e2, 0xff83, 0xfefc, 0x004f, 0xffae, 0xfecc, 0x0196, 0x017a,
0x020c, 0x02dc, 0x00c9, 0x00b5, 0x008b, 0x0094, 0x01f7, 0x00ee, 0x0034, 0x0132, 0xffdb, 0xfe6f,
0xfdba, 0xff02, 0xfebd, 0xfe91, 0xff1a, 0xfedd, 0xff51, 0xfdee, 0xfdc8, 0xff0b, 0xff4b, 0xfef7,
0xff0c, 0xfe2f, 0xfe2f, 0xfc7e, 0xfa83, 0xfb4a, 0xfac2, 0xfe05, 0x00d6, 0x0119, 0x030c, 0x04c2,
0x065f, 0x046b, 0x03da, 0x032e, 0xfffe, 0xfffb, 0xff7a, 0xffda, 0x0203, 0x0227, 0x013b, 0x020a,
0x01f8, 0x0323, 0x03dc, 0x021f, 0x021d, 0x019d, 0x025d, 0x01bf, 0xfeed, 0x00f3, 0xffea, 0xfbed,
0xfd12, 0xfd62, 0xfc3c, 0xfaf8, 0xfa84, 0xfa68, 0xfc18, 0xfd37, 0xfead, 0xfede, 0xffab, 0x034a,
0x01d8, 0x02ad, 0x0344, 0x01e6, 0x0245, 0x0373, 0x0422, 0x017d, 0x005b, 0xfe26, 0xfc12, 0xfb4a,
0xf948, 0xf856, 0xf7d2, 0xf9e0, 0xfc9a, 0xff2a, 0xff6a, 0x002d, 0x01a3, 0x0094, 0x006a, 0xfffc,
0xffef, 0x005b, 0xff7d, 0xfdfc, 0xff88, 0x007d, 0xff70, 0x0274, 0x052c, 0x0482, 0x0347, 0x0329,
0x033b, 0x02c6, 0x0188, 0xfee0, 0xfd8b, 0xfc99, 0xfbea, 0xfbc1, 0xfbe0, 0xfd19, 0xfe78, 0xfeb8,
0xff42, 0xff99, 0x00de, 0x01dc, 0x0235, 0x04ca, 0x058b, 0x0577, 0x054d, 0x073e, 0x0820, 0x054a,
0x043c, 0x01ea, 0xfefe, 0xfeb7, 0xfce5, 0xfa58, 0xfca6, 0xfdcc, 0xfc6a, 0xfc39, 0xfd0e, 0xfe1a,
0xfee9, 0xfffc, 0xff48, 0xffd1, 0xffc1, 0xff10, 0xfdc4, 0xfd35, 0xfd6d, 0xfcc9, 0xfec7, 0x004c,
0x01f1, 0x02a0, 0x0456, 0x04ac, 0x02be, 0x03c3, 0x01a2, 0xfe94, 0xfd3f, 0xfcec, 0xfc50, 0xfc59,
0xfe9d, 0xff2d, 0x0068, 0x024d, 0x015b, 0x0199, 0x02df, 0x01d9, 0x019e, 0x0239, 0x013e, 0x022d,
0x0243, 0x01b6, 0x0396, 0x0419, 0x04e5, 0x042e, 0x02ba, 0x029f, 0x00db, 0xfd3e, 0xfca0, 0xfa65,
0xf8a8, 0xf978, 0xf8db, 0xfb78, 0xfd5b, 0xfea9, 0x0094, 0x0320, 0x0361, 0x01eb, 0x024d, 0x01ce,
0xff98, 0xfddf, 0xfe02, 0xfe41, 0xfe98, 0xfdf7, 0xfef6, 0x00e8, 0x0156, 0x025f, 0x042f, 0x0411,
0x04e9, 0x0610, 0x02c3, 0x01e2, 0x0196, 0xfe72, 0xfe65, 0xfeb1, 0xfdcb, 0xfef4, 0xff76, 0x0161,
0x027e, 0x0246, 0x0327, 0x0289, 0x00f8, 0xfeea, 0xfed7, 0xfe30, 0xfd8d, 0xfda4, 0xfeda, 0xffd7,
0xfdad, 0xfc23, 0xfdef, 0xfefc, 0xfc73, 0xfcba, 0xfec9, 0xfe5e, 0xfd8f, 0xfeec, 0xff83, 0x001c,
0x00c5, 0x00e0, 0x0224, 0x0223, 0x0289, 0x0162, 0xff48, 0xfe13, 0xfc70, 0xfa96, 0xfa69, 0xfbe6,
0xfd52, 0xfd5e, 0xfe50, 0x01aa, 0x0387, 0x0379, 0x034a, 0x031d, 0x0139, 0x01c6, 0x01a0, 0x00cd,
0x01c3, 0x01d1, 0x01af, 0x00a4, 0x0033, 0xff0b, 0xff10, 0xfdc0, 0xfdce, 0xfdf7, 0xfe1e, 0xfeda,
0xfde2, 0xff4c, 0xffcf, 0x0133, 0xff6d, 0x0098, 0x03ea, 0x00a2, 0xffb9, 0x00da, 0x015a, 0xffca,
0xfe8a, 0xfe55, 0xfd33, 0xfd79, 0xfd8a, 0xfe04, 0xfed9, 0xffee, 0x018d, 0x0278, 0x028c, 0x0169,
0x015a, 0x01c7, 0xffba, 0xfe3b, 0xfe1e, 0xff8f, 0x0025, 0xfffc, 0x0156, 0x00bd, 0x0204, 0x01a4,
0x01a8, 0x029e, 0x008e, 0x00fe, 0xff81, 0xfda5, 0xfdd1, 0xfe16, 0xfe9b, 0xfe61, 0xfe43, 0xff92,
0x0145, 0x0219, 0x0132, 0x00f0, 0x007d, 0x008e, 0x00da, 0xff59, 0xff6f, 0xff9f, 0x0114, 0x0227,
0x0337, 0x02f5, 0x0211, 0x005e, 0xfdff, 0xfdc6, 0xfb96, 0xfaf5, 0xfd55, 0xfe58, 0xff52, 0x0060,
0x00db, 0x01aa, 0x0231, 0x027c, 0x0210, 0x0194, 0x007b, 0x0013, 0xfed5, 0xfc12, 0xfc58, 0xfca2,
0xfcaa, 0xfe74, 0x014a, 0x03c8, 0x049a, 0x0639, 0x06f4, 0x063c, 0x036a, 0x00ab, 0x002d, 0xff17,
0xfd67, 0xfcda, 0xfbc7, 0xfaea, 0xfcd4, 0xfd8e, 0xff6a, 0x00bc, 0x0073, 0x0120, 0x0087, 0x0147,
0x001a, 0xffc3, 0x0081, 0xff2b, 0x00be, 0x019a, 0x0198, 0x03b1, 0x03e1, 0x02da, 0x02c0, 0x01f8,
0x020e, 0x0266, 0x0210, 0x01c4, 0x018a, 0xffeb, 0xfe56, 0xfe25, 0xfd5e, 0xfe5f, 0xfdcd, 0xff25,
0x00a6, 0x0035, 0xff0e, 0xfe0c, 0xfe5e, 0xfc14, 0xfc70, 0xfd75, 0xfe53, 0x006d, 0x00ac, 0x01f1,
0x035a, 0x0369, 0x0214, 0x02d9, 0x057c, 0x0353, 0x0305, 0x013f, 0xfe59, 0xfe13, 0xfb2c, 0xfb08,
0xfc74, 0xfd3e, 0x0057, 0x0135, 0x0031, 0x00e9, 0x00f3, 0xff09, 0xfdef, 0xfec1, 0xfe23, 0xfdf6,
0xfe17, 0xfe6a, 0x014f, 0x01ed, 0x0199, 0x0110, 0x0169, 0x0008, 0xfe45, 0xfedf, 0xfdfe, 0xff67,
0xff86, 0xff54, 0xfeda, 0xfe98, 0x0046, 0xfff5, 0xfeda, 0xfe1f, 0xfdb4, 0xfca4, 0xfb66, 0xf9fc,
0xf962, 0xf9ac, 0xfc07, 0xfe20, 0xff44, 0x019a, 0x0390, 0x0631, 0x055d, 0x0463, 0x03f7, 0x0239,
0x01ea, 0xff65, 0xfd7b, 0xfe9a, 0x003f, 0x0000, 0x00af, 0x0152, 0x0111, 0x01a2, 0x012d, 0x0090,
0xffad, 0xfdba, 0xfed2, 0xff11, 0xfd30, 0xffbb, 0x01b5, 0x026a, 0x02b8, 0x031a, 0x046d, 0x0404,
0x0206, 0xffd1, 0xfe8f, 0xffa5, 0xff16, 0xfec4, 0xfed8, 0xfe1e, 0x0082, 0xff7f, 0x00d5, 0x0316,
0x022a, 0x0334, 0x0026, 0xff7b, 0x00c7, 0xfdcf, 0xfe1d, 0xff2c, 0xffce, 0x01ac, 0x01e1, 0x0441,
0x04f7, 0x035c, 0x031b, 0x0326, 0x0376, 0x0251, 0x023d, 0x010a, 0xfe90, 0xfd04, 0xfc40, 0xfad3,
0xfcd1, 0xff91, 0xfdde, 0xff5d, 0x00ca, 0x0068, 0x022f, 0x01cd, 0x0048, 0xff04, 0xfd3e, 0xfd61,
0xfcaa, 0xfd89, 0xffbe, 0xfe75, 0xfe51, 0x006c, 0x011b, 0x001a, 0x0052, 0x031a, 0x0297, 0x00ad,
0xff77, 0xfd57, 0xfe45, 0xfdeb, 0xfbd3, 0xfd79, 0x0059, 0x011c, 0x0060, 0x0028, 0x0114, 0xffe9,
0xfceb, 0xfca6, 0xfcf9, 0xfcf6, 0xfe5a, 0xfff5, 0x00f0, 0x02ad, 0x0326, 0x00bd, 0x0067, 0x013e,
0x00f4, 0xffac, 0xfebe, 0xffbf, 0xffb3, 0xffe9, 0xff6d, 0xff0f, 0x00ec, 0x010c, 0x018d, 0x0156,
0x0042, 0xff77, 0xffde, 0xff9c, 0xfdeb, 0xfea1, 0xff54, 0xfea9, 0xfdca, 0xfe92, 0xfed4, 0xfe98,
0x002e, 0x0325, 0x0402, 0x0517, 0x0577, 0x049f, 0x0554, 0x0365, 0x012e, 0xff71, 0xfebf, 0xff95,
0xff7e, 0xfe66, 0xfd75, 0xfc79, 0xfca1, 0xfc8d, 0xfc76, 0xfe7b, 0xfe20, 0xfefb, 0xfee8, 0xfea2,
0xff46, 0xff31, 0x01da, 0x0192, 0x01f8, 0x048c, 0x0454, 0x02cd, 0x00dd, 0xff2e, 0xfeb0, 0xfdbb,
0xfbc4, 0xfd2e, 0xfed6, 0xffae, 0x006a, 0x0097, 0xffb9, 0xfcdb, 0xfd29, 0xfbb0, 0xfa14, 0xfcb7,
0xfdab, 0xfe57, 0xff6b, 0x017e, 0x03df, 0x03a3, 0x059c, 0x07bf, 0x0750, 0x06cb, 0x054c, 0x0342,
0x0065, 0xfddd, 0xfd0c, 0xfcfc, 0xfddc, 0xfde4, 0xfecc, 0x01e9, 0x0075, 0xfdd1, 0xfd3d, 0xfbb3,
0xfb08, 0xfcce, 0xfe66, 0xfeb2, 0xffc0, 0x017a, 0x01d9, 0x021c, 0x043d, 0x0292, 0x0204, 0x02a9,
0x01fe, 0x0383, 0x0308, 0x028f, 0x012e, 0x0092, 0x00b7, 0x00ae, 0xff1b, 0xfd4b, 0xffbe, 0x00b0,
0x005d, 0x0072, 0xffbc, 0x000b, 0x0003, 0xfe77, 0xfd30, 0xfe1e, 0xfeb9, 0xfd9c, 0xfef7, 0xff0a,
0x0002, 0x010b, 0x00c3, 0x03b0, 0x02d9, 0x01ec, 0x0255, 0x0230, 0x01dc, 0x0072, 0x0112, 0x00e6,
0x007e, 0xffa3, 0xfe03, 0xfdb1, 0xfe4a, 0xffae, 0xff47, 0xfe93, 0x009d, 0x0067, 0xfedf, 0xfe60,
0xfc51, 0xfc50, 0xfc4f, 0xfcac, 0xff62, 0x0171, 0x0432, 0x0386, 0x026a, 0x03f2, 0x03b0, 0x0187,
0xff91, 0xfec6, 0xfdb2, 0xfdd8, 0xfdba, 0xfc89, 0xfcaf, 0xfcf7, 0xfdaa, 0xfd07, 0xfd4c, 0xfe8e,
0xfe5d, 0xffdf, 0x00c3, 0x00f5, 0x00a4, 0xffe6, 0x01ee, 0x01ab, 0x0194, 0x02f3, 0x0179, 0x0183,
0x01e7, 0x005d, 0xff2f, 0xfeb9, 0xfe28, 0xfe9c, 0xfef9, 0xfda9, 0xfcf4, 0xfe2d, 0xfed2, 0xff07,
0xffae, 0x006e, 0x0152, 0x0173, 0x011e, 0x0226, 0x0280, 0x02d6, 0x03a2, 0x034e, 0x03eb, 0x0436,
0x02e4, 0x02ea, 0x0262, 0x008c, 0x004d, 0x0056, 0x01b0, 0x01ac, 0x005f, 0x0059, 0xff7d, 0xfe39,
0xfc8d, 0xfcd7, 0xfbf0, 0xf95d, 0xfad9, 0xfb78, 0xfc02, 0xfdba, 0x001f, 0xfff2, 0xfefa, 0x01e9,
0x0017, 0xff72, 0x0107, 0x0172, 0x0178, 0x0074, 0x025a, 0x0440, 0x048d, 0x0430, 0x0543, 0x05a9,
0x04a2, 0x033e, 0x0108, 0x00d3, 0xfe5f, 0xfc16, 0xfb9f, 0xfb7f, 0xfdf3, 0xfd4b, 0xfcaa, 0xfbe7,
0xfc24, 0xfc8e, 0xf9c3, 0xfae0, 0xfcd6, 0xfc64, 0xfdc6, 0xffe7, 0x0060, 0x0167, 0x01e2, 0x0279,
0x03ff, 0x03c6, 0x0329, 0x026a, 0x0221, 0x0240, 0x00ba, 0xfeeb, 0xfee7, 0xfe64, 0xfd3b, 0xfd5f,
0xfd00, 0xfe25, 0xfee7, 0xff69, 0x001c, 0xff09, 0xff1f, 0xff0d, 0xfee8, 0xfe5d, 0x0010, 0x0155,
0x00f7, 0x0236, 0x0181, 0x0380, 0x0244, 0xffce, 0x01a0, 0x005d, 0xffa8, 0xff36, 0xff3d, 0xfff0,
0x004b, 0x00c1, 0x003a, 0x008b, 0x0100, 0x0043, 0x00ed, 0x004a, 0x0068, 0x0189, 0x000d, 0x0037,
0x008c, 0x00df, 0x01ed, 0x01c0, 0x01ca, 0x02b4, 0x0158, 0x00ba, 0x01d9, 0x0097, 0xff98, 0x0002,
0xfef6, 0xff1a, 0xff10, 0xfd1d, 0xfd78, 0xfe09, 0xfdf9, 0xfe50, 0xffc7, 0x0165, 0x0195, 0x0331,
0x038c, 0x0141, 0x01eb, 0x01cd, 0x0068, 0x0159, 0xfffd, 0x00e9, 0x0356, 0x028e, 0x027d, 0x01e6,
0x0091, 0x00e8, 0x01b3, 0x0067, 0x00f6, 0x0034, 0xff1b, 0xfdd6, 0xfc7d, 0xfe43, 0xfdf7, 0xfeda,
0xfdd7, 0xfe48, 0xfdbc, 0xfc76, 0xfdda, 0xfd63, 0xfed5, 0xff06, 0x001e, 0x007f, 0xffb5, 0x0146,
0x0280, 0x0213, 0x0294, 0x0308, 0x01b4, 0x019f, 0xffc8, 0xfea4, 0xfe23, 0xfca8, 0xfbb3, 0xfc10,
0xfd51, 0xfd72, 0xff03, 0xff47, 0xffa4, 0x0145, 0x00bb, 0xff80, 0xfecb, 0xfece, 0xfec3, 0xff3c,
0xff09, 0xff3b, 0x000d, 0x00dd, 0x0245, 0x0319, 0x034e, 0x034f, 0x0227, 0x00a8, 0xffc2, 0xfea2,
0xfe0d, 0xfd59, 0xfcbc, 0xfca5, 0xfe0c, 0xff28, 0xffc0, 0x007a, 0x0052, 0xff14, 0xfcdb, 0xfd2d,
0xfd88, 0xfce3, 0xfe39, 0xffba, 0x0185, 0x013a, 0x0072, 0x01b4, 0x004d, 0x0013, 0x001d, 0xff4d,
0xfeee, 0xfd42, 0xfe70, 0xfdd6, 0xfdb4, 0xffd6, 0x00f9, 0x0128, 0x00c0, 0x030c, 0x0353, 0x0224,
0x018c, 0x009b, 0x0034, 0x0184, 0x0304, 0x00e7, 0xffbd, 0x03dd, 0x03be, 0x0135, 0x016c, 0x0062,
0x021d, 0x019e, 0x016c, 0x043a, 0x0293, 0x0112, 0x01f3, 0x00ac, 0xffe9, 0xfeb1, 0xfe99, 0xff0b,
0xfd78, 0xfebd, 0xffda, 0xffef, 0xff77, 0x0103, 0x0234, 0x01c0, 0x0302, 0x0261, 0x0198, 0x01b8,
0x013f, 0x001f, 0x0059, 0x0172, 0xfffb, 0x0075, 0x0103, 0xffc5, 0xfeac, 0xfe4a, 0xfef4, 0xfea3,
0xfef4, 0xfec2, 0xff15, 0xff44, 0x007e, 0x00b1, 0xffbc, 0x00c0, 0xfff4, 0xfe60, 0xfdc0, 0xfda6,
0xfbe0, 0xfc3a, 0xfecb, 0xfef9, 0xffdb, 0x00e7, 0x031d, 0x052d, 0x04d7, 0x04b3, 0x0240, 0x00bd,
0xfe97, 0xfcfc, 0xfd41, 0xfcce, 0xfc33, 0xfc60, 0xfeaf, 0xffca, 0x001e, 0xfff3, 0x00c4, 0x0017,
0xff37, 0xfe2f, 0xfdf4, 0xff05, 0xfe42, 0xfe23, 0xff40, 0x025a, 0x01f7, 0x016d, 0x0304, 0x038d,
0x031c, 0x00eb, 0xff55, 0xfd6a, 0xfbe2, 0xfb74, 0xfa4c, 0xfb43, 0xfdfa, 0xfefe, 0x00f7, 0x0272,
0x01d5, 0x020c, 0xffd6, 0xfed2, 0xff89, 0xfede, 0xfee5, 0xfe2b, 0xfddd, 0xfd73, 0xfd9a, 0xff28,
0xffff, 0x0220, 0x02dc, 0x0289, 0x03a6, 0x0334, 0x0402, 0x031f, 0x01d3, 0x007f, 0xfcb1, 0xfda5,
0xfd66, 0xfd73, 0xfeed, 0xfdf7, 0xffea, 0x0014, 0xff69, 0xfeef, 0xfdfe, 0x000f, 0x0148, 0x0063,
0x015d, 0xfff9, 0xfef8, 0x00de, 0xff83, 0x00cd, 0xffa8, 0xff0a, 0xffc5, 0xff50, 0x00a6, 0xffd7,
0x0152, 0x00e2, 0xff2c, 0x0050, 0x01f9, 0x018a, 0xff0b, 0xff3f, 0x0081, 0xff1a, 0xfede, 0xff57,
0xfda3, 0xfe38, 0xff26, 0xfd7a, 0xff61, 0xffdf, 0xff84, 0x0263, 0x01c3, 0x033a, 0x0508, 0x03ab,
0x0461, 0x041c, 0x02dd, 0x0098, 0xffa4, 0x0083, 0x0011, 0x0038, 0xff80, 0xffd5, 0x018d, 0x0195,
0x0137, 0x01cf, 0x0149, 0xff60, 0xfff0, 0x0044, 0x011a, 0x0219, 0x00e6, 0x0159, 0x022e, 0x02ae,
0x0464, 0x0574, 0x0412, 0x033f, 0x0275, 0xfff6, 0xff61, 0xff91, 0xfeab, 0xfeb6, 0xffbe, 0xff8d,
0xffc9, 0x00d5, 0xffb8, 0xfdd1, 0xfc2f, 0xfa64, 0xfa91, 0xfb24, 0xf8f5, 0xfa3f, 0xfc82, 0xfc4a,
0xfe92, 0xff3c, 0xff31, 0x0229, 0x02c9, 0x0230, 0x0277, 0x01d4, 0x002d, 0xffbe, 0xff64, 0xfd6f,
0xfe68, 0xff0d, 0xfea8, 0xffba, 0xff61, 0xff3e, 0x00f0, 0x00c8, 0xfe66, 0xfdce, 0xfe50, 0xfd99,
0xfdda, 0xff9e, 0xffed, 0xfeb1, 0xff98, 0x00c2, 0xffb9, 0x012a, 0x0188, 0x0081, 0x0054, 0xfeb0,
0xff08, 0xff25, 0xffad, 0x002f, 0xff0a, 0xffcf, 0x0050, 0xfff3, 0xff0e, 0xfef7, 0xfef0, 0xfd7a,
0xfda6, 0xff08, 0xfeaf, 0xfe46, 0xffed, 0x0115, 0x0078, 0x0069, 0x00e7, 0x026b, 0x04c1, 0x0427,
0x040d, 0x053e, 0x059e, 0x053b, 0x031d, 0x01b0, 0x00f3, 0x0025, 0xfef3, 0xfdef, 0xfd06, 0xfded,
0xff0f, 0xfed5, 0x0031, 0xfecc, 0xfdc2, 0xffa6, 0xffa2, 0xffa2, 0xff0f, 0xff9b, 0x0225, 0x0043,
0x00b2, 0x036b, 0x035b, 0x04e7, 0x0298, 0x00c2, 0x034a, 0x0215, 0x0170, 0x011c, 0xfec1, 0xff6d,
0xfe43, 0xfe05, 0xff8d, 0xfe47, 0xfe64, 0xfe7f, 0xfdb8, 0xfe01, 0xff4b, 0xfe3c, 0xfe12, 0xfe32,
0xfc4b, 0xff7b, 0x02b9, 0x01a5, 0x01d8, 0x0275, 0x021e, 0x033c, 0x031f, 0x0221, 0x0327, 0x01d9,
0xffd8, 0xff37, 0xfcb7, 0xfc62, 0xfb9b, 0xfb1a, 0xfd90, 0xfdfc, 0xfda6, 0xfe5b, 0xfecb, 0xfecf,
0xfef6, 0xff2d, 0xffd5, 0x0077, 0x0167, 0x0063, 0xfeac, 0xfff6, 0xfdbf, 0xfc7f, 0xfe1f, 0xfde7,
0xff0c, 0xfea4, 0xff77, 0xffbd, 0xfe4a, 0xff80, 0x009c, 0xff92, 0xfea9, 0x000a, 0x0020, 0xfff5,
0x00f8, 0xff46, 0xfea6, 0xffe7, 0xfee0, 0xfe8f, 0xff18, 0xff97, 0x00aa, 0x0055, 0x00af, 0x01f4,
0x01ee, 0x0260, 0x0267, 0x00f5, 0x00fd, 0x000f, 0x0070, 0x00dc, 0xfe85, 0xffc8, 0x013e, 0x0088,
0x0139, 0x006e, 0xff9b, 0x017a, 0x0096, 0xff94, 0x00b0, 0x0013, 0x0079, 0xffd3, 0xfece, 0xff89,
0xfea8, 0xffe1, 0x006e, 0x01d2, 0x0407, 0x01e9, 0x03c8, 0x05bb, 0x046b, 0x04fa, 0x050b, 0x03ab,
0x027e, 0x01e9, 0x014a, 0xff13, 0xfe0e, 0xffbf, 0xfed7, 0xfce0, 0xfce8, 0xfcf1, 0xfbf1, 0xfc66,
0xfc7e, 0xfc6e, 0xfdd5, 0xff30, 0xff83, 0xffe9, 0x0260, 0x031f, 0x0429, 0x052c, 0x044f, 0x0287,
0x0189, 0x02cf, 0x01d4, 0x012d, 0x013d, 0x00a2, 0x0050, 0x000b, 0x0044, 0xfe4d, 0xfd27, 0xfdb2,
0xfe11, 0xff7d, 0xffe3, 0xfe86, 0xfdfb, 0xfe42, 0xfe1a, 0xffa7, 0x0078, 0x006c, 0x0112, 0x0158,
0x0154, 0x0145, 0x020c, 0x01f8, 0x0114, 0x00ad, 0x0054, 0xff8a, 0x008b, 0xfe56, 0xfc17, 0xfd51,
0xfd72, 0xfd1e, 0xfc47, 0xfc10, 0xfbd0, 0xfc3c, 0xfc4f, 0xfd17, 0xfd4f, 0xfcd6, 0xfdc2, 0xff0d,
0xff51, 0xff16, 0x0050, 0xffcc, 0xff04, 0x0061, 0x00b3, 0x014b, 0x02ef, 0x02a7, 0x021f, 0x011e,
0x00ea, 0x0164, 0x01e3, 0x010e, 0x0096, 0x00f9, 0xff01, 0xffab, 0xffab, 0xff49, 0xfec4, 0xfd37,
0xfe42, 0xff1a, 0xfff5, 0x0020, 0x00b9, 0x000c, 0x011f, 0x0173, 0x00e4, 0x01bf, 0x0047, 0x0129,
0x0088, 0xfeae, 0xff5e, 0x000e, 0xfe1a, 0xfde6, 0xfefa, 0xfd4a, 0xfce5, 0xfde7, 0xfe65, 0xfda9,
0xfd99, 0xfdc0, 0xfefc, 0x019c, 0x00c6, 0x008e, 0x021a, 0x0375, 0x03de, 0x0355, 0x02c1, 0x032e,
0x048b, 0x03b7, 0x03bd, 0x01c5, 0x0034, 0xffdf, 0xfe5d, 0xff7b, 0xffa5, 0xff1a, 0xff82, 0xfe20,
0xff8d, 0xffcb, 0xfffd, 0x00fa, 0xff5b, 0x0180, 0x00ac, 0xffee, 0x00aa, 0xff71, 0x0045, 0x027f,
0x03d6, 0x031c, 0x052e, 0x057f, 0x0367, 0x0421, 0x038c, 0x0177, 0x005a, 0x0103, 0xff63, 0xff52,
0x00f9, 0xff82, 0x0051, 0xff04, 0xfdf5, 0xfe03, 0xfe70, 0xff32, 0xfd32, 0xfd53, 0xfd45, 0xfea1,
0xfe60, 0xff90, 0x022a, 0x01fc, 0x02cc, 0x025e, 0x027c, 0x0129, 0x0014, 0x003e, 0xff31, 0xff8e,
0xfe49, 0xfd7b, 0xfeff, 0xff06, 0xff38, 0xff98, 0x00ab, 0x0031, 0xff0e, 0xff83, 0xfdfc, 0xfe7b,
0xfdfe, 0xfc98, 0xfd41, 0xfca7, 0xfd91, 0xfd8b, 0xff00, 0xff3b, 0xfee7, 0xffd1, 0x0098, 0x00af,
0xffb5, 0x0084, 0xff4e, 0x0007, 0x0048, 0xfdee, 0xfdb0, 0xfea4, 0xfe6b, 0xfd35, 0xfd39, 0xfe7f,
0xfed4, 0xffaa, 0x00e5, 0x002b, 0xffd9, 0x00d1, 0xfffe, 0xff07, 0xff94, 0xfffb, 0x0071, 0xffeb,
0x00d7, 0x0203, 0x02e1, 0x03a3, 0x0233, 0x01e2, 0x01db, 0x009e, 0x0064, 0xff8b, 0xfe00, 0xfe1d,
0xfd79, 0xfe85, 0xff3d, 0xfe6a, 0xfde5, 0xfdd1, 0xff3d, 0xfdda, 0xfdff, 0xff31, 0xff64, 0xffd1,
0x0061, 0x01b7, 0x023b, 0x02f1, 0x052b, 0x0551, 0x0365, 0x028d, 0x00fc, 0x0000, 0xff48, 0xfe54,
0xfd11, 0xfc3f, 0xfc99, 0xfd05, 0xfd9a, 0xfcb4, 0xfc96, 0xfd5f, 0xfe7a, 0xfd5f, 0xfc6f, 0xff27,
0x0040, 0x0088, 0x004d, 0x01f3, 0x0445, 0x030c, 0x0432, 0x04fe, 0x0363, 0x0427, 0x02ca, 0x0203,
0x01b1, 0x009c, 0x0146, 0x005f, 0x011e, 0x023d, 0x0272, 0x01de, 0x0267, 0x01e0, 0x008f, 0x0188,
0xff23, 0xfedf, 0xfda7, 0xfc2a, 0xff34, 0xfe11, 0xff20, 0x0194, 0x01f4, 0x03a1, 0x02d6, 0x0361,
0x0385, 0x02c1, 0x01fe, 0x00bd, 0x0150, 0xffd4, 0xff6c, 0xfe98, 0xfdaa, 0xfeee, 0xfe28, 0xfe6e,
0x005a, 0x00ec, 0x001a, 0xff6c, 0xff01, 0xff46, 0xff61, 0xfda9, 0xfdfc, 0x000e, 0x00d9, 0x0234,
0x0373, 0x012b, 0x0191, 0x0342, 0x0039, 0xfef8, 0xffac, 0xfe37, 0xfd82, 0xfe05, 0xfcf9, 0xfd46,
0xfe26, 0xff40, 0xfffc, 0xffb7, 0xff81, 0x010e, 0x01a8, 0xfd16, 0xfd18, 0xfdd8, 0xfe2f, 0xffe1,
0xfdb9, 0xfeb4, 0x003d, 0x013f, 0x023e, 0x017e, 0x0223, 0x0274, 0x0177, 0x0101, 0x0066, 0xfe91,
0xfd83, 0xfdf0, 0xfcb6, 0xfb7a, 0xfc75, 0xfd2e, 0xfd35, 0xfd12, 0xfe24, 0xff7f, 0xfe32, 0xfe04,
0xfe8a, 0xfe10, 0xfec9, 0xff6f, 0x0092, 0xffff, 0x00aa, 0x0204, 0x01be, 0x018c, 0x01a0, 0x0268,
0x0282, 0x01f0, 0x01c6, 0x015b, 0xfea8, 0xff08, 0xff83, 0xff63, 0x0031, 0x0085, 0x02a4, 0x0200,
0x0261, 0x0327, 0x002c, 0x005f, 0xfffe, 0xff45, 0xff83, 0xfed7, 0xfffb, 0xff9b, 0x0012, 0x0089,
0x0229, 0x0432, 0x015c, 0x0089, 0x0233, 0x00c4, 0xff25, 0xffd6, 0xffd1, 0xff36, 0xff7d, 0xfffc,
0x00df, 0x00a6, 0xff0f, 0x0063, 0x019b, 0xff2a, 0xff9f, 0x0070, 0xfefc, 0x0079, 0xff89, 0xfd79,
0xff63, 0x002c, 0xfeb4, 0xff6e, 0x01ca, 0x01bf, 0x016f, 0xff69, 0xfe8d, 0xff30, 0xfebd, 0xff10,
0xfe56, 0xff29, 0x0171, 0x0270, 0x00ea, 0x00b0, 0x00c7, 0xfde7, 0xfd28, 0xfd13, 0xfc66, 0xfbf7,
0xfd20, 0xfea9, 0xfe7d, 0x002d, 0x0223, 0x027a, 0x0300, 0x0506, 0x04f4, 0x0360, 0x0269, 0x00b5,
0x000b, 0xfe6f, 0xfd7b, 0xfeb8, 0xfe60, 0xfe93, 0xfedd, 0xfef8, 0x0022, 0xffc0, 0xffc8, 0x001f,
0xff5e, 0xff2d, 0xfd7c, 0xfb55, 0xfbe9, 0xfddd, 0xffaf, 0x002a, 0x023e, 0x03f6, 0x0399, 0x042b,
0x0349, 0x020c, 0x01ae, 0x0040, 0xff00, 0xfeff, 0x0069, 0xff06, 0xff0c, 0x0288, 0x0063, 0x0001,
0x00b7, 0x0061, 0x0107, 0xff94, 0xfe82, 0xfcdf, 0xfe8b, 0xfe48, 0xfe40, 0x002d, 0xff7e, 0x01c2,
0x02c0, 0x0239, 0x02be, 0x02e8, 0x0044, 0xff1c, 0xfe49, 0xfd2d, 0xfeb8, 0xfdf9, 0xfee5, 0x0133,
0x0272, 0x01f3, 0x0125, 0x019e, 0x0157, 0x0077, 0xffef, 0x013d, 0x00a7, 0xfebe, 0x007f, 0x0138,
0x0125, 0x0119, 0xffec, 0x01c3, 0x02c7, 0x01bb, 0x0219, 0x0176, 0xff9a, 0xfffc, 0xff79, 0xfe5c,
0xfeff, 0xfedf, 0xff26, 0xff44, 0x0084, 0x00e3, 0xffca, 0xfecf, 0xfd24, 0xfd01, 0xfbf3, 0xfbdf,
0xfbae, 0xfc0c, 0xfd1c, 0xfdd7, 0xfdd8, 0xfe26, 0x004a, 0x018d, 0x0256, 0x01e2, 0x01e5, 0x01ab,
0x0189, 0xff18, 0xff15, 0xffd8, 0xfeb6, 0x00f7, 0x0109, 0x0236, 0x0265, 0x0165, 0x00e0, 0xff79,
0xff92, 0xfce8, 0xfbdb, 0xfd0c, 0xfc58, 0xfbf6, 0xfbc6, 0xfcec, 0xfef2, 0xff1f, 0x02b7, 0x0424,
0x0376, 0x0316, 0x00b9, 0x00b5, 0xff39, 0x0035, 0xff1c, 0xfdf4, 0x01a2, 0x0237, 0x029b, 0x02fb,
0x01b2, 0x0220, 0x0261, 0x0058, 0xfed1, 0xfd78, 0xfcd4, 0xfe58, 0xfdd0, 0xfdc8, 0xfe4e, 0xff6b,
0x0153, 0x01cd, 0x03c1, 0x03dc, 0x03f5, 0x033c, 0x0191, 0xff20, 0xfee3, 0xfe4c, 0xfe37, 0x0257,
0x0021, 0x0019, 0x0055, 0xffd5, 0x00d1, 0xffc3, 0x0014, 0xfe7e, 0xfdba, 0xfe18, 0xfc5f, 0xfc83,
0xfe2c, 0xfd1e, 0xff15, 0x004c, 0x0086, 0x02db, 0x02b9, 0x031d, 0x038e, 0x0254, 0x0064, 0x0028,
0x0011, 0xff84, 0xff37, 0xff90, 0x01d1, 0x0006, 0x0104, 0x0421, 0x02da, 0x023b, 0x01e7, 0x0259,
0x0074, 0xfeb2, 0xff2d, 0xfe4f, 0xfea3, 0xfe84, 0xff36, 0x025c, 0x0299, 0x0320, 0x037c, 0x0140,
0x01f4, 0x01c2, 0x0045, 0x00fd, 0xff30, 0xfe51, 0xff68, 0xffd6, 0x005c, 0x00c7, 0x01f6, 0xff43,
0xff79, 0xff3e, 0xfd5b, 0xfd30, 0xfb5c, 0xfcda, 0xfcf5, 0xfe06, 0xff12, 0xffc7, 0x0139, 0x01fc,
0x0324, 0x03f2, 0x0552, 0x04a9, 0x038f, 0x0280, 0x0050, 0xffc7, 0xfd54, 0xfbb3, 0xfecf, 0xfee8,
0xff52, 0xfeff, 0x0002, 0x01a5, 0x002d, 0xfe8b, 0xfc04, 0xfb54, 0xfc1a, 0xfb94, 0xfb45, 0xfdad,
0xfd5e, 0xfd67, 0xfee4, 0xff56, 0x00cc, 0x02ac, 0x01a9, 0x00fe, 0x01f4, 0x018e, 0x0062, 0xff4c,
0x009b, 0x00d6, 0xffeb, 0xff49, 0x014d, 0x0118, 0xfe78, 0xfe3c, 0xfc64, 0xfb82, 0xfb69, 0xfaab,
0xfa1d, 0xfb6f, 0xfd11, 0xfc66, 0xfcc1, 0xff7b, 0x00c2, 0x010f, 0x01b8, 0x00c5, 0x00d5, 0x0057,
0xffc3, 0xffec, 0xfe84, 0xff1d, 0x013e, 0x023f, 0x0310, 0x0310, 0x0354, 0x01e5, 0xff72, 0xffb7,
0xfeae, 0xfd55, 0xfea9, 0xfea1, 0xfe3e, 0xffff, 0xff68, 0xfe1a, 0xfec5, 0x0053, 0x018c, 0x0193,
0x02a6, 0x024c, 0x02d3, 0x03cf, 0x0240, 0x02d1, 0x02ef, 0x034b, 0x04e1, 0x04c2, 0x0481, 0x0334,
0x0206, 0x00b6, 0xfefd, 0xff7e, 0xfea6, 0xfd43, 0xfea5, 0xfdf6, 0xfe92, 0x0123, 0xff95, 0x0080,
0x0227, 0x027d, 0x036b, 0x03b4, 0x04dc, 0x033f, 0x0213, 0x014d, 0xff25, 0xff2f, 0xfed3, 0xfe60,
0xfed0, 0x0015, 0x0075, 0x00b7, 0x00dd, 0x0026, 0x0007, 0xff14, 0x0054, 0xff2b, 0xfcdd, 0xfde1,
0xfc8d, 0xfd05, 0xfdba, 0xfd7c, 0xff4c, 0x00cd, 0x01d5, 0x0212, 0x0316, 0x01f7, 0x0004, 0x01fd,
0x00e2, 0xffb5, 0x014b, 0x0180, 0x01e2, 0x010b, 0x01ef, 0x026e, 0x011a, 0xffb8, 0xff44, 0xff1c,
0xfd2e, 0xfdcd, 0xfd2b, 0xfd0a, 0xfebb, 0xfef8, 0x00d1, 0x00c1, 0x0199, 0x024f, 0x01b5, 0x02e6,
0x02be, 0x012d, 0x00da, 0x0207, 0xffe6, 0xfe4f, 0xfe35, 0xfff6, 0x010b, 0xff62, 0x0122, 0xffd5,
0xff23, 0xfea7, 0xfdd8, 0xfe1b, 0xfbc1, 0xfc53, 0xfb5e, 0xfa66, 0xfbb3, 0xfaaf, 0xfbf1, 0xfe0b,
0xfe3c, 0xfe62, 0xfed9, 0x0025, 0xffd8, 0x01ee, 0x03b4, 0x0373, 0x03f8, 0x0300, 0x02e2, 0x01da,
0x0057, 0xff42, 0xfcd9, 0xfb75, 0xfaba, 0xfa88, 0xfc03, 0xfac3, 0xfcf2, 0xff75, 0xfda5, 0xff3a,
0xfdf8, 0xfe4f, 0x0126, 0x0095, 0x026d, 0x02b1, 0x023b, 0x0398, 0x00b2, 0xff4b, 0xffcd, 0x0059,
0x0136, 0x0085, 0x0033, 0x0147, 0x030f, 0x0255, 0x0189, 0xffc9, 0xfff0, 0x016a, 0x013f, 0x00c7,
0x001d, 0x0025, 0xff0c, 0xfecd, 0xfed6, 0xfe41, 0x00b0, 0x01c0, 0x00e8, 0x0306, 0x0277, 0x02c6,
0x02b8, 0x02e5, 0x0310, 0x00ce, 0x024a, 0x022f, 0x005f, 0x003c, 0x00fb, 0xff88, 0xfee0, 0xff15,
0xff3b, 0x0104, 0x0155, 0x00c3, 0x0112, 0x010f, 0x00af, 0x0101, 0x0076, 0x00d8, 0x00d3, 0x01bc,
0x018f, 0xfe30, 0xfea1, 0xff31, 0xff52, 0xfdbc, 0xfe21, 0x0048, 0xff92, 0xffeb, 0xffd8, 0x01f6,
0x01a6, 0x0053, 0x00d8, 0xffe1, 0xffcf, 0xfef7, 0xfe49, 0xfe19, 0xfc15, 0xfc64, 0xfdd0, 0xfdea,
0x0039, 0x00bd, 0xfec0, 0xffcf, 0x034a, 0x0429, 0x034d, 0x03c5, 0x034a, 0x0347, 0x035d, 0x0184,
0xff70, 0xfee7, 0xfd33, 0xfbca, 0xfcef, 0xfc86, 0xfc9e, 0xfbe3, 0xfbe2, 0xfdcb, 0xfd31, 0xfde1,
0xfdb9, 0xfdb7, 0x0052, 0x00b8, 0x010c, 0x0116, 0x00b0, 0x037c, 0x02de, 0x02a2, 0x03a1, 0x00cc,
0x01fc, 0x00ec, 0xfe0c, 0xfe4f, 0xff75, 0xff9b, 0xfeb6, 0xff1b, 0xfec0, 0x0000, 0xff01, 0xff20,
0x00d2, 0xffca, 0xffe6, 0xfe31, 0xfdad, 0xfd5d, 0xfdc0, 0xfe73, 0xffc7, 0x018f, 0x01f4, 0x0240,
0x0351, 0x0369, 0x0269, 0x02ed, 0x01ec, 0x01af, 0x00f2, 0x004b, 0x0053, 0xffdd, 0xff34, 0xfe8c,
0xfeaa, 0xff09, 0xff7e, 0xffb8, 0x00a7, 0x014d, 0x012a, 0x0037, 0xfffe, 0xfe94, 0xfdf2, 0xff40,
0xff28, 0xffcc, 0xfe0e, 0xfd4b, 0xfddc, 0xfd41, 0xff00, 0xff59, 0xfe12, 0xff2c, 0x0033, 0xfee3,
0xffbc, 0xfeb3, 0xfe54, 0xfff3, 0xff62, 0x0064, 0x005c, 0x00a9, 0x0007, 0xfe64, 0xfef2, 0xfea5,
0xfe01, 0xfe16, 0xfd4e, 0xfdc2, 0xff32, 0xff2e, 0x0143, 0x02e5, 0x03bb, 0x058f, 0x048a, 0x0550,
0x0651, 0x033c, 0x01e3, 0x0109, 0xfed7, 0xfdbc, 0xfcc8, 0xfd88, 0xfdd5, 0xfdb5, 0xff85, 0xff60,
0xffb8, 0x01cc, 0x012b, 0x01b8, 0x01a7, 0x00f7, 0x0181, 0x0135, 0x0122, 0x0067, 0x019b, 0x005a,
0x0086, 0x01d5, 0xffbf, 0x0164, 0x01f9, 0x0176, 0x0125, 0xff55, 0xff45, 0x00ac, 0x0155, 0xff96,
0xffc2, 0xff40, 0xfe04, 0xfd8d, 0xfba2, 0xfca9, 0xfd48, 0xfc6c, 0xfdd2, 0xfe17, 0xfeb9, 0x00ca,
0x00b0, 0x014a, 0x0560, 0x0481, 0x02e3, 0x0321, 0x01fe, 0x00dc, 0xfef7, 0xff7b, 0xfe50, 0xfd35,
0xfbb2, 0xfa17, 0xfcf0, 0xfeeb, 0xfea7, 0x010c, 0x00e2, 0x0025, 0x027c, 0x033f, 0x0269, 0x01d2,
0x01ad, 0x0100, 0x00de, 0xffcb, 0x0025, 0xfee4, 0xfecd, 0x0201, 0x0075, 0xff31, 0x0054, 0x0029,
0x005d, 0x00c9, 0xffcc, 0xffd6, 0x000a, 0x01c8, 0x02ce, 0x02be, 0x04b1, 0x0354, 0x026e, 0x01cb,
0x00e4, 0x00a0, 0xffd1, 0xfe66, 0xfe96, 0x00a4, 0xff43, 0x001f, 0x025f, 0x020d, 0x0220, 0x027e,
0x02e2, 0x020a, 0x0082, 0xfdf2, 0xfd79, 0xfe16, 0xfb35, 0xfa76, 0xfae5, 0xfd2d, 0xfebe, 0xfdc6,
0x0053, 0x0084, 0x01b9, 0x0348, 0x01f8, 0x0149, 0xffe2, 0x009a, 0xff11, 0xfe72, 0xfed7, 0xfd8a,
0xfe83, 0xfd2e, 0xfd37, 0xff12, 0xff03, 0x00a8, 0x00ae, 0x00c1, 0x016b, 0xfecf, 0xff32, 0xfebc,
0xfefe, 0xfffc, 0xfe07, 0xfd80, 0xff36, 0x0076, 0xfe23, 0xfee0, 0x0088, 0xff6c, 0x008f, 0x0086,
0xfceb, 0xfdb3, 0xff80, 0xffa0, 0x01ca, 0x017d, 0x00ec, 0x00cf, 0xffaf, 0xfff5, 0xff56, 0xfd4f,
0xfc1f, 0xfbca, 0xfd30, 0xfd25, 0xfc10, 0xfe42, 0xfe8b, 0xfeb4, 0x014a, 0x0182, 0x011c, 0x01f7,
0x019c, 0x000a, 0xff4d, 0xfef0, 0xfe09, 0xfd34, 0xffab, 0xffe1, 0xffec, 0x0134, 0x0077, 0x00d0,
0xff3c, 0xfe0c, 0xfe5f, 0xfe8d, 0xffcd, 0xfff5, 0xfeb7, 0xffe9, 0x00e5, 0x0168, 0x0294, 0x03d7,
0x02a7, 0x01f7, 0x0424, 0x0314, 0x023b, 0x013b, 0x0048, 0x02b7, 0x03f5, 0x0493, 0x05a2, 0x063e,
0x0670, 0x0411, 0x0312, 0x0212, 0x0099, 0x006c, 0xfef9, 0x0005, 0xffb6, 0xffde, 0x001b, 0xfe2e,
0x002c, 0x025b, 0x02fa, 0x032c, 0x034b, 0x02d3, 0x0207, 0x01e3, 0x0012, 0xfdfd, 0xfc7b, 0xfd04,
0xfcf6, 0xfc20, 0xfd0c, 0xfd19, 0xfce4, 0xfd4c, 0xfe38, 0xfd3d, 0xfd52, 0xfe33, 0xfc5e, 0xfcfa,
0xfd22, 0xfc64, 0xfd27, 0xfbd4, 0xfd7b, 0xff0a, 0xff80, 0xff95, 0xff17, 0xff21, 0xfd27, 0xfcbe,
0xfc8e, 0xfc76, 0xfd4c, 0xffd2, 0x005b, 0x01d4, 0x02c8, 0x0042, 0x00ce, 0x0062, 0xff34, 0xfd9b,
0xfd8e, 0xfdae, 0xfcbb, 0xfd68, 0xfd7a, 0xfd4e, 0xff79, 0x0010, 0x0121, 0x037c, 0x0409, 0x053e,
0x04d4, 0x05ed, 0x046b, 0x038e, 0x03dd, 0x026c, 0x01b4, 0x011d, 0x01c3, 0x031b, 0x057c, 0x0428,
0x028a, 0x0341, 0x02e1, 0x026a, 0x016d, 0xffd0, 0x01d4, 0x0228, 0xff62, 0x00f8, 0x01c1, 0x00d7,
0x01f2, 0x012f, 0x00bd, 0x021e, 0x0227, 0x0293, 0x02a2, 0x0265, 0x02eb, 0x0299, 0x03d0, 0x047a,
0x03b2, 0x061d, 0x0632, 0x03ce, 0x037a, 0x0355, 0x030d, 0x009d, 0xffe9, 0x00c1, 0x012f, 0x0150,
0x011d, 0x0163, 0x017d, 0x03fd, 0x0388, 0x039d, 0x036d, 0x0137, 0x02ca, 0x01fa, 0xff7a, 0xfe08,
0xfe9f, 0xfef3, 0xfe42, 0xfe30, 0xfdd5, 0xfdbe, 0xfcf3, 0xfc2a, 0xfc23, 0xfc92, 0xfc0f, 0xfd65,
0xfcee, 0xfc62, 0xfd82, 0xfa7f, 0xf97c, 0xfbd2, 0xfb6a, 0xf9f3, 0xf86d, 0xf689, 0xf716, 0xf4f1,
0xf424, 0xf42e, 0xf367, 0xf61e, 0xf730, 0xf797, 0xf8ac, 0xf8c5, 0xf83d, 0xf92d, 0xf95d, 0xf6f2,
0xf542, 0xf65a, 0xf731, 0xf69c, 0xf798, 0xf879, 0xf8d8, 0xfa24, 0xfbf8, 0xfd04, 0xfc6e, 0xfce5,
0xfdc0, 0xfddc, 0xfd49, 0xfdb3, 0xffb0, 0x001b, 0x002d, 0x00f3, 0x02b7, 0x02a6, 0x01fc, 0x02ef,
0x02d4, 0x03d9, 0x04e6, 0x0544, 0x057d, 0x052f, 0x05f4, 0x0684, 0x06bd, 0x06f4, 0x061f, 0x06cf,
0x06d9, 0x07b9, 0x0923, 0x081e, 0x0826, 0x084d, 0x0919, 0x0913, 0x08d1, 0x09c2, 0x0a25, 0x0a1b,
0x0a2b, 0x0ba8, 0x0a38, 0x0868, 0x07b8, 0x0665, 0x07ed, 0x094a, 0x0857, 0x07b8, 0x0819, 0x0654,
0x040d, 0x04fc, 0x058d, 0x0609, 0x0754, 0x05af, 0x0581, 0x03b0, 0x0311, 0x0422, 0x0281, 0x0163,
0x0078, 0x0139, 0x013b, 0x0114, 0x00bf, 0xffc2, 0xff5f, 0x00be, 0x005c, 0xfdd7, 0xfdd4, 0xfe6f,
0xfe39, 0xfcdd, 0xfc95, 0xfc26, 0xfab0, 0xfad5, 0xfade, 0xfaba, 0xfb36, 0xfa0e, 0xf798, 0xf839,
0xf8fe, 0xf72f, 0xf794, 0xf920, 0xf954, 0xf922, 0xf9a0, 0xf9e3, 0xf996, 0xf928, 0xf7f0, 0xf838,
0xf88b, 0xf839, 0xf8e5, 0xf77a, 0xf5fc, 0xf740, 0xf870, 0xf88c, 0xf92b, 0xfaf1, 0xfb58, 0xfb8b,
0xfc07, 0xfbca, 0xfc53, 0xfbf0, 0xfcfd, 0xfd66, 0xfd19, 0xfe81, 0xfdc7, 0xfef9, 0xfedf, 0xff64,
0x014f, 0x0070, 0x01ea, 0x01b2, 0x024b, 0x032b, 0x037f, 0x0577, 0x051b, 0x060f, 0x0659, 0x05b7,
0x05f3, 0x056a, 0x051a, 0x049d, 0x0534, 0x054c, 0x0462, 0x0476, 0x0546, 0x0526, 0x0652, 0x0803,
0x05dc, 0x06b5, 0x0847, 0x0660, 0x06e9, 0x0531, 0x0466, 0x0592, 0x037d, 0x03e7, 0x0340, 0x02d3,
0x01a3, 0x01f8, 0x029b, 0x00a6, 0x01f6, 0x022e, 0x0250, 0x0204, 0x017c, 0x0119, 0x0029, 0xff5a,
0xff5a, 0xfffd, 0x0128, 0x0030, 0xff71, 0xff48, 0xfe88, 0xfd7c, 0xfbfe, 0xfd1f, 0xfbd1, 0xfb7f,
0xfaf7, 0xfa6a, 0xfb9a, 0xfa54, 0xfa9a, 0xfbe3, 0xfc69, 0xfc22, 0xfc15, 0xfc0e, 0xfa6c, 0xfa31,
0xfa5c, 0xf9ac, 0xfa23, 0xfb6b, 0xfa9a, 0xfad4, 0xfda1, 0xfe1a, 0xfe01, 0xff55, 0xff5b, 0xff52,
0x0004, 0xffd2, 0xffa9, 0xfdd7, 0xfd7a, 0xfd70, 0xfc12, 0xfe49, 0xfc7b, 0xfc59, 0xfeb4, 0xfe56,
0x01f3, 0x00f3, 0x00fe, 0x02bb, 0x0037, 0x00d9, 0x017f, 0x016a, 0x0301, 0x0396, 0x03ae, 0x032a,
0x03e1, 0x0408, 0x01ff, 0x0315, 0x03c5, 0x02e8, 0x0309, 0x04cb, 0x04b3, 0x04cf, 0x04b9, 0x0313,
0x02fd, 0x01d4, 0x011e, 0x013c, 0x01ad, 0x017d, 0x00bd, 0x00a6, 0x0171, 0x0243, 0x0348, 0x03d3,
0x0436, 0x0480, 0x02dd, 0x0305, 0x031e, 0x01b6, 0x040b, 0x03bd, 0x015e, 0x01ef, 0x006f, 0xffd6,
0xff94, 0xfed8, 0x010c, 0x0207, 0x001a, 0x00cd, 0x0095, 0xff9b, 0x0095, 0xff6f, 0xfe8f, 0xfe2c,
0xfddb, 0xfe17, 0xfe65, 0xfe36, 0xfe86, 0xfd86, 0xfd73, 0xfeb5, 0xfdd6, 0xfecc, 0xfe82, 0xfe02,
0xfed1, 0xfd7d, 0xfd4d, 0xfd14, 0xfcf2, 0xfd80, 0xfe19, 0xff90, 0xfe7b, 0xfe95, 0xfd7b, 0xfba5,
0xfd89, 0xfc7f, 0xfb5d, 0xfd1c, 0xfdee, 0xfe64, 0xff25, 0xfee4, 0xff37, 0x0069, 0x000b, 0x000f,
0xfe99, 0xfd7d, 0xfef5, 0xfe1c, 0xfd3f, 0xfd76, 0xfd1c, 0xfd3f, 0xfeb2, 0xfef4, 0xffe2, 0x007c,
0x001e, 0x0240, 0x0267, 0x0209, 0x02fc, 0x0149, 0x00a8, 0x018a, 0x017d, 0x000e, 0x0134, 0x0173,
0x000f, 0x001c, 0x00af, 0x0258, 0x02eb, 0x03b9, 0x0324, 0x0402, 0x036d, 0x013e, 0x0199, 0x00da,
0x0040, 0x0014, 0x001a, 0x0049, 0xff43, 0x0022, 0x020e, 0x0242, 0x0178, 0x0222, 0x0328, 0x031b,
0x02f2, 0x03c9, 0x02d9, 0x00e1, 0x0097, 0xfeb9, 0xff27, 0x0032, 0xff97, 0xff6b, 0x0066, 0xffcd,
0xfe92, 0xfef2, 0xfdd9, 0xfdba, 0xfcf5, 0xfbe9, 0xfcaa, 0xfd20, 0xfdcd, 0xfe87, 0xfd42, 0xfdb2,
0xfed5, 0xfe89, 0xff92, 0xfeba, 0xfe79, 0xfddb, 0xfda9, 0xfd91, 0xfd8f, 0xfeb6, 0xfcea, 0xfda0,
0xfd36, 0xfdc7, 0x0042, 0xffdf, 0xff7c, 0xfdb0, 0xfdfc, 0xfee8, 0xfdc4, 0xfde1, 0xfdc7, 0xfc6d,
0xfe25, 0xfff3, 0xff90, 0x000d, 0x0053, 0x00c2, 0x0083, 0x009a, 0x012e, 0x01dd, 0x0221, 0x0158,
0x0219, 0x027a, 0x0317, 0x02df, 0x0168, 0xfeb6, 0xfe78, 0x0064, 0xffb2, 0xff9b, 0xffb7, 0x00ee,
0x021e, 0x0269, 0x01cc, 0x0050, 0x0155, 0x033c, 0x0363, 0x03d1, 0x0231, 0x0221, 0x03d8, 0x027e,
0x02f3, 0x025d, 0x00ed, 0x0156, 0x0232, 0x02ac, 0x01ce, 0x02c3, 0x03a7, 0x033d, 0x0233, 0x02ba,
0x0326, 0x0192, 0xfffe, 0xff6f, 0xff8c, 0xfe16, 0xfe08, 0xfe9b, 0xfe89, 0x0063, 0x017e, 0x00ba,
0x0282, 0x023c, 0x0136, 0x0199, 0x0100, 0x006a, 0x00a9, 0x0190, 0x00e1, 0x019f, 0x0044, 0xfe92,
0xfe69, 0xfd11, 0xfdbc, 0xfdb9, 0xfc8c, 0xfc81, 0xfe1d, 0xfdaa, 0xfc1e, 0xfbe7, 0xfced, 0xfe1e,
0xfe85, 0xffa3, 0x0071, 0x00b1, 0xffa4, 0xff7d, 0xffe9, 0x003b, 0xfe9f, 0xfec1, 0xff84, 0xff3b,
0x00b3, 0xfff0, 0x00e7, 0x009d, 0xfd40, 0xfd05, 0xfd7b, 0xfd0f, 0xfc7a, 0xfb4d, 0xfc33, 0xfdab,
0xfd7c, 0xfe0e, 0xfe79, 0xff4a, 0x0042, 0x0158, 0x0360, 0x03ce, 0x031e, 0x0380, 0x03bb, 0x02d2,
0x017f, 0x0163, 0x015a, 0xff68, 0xffe8, 0xff7a, 0xfed5, 0x0027, 0x00ca, 0x0147, 0x0044, 0x0204,
0x0408, 0x02d7, 0x022d, 0x0142, 0x022e, 0x022a, 0x027d, 0x0345, 0x01fb, 0x03ca, 0x046b, 0x03ef,
0x02b7, 0x01b2, 0x00af, 0x0028, 0x0080, 0xffa1, 0x00f1, 0xffd3, 0x00f4, 0x0130, 0xfed9, 0x011e,
0x0196, 0x0093, 0x0066, 0xfefe, 0xff50, 0xfeec, 0xfe99, 0xfee7, 0xfd81, 0xfed4, 0xfe91, 0xfe34,
0xff47, 0xff8d, 0xffd2, 0xff8f, 0xfee6, 0xfe05, 0xfc65, 0xfc59, 0xfba8, 0xfc29, 0xfe08, 0xfcd7,
0xfde5, 0xfea9, 0xfe9c, 0xfd98, 0xfd0c, 0xfc96, 0xfc80, 0xfc11, 0xfa5a, 0xfab6, 0xfa89, 0xf9b1,
0xfa2f, 0xfbf5, 0xfc06, 0xfd8f, 0xff52, 0xffad, 0x0018, 0xff0a, 0xfe9c, 0xffa9, 0xfecf, 0xfe3a,
0xfe02, 0xff78, 0x0113, 0x005f, 0x0166, 0x00c5, 0xfef4, 0xfedd, 0x0007, 0xfef5, 0xfe88, 0xffcd,
0xff1a, 0xff81, 0xfd91, 0xfecf, 0x0169, 0x0099, 0x0183, 0x01c9, 0x02c4, 0x03ac, 0x02f3, 0x0308,
0x037d, 0x024d, 0x01c2, 0x0174, 0x019a, 0x01ac, 0x009a, 0x0028, 0xfefa, 0xffb7, 0x0054, 0xfe72,
0xfe9d, 0x0091, 0x006d, 0x0051, 0x0119, 0xffe5, 0xffcf, 0x00e9, 0x01f7, 0x01db, 0x0379, 0x0400,
0x022f, 0x0376, 0x0251, 0x01a4, 0x0196, 0x0213, 0x0268, 0x01a1, 0x022d, 0x00b6, 0x0142, 0x017a,
0x00ce, 0x013a, 0x022a, 0x01fb, 0x0119, 0x0116, 0x007b, 0x00bb, 0x0031, 0x00b1, 0x012a, 0x00c1,
0x0256, 0x02dd, 0x019d, 0x0172, 0x030f, 0x0495, 0x041d, 0x029d, 0x01f1, 0x0206, 0x00b1, 0x009b,
0x01ef, 0x012f, 0x025e, 0x0321, 0x025b, 0x023f, 0x00c2, 0x00cc, 0x008b, 0xffb1, 0xfffc, 0xff39,
0xfd33, 0xfd74, 0xfe15, 0xfd49, 0xff95, 0x0055, 0xffe9, 0x01eb, 0x0077, 0x002d, 0x02ad, 0x018f,
0x0263, 0x029f, 0x00bd, 0x0269, 0x0242, 0x0151, 0x00ca, 0xfeaf, 0xfe93, 0xfd7c, 0xfcac, 0xfd7b,
0xfc97, 0xfd65, 0xfe15, 0xfe98, 0xfe9d, 0xfd28, 0xfed2, 0x0101, 0x01a5, 0x008d, 0x00a0, 0x0100,
0x0157, 0x0144, 0xfffb, 0xff25, 0xfd88, 0xfe7c, 0xfe0f, 0xfd78, 0xfe58, 0xfd1a, 0xfd73, 0xfd43,
0xfb7f, 0xfbbf, 0xfb95, 0xfc00, 0xfc86, 0xfb71, 0xfc91, 0xfcd3, 0xfb70, 0xfd3c, 0xfe38, 0xfe76,
0xff65, 0xff0e, 0x018d, 0x0217, 0x0172, 0x014a, 0xfe7b, 0xff10, 0xffeb, 0xfe4a, 0xfdc1, 0xfdff,
0xfd45, 0xfbe8, 0xfc00, 0xfbb1, 0xfbf5, 0xfd30, 0xfd70, 0xfed1, 0xff98, 0x0003, 0x004b, 0x00dd,
0x00b1, 0xff89, 0xff39, 0xffa5, 0x0271, 0x022b, 0x0123, 0x0184, 0xffb5, 0x001d, 0x00df, 0xff9e,
0xfe44, 0xfeae, 0xffff, 0xffae, 0x008d, 0x0016, 0x000a, 0xffd0, 0xffa2, 0x00c8, 0x0149, 0x0288,
0x0124, 0x00d5, 0xfffa, 0x00a9, 0x00ad, 0x008d, 0x0261, 0x00be, 0x0150, 0x022c, 0x0217, 0x0167,
0x021b, 0x025c, 0x0178, 0x020b, 0x00f2, 0x0115, 0x00f2, 0xffaa, 0xff89, 0x0060, 0xffda, 0xff52,
0x00d7, 0x0102, 0x0099, 0x0054, 0x0174, 0x0173, 0x005e, 0x0246, 0x0312, 0x036f, 0x041f, 0x02aa,
0x02e9, 0x03ce, 0x029f, 0x0234, 0x0350, 0x0229, 0x017e, 0x0213, 0x0178, 0x0045, 0xffc9, 0x0020,
0xff73, 0xff28, 0xfd53, 0xfbfd, 0xfdc1, 0xfd7e, 0xfeaa, 0xff7e, 0xfdd3, 0x0114, 0x0112, 0x00a5,
0x0180, 0x0241, 0x036b, 0x02e8, 0x04ee, 0x0598, 0x0674, 0x05a1, 0x03f8, 0x02a5, 0x007a, 0xff4a,
0xfe3a, 0xfcb0, 0xfbda, 0xfc16, 0xfb10, 0xfa04, 0xf977, 0xf9a5, 0xfb89, 0xfd41, 0xfd2e, 0xfeaa,
0xff07, 0xff89, 0xff72, 0xfe62, 0x0000, 0x0055, 0x00a6, 0x00bb, 0x007c, 0x00ae, 0xffdd, 0xffdf,
0x0149, 0xfe5e, 0xfe7e, 0x01cd, 0xffab, 0xff91, 0xff02, 0xfd97, 0xfe80, 0xfdf0, 0xfe40, 0xfdb6,
0xfd7a, 0xfd73, 0xfcd0, 0xfe1d, 0xfe8d, 0xff0b, 0xfed0, 0xff64, 0x00a5, 0x0084, 0x01c7, 0x0173,
0x01e5, 0x0334, 0x016a, 0x0150, 0x00d1, 0x0022, 0x00bf, 0x00ab, 0xfeb2, 0xfd8b, 0xfdc6, 0xfc99,
0xfcfd, 0xfd9c, 0xfebb, 0xfe67, 0xfe05, 0x003d, 0x002c, 0x0115, 0x0315, 0x0261, 0x0399, 0x0404,
0x02c0, 0x0340, 0x0384, 0x02b9, 0x02b0, 0x03f3, 0x04fa, 0x04a7, 0x0420, 0x049e, 0x038c, 0x033b,
0x01a8, 0x0046, 0x0025, 0x0070, 0x0043, 0xfdc1, 0xfe85, 0xfef7, 0xfd57, 0xfc92, 0xfce3, 0xfd02,
0xfe6e, 0x0046, 0x00e5, 0x0060, 0x0170, 0x0230, 0x013b, 0x0244, 0x01ab, 0x01f3, 0x01bd, 0x014b,
0x0016, 0xff38, 0xfe56, 0xfbe9, 0xfc4f, 0xfaf5, 0xfa03, 0xfa4c, 0xfb27, 0xfd0c, 0xfe8a, 0xfee0,
0xfeb1, 0x000f, 0x00e0, 0x013e, 0x0170, 0xff53, 0xff0c, 0x0174, 0x0005, 0xffa3, 0x0061, 0xfe62,
0xfed1, 0x0009, 0xff74, 0x004e, 0x0057, 0xff2b, 0xffad, 0xfed5, 0xfe0f, 0xfd54, 0xfbeb, 0xfc77,
0xfc8c, 0xfbb7, 0xfc32, 0xfcdd, 0xfe38, 0xfe8e, 0xff64, 0x00a4, 0x005b, 0x012e, 0x019b, 0x00ee,
0x00e0, 0x01a0, 0x01b8, 0x0158, 0x0058, 0x0070, 0x0022, 0xfec0, 0xff70, 0x0088, 0x00d2, 0x0073,
0xff21, 0xfe8c, 0x00e7, 0xff5f, 0xff71, 0x02e8, 0x008b, 0x007a, 0x014f, 0x014b, 0x01ab, 0x007b,
0x0139, 0x0140, 0xfff2, 0x0108, 0x00d1, 0xff68, 0x0003, 0x0111, 0x026e, 0x0434, 0x04e5, 0x03c9,
0x0521, 0x05c4, 0x02f5, 0x012e, 0x0129, 0xffc0, 0xfde9, 0xfef6, 0xfea1, 0xfd07, 0xfe3a, 0x009d,
0x0177, 0x00f1, 0x007d, 0x02c2, 0x047d, 0x044c, 0x03ba, 0x0413, 0x05fe, 0x04a3, 0x03c6, 0x03bf,
0x02cb, 0x01b5, 0x015e, 0x002c, 0xff05, 0xfe1e, 0xfd5a, 0xfd73, 0xfc67, 0xfc03, 0xfd28, 0xff77,
0xfe90, 0x001d, 0x0181, 0x0160, 0x01bc, 0x01a9, 0x02b8, 0x009c, 0x0048, 0xff8a, 0xff7e, 0x0030,
0xfedb, 0xfedd, 0xfe8e, 0xfde7, 0xfeb0, 0xff9a, 0xff89, 0xffe4, 0xff92, 0xfef0, 0xfe75, 0xfdbc,
0xfe5c, 0xfe88, 0xfcd1, 0xfc63, 0xfbcb, 0xfc58, 0xfbf2, 0xfcf1, 0xfe68, 0xfec5, 0x012b, 0x00f5,
0x0159, 0x019f, 0xffc8, 0xffb2, 0x00ac, 0x000e, 0x0004, 0xfe4a, 0xfd64, 0xfe53, 0xfd30, 0xfd4f,
0xfe4b, 0xfe70, 0xfebf, 0xfebe, 0xfe61, 0xff0d, 0xfe38, 0xfd92, 0xfea4, 0xfde4, 0xff4a, 0x01cf,
0xff62, 0xfcc5, 0xfe0a, 0xfe5f, 0xfc8c, 0xfda4, 0xfe94, 0xfd52, 0xfef9, 0x0159, 0x01d0, 0x0251,
0x01fd, 0x0232, 0x0257, 0x0012, 0xffee, 0xfefc, 0xfda2, 0xfe5a, 0xfd46, 0xfd41, 0xfcf8, 0xfcbe,
0xfeba, 0xff92, 0xff1f, 0x00ec, 0x037c, 0x0367, 0x0388, 0x044f, 0x029d, 0x024d, 0x01c9, 0x0200,
0x0246, 0x014e, 0x0278, 0x0143, 0x006f, 0xff81, 0x007f, 0x00f1, 0xfeff, 0xff32, 0xfed6, 0xff59,
0x0013, 0xffff, 0x0024, 0xffa8, 0x006d, 0x0177, 0x0333, 0x0359, 0x018b, 0x02fc, 0x038b, 0x03d8,
0x0273, 0x015c, 0x01fa, 0x0256, 0x02a1, 0x021d, 0x02c3, 0x02e4, 0x0278, 0xfff7, 0xff60, 0xfef1,
0xfe5c, 0xfe45, 0xfd3c, 0xfe41, 0xfe2e, 0xfeea, 0xffa6, 0xff47, 0xff2e, 0x0154, 0x033c, 0x03f2,
0x0525, 0x05c6, 0x0631, 0x05ee, 0x0511, 0x041f, 0x03b0, 0x03f4, 0x02f2, 0x027d, 0x0181, 0xfe80,
0xfe85, 0xfcc8, 0xfcb4, 0xfe05, 0xfc9a, 0xfe8e, 0xff91, 0xff34, 0xfd9d, 0xfd52, 0x0005, 0xffad,
0xfee8, 0xff1d, 0xfebe, 0xffde, 0xffc3, 0xfdfd, 0xfed7, 0xff2e, 0xfe19, 0xfe75, 0xfee2, 0xfeaf,
0x009b, 0x009a, 0xff59, 0xfeb5, 0xfe69, 0xfe43, 0xfd61, 0xfddf, 0xfbe5, 0xfc08, 0xfc63, 0xf9cc,
0xf9c8, 0xf9d3, 0xfb09, 0xfc5d, 0xfb10, 0xfc3a, 0xff54, 0xff1a, 0xffe0, 0x008e, 0xfea0, 0xffc6,
0x01a3, 0x01d5, 0x0169, 0x00e3, 0x01c0, 0x0148, 0xffe9, 0xfead, 0xfc7f, 0xfc05, 0xfcb3, 0xfe1f,
0xfe84, 0xfdba, 0xfe46, 0xfe6a, 0xff00, 0xfde8, 0xfcb1, 0xfddb, 0xfe5b, 0x005b, 0x000a, 0xff93,
0xffae, 0x012d, 0x0314, 0x02e6, 0x04ec, 0x0446, 0x041e, 0x062f, 0x0513, 0x0228, 0x022e, 0x00b8,
0xfe7a, 0xff3c, 0xff95, 0xfe8d, 0xfd7f, 0xfe67, 0xfda6, 0xfedb, 0xff5d, 0xfefd, 0x0211, 0x0276,
0x031b, 0x040c, 0x05b6, 0x05b0, 0x036f, 0x03ef, 0x0349, 0x0397, 0x01e9, 0x00e9, 0x0340, 0x00aa,
0xff0d, 0x007d, 0xff0e, 0xfeb6, 0xffba, 0xfff9, 0x0115, 0x00fd, 0x00d2, 0x0169, 0x01ae, 0x0138,
0x0023, 0x0030, 0xff5b, 0xff70, 0xffec, 0xfedb, 0xff2f, 0x0009, 0xff97, 0x007f, 0x0228, 0x0164,
0x027f, 0x03be, 0x02f2, 0x03c3, 0x0339, 0x02c6, 0x0106, 0xfe70, 0xfe7e, 0xfc6f, 0xfc31, 0xfcb2,
0xfdf3, 0xfed4, 0xfd7b, 0xfeed, 0x001e, 0x0047, 0x0082, 0x0095, 0x0050, 0x0099, 0x0182, 0x01c1,
0x0149, 0x0020, 0x011e, 0x0166, 0x0051, 0x01e5, 0x00ed, 0xffe1, 0xffa5, 0xfd58, 0xfdc7, 0xfef3,
0xff6b, 0xff90, 0xff68, 0xfe84, 0xfdbf, 0xfcba, 0xfb68, 0xfb40, 0xfae8, 0xfb53, 0xfdf0, 0xfeb0,
0xfe7a, 0x011c, 0x0094, 0x00e1, 0x0281, 0x02f5, 0x03df, 0x03cd, 0x02f9, 0x031a, 0x016c, 0xfea1,
0xfef3, 0xfc53, 0xfb6c, 0xfd7f, 0xfd43, 0xfd29, 0xfccd, 0xfc59, 0xfbe9, 0xfb67, 0xfbfb, 0xfe06,
0xfef2, 0xff35, 0x0059, 0x0171, 0x01d6, 0x007a, 0x00eb, 0x00d2, 0x006b, 0x0330, 0x020f, 0x0226,
0x024f, 0x023b, 0x0484, 0x0273, 0x0145, 0x0093, 0xff1c, 0xff09, 0xfe38, 0xff1c, 0xff78, 0xfee9,
0xffb7, 0xfe21, 0xfdac, 0xff87, 0x0008, 0x0003, 0xff88, 0x0042, 0x01c7, 0x001c, 0x0133, 0x02ff,
0x0278, 0x025c, 0x0383, 0x0380, 0x0093, 0x0089, 0xfff8, 0xff2b, 0xffac, 0xfe78, 0xfe8e, 0x006c,
0xffb5, 0xff9b, 0x0010, 0xff1e, 0xffdd, 0x0018, 0xff87, 0x00c6, 0x01cd, 0x007e, 0xfff8, 0xff20,
0xffdd, 0x001d, 0xfe21, 0x01b3, 0x031a, 0x00fa, 0x024e, 0x036f, 0x02e5, 0x028c, 0x01da, 0x001e,
0x008e, 0x0000, 0xfe47, 0xff01, 0xfe61, 0xfdd5, 0xfd72, 0xfbb8, 0xfd5e, 0xfddc, 0xfe23, 0xffa7,
0xff46, 0xff27, 0xff00, 0xff88, 0xfe9b, 0xff07, 0xff49, 0xfff9, 0x021e, 0x031c, 0x0340, 0x02cf,
0x02f1, 0x01c0, 0x00fb, 0x0072, 0xfe9e, 0xfda9, 0xfd94, 0xfd94, 0xfc1e, 0xf969, 0xfbe1, 0xfcc0,
0xfb93, 0xfe35, 0xff81, 0xff22, 0xfebd, 0x0019, 0x0099, 0xffd3, 0x011c, 0x02a3, 0x025c, 0x0297,
0x01d8, 0x0131, 0x0273, 0x015a, 0xffe9, 0xfff3, 0xfe42, 0xfd17, 0xfe67, 0xffcc, 0x0041, 0xfebb,
0xff52, 0xff2a, 0xfe2c, 0x005d, 0xff59, 0xffd2, 0xff74, 0xffa1, 0x010e, 0x00a1, 0x022e, 0x0168,
0x0084, 0x01ca, 0x0324, 0x0226, 0x0298, 0x027c, 0x01ff, 0x0162, 0xfe49, 0xff02, 0xff1c, 0xfdee,
0xfdd8, 0xfdbb, 0xff15, 0xff9d, 0xff99, 0x017e, 0x032b, 0x02c5, 0x0353, 0x031c, 0x03eb, 0x04ae,
0x0274, 0x01a8, 0x012c, 0x0180, 0x025c, 0x01d6, 0x0086, 0x0089, 0x0092, 0xffaf, 0x0032, 0xff2b,
0xffde, 0x01a2, 0x0158, 0x011c, 0xffde, 0xffbc, 0xff37, 0xfdd9, 0xfebb, 0xff4e, 0xff0b, 0xffd1,
0x0037, 0x0006, 0x0009, 0xff9c, 0xff1d, 0xffc5, 0x00f3, 0x020c, 0x031d, 0x0459, 0x050a, 0x0297,
0x0287, 0x0256, 0xffb9, 0xffc4, 0xfeb6, 0xfe41, 0xfe9b, 0xfd99, 0xfdc4, 0xfc73, 0xfb79, 0xfded,
0xfe79, 0xfed5, 0x0085, 0x001c, 0xfea6, 0xfe7d, 0xfeca, 0xfd96, 0xfe88, 0xff69, 0xfe7f, 0xff3c,
0xffd9, 0x005c, 0x003b, 0xff85, 0xfe34, 0xfe46, 0x0035, 0xffd9, 0xfe9c, 0xfdea, 0xfd1f, 0xfc0d,
0xf947, 0xf9a7, 0xfaf1, 0xf96b, 0xfa7a, 0xfbbf, 0xfda1, 0xfd90, 0xfee0, 0x00fb, 0x00c8, 0x02a4,
0x023b, 0x033a, 0x03cc, 0x036a, 0x03d4, 0x0287, 0x01c7, 0x0149, 0x0117, 0x0050, 0xffe5, 0xff10,
0xfeb8, 0xfdbc, 0xfd0e, 0xfd58, 0xfca6, 0xfd5f, 0xfe9e, 0x0047, 0x009a, 0x00f6, 0x00c9, 0xffe3,
0xff80, 0xff33, 0x00de, 0x00bf, 0x0152, 0x01d2, 0x0194, 0x0306, 0x01c4, 0x01f1, 0x01e6, 0x02b6,
0x03d8, 0x0197, 0x02d2, 0x0280, 0x0156, 0xff37, 0xfd3e, 0xffdd, 0xfef3, 0xfe43, 0xfe6d, 0xfeb7,
0x0137, 0x0062, 0xfe7f, 0xfee2, 0xfdd6, 0xfd4b, 0x002c, 0x0160, 0x0295, 0x0333, 0x03c3, 0x0470,
0x0315, 0x01b7, 0x00c2, 0x0264, 0x01f2, 0x02b4, 0x0401, 0x02e5, 0x0142, 0x00bb, 0x0068, 0xfe21,
0xffaf, 0xfebf, 0xfe4d, 0xff27, 0xfdde, 0xffa0, 0xff40, 0xff0c, 0x0011, 0x00bc, 0x01d5, 0x00f2,
0x0159, 0x03b7, 0x0353, 0x0246, 0x024e, 0x01ff, 0x01f8, 0x011a, 0x01ed, 0x0211, 0x00c8, 0x000e,
0xfec5, 0xfe13, 0xfdaa, 0xfd73, 0xfe79, 0xff59, 0xfe7a, 0xff59, 0xfedf, 0xfe7c, 0xff8d, 0xff72,
0xffa6, 0x0027, 0x01af, 0x0321, 0x02bb, 0x027c, 0x0245, 0x0158, 0x01bd, 0x0115, 0xffba, 0xfe97,
0xfdc3, 0xfc58, 0xfcee, 0xfd61, 0xfad8, 0xfb28, 0xfb43, 0xfc08, 0xfcba, 0xfcd4, 0xfdda, 0xfdb9,
0xfe5b, 0xfe02, 0xfef7, 0xfe63, 
};

/* OFF (good) : 16000 probek */
static const u16 audio_off_good[16000] = {
0xfff8, 0xfff8, 0x0000, 0xffdb, 0xffc4, 0x0017, 0x002d, 0xfff6, 0x0006, 0xffb6, 0xffd5, 0xffec,
0xffaf, 0x0014, 0x000b, 0xffe9, 0xffe3, 0xffba, 0xffa2, 0xffbe, 0xffde, 0xffef, 0x0002, 0xfffc,
0x0001, 0x0022, 0x0029, 0x0002, 0xffe8, 0xffb2, 0xff83, 0xffa8, 0xfff2, 0x0001, 0x0001, 0xfffb,
0x0002, 0x0017, 0x003a, 0x0039, 0x0024, 0x003c, 0xfff9, 0xffc9, 0xffcf, 0xfffb, 0x0016, 0x0008,
0x0011, 0xffea, 0x000d, 0x0051, 0x0035, 0x0008, 0xffee, 0xffdf, 0xffee, 0xfff3, 0xffdc, 0x001a,
0x0054, 0xfff8, 0xffcb, 0xfffa, 0x0017, 0x004d, 0x004d, 0x0005, 0xffcb, 0xffed, 0x002b, 0xffe9,
0xffd6, 0x0003, 0x0008, 0x0001, 0xffba, 0xffcf, 0x0008, 0x000d, 0x0030, 0x002d, 0x002b, 0x001f,
0x0014, 0x0022, 0xffe2, 0xffd6, 0x000e, 0x0028, 0x0020, 0x002b, 0x002e, 0x000c, 0x0019, 0x0028,
0x003b, 0x0021, 0x001c, 0xfffe, 0xffde, 0xfff5, 0xffe9, 0x000a, 0xffd5, 0xffc7, 0xfffd, 0xffdb,
0xffed, 0xfff4, 0xffca, 0xffd7, 0xffe6, 0xffd6, 0xffd3, 0xffee, 0xffc1, 0xffa9, 0xffff, 0x003b,
0x0024, 0xffea, 0x0007, 0x0033, 0xfffc, 0xffac, 0xffcc, 0x000a, 0x0007, 0xfff9, 0xffd2, 0xfff8,
0xffff, 0xffdb, 0x004a, 0x004c, 0x0007, 0x0034, 0x0009, 0xfff0, 0x0027, 0x0056, 0x006d, 0x000c,
0xffad, 0xffc4, 0xffcf, 0xffd3, 0xffe0, 0xffdc, 0x0026, 0x0019, 0x000a, 0xffe6, 0xffa8, 0x003c,
0x003e, 0xffea, 0x0044, 0x0088, 0x0042, 0xffea, 0xffd9, 0x001c, 0x001f, 0xffb8, 0xffd0, 0xffdf,
0xfff1, 0xfffd, 0xffd1, 0x003c, 0x006d, 0x0067, 0x0050, 0x0022, 0x0047, 0xfff4, 0xffc8, 0xffd8,
0xffe5, 0x0001, 0xffdd, 0xffe0, 0x0008, 0x001d, 0xffd9, 0x000d, 0x000e, 0xffbb, 0xffe7, 0xfff2,
0xfffc, 0xffb0, 0xff6c, 0xffb1, 0xffe9, 0xffd2, 0xffd1, 0xfffb, 0x0034, 0x0008, 0xffe1, 0x0023,
0x0029, 0x0049, 0x000e, 0xffe9, 0x0052, 0x003a, 0xfff2, 0x001e, 0x000e, 0xffde, 0xffbe, 0xffcc,
0x001f, 0xfffd, 0x0007, 0x0027, 0x001b, 0xfff8, 0xffe5, 0x002f, 0x004b, 0x0009, 0xffeb, 0x001a,
0xfffe, 0xfffe, 0xffff, 0xffe4, 0xffe8, 0xffc1, 0xffe8, 0x001c, 0x000b, 0xfff4, 0xfffd, 0x002c,
0x0014, 0x000d, 0x001d, 0xffed, 0xffe3, 0xffe4, 0xfff7, 0x002e, 0x002b, 0x001a, 0x0015, 0xfff9,
0x0038, 0x0025, 0xffd5, 0x001e, 0x0038, 0xffed, 0xffdd, 0xffed, 0xffb5, 0xfff1, 0x0013, 0xfff6,
0x000d, 0xfff3, 0xffeb, 0xffc3, 0xffec, 0xfff2, 0xffbf, 0xfff9, 0xfff7, 0x0007, 0x004d, 0x0018,
0xffe6, 0x000a, 0xffeb, 0xffbd, 0xffe4, 0x0050, 0x0066, 0x000f, 0xfff2, 0xfff2, 0x000a, 0x0009,
0xfffa, 0x001a, 0xffec, 0xffe2, 0xfff0, 0x0005, 0x001f, 0x0004, 0x0032, 0x0016, 0xffec, 0x0017,
0x000e, 0x000f, 0x0020, 0xffe9, 0xffe1, 0x0002, 0xfff5, 0xffe8, 0xffbc, 0xffcb, 0x002e, 0x0033,
0xffe8, 0xffef, 0xffe6, 0xffe8, 0x0012, 0xfff0, 0xffc1, 0xffdc, 0x0009, 0xfff1, 0x003e, 0x003a,
0xfffd, 0x0016, 0xffe9, 0xff9e, 0xff8e, 0xffdf, 0xffba, 0xffea, 0x003a, 0xfff8, 0xffef, 0xfffb,
0x003a, 0x0058, 0x007a, 0x003f, 0x000f, 0x003a, 0xfff7, 0x0013, 0x000c, 0xffdc, 0x0017, 0x0019,
0x0003, 0x0011, 0x0048, 0x0039, 0xffe0, 0xfff1, 0xfffb, 0xffdc, 0xfff9, 0x003f, 0x0014, 0xffc9,
0x0029, 0x0039, 0xffcb, 0xffbf, 0xffe7, 0xffe8, 0x0024, 0x0047, 0x0009, 0xfffb, 0xfff1, 0xffb5,
0xffa8, 0xffe3, 0xfffa, 0xfff9, 0xffeb, 0xffcc, 0xffc4, 0xffec, 0x0014, 0xfffb, 0xffe9, 0xffdc,
0xffe2, 0x001a, 0x0026, 0x0001, 0x0001, 0x0013, 0x000c, 0x0017, 0x0022, 0xfff4, 0xffec, 0x0020,
0x002e, 0x0013, 0xfff0, 0xffeb, 0xffe4, 0xffde, 0xffe7, 0xffdc, 0x000a, 0x002d, 0x0019, 0x0012,
0x0017, 0x0027, 0x0035, 0x0055, 0x002b, 0xffc5, 0xffef, 0x004f, 0x001b, 0xffb8, 0xffa7, 0xffe9,
0xffe5, 0xffb8, 0xffdb, 0xffeb, 0x0006, 0x003e, 0x0026, 0xffc5, 0xfff8, 0x0025, 0xffe0, 0xffd8,
0xffcf, 0xfffc, 0x0046, 0x0027, 0xffea, 0x0001, 0x0016, 0x0041, 0x0073, 0x004f, 0x002d, 0x0023,
0x000d, 0x0006, 0x0000, 0xffcc, 0xffd8, 0x0018, 0x0013, 0xfff3, 0x0012, 0xffe8, 0xffe2, 0x004b,
0x0036, 0xffe5, 0xffcb, 0xfff8, 0x000a, 0xfff9, 0xffcd, 0xffde, 0xfffe, 0xfffa, 0xffda, 0xffae,
0xfffb, 0x0004, 0x0029, 0x0013, 0xffb0, 0xffa2, 0xffc1, 0x0016, 0xffe4, 0xffc6, 0xffee, 0xffd8,
0x0001, 0x0043, 0x000a, 0xfff7, 0x0036, 0x001c, 0x0003, 0x0030, 0x0038, 0x0013, 0x0003, 0xffab,
0xff80, 0xfff4, 0x003e, 0x001d, 0xfff7, 0xffee, 0xfff5, 0xffec, 0xffec, 0x0002, 0x0016, 0x0039,
0x003b, 0x0043, 0x0029, 0xff92, 0xff75, 0xffe3, 0xfffa, 0xffd6, 0xffb8, 0x0006, 0x0015, 0x001c,
0x0073, 0x0040, 0x0021, 0xfffc, 0xffdc, 0x0012, 0x0051, 0x006c, 0x0036, 0x001d, 0x0035, 0x0024,
0xfff1, 0xffdf, 0xffdc, 0xfff1, 0x0009, 0x0000, 0x003b, 0x0041, 0x0008, 0x0000, 0x0005, 0x001e,
0x0001, 0xffe7, 0x0006, 0xffe7, 0xffaa, 0xffc1, 0x000b, 0x001a, 0xffe4, 0xffae, 0xffaf, 0xfffb,
0x0032, 0x001a, 0x000a, 0xfff9, 0x0001, 0x000f, 0xffdf, 0xffe8, 0x0019, 0x005b, 0x0059, 0x000a,
0x0003, 0xffc0, 0xffa8, 0x0000, 0x001c, 0x0002, 0xffc8, 0xffe5, 0x0009, 0xffe5, 0x0002, 0xffed,
0xff9b, 0xffb5, 0xffed, 0x001d, 0x004b, 0x000f, 0xfff2, 0xfff8, 0xfffe, 0x002e, 0xfff4, 0x0000,
0x0045, 0x0019, 0xfffa, 0x0008, 0x001e, 0xffd0, 0xff92, 0xffd6, 0x000b, 0x0036, 0x0056, 0x0014,
0xffe7, 0xffe5, 0xfff2, 0x0020, 0xfff5, 0xffcc, 0xffbd, 0xffd4, 0x0011, 0x0001, 0x0040, 0x003f,
0xffb8, 0xffe0, 0x0035, 0xffeb, 0xffdf, 0x000c, 0xffe9, 0x0002, 0x0035, 0x0041, 0x000b, 0xfff2,
0x0013, 0x0000, 0x0019, 0x0012, 0xfffd, 0xffed, 0xffe8, 0x0018, 0x0023, 0x0024, 0xfffb, 0x0001,
0x000f, 0xffbd, 0xffc4, 0xffd7, 0xffcc, 0x0013, 0x0018, 0x0021, 0x0067, 0x003f, 0xffe9, 0xffe3,
0xfff3, 0xffda, 0xffef, 0xfffe, 0xffed, 0x000f, 0x0024, 0x0000, 0xffdb, 0xffda, 0xffe8, 0x0008,
0x0058, 0x007e, 0x001e, 0xffe1, 0xffef, 0xfff6, 0x0038, 0x0060, 0x003c, 0xfffc, 0xffe0, 0x000f,
0x002f, 0x0025, 0xffde, 0xffcb, 0xffc8, 0xffb9, 0xffdf, 0x0000, 0x0032, 0x001b, 0x000c, 0x0007,
0xffca, 0x0013, 0x001c, 0xff89, 0xff6d, 0xff78, 0xff9a, 0x0002, 0x003b, 0x001f, 0xffe6, 0x0012,
0x002b, 0x000f, 0x0027, 0x0034, 0x002f, 0x0020, 0xffd4, 0xffb4, 0xfff5, 0xfff8, 0xffe8, 0x001a,
0x0034, 0x002a, 0xfff4, 0xffdb, 0xfffa, 0xfff6, 0x0012, 0x002a, 0x0019, 0xffeb, 0x0013, 0x003d,
0xffe1, 0x002c, 0x0051, 0xfff0, 0xfffb, 0x0012, 0x001b, 0xffdb, 0xfff0, 0x0031, 0x0023, 0xfff8,
0xff92, 0xffaa, 0xffea, 0xffe7, 0xffe3, 0x001b, 0xfffe, 0xffd3, 0x001f, 0x0036, 0x000f, 0xfffa,
0x0022, 0x0029, 0x0000, 0xffa3, 0xffc7, 0x0019, 0x0004, 0xffee, 0xffe8, 0xfffb, 0xfffb, 0x0028,
0x000b, 0xfffe, 0x002d, 0x002b, 0x000e, 0xffee, 0xffd4, 0xffd1, 0x0004, 0x001b, 0xfffc, 0xffd9,
0xffd0, 0xffa0, 0xffbe, 0x000e, 0x0036, 0x0043, 0x001f, 0x0008, 0x0027, 0x003e, 0xffe6, 0xffb4,
0xffe0, 0x0025, 0x004e, 0x0052, 0x0021, 0xfffe, 0x0026, 0x0002, 0xffee, 0x000f, 0x0022, 0x002e,
0x001d, 0xffed, 0xffa8, 0xfff5, 0x0052, 0x0005, 0xffd3, 0xffc8, 0xfff7, 0x001a, 0xffb6, 0xffa6,
0xffd9, 0xfff7, 0xfff0, 0xffde, 0x0016, 0x0010, 0xffea, 0xffd3, 0x0012, 0x0016, 0xffe6, 0x0046,
0x0036, 0x000f, 0x000f, 0xffe9, 0x0008, 0x006b, 0x0095, 0x0025, 0xffc9, 0xfffc, 0x0011, 0xffb0,
0xff93, 0xffe4, 0xfff7, 0xffc9, 0x0000, 0x0045, 0x002a, 0x0001, 0x0004, 0x001a, 0x0020, 0x004f,
0x0046, 0x000d, 0xffe6, 0xff82, 0xffbd, 0x001b, 0x0003, 0xfff8, 0xffec, 0x0004, 0x0008, 0xffe8,
0xffc6, 0xfff7, 0x000d, 0x0009, 0x0005, 0xffe2, 0xfff5, 0x001c, 0x001c, 0xffed, 0xffed, 0xfff8,
0x0037, 0x0061, 0x0032, 0xffea, 0xffb9, 0xffc6, 0x0004, 0xfff8, 0xffa7, 0xffd4, 0xffe1, 0xffd0,
0xfffa, 0x001f, 0x004a, 0x0055, 0x001b, 0xffbd, 0xff75, 0xff8d, 0xfff2, 0x0014, 0xffef, 0xffd0,
0xffc5, 0xffe4, 0x0020, 0x003a, 0x0018, 0x0004, 0x000a, 0xfff2, 0x001c, 0x0015, 0xffec, 0xfffd,
0x000e, 0x0046, 0x0020, 0xffff, 0x001d, 0x0032, 0x0060, 0x003e, 0x002c, 0x001b, 0x0017, 0x0036,
0x000c, 0x000c, 0xfffc, 0xfff1, 0xffe7, 0xffe6, 0x0000, 0x0015, 0x004a, 0xfff5, 0xffb6, 0xffde,
0xffea, 0xfff9, 0xffe6, 0xffd4, 0xffc4, 0xffd4, 0x001a, 0x0004, 0xffd0, 0xffff, 0x005d, 0x005b,
0xffd6, 0xffb7, 0x0043, 0x0043, 0x0003, 0x000b, 0x0010, 0x0018, 0x0004, 0x001b, 0xffe2, 0xfff2,
0x0038, 0x0019, 0x0003, 0xffd8, 0xffee, 0x0000, 0x001b, 0xffee, 0xffa7, 0xffac, 0xff9c, 0x0005,
0x003b, 0xfffd, 0x0006, 0x000f, 0x0011, 0x0001, 0xffe5, 0x0008, 0x003f, 0x003f, 0x001a, 0xffff,
0xffeb, 0xfff2, 0xffe0, 0xffb7, 0xffdf, 0x0023, 0x000a, 0xfffe, 0xffc6, 0xff9f, 0x0016, 0x001a,
0xfff0, 0x0025, 0x004c, 0xffea, 0xff8a, 0xffa5, 0xffb7, 0xfffa, 0x0028, 0x002d, 0x0010, 0xffcc,
0xffc8, 0xfff6, 0x0027, 0x0050, 0x0030, 0xfff3, 0xfffb, 0x0003, 0x0012, 0x0003, 0xffdf, 0xffed,
0x000d, 0xffaf, 0xff92, 0xfffc, 0x0018, 0x0045, 0x0071, 0x0063, 0x001b, 0x0020, 0x0020, 0xffe2,
0xffc2, 0xffd6, 0x0025, 0x0068, 0x005b, 0xfff6, 0xffd7, 0xfff4, 0x0035, 0x001f, 0xfff0, 0xfff5,
0xffd3, 0xffda, 0xfff0, 0xffce, 0xffe1, 0xffd8, 0xffc5, 0x0046, 0xfffc, 0xffc3, 0x003d, 0x004c,
0x002c, 0x0028, 0x0033, 0x000b, 0xfff7, 0xfffa, 0xfff4, 0xfff0, 0x000a, 0x000c, 0xffe6, 0xfff0,
0xfffd, 0xfff5, 0x0002, 0x0043, 0x0038, 0xffe5, 0xffd5, 0xfff1, 0xffe3, 0xffd6, 0xffff, 0xffef,
0xffdf, 0xfff8, 0x0006, 0x002b, 0x005e, 0x007b, 0xfff5, 0xff95, 0xfff5, 0x0012, 0xfff5, 0xffca,
0xff92, 0xffe4, 0x006a, 0x002d, 0xfff6, 0x003c, 0x002a, 0x0008, 0x0033, 0x0053, 0x000f, 0xffcc,
0xffc3, 0xffcd, 0xffdd, 0x0006, 0x000d, 0x0008, 0x0003, 0xffd7, 0xfff5, 0xfffb, 0x001e, 0x004c,
0x0001, 0xffa8, 0xffbf, 0xffef, 0x0001, 0xfffe, 0xffc5, 0xffd4, 0xffcc, 0xfff0, 0xfff6, 0xffb4,
0xffe9, 0x0005, 0xffff, 0xfffe, 0x0016, 0x0018, 0xfffb, 0xffe5, 0xffa2, 0xff9b, 0x0013, 0x003c,
0x0024, 0x0015, 0xffc2, 0xffda, 0x002c, 0x000b, 0x000c, 0x0038, 0x004c, 0x005b, 0x001d, 0xffef,
0xffce, 0xffe9, 0x004c, 0x003e, 0xfffa, 0xffc8, 0xffbc, 0xfff0, 0x002f, 0xfffe, 0x0007, 0x0046,
0x0015, 0xffb9, 0xffc0, 0x0011, 0x0019, 0x005b, 0x0040, 0x0004, 0x001b, 0xffc4, 0xfff2, 0x0046,
0x0012, 0x0028, 0x003d, 0x005a, 0x0029, 0xffb5, 0xffdc, 0xfffe, 0x0014, 0x0035, 0x0016, 0x001d,
0x001c, 0xffe6, 0xffe2, 0xffdd, 0xffe1, 0xffed, 0x002f, 0x006c, 0x001b, 0xfffa, 0x000d, 0x000d,
0xffb9, 0xff50, 0xff98, 0x0000, 0xffd6, 0xffbe, 0xffe3, 0x0008, 0x0007, 0xffff, 0x003a, 0x001b,
0xffd7, 0x000a, 0x001a, 0xffaf, 0xffc1, 0xfff5, 0x0041, 0x005a, 0xffff, 0x000f, 0x0019, 0x001f,
0xffe4, 0x0000, 0x0023, 0xffd7, 0xffbe, 0xffcf, 0xfff6, 0xffba, 0xffa2, 0xffda, 0x002d, 0x0054,
0x000d, 0x0010, 0x005b, 0x0019, 0xffd6, 0xfffd, 0xfff2, 0x0016, 0x0048, 0x0001, 0xffc5, 0xffc0,
0xfff1, 0xfff6, 0xffbf, 0x0005, 0x0029, 0x0042, 0x0046, 0x0015, 0xfff8, 0xffb9, 0x000f, 0x001e,
0xffb6, 0xffac, 0xffc5, 0xfff3, 0x002a, 0x0010, 0xffc9, 0x0005, 0x002d, 0x0010, 0xffe8, 0xff89,
0xff96, 0xffe4, 0x0007, 0x0017, 0xffe6, 0xffdb, 0x0035, 0x0064, 0x0032, 0x0015, 0x001f, 0x005c,
0x005c, 0xfffd, 0x0006, 0x0017, 0x0025, 0x0032, 0x001f, 0xffff, 0x0028, 0x004d, 0xffe7, 0xffe5,
0xfff5, 0x0017, 0x0037, 0xfff9, 0xff9c, 0xff98, 0x0009, 0x0023, 0x0014, 0xffec, 0x0006, 0xfffd,
0xffe4, 0x0034, 0x0047, 0x001c, 0x0011, 0x004f, 0x0038, 0x002e, 0x0030, 0xffc7, 0xffb0, 0xffe8,
0xfff9, 0xffe7, 0xffeb, 0x0019, 0xffef, 0xffda, 0xfff0, 0xff96, 0xffc2, 0xfffe, 0xffcb, 0xffd9,
0xffe7, 0xffd0, 0xffea, 0xffe5, 0xffe9, 0x003e, 0x003c, 0x0041, 0x004f, 0x0026, 0xffd3, 0xff9b,
0xffa9, 0xffc7, 0x0014, 0x0036, 0x0011, 0xfff2, 0xffd2, 0xfffb, 0x0063, 0x003d, 0x002f, 0x0051,
0x000d, 0x0004, 0x001a, 0xffee, 0xffe3, 0x0026, 0x001f, 0xffe3, 0xffa0, 0xff84, 0xfff1, 0x0027,
0xfffb, 0xfffc, 0xfff2, 0xffd8, 0x0000, 0x003d, 0xfffc, 0xffac, 0xffbc, 0xffc8, 0xffc9, 0xfff0,
0x0018, 0xffec, 0xffcd, 0x000c, 0x0064, 0x0039, 0x0005, 0xfff0, 0xffb9, 0x0004, 0x0008, 0x0000,
0x0029, 0x000f, 0x000d, 0xfffd, 0xfffd, 0xffff, 0x002d, 0x0051, 0x0012, 0xfffd, 0x0000, 0x0033,
0x0059, 0x002f, 0x000f, 0xffc9, 0xffda, 0xfffc, 0xffe4, 0x001f, 0x0057, 0x002a, 0xffec, 0xfff4,
0xffef, 0x0022, 0x002f, 0x000c, 0x001b, 0xffe8, 0xfff3, 0xfff9, 0x0008, 0xfff2, 0xffd2, 0x001f,
0xffe9, 0xffe3, 0x002b, 0x0021, 0xffec, 0xffc6, 0x0026, 0x003a, 0xffdc, 0xffa1, 0xffc3, 0xffef,
0xffc4, 0xffe9, 0xfffd, 0xffee, 0xfffd, 0x0025, 0x0055, 0xffff, 0xffd1, 0xffe0, 0xffeb, 0x0034,
0x0035, 0x0051, 0x002b, 0xffbf, 0xfffa, 0xfff6, 0xfff1, 0x0032, 0x004c, 0x003d, 0x0025, 0x000e,
0x0010, 0x0030, 0xffe2, 0xffbb, 0xffc0, 0xffd6, 0xffbf, 0xffaa, 0xfff4, 0xffda, 0xffe0, 0xffeb,
0xffe0, 0x0007, 0x0021, 0x0043, 0xffe6, 0xfff1, 0x002d, 0xffe1, 0x0019, 0x0012, 0xfff2, 0x0020,
0x0026, 0xff9f, 0xffa7, 0x0032, 0xffd6, 0xfff7, 0x001d, 0x0007, 0xffc8, 0xffbe, 0x0018, 0xffc1,
0xffca, 0x0002, 0xfffc, 0xffdc, 0x0038, 0x0076, 0xffd1, 0x003a, 0x00cb, 0x0073, 0x001d, 0x0041,
0x0021, 0xff66, 0xff98, 0xffcb, 0xff73, 0xffb2, 0xfff7, 0xff8a, 0xff64, 0x003d, 0x009b, 0x0043,
0x006c, 0x0068, 0xfff2, 0xfffd, 0xfff0, 0xfff3, 0x0013, 0xfff4, 0xffe8, 0x001f, 0x0041, 0xffc9,
0x003a, 0x0078, 0x001b, 0x0029, 0x0002, 0x001d, 0xffec, 0x0010, 0xfffe, 0xffc4, 0x0032, 0x0027,
0x0003, 0xffec, 0x0015, 0x001f, 0x0032, 0x0056, 0x003f, 0x003f, 0xffe4, 0xffd8, 0xffdc, 0xffc6,
0xffd6, 0xffe8, 0x001a, 0xffd3, 0xffcb, 0xfffd, 0xffd1, 0xffa6, 0xff84, 0xffb2, 0xffdc, 0xfff2,
0x0007, 0xffdb, 0xfff1, 0x0005, 0xfffe, 0x001a, 0x001f, 0x0030, 0x0017, 0x0004, 0x000c, 0xffff,
0x0001, 0xfff2, 0xffe3, 0xffc8, 0xffeb, 0x000a, 0x0053, 0x004e, 0xffd8, 0x005c, 0x004f, 0xffe8,
0x0005, 0xffcd, 0xffcc, 0xffc3, 0xffe6, 0x0014, 0x0007, 0x000c, 0x000a, 0x0013, 0xffe8, 0xffe9,
0xffe4, 0x0025, 0x0057, 0x000f, 0x0021, 0xff8f, 0xff9c, 0xffe4, 0xff72, 0xffb5, 0xfff0, 0x0022,
0xffef, 0x001d, 0x0081, 0x0062, 0x006d, 0xffff, 0x000a, 0xfffc, 0x0015, 0x0063, 0x0007, 0x000f,
0xffd0, 0x0003, 0x004a, 0x004d, 0x003c, 0xffb4, 0x0007, 0x0032, 0x0000, 0xffbc, 0xffd8, 0x000c,
0xffcc, 0x0005, 0xffee, 0xfffc, 0x0010, 0x0001, 0x0025, 0xfff0, 0x0044, 0x003a, 0x002b, 0x005b,
0xffc9, 0xfff2, 0xffb8, 0xff71, 0xffb1, 0xff8f, 0xffc9, 0xffd8, 0xffb1, 0xff5c, 0xff9f, 0x0032,
0x0031, 0x005f, 0x0060, 0x0038, 0x0004, 0xfff5, 0x0062, 0x002a, 0x0006, 0x002f, 0xfffc, 0xffd9,
0xffc7, 0xffda, 0xffb7, 0x001e, 0x0049, 0x002a, 0x002f, 0x000e, 0x002d, 0x0016, 0x0038, 0xffc6,
0xff97, 0xfff1, 0xffd0, 0xffe3, 0x0003, 0x0026, 0x0007, 0xfff2, 0x0035, 0x0009, 0xffe6, 0x0010,
0x0000, 0xfffe, 0x000a, 0x000d, 0xffe6, 0xffda, 0xfff2, 0x0003, 0x0039, 0x001f, 0xffba, 0xffc3,
0x0011, 0xfff0, 0xffdf, 0x0000, 0x0013, 0x0017, 0xffd8, 0xffd0, 0x0002, 0x0012, 0x002d, 0x0059,
0x0092, 0x004a, 0xffc1, 0xffbf, 0x001a, 0x002e, 0xffe4, 0x0044, 0x004d, 0xffe3, 0xffd6, 0xfff7,
0x0022, 0xffd3, 0xffd5, 0xfffc, 0xffef, 0xfffe, 0xfff1, 0xffeb, 0xffd7, 0x0011, 0x0085, 0x0059,
0xfffa, 0xffef, 0x002b, 0xfff7, 0xffca, 0x0006, 0xffc7, 0xffce, 0x0001, 0x001b, 0xfff6, 0x000b,
0x0022, 0xffec, 0x001f, 0xffe2, 0xffd4, 0x0004, 0xfff1, 0xffe7, 0x001a, 0x0020, 0xfff4, 0xfffc,
0xffb0, 0xffd3, 0x0048, 0x0032, 0x0002, 0xffc4, 0xffa3, 0xffcd, 0xfff2, 0x0015, 0x0003, 0xfffe,
0x002a, 0x002f, 0x002d, 0x0004, 0xfff8, 0xfff6, 0xffdc, 0xffc0, 0xffc5, 0x0017, 0xffe1, 0xffe1,
0xffd8, 0xff98, 0x0007, 0x0008, 0xfffd, 0xffdb, 0xffe0, 0xfff8, 0xffe4, 0x001d, 0x0003, 0x0001,
0xfff1, 0x001e, 0x0020, 0xfff4, 0x0041, 0x003f, 0x0002, 0xffef, 0x0034, 0x0056, 0x004e, 0x004e,
0x0038, 0x000a, 0xffd2, 0xfff4, 0xfffe, 0xffc8, 0x000c, 0x002e, 0xffed, 0xffff, 0x001d, 0x000c,
0x0031, 0x005e, 0x004a, 0x0070, 0x0050, 0x0009, 0xffe4, 0xffc2, 0xffc3, 0xff9a, 0xffb4, 0xffee,
0x001d, 0x001d, 0xffce, 0xffa7, 0xffe6, 0xffdc, 0xfffa, 0x005c, 0x003f, 0x000d, 0xffe9, 0xffe9,
0xffca, 0xfffd, 0x0027, 0x002c, 0x0066, 0x001f, 0xffd2, 0xffec, 0xffed, 0xffd9, 0x003a, 0x008a,
0x0048, 0xfff8, 0xffc1, 0xff80, 0xff8e, 0xffe6, 0x0004, 0x0021, 0x0017, 0xffd5, 0xffaf, 0xffc6,
0x000b, 0x0012, 0x0025, 0x0028, 0x0018, 0xffec, 0xffd6, 0x0009, 0xffd4, 0xffea, 0xfff3, 0xffe9,
0x0025, 0xfff9, 0xfff0, 0xfff6, 0xffc2, 0xffc8, 0xffac, 0xffcb, 0x000d, 0xffd6, 0xfffc, 0xfff5,
0xffec, 0x0008, 0x0000, 0x0036, 0xfffb, 0xffdc, 0xfff1, 0x0000, 0x0045, 0x003a, 0xfffb, 0xffdd,
0xfff9, 0xfff2, 0xffb4, 0xffdd, 0x0023, 0x0029, 0x0004, 0x0022, 0x0069, 0x004c, 0x001c, 0xffe1,
0xfff7, 0x002f, 0x002b, 0x0037, 0x0035, 0x0029, 0x003a, 0x004f, 0xfff6, 0xfff3, 0x0020, 0xffca,
0xffda, 0x000a, 0xfff4, 0xffe4, 0xffdb, 0xfff8, 0xfff9, 0x0011, 0x007c, 0x0077, 0x000f, 0xfff8,
0xffff, 0xffdf, 0xffd7, 0x000a, 0x0031, 0x0022, 0xffe6, 0xffd6, 0x0000, 0x0017, 0x001f, 0x000a,
0x0027, 0x0028, 0xffe4, 0xffee, 0xffcf, 0xffce, 0xffff, 0x0000, 0xfff5, 0xffd6, 0xffde, 0xffe8,
0x0016, 0x000c, 0xffd3, 0x0019, 0x001f, 0xffed, 0xffe1, 0xffdf, 0xffca, 0xffe0, 0x001f, 0x001a,
0x000d, 0xffc5, 0xff97, 0xfff4, 0x0009, 0xffe6, 0xffff, 0x0007, 0xffe2, 0xffb5, 0xffe0, 0xfff2,
0xffce, 0xfff2, 0x0002, 0x0000, 0x002b, 0x0035, 0x0012, 0xffec, 0xffca, 0xffd0, 0xffd4, 0x0001,
0x0050, 0x0046, 0x0007, 0x0001, 0x001b, 0x0020, 0x0021, 0x0029, 0x001e, 0x0007, 0x002c, 0x0003,
0xffc5, 0xffe2, 0xfffe, 0xffeb, 0xffe6, 0x000d, 0x0021, 0x0015, 0xfff9, 0x0008, 0x0012, 0x0048,
0x0030, 0xffd2, 0xffe7, 0x0014, 0x0029, 0x0001, 0xffce, 0xffeb, 0x0019, 0x0008, 0x000b, 0x001f,
0xffe2, 0xffd1, 0x0015, 0x0037, 0x0038, 0xffda, 0xffc8, 0xfff9, 0x0015, 0x002d, 0xffe0, 0xfffb,
0x0007, 0xfffe, 0x005f, 0x006d, 0x001a, 0xffc7, 0xffb0, 0xffb9, 0x000d, 0x004e, 0xfffd, 0xffb5,
0xff8f, 0xffa7, 0x001f, 0x0061, 0x0036, 0xffc6, 0xffce, 0x0037, 0x0032, 0xfff2, 0x0021, 0x0021,
0xffee, 0x001c, 0xfff5, 0xfffe, 0x000a, 0x0013, 0x0029, 0x003d, 0x006f, 0x0015, 0xffc7, 0xff91,
0xff78, 0xff9f, 0xfff8, 0x005c, 0x004f, 0x0018, 0x000a, 0xffff, 0x0001, 0x001d, 0x0018, 0xfff6,
0xffb5, 0xffa2, 0xffc3, 0xffc0, 0xffaf, 0xffe1, 0xfff6, 0xffae, 0xffc0, 0x0012, 0x0013, 0x002b,
0x002d, 0xffd9, 0xffbd, 0xffe9, 0xffe5, 0xff8a, 0xff9c, 0xffe2, 0x0025, 0x004a, 0x0040, 0x0060,
0x0023, 0xffd3, 0x0012, 0x009c, 0x0071, 0x0002, 0xffba, 0xff84, 0xffa0, 0xffcf, 0x000b, 0x0019,
0x0037, 0x003f, 0x0026, 0x0066, 0x0078, 0x006f, 0x005c, 0x0030, 0x0028, 0x0004, 0xffdd, 0xffaa,
0xffe3, 0xffee, 0xffde, 0x003d, 0x0058, 0x0051, 0x000e, 0x0036, 0x0023, 0xffde, 0xffe0, 0xffbc,
0xffdb, 0xfff4, 0x0007, 0xfffe, 0xfffa, 0xfffa, 0xfff9, 0x002d, 0x0038, 0x0006, 0xffc7, 0xffd2,
0x001b, 0x0019, 0xffed, 0xffcf, 0xffc1, 0xffc3, 0xffee, 0xffe8, 0xff8f, 0xffa8, 0xfffa, 0x0019,
0x000b, 0xffec, 0xfff7, 0x0014, 0xffde, 0xffb5, 0xffc5, 0xfff8, 0x0028, 0x001f, 0x0018, 0xfffb,
0x0020, 0x0035, 0x0021, 0x000a, 0xffe3, 0xffc0, 0xff98, 0xffc1, 0x0031, 0x003d, 0x0004, 0x0007,
0xfff9, 0x0007, 0x002f, 0x0032, 0x0012, 0xffe7, 0xffde, 0xffd5, 0xffb3, 0xfff5, 0x0036, 0x000f,
0xffdd, 0x0006, 0x0069, 0x0092, 0x0092, 0x002a, 0x0004, 0xffe3, 0xffc6, 0xffce, 0xffad, 0xffad,
0xffb3, 0x000b, 0x0036, 0x0054, 0x001d, 0xfff2, 0x003d, 0x0044, 0x0049, 0x0009, 0xfffe, 0x001d,
0xffee, 0xffdd, 0xffdd, 0x0000, 0x0004, 0xffee, 0x0014, 0x0046, 0x0052, 0x0004, 0xffd1, 0xfff0,
0xffef, 0xff8d, 0xff87, 0x0019, 0x0023, 0xfff9, 0x0035, 0x002c, 0xffee, 0x0013, 0x0025, 0x0028,
0x001f, 0xffe8, 0xffe9, 0xffed, 0xffd8, 0xff85, 0xffa7, 0x0023, 0x0028, 0x0000, 0x001b, 0x0063,
0x0028, 0xffd5, 0xffcb, 0xffe0, 0xfff7, 0xfff8, 0xfff9, 0xffb9, 0xff86, 0xff8c, 0xfff1, 0x0072,
0x006b, 0x0040, 0x0016, 0x0001, 0x0027, 0x0023, 0xffdc, 0xff81, 0xff3c, 0xff9c, 0x0017, 0x001a,
0x0059, 0x0074, 0xffe9, 0xffbb, 0x0005, 0x002c, 0x006b, 0x0041, 0xffd2, 0xffcf, 0x0009, 0x000a,
0xfff1, 0x0002, 0x002d, 0x0040, 0x003d, 0x0070, 0x0054, 0x002f, 0x0047, 0xfff5, 0xff70, 0xff87,
0xffe1, 0xffcd, 0xffa4, 0xffe8, 0x002b, 0x0008, 0x000d, 0x0027, 0x0051, 0x001f, 0xffcb, 0xfff0,
0x000d, 0xffef, 0xffd7, 0xffb0, 0xff91, 0x0002, 0x002d, 0x0032, 0x007e, 0x004f, 0x001e, 0xfffb,
0xffce, 0x0011, 0x000d, 0xffa4, 0xff78, 0xffd3, 0x002e, 0x0005, 0xffee, 0x000d, 0x0017, 0x0001,
0x0035, 0x004a, 0x001a, 0x0028, 0x000f, 0xffee, 0xfff5, 0xffcd, 0xfff7, 0x0017, 0xfff8, 0x0000,
0xffe2, 0x000f, 0x0018, 0xffe0, 0xffff, 0x0004, 0x0028, 0x0059, 0x0012, 0xffde, 0xffb7, 0xffcf,
0xffdf, 0xffaa, 0xffe9, 0x000c, 0x0045, 0x003d, 0x0014, 0x0037, 0xfff1, 0xffc1, 0xffb1, 0xffdf,
0xfffd, 0xfff1, 0x0005, 0x0002, 0x002d, 0x004e, 0x0006, 0xffc1, 0xfffe, 0x0046, 0x0044, 0x003e,
0x0019, 0xffa2, 0xff6b, 0xffdb, 0x0045, 0x0064, 0x0028, 0xffc9, 0xffa8, 0xffa8, 0xffc5, 0xfffa,
0x003d, 0x002d, 0xffef, 0x001f, 0x0048, 0x001f, 0xffbe, 0xffa7, 0xffb4, 0xffa0, 0xffe4, 0xffff,
0xffe6, 0x001c, 0x0058, 0x0005, 0xffeb, 0x0034, 0x0017, 0xffe8, 0x0004, 0x0025, 0x0034, 0x0034,
0xffe2, 0xffc5, 0xffed, 0x0005, 0x0006, 0xfffb, 0xfffd, 0x0005, 0xfff4, 0xffe8, 0x0023, 0x006b,
0x0059, 0x0005, 0x001a, 0x002c, 0xfff2, 0xffe1, 0x0000, 0x0006, 0x0006, 0x002f, 0x001f, 0xfff7,
0xffe2, 0xffc7, 0xffc2, 0x0000, 0x0025, 0x0019, 0x0017, 0xffd0, 0xffc9, 0x003a, 0x004c, 0x0029,
0x0008, 0xffbd, 0xffec, 0x0034, 0x002a, 0x000a, 0xffff, 0x0006, 0xffb3, 0xffbe, 0x001a, 0x002a,
0x0007, 0x0001, 0x0027, 0x0008, 0xfff7, 0xfffa, 0x000d, 0x0010, 0xffdb, 0xffdb, 0xfff9, 0xfffc,
0xffd6, 0xff9b, 0xffbd, 0xfffd, 0xfff8, 0x000b, 0xffdf, 0xff7f, 0xff95, 0xfff7, 0x005f, 0x0070,
0x0037, 0x000b, 0xfff5, 0xffef, 0xffec, 0xffec, 0xfffa, 0x0015, 0x0012, 0xffd8, 0xffe0, 0x0016,
0xfff2, 0xffed, 0x0018, 0x0022, 0x0018, 0xffe4, 0xffef, 0xfff5, 0xffdf, 0xffe8, 0x0000, 0x003c,
0x0040, 0x002d, 0x0028, 0x000b, 0x0009, 0x0015, 0xffe1, 0xffdf, 0xffef, 0xffc2, 0xfff3, 0x000f,
0xfff2, 0x000d, 0x0041, 0x0001, 0xff99, 0xffd9, 0x0008, 0x0045, 0x0099, 0x005c, 0x0014, 0xfffc,
0xfff9, 0xffeb, 0xffb8, 0xffc8, 0x0000, 0xfff8, 0xffee, 0xfffc, 0x004c, 0x0072, 0x005e, 0x002e,
0xffc1, 0xffff, 0x003b, 0xffb9, 0xff91, 0xfff0, 0xffe5, 0xffd0, 0x003d, 0x004e, 0xffff, 0xffeb,
0x0006, 0x001a, 0x004e, 0x0066, 0xfff5, 0xffaf, 0xffd3, 0xffba, 0xffe1, 0x0014, 0xffef, 0x0004,
0x001f, 0x0023, 0xffdf, 0xffd7, 0x0025, 0x004a, 0x005e, 0xffdd, 0xff74, 0xff80, 0xffb1, 0xfffe,
0x0013, 0x003c, 0x0058, 0x000f, 0xffd4, 0xffdf, 0xffe2, 0xffe6, 0x0001, 0xfffe, 0xffff, 0x0002,
0xffd0, 0xff8e, 0xff7b, 0xffd4, 0x000c, 0xffca, 0xffda, 0x001d, 0x0003, 0x001f, 0x0072, 0x0068,
0x0059, 0x001f, 0xfff5, 0x0022, 0x002b, 0x000d, 0xfffe, 0xfff6, 0xfffb, 0x0036, 0x0024, 0xfff7,
0xffda, 0xfff6, 0x0008, 0xffe8, 0x001b, 0x0039, 0x0043, 0xffe3, 0xffa1, 0xff97, 0xffc9, 0x0023,
0xfffc, 0x0000, 0x0029, 0x006c, 0x005c, 0xfff7, 0xffc5, 0xff9d, 0xffb5, 0x0001, 0xfffc, 0x0004,
0x0016, 0xffd9, 0xffdc, 0xfff6, 0x0047, 0x0092, 0x0080, 0x0039, 0xffd0, 0xff8e, 0xff72, 0xffc6,
0x0012, 0x0010, 0x0047, 0x0047, 0x0001, 0x0016, 0x000e, 0xffd6, 0xfff8, 0x001f, 0x002d, 0x001f,
0xfff0, 0xffaf, 0xff90, 0xffd3, 0x0018, 0xfffa, 0xffda, 0xfff6, 0x001c, 0x003c, 0x0022, 0xfff5,
0xffe8, 0xfff9, 0x0029, 0x0043, 0x001f, 0xffc7, 0xffb7, 0xffaf, 0xff9e, 0x0002, 0x0074, 0x0045,
0xffcb, 0xffdd, 0xffe1, 0xffbe, 0xffea, 0x003e, 0x0050, 0x0028, 0xfffa, 0xffae, 0xffb1, 0xffaf,
0xfff2, 0x0052, 0x0068, 0x008e, 0x0047, 0xffdd, 0xffd6, 0xfff5, 0x0024, 0x002f, 0x0010, 0x0012,
0xfff7, 0xffeb, 0xffc0, 0xffa7, 0xffe4, 0xfff1, 0x0020, 0x005e, 0x0057, 0x0034, 0x001d, 0xffe9,
0xffea, 0x000b, 0x0026, 0x0036, 0xffed, 0xffc6, 0xffde, 0x0013, 0x003d, 0x002f, 0x0011, 0xffe2,
0xffb3, 0xffc7, 0xfff4, 0xffdf, 0xffc9, 0xffe8, 0xffff, 0xfff9, 0xfff8, 0x002e, 0x0018, 0x0006,
0x003d, 0x0006, 0xfff6, 0xffd9, 0xffd7, 0x004f, 0x0060, 0xffdf, 0xff9a, 0xffaa, 0xff88, 0xffa0,
0xffd9, 0x001c, 0x0029, 0x002c, 0x0002, 0xffa2, 0xffef, 0x004b, 0x0088, 0x0051, 0xfffd, 0xffcc,
0xffb2, 0xfff6, 0xffe8, 0x0012, 0x003d, 0x0021, 0x0005, 0xffe6, 0xffec, 0xffcc, 0xffa9, 0xffe1,
0x0035, 0x0057, 0x003c, 0xffb5, 0xff9b, 0xffee, 0x0025, 0x0067, 0x0048, 0x0051, 0x0037, 0xffb1,
0xffb5, 0xfff8, 0xffc5, 0xffb3, 0x0004, 0x0020, 0x000e, 0xffc3, 0xffe2, 0x0037, 0x0018, 0x0025,
0x0061, 0x0071, 0x0013, 0xffec, 0x0006, 0xfff0, 0xfffb, 0xffc7, 0xff90, 0xffe9, 0x0021, 0x0001,
0xffee, 0x000a, 0x0021, 0xfff7, 0x002a, 0x0082, 0x007e, 0x002f, 0xfffa, 0xffa6, 0xff99, 0x0031,
0xfff3, 0xffc4, 0x0011, 0xfffd, 0xffe2, 0xffd8, 0xffdc, 0x0020, 0x0055, 0x000f, 0xffd1, 0xffd9,
0xfffb, 0xffe8, 0xfffd, 0x000d, 0x0009, 0x0054, 0x0028, 0xffc9, 0xffd5, 0x0023, 0x002b, 0x0021,
0x0056, 0x0039, 0x0003, 0xfff9, 0xffe5, 0xffd3, 0xffc6, 0xffcd, 0xfff2, 0x0019, 0xfff5, 0xffd4,
0x0014, 0x0005, 0xffc8, 0xffd5, 0x0023, 0x001e, 0xffad, 0xff96, 0xffcb, 0x0034, 0x002b, 0xfff1,
0x0044, 0x0059, 0x0018, 0xffd0, 0xffed, 0x000a, 0xffdd, 0xffe6, 0x0003, 0x0030, 0x0009, 0xffd6,
0xffb0, 0xffcc, 0x001a, 0x0008, 0x0040, 0x002b, 0xfff1, 0xfffc, 0xffd1, 0xffd4, 0x0018, 0x001d,
0xfff1, 0x0012, 0x000d, 0xffed, 0x001c, 0x0035, 0xfffc, 0xffaa, 0xffa1, 0xffde, 0xfffc, 0xffe2,
0xffea, 0xfff3, 0xffe2, 0xfff6, 0xfff2, 0xffdc, 0xfff2, 0x0037, 0x002b, 0xfff8, 0x001b, 0x003e,
0x002d, 0xfff8, 0x0016, 0x001e, 0xfffc, 0xffee, 0xffff, 0x005f, 0x0050, 0x003c, 0x0065, 0x0017,
0xffcd, 0xfff3, 0x0019, 0xffec, 0xffe6, 0x003d, 0x0030, 0x0002, 0x0024, 0x0039, 0x000e, 0xffef,
0xfff5, 0xfff8, 0x001b, 0x000b, 0xfffb, 0xffe2, 0xffe5, 0x000c, 0xffcb, 0xff9a, 0xffd7, 0x0044,
0x0041, 0x000c, 0x000e, 0xfff3, 0xffdd, 0xffca, 0xffdf, 0x000d, 0xffd8, 0xffc2, 0xffc4, 0xffd8,
0xfff7, 0xffe0, 0x000d, 0x000f, 0xffdd, 0xffd2, 0xff99, 0xff8b, 0xffd6, 0xffef, 0x000a, 0x001c,
0x0017, 0x005e, 0x0081, 0x001e, 0xffde, 0x0015, 0x0034, 0x003a, 0x0016, 0x0019, 0x003c, 0x0037,
0x0027, 0xffeb, 0xffcf, 0xffce, 0xfff1, 0x0023, 0x0011, 0xffe8, 0xfff5, 0xfffe, 0x0008, 0x000c,
0xffe1, 0xfffa, 0xffe0, 0xffd0, 0x0010, 0xffff, 0x000c, 0x0023, 0xffca, 0xffa9, 0xffed, 0xfffa,
0xffeb, 0x0001, 0x0008, 0x000e, 0xfffc, 0xfff6, 0x0043, 0x0038, 0x0014, 0x000b, 0x0009, 0x0027,
0x000f, 0x0001, 0x0003, 0xfffc, 0xffe4, 0xffe6, 0xffe8, 0xfff1, 0x003e, 0x0064, 0x002d, 0xffea,
0xffee, 0xfffe, 0xffcc, 0xffa0, 0xffff, 0x004e, 0x003c, 0x003c, 0xfff3, 0xff6d, 0xff91, 0xffff,
0xffe2, 0x0009, 0x0020, 0xffee, 0xffe8, 0xffc8, 0xfff0, 0x000e, 0xfffa, 0xffe2, 0xfff9, 0x0009,
0xffd4, 0xffc8, 0xffd3, 0xfff2, 0xffd9, 0xffdd, 0x0015, 0x0018, 0x0021, 0x004f, 0x0059, 0x000d,
0x0014, 0x002c, 0x001c, 0x0051, 0x0058, 0x0033, 0x003e, 0x0024, 0x0025, 0x0091, 0x0063, 0xfff0,
0xffe9, 0xffdd, 0xfffb, 0xfff5, 0xffc8, 0xffd3, 0xfffb, 0xfffb, 0x0003, 0x0017, 0xffef, 0xffd9,
0xffd6, 0x0003, 0xfff2, 0xffd6, 0xffdb, 0xffa0, 0xffc2, 0xfff1, 0xffee, 0xffd8, 0xffc6, 0xff89,
0xff7d, 0x0035, 0x0059, 0x000a, 0x0006, 0x0001, 0xffd6, 0xffbf, 0x0018, 0x0043, 0x0024, 0x002a,
0x0048, 0x0039, 0x001d, 0x001a, 0x0014, 0x000e, 0x000a, 0xfffc, 0xffc6, 0xffcd, 0xfffe, 0x0016,
0x0070, 0x00a8, 0x0035, 0xffcc, 0xffc1, 0xffc4, 0xfffa, 0x000e, 0xffdc, 0xff9d, 0xffdc, 0x003b,
0x002b, 0x001c, 0xffed, 0xffff, 0x002b, 0x0024, 0x0000, 0xffa9, 0xff93, 0xff94, 0xffc4, 0x000f,
0x0010, 0x0042, 0x0023, 0xffe9, 0x003d, 0x0021, 0x000b, 0xffd8, 0xff79, 0xffb3, 0xffae, 0xffbc,
0xffed, 0xffe3, 0xffe2, 0xffef, 0x0028, 0x0044, 0x0032, 0x0037, 0x0030, 0x0019, 0x003e, 0x0044,
0x001e, 0x0024, 0x0045, 0x002a, 0xffcc, 0xffdd, 0x0041, 0x005f, 0x0055, 0x005f, 0x0042, 0x0000,
0xfff3, 0xffd7, 0xfff3, 0x0036, 0x0031, 0x0026, 0xffce, 0xffc1, 0xffff, 0xffbd, 0xff48, 0xff62,
0xffb7, 0xffe1, 0x0024, 0x0023, 0x002f, 0xffd3, 0xff9d, 0xffec, 0xffe9, 0xffd6, 0xffb2, 0xffd8,
0x0011, 0x0026, 0x0004, 0xfff6, 0x0056, 0x006c, 0x0027, 0x001c, 0xfffd, 0xff96, 0xff8e, 0xfff8,
0x006b, 0x0064, 0x0005, 0xffd4, 0xfff7, 0xfffe, 0xfff8, 0x002b, 0x003b, 0x0042, 0x0031, 0x0048,
0x005b, 0x000d, 0x0008, 0x000b, 0x0023, 0x0064, 0x001e, 0xffb0, 0xffc1, 0xffff, 0xffd2, 0xffd2,
0x001c, 0x002f, 0x0001, 0xffcb, 0xffa9, 0xff92, 0xff88, 0xff8c, 0xffe6, 0x0043, 0x001a, 0xffa4,
0xffc8, 0x0023, 0x0025, 0x001f, 0x0022, 0x0034, 0x0025, 0xffe9, 0xffa0, 0xffa3, 0xffdd, 0x001d,
0x0055, 0x006c, 0x0048, 0x002c, 0x0028, 0x0004, 0x0008, 0xffd8, 0xffce, 0xffec, 0xffcb, 0xfff6,
0x0031, 0x0033, 0x0033, 0xfff6, 0xffb0, 0xffc1, 0xffed, 0x0005, 0xffd7, 0xfff0, 0x0021, 0x0000,
0xffe5, 0xffcb, 0xffca, 0xffc9, 0xffd9, 0xffef, 0x0008, 0x0015, 0x0010, 0xffdd, 0xffd7, 0x0036,
0x0034, 0x0008, 0x0025, 0x004c, 0x002e, 0x0008, 0xffe8, 0xffcb, 0xfff5, 0x0012, 0x002e, 0x004c,
0x004d, 0x0042, 0x0027, 0x005d, 0x0049, 0x000c, 0x0037, 0x0038, 0x0029, 0xfff5, 0xffd5, 0xffc9,
0xffb9, 0xffbe, 0xffbd, 0xffec, 0x0034, 0x005d, 0x0035, 0x003c, 0x001d, 0xffd0, 0xffc5, 0xffdd,
0x002a, 0xffff, 0xff84, 0xffc2, 0x0024, 0xfff4, 0x001b, 0x003b, 0xfff1, 0xffc4, 0xff99, 0xff8a,
0xff9e, 0xffc2, 0xffb1, 0xffa5, 0xffdd, 0x0024, 0xfff6, 0xffac, 0x0015, 0x003e, 0x000f, 0x0014,
0x0015, 0x003c, 0x0039, 0x000b, 0x0014, 0x0020, 0x0052, 0x006e, 0x002c, 0x000c, 0xfffd, 0xfff2,
0x0000, 0x0046, 0x005b, 0x000c, 0xfffb, 0xfff9, 0xfffc, 0xffd4, 0xffa7, 0xffb5, 0xffce, 0xffe6,
0xffb4, 0xffd2, 0x0025, 0xffe2, 0xffd1, 0x0011, 0x0001, 0xffeb, 0xffb8, 0xffa6, 0xffd4, 0xffec,
0xffef, 0x0001, 0x002b, 0x0028, 0x002f, 0x004b, 0x0055, 0x003d, 0x0011, 0x0006, 0x0018, 0x0043,
0x0019, 0xffc6, 0x0003, 0xfffc, 0xffd5, 0x0010, 0x000f, 0x003a, 0x002f, 0x0015, 0x003a, 0x001f,
0xfff7, 0xfffa, 0x0024, 0x000a, 0xffcb, 0xffaa, 0xffc2, 0xffde, 0x0010, 0x0037, 0x0036, 0x004d,
0xfffa, 0xffc9, 0xfff3, 0xfff6, 0xffd5, 0xffc0, 0xffc9, 0xffde, 0xfffd, 0xffed, 0xfff2, 0x0041,
0x0035, 0xfff3, 0x000b, 0x0004, 0xfffd, 0x001b, 0x0026, 0x001f, 0x0019, 0xfffc, 0xffd3, 0xfff3,
0x000c, 0x002d, 0x0051, 0x007e, 0x0070, 0x0006, 0xfff1, 0x002b, 0x0015, 0xffbf, 0xffbc, 0xffac,
0xffac, 0x0002, 0x0018, 0xffe3, 0x0003, 0x0016, 0xffe7, 0xffdd, 0xffde, 0x0009, 0x0002, 0xffdf,
0xff9a, 0xff98, 0xffcf, 0xffcb, 0xfffa, 0xfff0, 0xffe8, 0x0018, 0x002e, 0xffdd, 0xffa2, 0xffa6,
0xffc5, 0x0024, 0x002d, 0x000a, 0xfff1, 0xffeb, 0xffe7, 0xfff3, 0x0032, 0x0051, 0x0052, 0x0066,
0x0039, 0x0032, 0x0072, 0xfffd, 0xff9b, 0xffa0, 0xffc4, 0x001b, 0x001f, 0x0009, 0xfffc, 0xffbf,
0x0010, 0x00a5, 0x006a, 0x0000, 0xffce, 0xffda, 0xffdf, 0xffde, 0xfff9, 0xffd8, 0x0004, 0x002d,
0x002c, 0xffff, 0x0000, 0x003a, 0x0019, 0xfff8, 0x001b, 0x005b, 0xfff6, 0xffa3, 0xffaf, 0xffc9,
0xffec, 0xfff1, 0x0036, 0x003e, 0x0026, 0x0023, 0x002e, 0x000e, 0xffec, 0x000e, 0x0020, 0x0055,
0x0012, 0xffab, 0xffb9, 0xffd5, 0xfff8, 0xffff, 0xfff6, 0x0017, 0x0064, 0x0086, 0x005f, 0x0011,
0xffb2, 0xffa2, 0xffa8, 0xff94, 0xffcd, 0xffbf, 0xffca, 0x0059, 0x005c, 0x000c, 0xffbd, 0xff92,
0xffd0, 0x0030, 0x0019, 0xffe1, 0xffd5, 0xffc6, 0xffc9, 0xffa3, 0xffd9, 0x0016, 0x0031, 0x002f,
0x0006, 0x001d, 0x001f, 0x0029, 0x000d, 0x0001, 0xffe9, 0xffe9, 0x0024, 0xfff3, 0xffbb, 0xfff3,
0x004c, 0x0043, 0x0056, 0x0084, 0x0078, 0x0033, 0x0000, 0x003e, 0x0024, 0xffee, 0xffe5, 0xffad,
0xffa9, 0xffb5, 0xffb7, 0xffe6, 0x0032, 0x0033, 0x0014, 0x001e, 0x0061, 0x005f, 0xffd8, 0xffb8,
0xff98, 0xff95, 0xffd8, 0xffd7, 0xffcb, 0xfff4, 0x0012, 0xfff5, 0x001b, 0xfff7, 0xffce, 0xfff5,
0x0004, 0xfff0, 0xffb8, 0xffde, 0xffff, 0xfffc, 0x0009, 0x001b, 0x005b, 0x0054, 0x0000, 0xffdf,
0xffda, 0xffc3, 0xffe7, 0x0024, 0x0000, 0xffa4, 0xffa3, 0xfff6, 0xfff0, 0xffea, 0x002f, 0x0019,
0x0035, 0x008c, 0x005f, 0x0023, 0x004b, 0x0064, 0x005f, 0x0029, 0xffef, 0x002d, 0xffec, 0xff8c,
0xff97, 0xffd5, 0x0033, 0x005e, 0x0057, 0xfff3, 0xffd6, 0xffd4, 0xffcc, 0xffe2, 0xffcf, 0xfffe,
0x000f, 0xffe4, 0xfffb, 0x0020, 0x003a, 0x0026, 0x0012, 0x0008, 0xffa1, 0xffaf, 0xffde, 0xffd3,
0x000c, 0xfff6, 0xffc4, 0xfff4, 0x0019, 0xfff2, 0xffff, 0x0028, 0x0072, 0x0079, 0x0055, 0x005d,
0xfff5, 0xffc4, 0xffc7, 0xffc2, 0xffd4, 0xffe6, 0x0001, 0xfff6, 0xffdb, 0xffbd, 0xfff2, 0x0030,
0x0048, 0x006c, 0x0059, 0x000e, 0xffde, 0xffe7, 0xffc3, 0xffb2, 0xffe7, 0x0003, 0xffec, 0x000e,
0x003b, 0x0004, 0x0025, 0x0062, 0x0038, 0x0007, 0x0002, 0xffeb, 0xffc3, 0xffa6, 0xffaa, 0xfff6,
0xffdc, 0xffbd, 0xfffa, 0xffda, 0xffbf, 0xfff5, 0x0020, 0x0030, 0x001e, 0x000c, 0xffe1, 0xffa8,
0xff8f, 0xff6c, 0xffa2, 0xfff7, 0x0039, 0x0062, 0x0081, 0x0095, 0x0053, 0xffea, 0xffc1, 0xfff8,
0x0018, 0x0028, 0xfff5, 0xffc9, 0xffb1, 0xffc7, 0xfff9, 0x002a, 0x006e, 0x0024, 0x0025, 0x0024,
0x0005, 0x000e, 0x0006, 0x0044, 0x0034, 0xffdd, 0xffb2, 0xffba, 0xffeb, 0x000c, 0x0011, 0x0064,
0x0086, 0x0026, 0xfff0, 0xfff1, 0xfff8, 0xffde, 0xffe8, 0x0035, 0x0027, 0x0054, 0x0040, 0xff9c,
0xffb4, 0xffeb, 0xffe7, 0x000e, 0x0042, 0x006f, 0x0035, 0xffd1, 0xffbb, 0xffb6, 0xffed, 0x0015,
0x0007, 0xffe8, 0xffd5, 0xfff5, 0xfff2, 0x0000, 0x0021, 0x0015, 0x0003, 0x0017, 0xffe4, 0xffda,
0xffef, 0xffd3, 0x000e, 0xffff, 0xffcc, 0xffb3, 0xffa3, 0xffde, 0x001a, 0x0024, 0x001d, 0x0029,
0x000d, 0xffda, 0xffb4, 0xff9d, 0xffd7, 0xffe3, 0xffd2, 0x0001, 0xfffc, 0x003b, 0x0042, 0x0005,
0x001e, 0x002d, 0x0054, 0x005b, 0x005d, 0x0011, 0xffcb, 0x0014, 0x001a, 0x0006, 0x0023, 0xffdf,
0xffc7, 0x0026, 0x0002, 0x0009, 0x0047, 0x0000, 0xffe1, 0x0009, 0x000d, 0xffec, 0xffe3, 0xffca,
0xffc6, 0xfff2, 0xffe6, 0xffb4, 0xff98, 0xffb7, 0xffe9, 0x0002, 0x005d, 0x009e, 0x0055, 0xffe7,
0xffb9, 0xffa7, 0xff85, 0xffb0, 0xffc9, 0xfff8, 0x0039, 0x0036, 0x002b, 0x0011, 0x0008, 0x0021,
0x0070, 0x0060, 0x0015, 0xffce, 0xffd7, 0x0013, 0xffea, 0x0005, 0x0048, 0x0052, 0x004c, 0x004e,
0x000c, 0xfff0, 0x0042, 0x0039, 0xffe3, 0xffc9, 0xffee, 0x0006, 0xffff, 0xffeb, 0xffd5, 0xffb2,
0xffbf, 0x0013, 0x002c, 0x0009, 0x0032, 0x0043, 0x0015, 0xffff, 0x0012, 0x0003, 0xff96, 0xffb9,
0xfff8, 0xffc7, 0xffd9, 0x001e, 0x003b, 0x0024, 0x000e, 0xffe3, 0xffb6, 0xffcb, 0xffed, 0xffe5,
0xfff1, 0xffeb, 0xffdb, 0xffdb, 0x0010, 0x005b, 0xfffb, 0xffd9, 0x000c, 0x001d, 0x000f, 0xffcd,
0xfff6, 0xfffc, 0xffba, 0xffcc, 0xfffc, 0xfff7, 0xfff6, 0x001b, 0x0032, 0x0015, 0x0012, 0x003e,
0x0002, 0xfff8, 0x002c, 0x0010, 0xfff9, 0xfff9, 0xffe0, 0xffc7, 0xffbb, 0xffee, 0x004f, 0x004b,
0x0059, 0x0066, 0x001e, 0xfff4, 0xfff4, 0x000d, 0x0008, 0x0003, 0xffe7, 0xffd4, 0x001b, 0x0002,
0xffcd, 0xffe2, 0xffdc, 0xffef, 0x000c, 0xfff5, 0xfff6, 0x001b, 0x000b, 0x0011, 0x0001, 0x001b,
0x003e, 0xffd5, 0xffdc, 0xfff2, 0xffd2, 0xfff0, 0x001e, 0x002c, 0x0011, 0x003c, 0x0044, 0x0007,
0xfff4, 0x002e, 0x0032, 0xffe7, 0xffa0, 0xff66, 0xff89, 0xff8d, 0xffd1, 0x0045, 0x004e, 0x0051,
0x0062, 0x0035, 0xffff, 0x0021, 0x0005, 0xffe1, 0x0012, 0x0005, 0xffea, 0xffc1, 0xff8d, 0x0005,
0x0005, 0xffeb, 0x0050, 0x002b, 0xffe5, 0xffb0, 0x000e, 0xfffb, 0xff99, 0x0011, 0x0010, 0xffb5,
0xffd7, 0x0022, 0x002f, 0x0017, 0x0044, 0x0037, 0x0017, 0x0035, 0x000e, 0x0017, 0x000f, 0xffc7,
0xff93, 0xffb5, 0x0008, 0x003d, 0xffd9, 0xff87, 0x0022, 0x0047, 0x004c, 0x003d, 0x0018, 0x003d,
0xfffd, 0xffeb, 0xfffd, 0xffe7, 0xffee, 0x0023, 0x0046, 0x0024, 0xfff5, 0xffb0, 0xff8d, 0xffb7,
0xffee, 0x0044, 0x001e, 0xffbc, 0xffd7, 0xffef, 0xfffa, 0xffef, 0x0017, 0x006d, 0x0069, 0xfff2,
0xffa6, 0x0017, 0x001f, 0xffe0, 0xffd2, 0xffff, 0x004e, 0xffeb, 0xffd8, 0xffea, 0xffbc, 0xffe3,
0x003e, 0x005a, 0xfffa, 0xffc9, 0xffd0, 0xffdc, 0xfff4, 0x0040, 0x005a, 0x003f, 0x0020, 0xfff3,
0xffe2, 0xffcb, 0xffe1, 0x0043, 0x006c, 0x002f, 0x0015, 0xffbf, 0xff85, 0xff7d, 0xffe4, 0x007c,
0x0047, 0x0043, 0xfffe, 0xffbb, 0x0020, 0x0059, 0x0052, 0x0006, 0xfffa, 0xfff9, 0xff95, 0xffb7,
0xfff9, 0xfffc, 0x0011, 0xffff, 0xfff4, 0xffd2, 0xffcd, 0xfff4, 0x0025, 0x0037, 0xffea, 0xffde,
0xfff5, 0xffd6, 0xffc6, 0xffc7, 0xffe5, 0x003a, 0x0033, 0xffea, 0xfffb, 0x001b, 0x0022, 0x0002,
0x000a, 0x0005, 0x0003, 0xffd7, 0xffbd, 0x001f, 0x000a, 0xfffe, 0xffee, 0x0005, 0x001d, 0x0005,
0x0018, 0xfff9, 0x0008, 0x0001, 0x0002, 0xfffe, 0xffe5, 0xfff2, 0x0007, 0x002d, 0xfff1, 0xffc8,
0x0027, 0x0027, 0x000f, 0x003d, 0x0054, 0x004c, 0x0014, 0x0016, 0x001f, 0x001e, 0x0018, 0xfff6,
0xffec, 0xffc8, 0xff94, 0xffa4, 0xfff2, 0x0000, 0xfff8, 0xfff2, 0xfffb, 0x001f, 0x001a, 0x0007,
0x0000, 0x0007, 0x0000, 0xfffd, 0x0001, 0x0002, 0xffe5, 0xffc1, 0xffd9, 0x0009, 0xffef, 0xffc5,
0xffd3, 0xffbe, 0xffc0, 0x0027, 0x006f, 0x005e, 0x0031, 0x000b, 0xffc9, 0xff97, 0xffd9, 0xffe0,
0xfff9, 0x0019, 0x0008, 0x0026, 0xfff7, 0x0028, 0x0054, 0x002c, 0x005b, 0x006e, 0x0027, 0xffca,
0xffaa, 0xffea, 0x0004, 0xffff, 0x003d, 0x003f, 0xfff2, 0xffb3, 0x0002, 0x0038, 0x001f, 0x001c,
0x000a, 0x0008, 0xffbc, 0xffbe, 0xffe9, 0xfff6, 0x004d, 0x003b, 0xffe8, 0xffec, 0xffed, 0xffe0,
0xffef, 0x0016, 0x0061, 0x007a, 0x0022, 0xffef, 0xffff, 0xffc9, 0xffa1, 0xffaa, 0xffb1, 0xffaf,
0xffbb, 0xffca, 0xffc8, 0x0000, 0x0009, 0xfff5, 0x0024, 0x000f, 0x001c, 0x004d, 0xfff5, 0xffb2,
0xfff1, 0xfff2, 0xffda, 0xfff7, 0xffdd, 0xffcc, 0xffb2, 0xfffb, 0x0036, 0x000f, 0x0044, 0x001c,
0xfff8, 0x0006, 0xffda, 0xffeb, 0x0000, 0xfff8, 0x0007, 0xfff6, 0xffe3, 0xfffd, 0x001e, 0x001d,
0x001b, 0x0050, 0x002c, 0x0003, 0x003b, 0x0029, 0xfff1, 0xffe7, 0x0022, 0x0072, 0x0074, 0x001b,
0xffef, 0x0005, 0xfffb, 0x0034, 0x005b, 0x0031, 0x0017, 0xfff5, 0xffe8, 0xffdd, 0xffd6, 0xfff3,
0x0024, 0x0064, 0x004b, 0xffd9, 0xff97, 0xffe4, 0x0003, 0xfffc, 0x002d, 0x0007, 0xffdc, 0xffcf,
0x0002, 0xfffa, 0xffd0, 0xffca, 0xffc9, 0x0007, 0xffe0, 0xffd3, 0xffbf, 0xff86, 0xffc9, 0x0018,
0x0025, 0xfff4, 0xfffe, 0x0019, 0xfffc, 0x000a, 0x0011, 0x0038, 0x001c, 0xffcb, 0xfff0, 0xffe3,
0x0004, 0x003a, 0x0007, 0x0005, 0x0041, 0x0014, 0xffc5, 0xffe5, 0xffe3, 0xffc1, 0xffdc, 0x002d,
0xfffd, 0xffc8, 0x0005, 0x0007, 0x001f, 0x002d, 0x0022, 0xffff, 0xffff, 0x0014, 0xffe2, 0xffe0,
0x0006, 0x001c, 0x0045, 0x003a, 0xffe8, 0xffd7, 0xffe0, 0xffb3, 0xffac, 0xffe7, 0xffe5, 0x0006,
0x0059, 0x001f, 0xffc8, 0xffc9, 0xfff1, 0x0006, 0x0006, 0x0014, 0x0015, 0x0004, 0xffea, 0xffd9,
0x000d, 0x000f, 0x0004, 0x0058, 0x007b, 0x0052, 0xfff5, 0xffb0, 0xffdc, 0xffe9, 0xffd0, 0x0042,
0x0097, 0x0055, 0x0009, 0xffe3, 0xfff8, 0xffff, 0xffd7, 0xfff1, 0x0017, 0x0028, 0x0035, 0x000f,
0xffee, 0xffa2, 0xffb0, 0x0009, 0x001e, 0x002b, 0x001b, 0x002d, 0x003b, 0x002f, 0x0036, 0x002f,
0xfff9, 0xffb4, 0xffd9, 0x001a, 0xffeb, 0xffb9, 0xffcb, 0xffe9, 0xfff4, 0xfffc, 0xfffb, 0x0007,
0x0015, 0x000b, 0x0000, 0xffb9, 0xffe4, 0x000e, 0xffcc, 0xffd6, 0xffdd, 0xffff, 0x0024, 0x0028,
0x0009, 0xfffe, 0x0009, 0xffdc, 0xfff1, 0x0025, 0x0001, 0xfff4, 0x0012, 0x0004, 0x0028, 0x003c,
0xfffd, 0xffd7, 0xfffc, 0x0005, 0xffee, 0x0030, 0x0024, 0xffd4, 0xffef, 0xffff, 0xffe7, 0xffd6,
0xffef, 0x001e, 0x0004, 0xffe9, 0x000d, 0x0029, 0x0021, 0x0021, 0xffe9, 0xffa7, 0xffb2, 0xffd2,
0xfff4, 0x0010, 0x0036, 0x002a, 0xffee, 0xffe4, 0x0004, 0x000a, 0xffe4, 0xffc1, 0xffb0, 0xffba,
0xffcc, 0xffb0, 0xffe3, 0x0009, 0xffdd, 0x001e, 0x0030, 0xfffb, 0xfff7, 0x002f, 0x0045, 0x000c,
0xffe0, 0xffe7, 0x000e, 0x000c, 0x000f, 0x0002, 0x0018, 0x0048, 0x003e, 0x0025, 0x0005, 0x0004,
0x0000, 0xfff2, 0xffeb, 0x001e, 0x0066, 0x0031, 0xfff2, 0xffc8, 0xffbc, 0x0015, 0x0025, 0x0028,
0x0020, 0xfffe, 0x0022, 0x001b, 0x001d, 0x0047, 0x0052, 0x0005, 0xfffc, 0x004f, 0x004f, 0x003c,
0xfff7, 0xfff0, 0x000f, 0xffbd, 0xff96, 0x0000, 0x006b, 0x0036, 0x0011, 0x0016, 0xfff6, 0xffea,
0xffd2, 0xffa0, 0xffc2, 0xfff6, 0xffc5, 0xffbf, 0xfff4, 0x0017, 0x000b, 0x001e, 0x003d, 0x0001,
0xffc9, 0xffb1, 0xffa4, 0xffa6, 0xffbb, 0xffea, 0xffe9, 0xffda, 0xfffe, 0xfff8, 0xffe1, 0x000c,
0x0064, 0x0053, 0x0012, 0x0004, 0xffe6, 0xffea, 0xffdd, 0xffda, 0xfff9, 0xfffa, 0xfff5, 0xffdc,
0xffcb, 0xffe2, 0x0016, 0x004a, 0x0026, 0xfff7, 0xffd7, 0xffb8, 0xffde, 0xffef, 0x001d, 0x0026,
0xfff1, 0x0001, 0x000d, 0x0027, 0x0001, 0x0008, 0x0053, 0x0047, 0xfff3, 0xffad, 0xffda, 0xfff5,
0xffe6, 0xffe8, 0xffff, 0x0011, 0xfffb, 0x0018, 0x0040, 0x0004, 0xffd9, 0xfffa, 0xffe0, 0xffd4,
0x0018, 0x0050, 0x002e, 0x0028, 0x007d, 0x0035, 0xffe2, 0x0009, 0x002a, 0x0020, 0x0002, 0x0039,
0x0032, 0xfff3, 0x0011, 0x0027, 0x0022, 0x001b, 0x000a, 0x0006, 0xffda, 0xffcd, 0xffdc, 0xffd4,
0xfffa, 0xffdf, 0x0001, 0x0034, 0xfff5, 0x0003, 0x000d, 0xffe9, 0xffe3, 0xfff8, 0xfff5, 0xffe9,
0xffe9, 0xffd4, 0xffe7, 0x001f, 0x004c, 0x000d, 0xffd5, 0xffcd, 0xffaa, 0x0002, 0x003b, 0x003a,
0x0038, 0xffe9, 0xffcc, 0xffe2, 0xfff4, 0xffce, 0xffef, 0x001c, 0xffdd, 0xffd9, 0xffd6, 0xffd8,
0xfffe, 0xfff7, 0xffe3, 0xffff, 0x0010, 0x0010, 0x002c, 0x000e, 0x0003, 0x0031, 0x001c, 0x0015,
0x001b, 0xffe7, 0x0009, 0x0012, 0xfff3, 0x0009, 0x001f, 0x005f, 0x0051, 0xfffe, 0xffc5, 0xffba,
0xffe2, 0x0014, 0x0037, 0x001d, 0xfff4, 0xffe3, 0xffde, 0xfffa, 0x0013, 0xfffb, 0xffe5, 0xffe9,
0xfff7, 0xfff2, 0xffeb, 0x0013, 0x0002, 0xffc2, 0xffda, 0x0003, 0xffe8, 0xffc2, 0x0007, 0x0016,
0xffe8, 0x000d, 0xfff5, 0xfff3, 0xfff1, 0xffff, 0xfff1, 0xffc5, 0x0041, 0x004a, 0x0005, 0x0020,
0x0030, 0xfff4, 0xffc7, 0xfffe, 0x001f, 0x0015, 0x000c, 0x0008, 0xfffa, 0x000c, 0x0008, 0x0005,
0xfff5, 0xffd0, 0x0013, 0x0050, 0x0046, 0x0033, 0x0028, 0xffdd, 0xffb3, 0xffc0, 0xffa7, 0xffd7,
0x001c, 0x0047, 0x003a, 0x0017, 0x0008, 0x0012, 0x0046, 0x001b, 0xffff, 0x0002, 0xffd5, 0xffb9,
0xffb1, 0xffd0, 0xffec, 0x001d, 0x0033, 0x0006, 0xffca, 0xffbd, 0xfff9, 0x0025, 0x0018, 0xfffe,
0x0005, 0x000f, 0xfff2, 0xffda, 0xffea, 0xffd8, 0xffc4, 0xffec, 0x0006, 0x004e, 0x0069, 0x0004,
0xfff6, 0x000a, 0xffed, 0x0006, 0x0028, 0x004b, 0x004f, 0x0009, 0xffeb, 0xfffc, 0x000a, 0xfff7,
0x0015, 0x005e, 0xfff6, 0xffd5, 0x002a, 0xfffe, 0xffd7, 0xff99, 0xffcd, 0x0048, 0x0064, 0x006e,
0x0019, 0xffd6, 0xffbd, 0xffde, 0xfffb, 0x000d, 0x0033, 0xfff3, 0xffac, 0xffaa, 0xffef, 0xffe5,
0xffac, 0xffbf, 0xfff5, 0xffec, 0xffd0, 0xffed, 0x000e, 0x0031, 0x0010, 0xfff8, 0xffeb, 0xffe3,
0x0008, 0xffed, 0xffc4, 0xfff2, 0xfffb, 0xffef, 0x0028, 0x0029, 0xffe7, 0xffcd, 0xfffd, 0x0020,
0x002c, 0x001a, 0xffea, 0xfff2, 0xfffc, 0xffce, 0xffeb, 0x0036, 0x0025, 0xfff4, 0xfffb, 0x000c,
0x0032, 0x0059, 0x004b, 0x0056, 0x0032, 0x0025, 0x0023, 0x0028, 0x0035, 0xfff0, 0xfff8, 0xfffa,
0xfff5, 0xffef, 0xffeb, 0x0017, 0x0035, 0x0037, 0x000b, 0x0004, 0xfff0, 0xffc4, 0xffc9, 0x000d,
0x0029, 0x0021, 0x0020, 0xffea, 0xffde, 0xffc0, 0xff89, 0xfff0, 0x0037, 0x0030, 0x0057, 0x0032,
0xffd3, 0xff7e, 0xff85, 0xffb7, 0xffdf, 0x0002, 0xfff7, 0xfff0, 0xffc3, 0xff8b, 0xffbc, 0x0012,
0x0045, 0x003e, 0x0011, 0x0002, 0xffe6, 0xffef, 0xffdf, 0xfffe, 0x0019, 0xfff1, 0x0042, 0x002b,
0x0000, 0x0008, 0xfffe, 0x001e, 0x0009, 0x0018, 0x002f, 0xfff1, 0xffbc, 0xffe6, 0xffeb, 0xfff2,
0x001f, 0x0016, 0x000c, 0xfff9, 0x0006, 0x0024, 0x002c, 0x0020, 0x0023, 0xffd9, 0xffbe, 0x0000,
0xfffe, 0x0030, 0x0039, 0x0049, 0x007a, 0x003a, 0xfffe, 0xffd9, 0xffbb, 0xffe6, 0x0014, 0x0020,
0x0023, 0x0012, 0xfff5, 0xffeb, 0xfffe, 0xfffe, 0x000e, 0x003c, 0x004a, 0x0007, 0xff9c, 0xff7f,
0xffe1, 0x0016, 0xffe6, 0xffdd, 0xffd5, 0xffcc, 0xffe1, 0x0000, 0xffe8, 0xffc6, 0x0006, 0x002b,
0x000a, 0xfffd, 0x000a, 0x0014, 0xfff8, 0xffe2, 0xffee, 0xfff1, 0xfffb, 0x0015, 0x002c, 0x0002,
0xffd2, 0xffec, 0x0014, 0xfff7, 0xffef, 0x0025, 0x000f, 0xfff7, 0xffe4, 0xffc6, 0x0004, 0x0054,
0x002b, 0xffe9, 0xfff3, 0xffe8, 0xfffc, 0x0032, 0x0014, 0xfffd, 0x000e, 0xfff4, 0xffe2, 0xfff9,
0x0017, 0x0012, 0xffdf, 0xfff5, 0x0014, 0x000b, 0x0043, 0x0039, 0x0032, 0x0039, 0xffe7, 0xffca,
0xffcc, 0xffe7, 0x0007, 0x0002, 0x0016, 0x0016, 0xffe4, 0xffdd, 0xfff8, 0xfff3, 0x000d, 0x0015,
0xffd8, 0xffcb, 0xfffc, 0x001f, 0x0024, 0x0012, 0xffdd, 0xffcc, 0xfff4, 0xffd6, 0xffd4, 0x0017,
0x002f, 0x0039, 0x003a, 0x0028, 0xfffe, 0xfff0, 0x000a, 0x0034, 0x0031, 0x0010, 0x000b, 0x001b,
0xffff, 0xffc4, 0xfff7, 0x0011, 0x0015, 0x002e, 0xfff4, 0xfff8, 0xfffd, 0xffe4, 0xfff6, 0xfff2,
0xfffa, 0xffc7, 0xffb2, 0xffac, 0xff7b, 0xffeb, 0x003d, 0x002c, 0x001a, 0x001c, 0x0040, 0x000b,
0xffbf, 0xffab, 0xffce, 0xffed, 0x000c, 0x0029, 0x0014, 0x0023, 0x002b, 0x0016, 0x000e, 0x000e,
0x003f, 0x0041, 0xfff6, 0x0017, 0x002d, 0xffe2, 0xffa3, 0xff7c, 0xffac, 0x0012, 0x0028, 0x0033,
0x005f, 0x003d, 0x0015, 0xfff7, 0xfff8, 0x0006, 0xfff6, 0xffd4, 0xff97, 0xff99, 0xff8d, 0xffc3,
0x0059, 0x0045, 0xffe9, 0x0008, 0x0014, 0x0002, 0x0020, 0x0057, 0x006a, 0x0053, 0x004b, 0x003a,
0x0043, 0x0027, 0x000b, 0x0015, 0xffe1, 0xffad, 0xffc6, 0xffed, 0xffd4, 0xffe5, 0xffc6, 0xff7d,
0xffda, 0x0002, 0xffc2, 0xfff0, 0x000a, 0xffcd, 0xffe4, 0x0006, 0xfff7, 0xffdf, 0xffc5, 0xffe7,
0xfff2, 0xffeb, 0x0023, 0x003e, 0x0004, 0x001f, 0x0031, 0xfff0, 0x0014, 0x003e, 0x0046, 0x003b,
0x000a, 0xffe1, 0x0033, 0x0061, 0x003b, 0x003a, 0x000c, 0xffe6, 0xffc6, 0xffbb, 0xffb5, 0xffb3,
0xfffe, 0x003e, 0xfff6, 0xffbb, 0x0001, 0x0033, 0x0011, 0x000f, 0x004d, 0x0039, 0x0003, 0xffeb,
0xffd9, 0xffc9, 0xffeb, 0x0024, 0xfffa, 0xffe3, 0x0025, 0x0015, 0x0035, 0x0067, 0xfff4, 0x0006,
0x005a, 0x0008, 0xffc3, 0xffe6, 0xfffa, 0xfffb, 0x0016, 0x002a, 0xfffd, 0xffb6, 0xffc8, 0xffdd,
0xffd6, 0xffaa, 0xff90, 0xffce, 0xffee, 0xffc3, 0xffc0, 0xfff6, 0xffdf, 0xffbf, 0xffdb, 0x0009,
0x0001, 0xffe5, 0x000c, 0x0008, 0xfff7, 0x000b, 0x0037, 0x004c, 0x0033, 0x0018, 0x0007, 0x002f,
0x0040, 0x0020, 0x0033, 0x0055, 0x0025, 0xffe6, 0xffeb, 0xfff0, 0xfff4, 0x0031, 0x0051, 0x005a,
0x004a, 0x0017, 0xffea, 0xffe0, 0xffec, 0xffd1, 0xffc7, 0xffc7, 0xfffc, 0xfff4, 0xffcf, 0xfffd,
0xffeb, 0x0005, 0x0042, 0x0048, 0x004f, 0x0022, 0xfffd, 0xffff, 0xffb3, 0xffaf, 0xffd7, 0xffe2,
0x0024, 0x003e, 0x001c, 0xfff2, 0xffff, 0x001f, 0x000a, 0xffea, 0x0003, 0xffff, 0xffd8, 0xffb4,
0xffbf, 0xffcc, 0xff99, 0xffc2, 0xffde, 0xffed, 0x0007, 0x0001, 0x0027, 0x002d, 0x0024, 0xffe8,
0xffb4, 0xffdb, 0xffe1, 0xffda, 0x000e, 0x0024, 0x0001, 0x001d, 0x006e, 0x0063, 0xfffa, 0xffdc,
0x0012, 0x004c, 0x0021, 0x0007, 0x003f, 0x0013, 0xffda, 0xffd8, 0x002c, 0x003b, 0x0003, 0x0006,
0x000a, 0x0029, 0x0035, 0xffe0, 0xff90, 0xffab, 0xffe8, 0x0041, 0x0036, 0x0000, 0x0014, 0x0034,
0x002e, 0x001b, 0x0011, 0xffd7, 0xffe7, 0xfffe, 0xfffd, 0xfff9, 0xfff6, 0x0033, 0xffee, 0xff9b,
0xffd6, 0x0003, 0x000f, 0x0000, 0xfffa, 0x000d, 0x0009, 0xffcf, 0xffd0, 0xffea, 0xffa5, 0xffa0,
0xffe0, 0xffff, 0x0015, 0x004a, 0x001d, 0xfff6, 0x0007, 0x0022, 0x0063, 0x0039, 0xfff2, 0xffae,
0xff97, 0xffcc, 0x000f, 0x0021, 0x000e, 0xfff4, 0xfff2, 0x000a, 0x0005, 0x0024, 0x0023, 0x0007,
0xffea, 0x001e, 0x0049, 0xffe9, 0xffb8, 0xffc6, 0x0008, 0x0046, 0x002e, 0x000e, 0xfff7, 0xffe9,
0x0026, 0x002b, 0xffcc, 0xffd5, 0xffec, 0xffd4, 0x0004, 0x0011, 0xffe7, 0xffcd, 0xffdb, 0xffd7,
0xffd4, 0x0026, 0x004d, 0x0055, 0x002d, 0x0030, 0x000d, 0xff92, 0xffaa, 0xffdf, 0x0025, 0xfff1,
0xffac, 0x0001, 0xfffd, 0x000f, 0xfffd, 0xfffa, 0x0028, 0x001c, 0x0064, 0x0086, 0x0065, 0x0005,
0xffdb, 0x002e, 0x003c, 0x0014, 0x0010, 0xffca, 0xff66, 0xffc8, 0x0045, 0x0058, 0x0046, 0xffff,
0xffb5, 0xffe0, 0xffd8, 0xffa5, 0xffed, 0x002c, 0x003c, 0x0028, 0x001d, 0xffd8, 0xffd5, 0x001c,
0x0021, 0x001e, 0x001d, 0x0012, 0x0006, 0xffdc, 0xffa1, 0xffd7, 0xffd3, 0xffb6, 0x0017, 0x005b,
0x004e, 0x0033, 0xfff2, 0x000f, 0x0030, 0xffec, 0xfffa, 0xffcc, 0xfff0, 0x0036, 0x0015, 0xfff0,
0xffdc, 0xffee, 0xffb3, 0xffe4, 0xffe8, 0xffab, 0xffe3, 0xffe7, 0x000a, 0xffee, 0xffb9, 0xffbf,
0xffb8, 0xffb4, 0xffd6, 0x0019, 0xfff4, 0x0008, 0x000c, 0xffd7, 0xffe8, 0x0001, 0x0024, 0x0011,
0x0014, 0x0038, 0x0062, 0x006f, 0x006b, 0x0084, 0x0056, 0xffe1, 0xffb2, 0xffcf, 0xfff8, 0x0033,
0x004c, 0x008a, 0x0036, 0xffa1, 0xffe3, 0x0005, 0xfffd, 0xffd9, 0xfffa, 0x0033, 0xffec, 0x0010,
0x0022, 0xffe3, 0xffcf, 0xfffc, 0x003e, 0x0014, 0xffe6, 0xfff2, 0xfffc, 0xfffc, 0xffcc, 0xff8e,
0xff72, 0xffa3, 0xffe0, 0xffe5, 0x0032, 0x005f, 0x0027, 0x002f, 0x0037, 0x0022, 0x0020, 0x0004,
0xffdf, 0xffd2, 0x000b, 0x0018, 0xfff1, 0x0002, 0xfff9, 0xffe8, 0xffc0, 0xfff4, 0x0000, 0xffc7,
0x0033, 0x004c, 0x002a, 0xfffb, 0xffd8, 0xfff7, 0xffc7, 0xffc6, 0xfffd, 0xffef, 0xffb8, 0xfffa,
0x0044, 0x0037, 0x0037, 0xffee, 0xffff, 0x002c, 0x0028, 0x0031, 0xfff9, 0x000b, 0x0005, 0x0001,
0x0013, 0xffed, 0x0007, 0xfff6, 0xfffd, 0x003e, 0x0024, 0x0012, 0x0049, 0x004f, 0xffe7, 0xff91,
0xffaf, 0xffc5, 0xffd2, 0x002b, 0x0050, 0x0059, 0x004d, 0x0005, 0xffed, 0x0005, 0xfffc, 0xffd9,
0xfff3, 0x0025, 0x0035, 0x000f, 0xfffa, 0x0007, 0xffdf, 0xffcc, 0xffed, 0x000a, 0xfff0, 0xffe1,
0xffe2, 0xffe7, 0xfffa, 0xffc0, 0xffa4, 0xffa3, 0xff83, 0xffcc, 0x0001, 0xffe2, 0xfff8, 0x0048,
0x004c, 0xffe2, 0xffbe, 0xffba, 0xffdc, 0x001a, 0x0004, 0xffe1, 0xffe3, 0x0020, 0x001e, 0xffeb,
0xfffa, 0xffcf, 0xffd7, 0x0042, 0x004d, 0x0040, 0x0032, 0x0022, 0x000c, 0x0006, 0x003c, 0x0035,
0xfff0, 0xffd7, 0xffed, 0x0003, 0x001b, 0x002d, 0x0057, 0x0011, 0xff99, 0xffe9, 0x0037, 0x0006,
0xffea, 0xffe4, 0x0004, 0x0001, 0xffc0, 0xffde, 0x0019, 0x0031, 0x003e, 0x003e, 0x0040, 0x0033,
0x0015, 0x0005, 0x002d, 0x002d, 0xffcc, 0xfffc, 0x0026, 0xfff1, 0xfff8, 0xfffa, 0x0034, 0x0028,
0x0037, 0x0024, 0xffab, 0xff9a, 0xffc5, 0x0020, 0x0028, 0x0032, 0x0052, 0xffe8, 0xffbb, 0x0011,
0x002b, 0x0015, 0x000b, 0x0028, 0x0044, 0x0009, 0xffed, 0xfffb, 0xffc2, 0xff8d, 0xff8b, 0xffc7,
0x000d, 0xffe1, 0xffb7, 0xffb0, 0xffc0, 0xffba, 0xffd6, 0x0046, 0x0011, 0xffa1, 0xffdc, 0x000b,
0x0006, 0x000d, 0xffdb, 0xffd8, 0xffb9, 0xff9f, 0xffd2, 0x000e, 0x0041, 0x0027, 0x0024, 0x0028,
0x001b, 0x0006, 0xfff9, 0x001d, 0x0010, 0x0016, 0x0024, 0xffe7, 0xffd0, 0xffd3, 0xffd7, 0x0004,
0x0027, 0x0015, 0xffe2, 0xffb9, 0x001c, 0x0072, 0x0022, 0xfff7, 0xfffe, 0xfff4, 0x0011, 0x003f,
0x0019, 0x0009, 0x0021, 0x002d, 0x003a, 0x001e, 0x0012, 0x0002, 0x0012, 0x000e, 0xfffe, 0xffff,
0x000e, 0x004f, 0x0055, 0x0039, 0xffdc, 0xffc5, 0xffdc, 0xffcc, 0x002b, 0x0048, 0x0043, 0x0008,
0xffdc, 0xfffa, 0xffea, 0x0004, 0xffc8, 0xffa5, 0xffdd, 0xfff3, 0x0009, 0x000c, 0x0010, 0xffe3,
0xfffb, 0x0022, 0xfffc, 0x0029, 0x0000, 0xffeb, 0x001d, 0xffbd, 0xff8d, 0xffed, 0xffe6, 0xffc9,
0x0011, 0x0019, 0x002a, 0x002a, 0xffe4, 0xffa7, 0xffb7, 0xfff9, 0x0020, 0x003b, 0x0046, 0x0028,
0x0016, 0x000f, 0xffeb, 0xfff6, 0xfff3, 0xffd3, 0x0002, 0x002f, 0x0016, 0x001b, 0x0017, 0xfff9,
0xffe5, 0x0007, 0x0021, 0xffee, 0xfffb, 0xfffd, 0x0010, 0x0032, 0xffd0, 0xffbc, 0x0013, 0xffec,
0xffc8, 0xffe3, 0xffc8, 0xffd2, 0xfff8, 0x001a, 0x0011, 0xffe0, 0xffd9, 0xffd4, 0xffc9, 0xffe8,
0xfffb, 0xfff1, 0x000f, 0x002c, 0x001c, 0xfff8, 0xffe8, 0x0009, 0x0002, 0xffda, 0x0006, 0x0054,
0x0041, 0xffe9, 0xfff5, 0x0021, 0x001c, 0x002e, 0x004e, 0x0079, 0x0021, 0xffb1, 0xffd6, 0xffe4,
0xffe1, 0xfffb, 0x0021, 0x0059, 0x005e, 0x0022, 0xffef, 0xffcc, 0xffd2, 0xffe6, 0xfffb, 0x0033,
0x004d, 0x0026, 0xffe6, 0x001e, 0x001e, 0xffce, 0xffdf, 0x0030, 0x004d, 0xffe2, 0xffe6, 0x003a,
0x0053, 0x0030, 0xffc4, 0xffa5, 0xffec, 0xfff7, 0xffe9, 0x002c, 0x0030, 0xffee, 0xffde, 0xffcd,
0xfff0, 0xffeb, 0xff76, 0xffaa, 0x003e, 0x0033, 0xffa7, 0xffb0, 0x000c, 0xffe2, 0xffec, 0xfff8,
0xffcf, 0xfff8, 0x002a, 0x0026, 0x0014, 0xfffd, 0x0002, 0xfff7, 0xfff5, 0x0024, 0x005c, 0xfffa,
0xffa7, 0xfffa, 0xfff8, 0x000c, 0x001a, 0x0001, 0xffdf, 0xfff1, 0x0034, 0x000b, 0x0002, 0xfff8,
0xfff2, 0x000d, 0xffff, 0xfff8, 0x0018, 0x0015, 0xffdf, 0xfff4, 0xffe8, 0xffaa, 0xffce, 0xfffe,
0x0014, 0xffbb, 0xff93, 0x0001, 0x0001, 0x001a, 0x003a, 0x000a, 0xffde, 0xffdf, 0x001c, 0x0067,
0x0098, 0x0059, 0x0032, 0x0037, 0x0020, 0x000b, 0x0003, 0xffda, 0xffff, 0x0072, 0x0078, 0x003d,
0xffd6, 0xffd5, 0xffdf, 0xffdd, 0x001d, 0x000b, 0xfff8, 0xfffa, 0x0029, 0x003d, 0xffee, 0xffde,
0xfff1, 0xfffa, 0xfffb, 0xfff9, 0x0012, 0xfff1, 0xffd2, 0xffdb, 0xffe1, 0xffed, 0xfffc, 0xffe4,
0xffba, 0xffd3, 0x0003, 0x002e, 0x0019, 0xffe0, 0xffd7, 0xffd7, 0xffd5, 0xffc8, 0xffc9, 0x0003,
0x0038, 0x0032, 0x0034, 0x002b, 0xfff9, 0xffdc, 0xffef, 0x0026, 0xffda, 0xff84, 0x000b, 0x0044,
0x001d, 0x0027, 0xffd9, 0xffb2, 0xffe7, 0x0016, 0x002e, 0x0019, 0xffe9, 0xff92, 0xff95, 0x000c,
0x0028, 0x000e, 0x0003, 0x0024, 0x0068, 0x0041, 0xffea, 0xfff8, 0x0047, 0x003b, 0xffe9, 0xffe0,
0x0002, 0xfffb, 0xfff7, 0x000a, 0x0026, 0x0024, 0xffc9, 0x0010, 0x0059, 0x0019, 0xffff, 0xffdd,
0xfffc, 0xffdb, 0xffd5, 0x0000, 0xffe1, 0xffeb, 0x0024, 0x0043, 0x0034, 0x002d, 0xffe9, 0xffd6,
0x0003, 0x0023, 0x002c, 0xffe3, 0xff95, 0xffcc, 0x0022, 0xffed, 0xffbd, 0xffe6, 0xfff3, 0x0021,
0x0072, 0x002b, 0xffeb, 0xffe4, 0xfff7, 0x0014, 0xfff6, 0x0009, 0x001d, 0x000e, 0xffb6, 0xffa5,
0xffe4, 0xffc1, 0x000e, 0x0079, 0x0043, 0xfffa, 0xffa0, 0xff98, 0x0010, 0x0031, 0x0024, 0xfff5,
0xffe5, 0xfffd, 0xffb8, 0xffaf, 0x0000, 0x0000, 0x0003, 0x0068, 0x0052, 0xffed, 0xffd7, 0x0006,
0x0004, 0xfffd, 0x002d, 0x0021, 0x0023, 0xffeb, 0xffb2, 0xffdd, 0x0022, 0x0043, 0x0024, 0x000f,
0x0018, 0x0024, 0xffd1, 0xff84, 0xffba, 0xfffd, 0x002c, 0x0035, 0x001c, 0x003d, 0x0026, 0x0007,
0x0023, 0x0015, 0x0050, 0x0056, 0x0022, 0x001e, 0xffdb, 0xffe4, 0x0021, 0x0019, 0xfffc, 0xffe4,
0xffc7, 0xffcd, 0xfffe, 0x0001, 0x001c, 0x0049, 0x0036, 0xfff9, 0xffcd, 0xffe3, 0xffd9, 0xffc5,
0xfff3, 0xffeb, 0xffc6, 0xffe6, 0xfff2, 0xffeb, 0xffcc, 0xffe4, 0xfff4, 0xffd5, 0x0010, 0x001f,
0xfff8, 0xffb3, 0xff92, 0xffc3, 0xfff4, 0x0001, 0xfffb, 0x001f, 0x0011, 0xfffe, 0x000b, 0x001b,
0x000d, 0xfff1, 0x0026, 0x004b, 0x0040, 0xfff9, 0xffe3, 0xffdb, 0xffd4, 0x001b, 0x0014, 0xfff2,
0xfffc, 0x000f, 0x000d, 0x003d, 0x0003, 0xffd6, 0x0026, 0x001f, 0x0049, 0x003d, 0xfff5, 0xffbf,
0xffc7, 0x0009, 0xffe7, 0xffce, 0xffc8, 0xffc2, 0x000e, 0x0061, 0x002f, 0xffc6, 0xffea, 0x0021,
0xfff3, 0xffc3, 0xffed, 0x001a, 0xffec, 0x001b, 0x004a, 0x001e, 0xfff2, 0xffff, 0x0040, 0x004f,
0x0003, 0xffdd, 0x002e, 0x0028, 0xfff8, 0x0020, 0x004e, 0x003f, 0x003e, 0x0020, 0x0009, 0x0009,
0xfffd, 0x001e, 0x0020, 0x002f, 0x0006, 0xffb8, 0xffa3, 0xfffc, 0xffe0, 0xffbf, 0x0032, 0x000f,
0x0016, 0x0007, 0xffe2, 0xffe4, 0xffe5, 0x0004, 0xffd3, 0xfff5, 0xfff7, 0xffa8, 0xffba, 0x000c,
0x0010, 0x0011, 0x003c, 0xffe1, 0xff86, 0xff95, 0xffeb, 0x0000, 0xffc5, 0xffcb, 0x000d, 0x0045,
0x0054, 0x005a, 0xffde, 0xff7f, 0xffcc, 0xffe1, 0xfff7, 0x000e, 0xfffd, 0x000b, 0xfffd, 0xfff9,
0xffdf, 0xffb5, 0xffc4, 0xffdf, 0xfffa, 0x002a, 0x0047, 0x0053, 0x0065, 0x0050, 0x0038, 0xffff,
0xffd3, 0x0001, 0x000e, 0x0017, 0xfff5, 0xffe3, 0x0006, 0xffdb, 0xffc7, 0xfff2, 0x003e, 0x001c,
0x000c, 0x003d, 0x0029, 0x003d, 0x000a, 0xffb8, 0xffae, 0xffe5, 0x002b, 0x002d, 0xffd8, 0xffa7,
0xffed, 0x001f, 0x0012, 0xffe7, 0xffed, 0x002f, 0x0073, 0x002f, 0xffce, 0xffe2, 0x0047, 0x006c,
0x0021, 0x0000, 0x0003, 0x0002, 0xffcc, 0xfffd, 0x0030, 0xfff8, 0x002b, 0x0028, 0xffc1, 0xff90,
0xff87, 0xffcb, 0x002b, 0x0038, 0x003c, 0x004c, 0x0012, 0xffee, 0xffeb, 0xff99, 0xffc0, 0x0021,
0x0034, 0x0000, 0xffd0, 0x0000, 0xffee, 0xffb0, 0xffd8, 0x000a, 0xffe1, 0xfff3, 0xffe5, 0xffd4,
0xfff5, 0x000e, 0x0049, 0x0047, 0x0032, 0x001a, 0x001b, 0x0027, 0x001f, 0xffed, 0xffd5, 0x0016,
0x0027, 0x0000, 0x000c, 0x0010, 0xffe7, 0xffec, 0xffde, 0x000b, 0x0028, 0x0014, 0x0032, 0x0002,
0xffbf, 0xffc7, 0x0005, 0xffea, 0xffec, 0x0053, 0xffec, 0xff9d, 0x001c, 0x004b, 0xfff3, 0xff9b,
0xffe6, 0x000c, 0xfff4, 0xfff3, 0xffd7, 0x0013, 0x0025, 0x0019, 0xffd7, 0xffad, 0x0008, 0x0044,
0x0032, 0xfff2, 0xffff, 0x0004, 0xffe6, 0x000c, 0x0016, 0xffe0, 0xffda, 0x0014, 0x0016, 0xffd2,
0xffd3, 0xffee, 0x0014, 0x003a, 0x001b, 0x0017, 0x001b, 0x0054, 0x002c, 0xffb7, 0xffbd, 0xffb5,
0xffdb, 0x0019, 0x001e, 0x0037, 0x0026, 0xffff, 0x0010, 0xfff6, 0xffdb, 0xffe6, 0xfff2, 0x0009,
0x001a, 0xfff5, 0xff8f, 0xff79, 0xffc5, 0x0023, 0x003a, 0xffff, 0x0039, 0x004c, 0xffd0, 0xffd1,
0xffd5, 0xfffc, 0x0073, 0x0056, 0x0023, 0x0013, 0x0009, 0x000a, 0x001f, 0x0019, 0xffe8, 0x001c,
0x002b, 0x000b, 0xfffe, 0xffee, 0x0014, 0xffde, 0xffa3, 0xffe7, 0x000d, 0x0003, 0x0021, 0x0023,
0xfffb, 0x000f, 0x0027, 0xfffa, 0xffe8, 0x0013, 0x001b, 0xfff3, 0x0002, 0x002a, 0x0005, 0xffcd,
0xffa9, 0x0000, 0x0067, 0x0063, 0x0013, 0xffe0, 0xfff5, 0xffd9, 0xffd9, 0xfffe, 0x0030, 0x0023,
0x0002, 0xffed, 0xffae, 0xffb6, 0xfff2, 0x002a, 0x002a, 0x001b, 0x0004, 0xffc7, 0xffe1, 0xfffb,
0xff87, 0xffaf, 0x0008, 0xfff1, 0x003d, 0x005f, 0x0022, 0xfff4, 0x0021, 0x0002, 0xffe8, 0x0014,
0xffec, 0xffe6, 0xfff5, 0xfff6, 0xff85, 0xff61, 0xffc6, 0xfffe, 0x0041, 0x003a, 0xfffb, 0xffe6,
0xfff6, 0xffe6, 0xffe6, 0xffe5, 0xffc0, 0x000d, 0x001b, 0xfff6, 0x0026, 0x0025, 0x000b, 0xffff,
0x0036, 0x0060, 0x0075, 0x004c, 0x0024, 0x0042, 0xffe4, 0xffff, 0x001c, 0xffd9, 0xffc6, 0xffa7,
0xffe3, 0x003e, 0x0054, 0x001f, 0x000f, 0x004c, 0x004c, 0xffe5, 0xffe4, 0x001c, 0xfff2, 0xffe3,
0xffc1, 0xffc5, 0xffe3, 0xffd1, 0xffb3, 0xffb8, 0x0027, 0x006a, 0x005d, 0xfffe, 0xffa0, 0xff6e,
0xffa1, 0x0026, 0xfff2, 0xffe0, 0x0018, 0x0044, 0x002b, 0xffe4, 0x000c, 0xfffa, 0xffff, 0x0024,
0x0050, 0x0040, 0x002e, 0x0046, 0x001a, 0x001e, 0xfff8, 0xffaf, 0xffa3, 0x0007, 0x004e, 0x0022,
0x0027, 0x000b, 0xfff0, 0xfff8, 0xfff4, 0x003b, 0x0087, 0x005d, 0xffd2, 0xff90, 0xffe7, 0x002f,
0x0013, 0x0018, 0xfffe, 0xffaf, 0xffce, 0x0013, 0x0014, 0xffe3, 0xfff2, 0xffff, 0xffc7, 0xff77,
0xff67, 0xffc5, 0xffd8, 0xffdc, 0xffd6, 0xffd2, 0x001f, 0x0049, 0x0068, 0x004e, 0x0000, 0x0003,
0xfff9, 0xffd1, 0xffe3, 0xffeb, 0xffcb, 0xffec, 0xfff5, 0xffc9, 0xffd2, 0xffc6, 0x0006, 0x0030,
0x0026, 0x0043, 0x0010, 0x0013, 0x0054, 0x0032, 0xfff5, 0x002c, 0x0051, 0x000e, 0xffcb, 0xffc4,
0xfff2, 0x0033, 0x0037, 0xffe9, 0xffcd, 0xfff9, 0xfffb, 0xfffa, 0x0030, 0x0006, 0xffbe, 0xffe5,
0x002e, 0x0033, 0xffea, 0xffd5, 0x0011, 0x000c, 0x0002, 0x000f, 0xfff7, 0x0034, 0x0049, 0x000d,
0xffe6, 0xffca, 0x0037, 0x0067, 0xfff9, 0xffd6, 0xffb8, 0xffb5, 0xfffc, 0x0028, 0x0018, 0xfffd,
0x0016, 0xffeb, 0xffaa, 0xffe8, 0x0004, 0x0003, 0x0053, 0x0045, 0x0009, 0x0001, 0xfff6, 0x0028,
0x001e, 0xffcf, 0xffd0, 0xffe6, 0x0007, 0x0011, 0x0010, 0x0032, 0x002a, 0x0022, 0x0010, 0xffe7,
0xffef, 0xfff8, 0xfffd, 0x003f, 0x005b, 0x0001, 0xffe7, 0xffff, 0xffe6, 0xffc7, 0xfff0, 0x0026,
0xffc4, 0xffc8, 0x0018, 0xffe0, 0xffd7, 0x0003, 0x0013, 0x0029, 0x0029, 0xffe4, 0xffc7, 0xffa9,
0xff9e, 0xffe2, 0xffec, 0xffd8, 0xffef, 0x0012, 0x000f, 0xffdb, 0xffe1, 0x001b, 0x0007, 0x0012,
0x0021, 0x0059, 0x006b, 0xffd8, 0xffcb, 0xfff5, 0xffc3, 0xffbb, 0x0027, 0x0060, 0xfffd, 0xffe1,
0x003e, 0x000e, 0xff9d, 0xffde, 0x002f, 0x0021, 0x000a, 0xfffd, 0xffa2, 0xff82, 0xffd1, 0xffe2,
0x0011, 0x006a, 0x003c, 0xffe1, 0xffef, 0x0026, 0x0048, 0x0005, 0xffe8, 0x0022, 0x0045, 0x004b,
0xfffe, 0xffee, 0x002f, 0x001c, 0x0020, 0x0032, 0x0001, 0x0026, 0x001d, 0xfff9, 0xfffe, 0x0000,
0xfff1, 0xffdc, 0x002a, 0xfffe, 0xffdc, 0x0029, 0x0059, 0x0046, 0x0005, 0xfff1, 0xffbb, 0xffd0,
0x000c, 0xffe3, 0xffa8, 0xffc2, 0xfff3, 0xffe1, 0xffcf, 0xffbf, 0xffc8, 0xfff0, 0xffe6, 0x0008,
0x0024, 0xfff7, 0xfff1, 0xffe9, 0xffda, 0xfff6, 0x001e, 0xfffc, 0xfffa, 0x0024, 0x000c, 0xffee,
0x0038, 0x0069, 0x001e, 0x0001, 0xfff6, 0xfffe, 0xfff5, 0xffd7, 0xff91, 0xffb6, 0x004e, 0x0012,
0xffe4, 0x0031, 0x003b, 0x0017, 0x001c, 0xffe5, 0xffba, 0x0024, 0x0049, 0x0057, 0x0038, 0xffd9,
0xfff2, 0x002e, 0x0033, 0x0009, 0xfff1, 0xfffa, 0x0000, 0x0024, 0x005a, 0x0032, 0xffd3, 0xffb4,
0xffc8, 0xfff9, 0xfff5, 0xffdd, 0xfffb, 0x000a, 0xffec, 0xfff6, 0xffed, 0xffc6, 0xfffd, 0x001e,
0x001c, 0x0000, 0xff9e, 0xff56, 0xff95, 0xffe8, 0xffe2, 0xffd9, 0xffe1, 0xfffc, 0xfff6, 0xffdf,
0x001e, 0x004f, 0x0019, 0x001c, 0x0013, 0xffb5, 0xffc4, 0x0011, 0x000d, 0x0010, 0x002b, 0x0031,
0x0058, 0x0055, 0x0032, 0xfffe, 0xfffb, 0x001a, 0x0028, 0x0073, 0x002a, 0xffdc, 0x0039, 0x0055,
0x0034, 0x0007, 0xffde, 0xffd0, 0x0000, 0x000f, 0xfff4, 0x000e, 0xffd9, 0xffab, 0xffdf, 0xffff,
0xffeb, 0x0003, 0x000a, 0xfff4, 0xfffa, 0x0002, 0x0016, 0xfffe, 0x0006, 0x0011, 0x0028, 0x002a,
0xffe9, 0xffb7, 0xffc9, 0x0013, 0x0011, 0x0007, 0xffd1, 0xff99, 0x0012, 0x0046, 0x001c, 0x0033,
0x001d, 0xffe8, 0xffc2, 0xffc9, 0x000a, 0x001c, 0x0012, 0xffc4, 0xffa1, 0x0023, 0x0021, 0xffe4,
0xfff3, 0xffe4, 0xfffe, 0xffe2, 0xffd0, 0xfff8, 0x0007, 0x0000, 0xffe9, 0xffff, 0xfffe, 0xffe8,
0xfff9, 0x0032, 0x0039, 0x0015, 0xffca, 0xffb7, 0x0003, 0x0026, 0x0043, 0x0032, 0x006e, 0x0037,
0xffa9, 0xfffa, 0x0000, 0xffe9, 0x0031, 0x0022, 0xfff1, 0xfffd, 0x0008, 0xfff2, 0x0014, 0x0031,
0xfff4, 0xfff2, 0x000c, 0x0012, 0x0006, 0xffde, 0xffc9, 0xfff6, 0x0028, 0xffd4, 0xffad, 0xffc7,
0xffe0, 0xffe2, 0x0053, 0x00c0, 0x0035, 0x000b, 0x002c, 0xfffa, 0xffc3, 0xffc9, 0xffa9, 0xffb8,
0x0015, 0xfff3, 0xfff4, 0xffef, 0xffe9, 0x0020, 0x0032, 0x0019, 0xfff3, 0x0041, 0x0050, 0xffea,
0x0013, 0x002e, 0xfff7, 0x0000, 0x0015, 0x0023, 0x002a, 0x0040, 0x0005, 0xffbe, 0xfff0, 0xffce,
0xffd2, 0x001e, 0x001d, 0x0006, 0xffda, 0xff9a, 0xffc2, 0x0049, 0x0021, 0xffdf, 0x0020, 0x0002,
0xffd2, 0xffee, 0xfff5, 0xfff1, 0xffd2, 0xffe1, 0x0012, 0xfff2, 0xffbe, 0xffa1, 0xffd9, 0x000b,
0x003d, 0x0080, 0x003f, 0xfff1, 0xffcd, 0xffa5, 0x001e, 0x00aa, 0x0032, 0xff93, 0xff8b, 0xffef,
0xfffc, 0xffc8, 0x0018, 0x005a, 0x0031, 0x0010, 0x0038, 0x004d, 0x0016, 0x0006, 0xffce, 0xffb7,
0x002c, 0x000b, 0xffe6, 0x0035, 0x0039, 0x001f, 0x000e, 0xffff, 0x0007, 0x0029, 0x0011, 0x0008,
0x0017, 0xffd7, 0xffc2, 0xffef, 0xffc5, 0xff99, 0xffd3, 0xfff3, 0xffca, 0xffc2, 0x0015, 0x003e,
0x0007, 0xffeb, 0xfff8, 0xffeb, 0x0012, 0x0011, 0xffd7, 0xffdf, 0xffbe, 0xfff6, 0x004a, 0x003c,
0x0053, 0x0050, 0x0039, 0x000e, 0xfff9, 0x0029, 0x0038, 0x0012, 0x000f, 0x0022, 0xfffa, 0xfff6,
0xffda, 0xffaa, 0x000c, 0x004f, 0xfffa, 0xffd6, 0x0001, 0x0003, 0xfffc, 0xffec, 0xffde, 0xffca,
0xffb1, 0xffd5, 0x0019, 0x0059, 0x002d, 0xffeb, 0xffe7, 0xffaa, 0xffcd, 0x0035, 0x000a, 0x0000,
0x0043, 0x0045, 0x000b, 0xffe3, 0x0005, 0xfffd, 0xffc9, 0xffe0, 0xfff8, 0xffed, 0x0007, 0xfffb,
0xfff0, 0x0011, 0x000b, 0x001d, 0x0035, 0x001a, 0x0003, 0xffe5, 0xffef, 0xffe0, 0xffd8, 0xfff6,
0xfff0, 0x004f, 0x0050, 0xfff5, 0xffea, 0xffd7, 0xfff6, 0x0044, 0x0044, 0xffe7, 0xffa1, 0xffd0,
0xfffa, 0x0027, 0x005f, 0xffcd, 0xff7c, 0xffcd, 0xfff4, 0x0008, 0xfff2, 0xfff7, 0xfff6, 0xffca,
0xffd3, 0xffdb, 0xffe6, 0xffed, 0xffcd, 0xfff9, 0x0048, 0x0069, 0x0085, 0x008c, 0x0050, 0x0027,
0x006c, 0x0070, 0x0036, 0x0042, 0xffcb, 0xff69, 0xffae, 0xffc0, 0xfff8, 0xfffe, 0xff87, 0xff92,
0xfff0, 0xfff3, 0xffb4, 0xffab, 0x002d, 0x0069, 0x0029, 0x0032, 0xffed, 0xfff2, 0x0084, 0x0075,
0x0048, 0x001b, 0xffc6, 0xffbc, 0x0022, 0x003f, 0xfff9, 0x0004, 0x0025, 0x0010, 0xffd7, 0xffd9,
0x0011, 0x0033, 0x0012, 0xff9e, 0xff57, 0xffcc, 0x005b, 0x0056, 0x0037, 0xffe9, 0xff82, 0xffc9,
0x0019, 0x000b, 0x000a, 0xffe6, 0xffb4, 0xffe2, 0x0029, 0xffe7, 0xffde, 0x0035, 0x0082, 0x0094,
0x0012, 0xfff3, 0x0046, 0x0071, 0x0072, 0x004a, 0xffa3, 0xfefc, 0xff07, 0xff33, 0xff66, 0xff44,
0xff43, 0xffb4, 0xffce, 0xffdc, 0x0032, 0x006e, 0x0067, 0x0096, 0x0094, 0x0058, 0x005c, 0x0055,
0x007f, 0x00a6, 0x002a, 0x000e, 0x0068, 0x003c, 0x002f, 0x0021, 0xffad, 0xff59, 0xff82, 0xff97,
0xff6c, 0xff6e, 0xff70, 0xffac, 0xfff6, 0x0014, 0x0034, 0x0065, 0x0092, 0x00b1, 0x009d, 0x0070,
0x0019, 0xffb6, 0xffcd, 0x0014, 0xffc6, 0xff4b, 0xff6f, 0xff8c, 0xffc1, 0xfff6, 0xffe3, 0x0013,
0x0056, 0x0096, 0x00b9, 0x0095, 0x0062, 0x0043, 0x0018, 0xffaa, 0xffb2, 0xffec, 0xffca, 0xfffc,
0xffd9, 0xff8e, 0xff74, 0xffcd, 0x006a, 0x0087, 0x008c, 0x003c, 0x002d, 0x006e, 0x0054, 0x0008,
0xffaf, 0xffba, 0xffe4, 0xffe1, 0xffe5, 0xffb5, 0xff7f, 0xffae, 0x0012, 0xffff, 0xffee, 0x0000,
0xffdf, 0x005c, 0x0089, 0x0034, 0x0016, 0xfff1, 0x0002, 0x0007, 0xfffe, 0x0008, 0x0012, 0xfff6,
0xff97, 0xff9b, 0xffe0, 0x000e, 0x0036, 0x0031, 0xffee, 0xffab, 0x003b, 0x008b, 0x0027, 0xffd7,
0xff7d, 0xff98, 0xffb3, 0xffa2, 0xffb5, 0xffb1, 0xff86, 0xff6b, 0xff98, 0xffe3, 0xfffe, 0x0000,
0x002c, 0x0045, 0x0058, 0x0040, 0x000d, 0x001d, 0x006d, 0x0089, 0x0060, 0x0077, 0x0082, 0x0079,
0x0071, 0x0057, 0x0024, 0x002a, 0x0026, 0xffca, 0xffe4, 0xffed, 0xffb5, 0xffc8, 0xffa7, 0xffa1,
0xffdd, 0xffcb, 0xfff1, 0x0034, 0x0050, 0x0036, 0xffe3, 0xffed, 0x0042, 0x0052, 0x001d, 0x003a,
0x000f, 0xffda, 0xffb2, 0xff33, 0xff74, 0x0000, 0xfff9, 0xffc0, 0xfff0, 0x0002, 0xffb2, 0xff97,
0xff0d, 0xff50, 0x0023, 0xff79, 0xff50, 0xffdc, 0x0031, 0x00c3, 0x00b8, 0x00ac, 0x014f, 0x01b2,
0x015f, 0x00c8, 0x0001, 0xff86, 0xffbc, 0xff99, 0xff20, 0xfed9, 0xfe19, 0xfe5d, 0xffb1, 0x002a,
0x0073, 0x0048, 0x005b, 0x00de, 0x00de, 0x0061, 0xff9e, 0xff04, 0xfe57, 0xfe63, 0xfedf, 0xfee8,
0xffd2, 0x0147, 0x020e, 0x02f5, 0x039d, 0x03a1, 0x03e0, 0x0412, 0x0285, 0x00c5, 0xffd0, 0xfe57,
0xfd86, 0xfc33, 0xfa7a, 0xfa4f, 0xfb21, 0xfc78, 0xfe7b, 0xff53, 0xff29, 0x007b, 0x01eb, 0x0313,
0x043d, 0x03ed, 0x035d, 0x03ac, 0x031d, 0x021c, 0x00ce, 0xff3d, 0xfec1, 0xfe72, 0xfe41, 0xfe8c,
0xfe98, 0xfe24, 0xfe98, 0xff3f, 0x0009, 0x0240, 0x0487, 0x0601, 0x0572, 0x0270, 0xfe79, 0xfbbb,
0xf9a0, 0xf703, 0xf3f1, 0xf060, 0xee09, 0xedd6, 0xf043, 0xf5c0, 0xfddc, 0x067b, 0x0e12, 0x1325,
0x162d, 0x1983, 0x1baa, 0x1ba2, 0x1864, 0x10b3, 0x0666, 0xfbd2, 0xf349, 0xee23, 0xead4, 0xe8d3,
0xe953, 0xeb9b, 0xf003, 0xf679, 0xfc5d, 0x015b, 0x0526, 0x0716, 0x08a7, 0x097c, 0x08d6, 0x07d3,
0x058c, 0x0282, 0x01b0, 0x01de, 0x0246, 0x0450, 0x0551, 0x04e1, 0x057d, 0x048f, 0x028a, 0x0155,
0xfe34, 0xfa06, 0xf77c, 0xf5b0, 0xf57a, 0xf72a, 0xf7da, 0xf9f5, 0xfd8a, 0x0021, 0x031b, 0x0594,
0x06a4, 0x083f, 0x090c, 0x0733, 0x04fd, 0x01dd, 0xff76, 0xff7b, 0xffe8, 0x00e9, 0x0297, 0x01f0,
0xfff2, 0xfe49, 0xfb1b, 0xfa71, 0xf9fb, 0xf690, 0xf26a, 0xec4b, 0xe757, 0xe8f8, 0xef28, 0xf67a,
0xff55, 0x04b9, 0x092d, 0x0fdc, 0x145b, 0x1a26, 0x2028, 0x202c, 0x1ba1, 0x125c, 0x057b, 0xfee6,
0xfc85, 0xf90e, 0xf6d4, 0xf312, 0xf04a, 0xf348, 0xf6e0, 0xf916, 0xfc19, 0xfbd3, 0xfb3e, 0xfc93,
0xfa5d, 0xf804, 0xf759, 0xf5af, 0xf67b, 0xf9be, 0xfbc5, 0x0002, 0x07cd, 0x0eb4, 0x13de, 0x1585,
0x13d4, 0x13cf, 0x1362, 0x0f14, 0x0969, 0x0156, 0xf925, 0xf4f7, 0xf18f, 0xefc7, 0xf050, 0xf134,
0xf358, 0xf713, 0xfa25, 0xfd48, 0x0243, 0x050b, 0x05b0, 0x05a2, 0x031f, 0x0091, 0x0099, 0x0131,
0x0100, 0x0034, 0xff55, 0x0010, 0x0269, 0x0559, 0x0803, 0x0a53, 0x0c41, 0x0c70, 0x091e, 0x025b,
0xf912, 0xf2c8, 0xefb7, 0xe974, 0xe2a1, 0xdab2, 0xd4da, 0xd9c3, 0xe558, 0xf250, 0x0264, 0x0f8d,
0x1812, 0x2405, 0x2aca, 0x2ed6, 0x367a, 0x3562, 0x2ce0, 0x1eeb, 0x080d, 0xf6af, 0xf0ba, 0xe9dc,
0xe3ab, 0xdde4, 0xd725, 0xdb4a, 0xe594, 0xeaec, 0xf251, 0xf888, 0xfa8f, 0x0260, 0x0665, 0x04c5,
0x07b4, 0x0934, 0x07cc, 0x0a29, 0x09a1, 0x07fa, 0x0f46, 0x13cb, 0x1402, 0x13a1, 0x0d53, 0x0a61,
0x0c34, 0x0830, 0x0144, 0xfa44, 0xf0fe, 0xee31, 0xeda3, 0xea36, 0xed06, 0xf06e, 0xf22b, 0xf80d,
0xfbfc, 0xfc7e, 0x0274, 0x07d7, 0x0858, 0x094f, 0x0612, 0x01f9, 0x0309, 0x0472, 0x03d1, 0x0327,
0x004d, 0xff8f, 0x02e9, 0x04d3, 0x06a1, 0x07e9, 0x086e, 0x0b20, 0x0c08, 0x056d, 0xfd10, 0xf41e,
0xee40, 0xebf3, 0xe417, 0xda7b, 0xd256, 0xd011, 0xd840, 0xe714, 0xf568, 0x077d, 0x18e3, 0x2508,
0x3252, 0x3775, 0x3b37, 0x4307, 0x422d, 0x343b, 0x1c31, 0xfed0, 0xeafd, 0xe3d9, 0xdaaa, 0xd056,
0xc7dc, 0xc62e, 0xd258, 0xe1fb, 0xebb0, 0xf5b8, 0xfed0, 0x07dc, 0x1300, 0x1606, 0x1324, 0x13b3,
0x140e, 0x102e, 0x0d59, 0x07b5, 0x0524, 0x0c86, 0x0fb0, 0x0da2, 0x09ef, 0x0445, 0x0466, 0x07e1,
0x031b, 0xf89d, 0xeff1, 0xe9d3, 0xeb55, 0xed03, 0xeb39, 0xefc8, 0xf662, 0xfc55, 0x0331, 0x064c,
0x07b0, 0x0db1, 0x0f39, 0x0aca, 0x05f0, 0xfe25, 0xf91f, 0xfa33, 0xfa89, 0xf8e0, 0xf8da, 0xf92f,
0xff56, 0x0831, 0x0bac, 0x0e16, 0x1027, 0x0fda, 0x12bf, 0x13ba, 0x0980, 0xfe76, 0xf266, 0xe655,
0xe2a4, 0xdcb1, 0xd4a6, 0xd178, 0xce95, 0xd0e1, 0xde85, 0xef53, 0x049b, 0x1c6f, 0x296b, 0x34ab,
0x3c84, 0x3dcb, 0x462c, 0x499d, 0x3d0a, 0x28de, 0x0c66, 0xef14, 0xe255, 0xd92d, 0xcbbd, 0xc479,
0xbfa1, 0xc227, 0xd276, 0xe1f8, 0xeed4, 0xfe16, 0x078b, 0x1076, 0x1a6d, 0x1db8, 0x202f, 0x211b,
0x18fb, 0x11a8, 0x0c57, 0x05f4, 0x0770, 0x09a9, 0x0746, 0x06be, 0x0368, 0xfe51, 0x0033, 0x0060,
0xfbf3, 0xf85b, 0xf0d8, 0xeb3d, 0xeba8, 0xec06, 0xf108, 0xf987, 0xfcd5, 0xff6d, 0x04c4, 0x07a0,
0x0c66, 0x1044, 0x0b97, 0x05c4, 0x014b, 0xfbef, 0xf915, 0xfa57, 0xf807, 0xf582, 0xf6e3, 0xf988,
0x0152, 0x0931, 0x0ca8, 0x0d7a, 0x0c16, 0x0bc0, 0x0fa0, 0x0fbc, 0x0881, 0xffc8, 0xf3be, 0xe8da,
0xe568, 0xdf32, 0xdb58, 0xdc3e, 0xd66b, 0xd573, 0xdf2b, 0xed95, 0x02dc, 0x1aa2, 0x261a, 0x2cec,
0x345e, 0x3767, 0x3f83, 0x42ff, 0x3801, 0x261b, 0x0e19, 0xf3d6, 0xe319, 0xd6f2, 0xcc2f, 0xc939,
0xc6c4, 0xc6fa, 0xd3be, 0xe1bd, 0xefba, 0x02b3, 0x0c2f, 0x122c, 0x1c21, 0x2077, 0x22f3, 0x2300,
0x19a1, 0x1290, 0x102b, 0x08ee, 0x0681, 0x0734, 0x047f, 0x05e3, 0x02a9, 0xfa6d, 0xf912, 0xf7e9,
0xf437, 0xf39e, 0xeebc, 0xe6f5, 0xe8a7, 0xee41, 0xf532, 0xfded, 0x012e, 0x036f, 0x0b95, 0x1103,
0x11be, 0x11b4, 0x0b30, 0x035c, 0xfebd, 0xf9af, 0xf575, 0xf391, 0xf03e, 0xf1bd, 0xf6ce, 0xfa4b,
0x0228, 0x097f, 0x0e5b, 0x104b, 0x1294, 0x14f5, 0x164d, 0x1430, 0x0924, 0xfc80, 0xefba, 0xe3fc,
0xdb92, 0xd699, 0xcf6e, 0xc715, 0xc61b, 0xcd51, 0xe04b, 0xf958, 0x0ffc, 0x23ec, 0x33b1, 0x3dcb,
0x4787, 0x5106, 0x52b8, 0x4af7, 0x37e7, 0x1a6d, 0xfb2c, 0xe17e, 0xcec9, 0xc4c4, 0xbefc, 0xba15,
0xbcb1, 0xc83e, 0xd9a7, 0xedbc, 0x00d1, 0x0e9d, 0x1935, 0x1fa9, 0x2266, 0x265e, 0x243a, 0x1cc8,
0x159c, 0x0e15, 0x0834, 0x05de, 0x05bd, 0x0737, 0x0796, 0x02d5, 0xff07, 0xfdcf, 0xfafb, 0xf765,
0xf1e9, 0xea3c, 0xe5d9, 0xe565, 0xe826, 0xf0a3, 0xf99f, 0x0019, 0x0780, 0x0ec2, 0x12fe, 0x155f,
0x151f, 0x1013, 0x07db, 0xfce0, 0xf2f5, 0xedd3, 0xea63, 0xe8ed, 0xea8d, 0xee63, 0xf5ac, 0xffda,
0x0b2d, 0x14ed, 0x1a7e, 0x1bf7, 0x1e96, 0x2116, 0x1c92, 0x12f2, 0x02fb, 0xf105, 0xe1d6, 0xd513,
0xcbd2, 0xc366, 0xbcee, 0xbad2, 0xc3ed, 0xd5f0, 0xeda7, 0x08f1, 0x21e9, 0x386a, 0x4776, 0x5163,
0x59ae, 0x5d20, 0x56fd, 0x44fa, 0x2776, 0x05b1, 0xe745, 0xcef7, 0xbfb7, 0xb697, 0xb042, 0xb093,
0xbc56, 0xce8d, 0xe4bf, 0xfafc, 0x0de9, 0x1dfb, 0x28d3, 0x2dd8, 0x2f37, 0x2cdc, 0x24e9, 0x1be0,
0x114e, 0x06b6, 0x0062, 0xfd32, 0xfd80, 0xff45, 0xfd3e, 0xfb1c, 0xfc2c, 0xfc4e, 0xfb11, 0xf723,
0xf105, 0xec84, 0xea07, 0xe9e9, 0xede8, 0xf3f5, 0xfa53, 0x02ec, 0x0b5a, 0x1093, 0x13f7, 0x14bb,
0x1380, 0x0df4, 0x0345, 0xf78d, 0xef0d, 0xea93, 0xe723, 0xe79d, 0xe984, 0xefdb, 0xfb04, 0x06b1,
0x132b, 0x1a9f, 0x1e6f, 0x2192, 0x257c, 0x23f0, 0x1ba9, 0x0e89, 0xfa5b, 0xea30, 0xda19, 0xcb9f,
0xc30a, 0xb8cc, 0xb369, 0xb7cb, 0xc644, 0xdb50, 0xf80b, 0x149c, 0x2dc1, 0x442f, 0x4f19, 0x5934,
0x6285, 0x6222, 0x5792, 0x3f9a, 0x1bcc, 0xf863, 0xdb34, 0xc518, 0xb8d7, 0xaf79, 0xa810, 0xad13,
0xbea9, 0xd600, 0xef7b, 0x0331, 0x1374, 0x23a8, 0x2e68, 0x32d1, 0x31f8, 0x2a3a, 0x201c, 0x1833,
0x0db5, 0x0488, 0xff0d, 0xfb87, 0xfcb8, 0xfe09, 0xfbc2, 0xfaac, 0xfa5f, 0xfa13, 0xf9fe, 0xf562,
0xedf0, 0xe877, 0xe70c, 0xeb97, 0xf338, 0xf9e4, 0x0087, 0x08c0, 0x106e, 0x1485, 0x1690, 0x157c,
0x111d, 0x08bd, 0xfca6, 0xf213, 0xeb5d, 0xe7d7, 0xe6f7, 0xe848, 0xeae5, 0xf3e7, 0xfff0, 0x0d47,
0x1ab7, 0x1f32, 0x2234, 0x280f, 0x2964, 0x24d8, 0x17f7, 0x0138, 0xee4f, 0xe009, 0xce25, 0xc1f7,
0xb5ce, 0xaaf7, 0xae81, 0xbabb, 0xced5, 0xedab, 0x0c8f, 0x27b9, 0x43a8, 0x5324, 0x5cc3, 0x692c,
0x6b08, 0x62e2, 0x4d94, 0x25b7, 0xfcd2, 0xdef4, 0xc4a0, 0xb5ab, 0xacca, 0xa1a1, 0xa5a0, 0xb7b1,
0xcd1d, 0xe91c, 0x007c, 0x0f5c, 0x23f7, 0x3245, 0x351f, 0x3639, 0x3012, 0x2425, 0x1c77, 0x1137,
0x042f, 0xffda, 0xfb8e, 0xf9e6, 0xfc00, 0xf817, 0xf3b2, 0xf5ae, 0xf6a1, 0xf6e3, 0xf5b0, 0xed00,
0xe944, 0xec5c, 0xf034, 0xf898, 0x0151, 0x061a, 0x0d3a, 0x1620, 0x18b8, 0x1860, 0x13ce, 0x0ab8,
0x0251, 0xf666, 0xe8f3, 0xe050, 0xdddc, 0xdea4, 0xe268, 0xe802, 0xf24d, 0x03dc, 0x15b0, 0x2374,
0x29fd, 0x2d54, 0x30e6, 0x3112, 0x2ac3, 0x1a17, 0x0002, 0xe9f7, 0xda33, 0xc9f7, 0xbcfe, 0xaea3,
0xa4c6, 0xab47, 0xba8b, 0xcff8, 0xefc9, 0x0ee4, 0x2c87, 0x4882, 0x53e4, 0x5bb8, 0x65cb, 0x68a4,
0x6446, 0x4dd0, 0x2394, 0xfb9f, 0xde92, 0xc71e, 0xba09, 0xaf60, 0xa6c7, 0xac7c, 0xbb22, 0xcd99,
0xe52d, 0xfb7a, 0x0d8f, 0x1f6a, 0x2a96, 0x2c8a, 0x2d34, 0x2b64, 0x2633, 0x2093, 0x1432, 0x0829,
0x054a, 0x03a5, 0x0368, 0x02a9, 0xfbe6, 0xf825, 0xf961, 0xf6e3, 0xf3d4, 0xefc8, 0xe802, 0xe52d,
0xe600, 0xe806, 0xf0a1, 0xfb97, 0x056a, 0x0e96, 0x13fb, 0x1576, 0x1716, 0x15ff, 0x0fe2, 0x0711,
0xf95f, 0xeb0b, 0xe326, 0xe135, 0xe1dc, 0xe53c, 0xea16, 0xf33c, 0x0370, 0x146a, 0x2214, 0x2a5a,
0x2f44, 0x3255, 0x2f68, 0x2490, 0x119b, 0xfb62, 0xe7e0, 0xd4c9, 0xc324, 0xb369, 0xa70f, 0xa5c3,
0xb09f, 0xc1ed, 0xdac9, 0xf99c, 0x17c4, 0x3959, 0x5282, 0x5e34, 0x66b6, 0x6a1c, 0x6802, 0x5cd5,
0x3ed2, 0x14d5, 0xf063, 0xd200, 0xbcd3, 0xb104, 0xa739, 0xa51d, 0xafd9, 0xc0be, 0xd646, 0xee41,
0x0263, 0x1856, 0x2a25, 0x3042, 0x30cf, 0x2ed8, 0x2926, 0x2432, 0x1b4c, 0x0d15, 0x04f1, 0x0061,
0xfebe, 0xffb8, 0xfdd9, 0xfa7f, 0xf917, 0xf6ee, 0xf53e, 0xf3b9, 0xee9c, 0xec55, 0xebda, 0xea7f,
0xed37, 0xf480, 0xfe1f, 0x0899, 0x1084, 0x12b1, 0x1294, 0x12b0, 0x101a, 0x09d8, 0xff7b, 0xf223,
0xe7b1, 0xe3a6, 0xe366, 0xe685, 0xecbf, 0xf488, 0x0041, 0x0e43, 0x1ae9, 0x2710, 0x306e, 0x345f,
0x320a, 0x27bb, 0x1490, 0xfddb, 0xeb72, 0xd762, 0xc4ac, 0xb4a3, 0xa4e3, 0xa1c5, 0xac09, 0xbd06,
0xd5cc, 0xf4e1, 0x11db, 0x334d, 0x4fbf, 0x5f07, 0x6c12, 0x70c1, 0x6c69, 0x5f87, 0x42f2, 0x1a2d,
0xf61c, 0xd814, 0xbfdc, 0xb022, 0xa279, 0x9dab, 0xa8cb, 0xbb72, 0xd031, 0xe7b3, 0xfcb0, 0x11c1,
0x26ec, 0x3211, 0x33d4, 0x3477, 0x3075, 0x2a63, 0x2239, 0x118b, 0x04cf, 0x0144, 0xff85, 0xfee7,
0xfc49, 0xf502, 0xf542, 0xf9af, 0xf983, 0xf73e, 0xf189, 0xed94, 0xefab, 0xf120, 0xf054, 0xf2b8,
0xf844, 0x01f5, 0x0c1e, 0x0ef2, 0x0c59, 0x0bfd, 0x0c83, 0x09fd, 0x02cd, 0xf665, 0xebe3, 0xe923,
0xeaa1, 0xecfc, 0xf1b2, 0xf62e, 0xff25, 0x0d41, 0x184d, 0x20c4, 0x288f, 0x2d97, 0x2d83, 0x25c7,
0x111c, 0xf974, 0xe842, 0xd77e, 0xc940, 0xba53, 0xa99e, 0xa500, 0xafd3, 0xc347, 0xde82, 0xfb7f,
0x140b, 0x3186, 0x4c2a, 0x5cbf, 0x6909, 0x6b5c, 0x6551, 0x58f1, 0x3da1, 0x1627, 0xf18c, 0xd39a,
0xc08e, 0xb548, 0xa93f, 0xa480, 0xab9b, 0xbb65, 0xd2e7, 0xeb8f, 0xff44, 0x1305, 0x2574, 0x3201,
0x36ca, 0x3388, 0x2d0c, 0x27ba, 0x2130, 0x15a7, 0x0718, 0xfc2d, 0xf9d7, 0xfb32, 0xfadc, 0xf825,
0xf64e, 0xf794, 0xfa40, 0xfac7, 0xf7c8, 0xf3c0, 0xf396, 0xf61f, 0xf731, 0xf793, 0xf800, 0xfcab,
0x0320, 0x0703, 0x078a, 0x04d9, 0x020f, 0xffc2, 0xfc81, 0xf622, 0xef33, 0xeb6d, 0xed1b, 0xf2df,
0xf93d, 0xffdb, 0x0841, 0x1348, 0x1cf8, 0x22c7, 0x26c3, 0x28cd, 0x2565, 0x1af1, 0x077c, 0xf091,
0xddc2, 0xcdb9, 0xc2fb, 0xb907, 0xaece, 0xaef9, 0xbab8, 0xd148, 0xf164, 0x0fea, 0x28cd, 0x4004,
0x4e28, 0x57a4, 0x61f1, 0x626c, 0x5aa7, 0x48dd, 0x2637, 0x0030, 0xe0ff, 0xc8e4, 0xbe3a, 0xb9a4,
0xb350, 0xb29a, 0xb9f8, 0xc771, 0xdd89, 0xf5d5, 0x0874, 0x1928, 0x225b, 0x259a, 0x29fb, 0x2ad6,
0x2a34, 0x2893, 0x1f11, 0x1137, 0x07a3, 0x0046, 0xfd9a, 0xff22, 0xfa65, 0xf5e2, 0xf593, 0xf42e,
0xf5e3, 0xf875, 0xf745, 0xf7c4, 0xf903, 0xf823, 0xfb99, 0xffe8, 0x0304, 0x0800, 0x0732, 0x0109,
0xfc8c, 0xf8f1, 0xf727, 0xf7be, 0xf23e, 0xe9c8, 0xe6e1, 0xe8cd, 0xf11f, 0xfc37, 0x0482, 0x0b9d,
0x14f2, 0x1c5d, 0x2192, 0x2773, 0x280a, 0x257e, 0x1ee6, 0x0fc3, 0xfd25, 0xec77, 0xdce7, 0xd0e5,
0xc856, 0xbada, 0xb23d, 0xb5a2, 0xc2aa, 0xda56, 0xf54e, 0x0b51, 0x2294, 0x39a5, 0x466f, 0x523c,
0x5954, 0x57c3, 0x544f, 0x463a, 0x27cb, 0x0515, 0xe564, 0xcc17, 0xc136, 0xba24, 0xb328, 0xb438,
0xbb73, 0xc9c9, 0xdfbb, 0xf497, 0x07f2, 0x1a5f, 0x253c, 0x29fc, 0x2bb4, 0x2a21, 0x283e, 0x266d,
0x1e91, 0x137c, 0x0722, 0xfe85, 0xfd71, 0xfb8b, 0xf7d0, 0xf58a, 0xf407, 0xf47e, 0xf868, 0xf8d0,
0xf85e, 0xfaec, 0xfb7b, 0xfc98, 0xfecf, 0xfffb, 0x0496, 0x0ac4, 0x0997, 0x0361, 0xfbdf, 0xf357,
0xef94, 0xef09, 0xeb28, 0xe6b7, 0xe3b7, 0xe4cf, 0xeed2, 0xfcae, 0x0909, 0x1415, 0x1d16, 0x23f0,
0x2946, 0x2b11, 0x2aa6, 0x27ba, 0x1da4, 0x0cfc, 0xf7aa, 0xe4b6, 0xd666, 0xcc52, 0xc760, 0xbec4,
0xb656, 0xb7a6, 0xc3f9, 0xd9d5, 0xf698, 0x0d77, 0x1f92, 0x34ab, 0x4084, 0x4b3c, 0x55e8, 0x5519,
0x4e96, 0x42f2, 0x298d, 0x0ae2, 0xeea8, 0xd3b1, 0xc68a, 0xc0ef, 0xb955, 0xb8d3, 0xc026, 0xca26,
0xdc6b, 0xf1cc, 0x037d, 0x14c3, 0x1f0a, 0x229c, 0x273b, 0x2950, 0x25b3, 0x23b0, 0x1ea9, 0x1435,
0x0af6, 0x055f, 0x0322, 0x01a2, 0xfb86, 0xf4da, 0xf3a4, 0xf1af, 0xf328, 0xf621, 0xf6c4, 0xf9bf,
0xfca2, 0xfda1, 0x0174, 0x063c, 0x07c0, 0x0c1a, 0x0d30, 0x0467, 0xf9a9, 0xf02f, 0xe92e, 0xe5c2,
0xe098, 0xdcb3, 0xdfd0, 0xe5eb, 0xf01d, 0x018f, 0x11e4, 0x1da8, 0x2940, 0x2f01, 0x2eda, 0x2e40,
0x29de, 0x23bd, 0x1ab6, 0x0719, 0xedd2, 0xda73, 0xccd4, 0xc468, 0xc240, 0xbc1f, 0xb97a, 0xbffa,
0xca3b, 0xe043, 0xfe6f, 0x1624, 0x2a06, 0x3b5c, 0x4195, 0x4895, 0x511e, 0x52a0, 0x4ea0, 0x3d72,
0x1dba, 0x004b, 0xe92d, 0xd44c, 0xc978, 0xc21d, 0xbb67, 0xbd7f, 0xc66a, 0xd243, 0xe347, 0xf465,
0x02dc, 0x108c, 0x17a1, 0x18ba, 0x1a8f, 0x1ed2, 0x225a, 0x220a, 0x1a23, 0x11dd, 0x0e87, 0x0edb,
0x1108, 0x0f6b, 0x0699, 0xfb1a, 0xf4a3, 0xf097, 0xee01, 0xeca6, 0xeccf, 0xf0f6, 0xf61a, 0xf9bf,
0xff3c, 0x081c, 0x10b5, 0x1617, 0x141b, 0x0a52, 0xfee5, 0xf484, 0xeaba, 0xe26a, 0xd96a, 0xd26a,
0xd5b4, 0xe1fc, 0xf103, 0x01bf, 0x1247, 0x2205, 0x3133, 0x38ee, 0x373d, 0x3334, 0x2c85, 0x2241,
0x15ba, 0x013c, 0xe826, 0xd4e3, 0xc84b, 0xc06c, 0xbd69, 0xbad8, 0xbbfa, 0xc62b, 0xd421, 0xe58d,
0xfdce, 0x1670, 0x2c98, 0x3fa3, 0x463b, 0x46ca, 0x49f9, 0x4bf9, 0x49cd, 0x3c6e, 0x1da5, 0xfbd5,
0xe4ad, 0xd399, 0xc964, 0xc2ce, 0xbe2e, 0xc2b4, 0xcd3e, 0xd797, 0xe5db, 0xf63d, 0x0395, 0x117b,
0x183c, 0x1429, 0x10b2, 0x123f, 0x16c5, 0x1ac7, 0x17f9, 0x0ff1, 0x0d06, 0x1181, 0x1738, 0x18ef,
0x1322, 0x08e9, 0xfe2a, 0xf4da, 0xedf7, 0xe83b, 0xe63f, 0xe945, 0xee7d, 0xf1a8, 0xf617, 0x0032,
0x0d60, 0x1892, 0x1a89, 0x11b0, 0x0517, 0xf939, 0xee3e, 0xe5ea, 0xdd64, 0xd5ad, 0xd4a4, 0xdc8a,
0xecb5, 0x0025, 0x12b0, 0x2406, 0x312f, 0x36e7, 0x3665, 0x3077, 0x2914, 0x2068, 0x1269, 0x00de,
0xece5, 0xd85b, 0xcb73, 0xc691, 0xc48a, 0xc5bb, 0xc705, 0xca28, 0xd3ad, 0xe0a4, 0xf10f, 0x06c2,
0x1c52, 0x2f17, 0x3d44, 0x4353, 0x4736, 0x4ad8, 0x4b50, 0x461b, 0x341f, 0x15a0, 0xf721, 0xde9f,
0xcc16, 0xc16a, 0xbac6, 0xb87b, 0xbf96, 0xcbba, 0xda28, 0xed5b, 0xff21, 0x0da0, 0x1a5a, 0x1f99,
0x1df0, 0x1c6e, 0x1b6c, 0x1ac0, 0x1982, 0x124c, 0x0ac6, 0x097b, 0x0c52, 0x1048, 0x105f, 0x0926,
0x0084, 0xf8c2, 0xefc4, 0xe9b9, 0xe6c0, 0xe628, 0xea30, 0xf021, 0xf541, 0xfe0d, 0x0a79, 0x159a,
0x1c77, 0x1a90, 0x0f88, 0x01f9, 0xf53e, 0xe962, 0xdfdc, 0xd843, 0xd4d9, 0xd86b, 0xe27a, 0xf235,
0x057f, 0x188a, 0x287b, 0x31fa, 0x3431, 0x3037, 0x27fc, 0x1e6a, 0x12c1, 0x05ff, 0xf8ef, 0xec82,
0xe35a, 0xdc4e, 0xd628, 0xd4a0, 0xd6a3, 0xd6ff, 0xd6f4, 0xd6c0, 0xd808, 0xe0be, 0xf030, 0x03ac,
0x18a8, 0x2c1a, 0x3bae, 0x46a7, 0x4f61, 0x53ab, 0x50a2, 0x441c, 0x2cec, 0x0dab, 0xed52, 0xcfa9,
0xb98b, 0xaefa, 0xabfd, 0xb176, 0xbe63, 0xcfa6, 0xe4d5, 0xfc75, 0x110c, 0x21c8, 0x2c27, 0x2e35,
0x2cbd, 0x27d4, 0x20af, 0x18d8, 0x103d, 0x07cf, 0x03cf, 0x0244, 0x02c4, 0x0491, 0x027b, 0xfe44,
0xf95b, 0xf2f1, 0xecfa, 0xea02, 0xe866, 0xea9c, 0xf06c, 0xf6c8, 0xff09, 0x09cb, 0x1358, 0x19c4,
0x1a7c, 0x1312, 0x07f7, 0xfb2e, 0xeed7, 0xe40f, 0xdb8a, 0xd6d3, 0xd8bb, 0xe06b, 0xebbc, 0xfc7d,
0x0de9, 0x1d2e, 0x2a4d, 0x2f2d, 0x2ce0, 0x290e, 0x1f2b, 0x1213, 0x0a01, 0x01d9, 0xf9a5, 0xf472,
0xeaa3, 0xe141, 0xdf0b, 0xdc00, 0xda11, 0xda2c, 0xd2f0, 0xcc53, 0xcdd7, 0xd44a, 0xe647, 0x0206,
0x1ced, 0x36a6, 0x4ab6, 0x52f7, 0x591b, 0x5cb0, 0x571c, 0x497a, 0x2dbf, 0x0457, 0xdb8a, 0xba11,
0xa292, 0x9c0e, 0xa142, 0xad48, 0xc114, 0xd892, 0xf09f, 0x0b41, 0x2385, 0x34c8, 0x3e3f, 0x3c0f,
0x3248, 0x2702, 0x1b6b, 0x1012, 0x07ba, 0x0074, 0xfb0c, 0xf81b, 0xf735, 0xf9fb, 0xfb97, 0xfa9e,
0xf96d, 0xf4bc, 0xedd9, 0xeb17, 0xeade, 0xef6c, 0xf819, 0xfeee, 0x06a9, 0x1136, 0x1881, 0x1cc2,
0x1d7c, 0x1474, 0x074d, 0xf934, 0xe85e, 0xdaf1, 0xd406, 0xd01b, 0xd40e, 0xe041, 0xedca, 0xfdec,
0x107e, 0x2125, 0x2dd8, 0x3477, 0x31a9, 0x2968, 0x1ed8, 0x129d, 0x0821, 0x005c, 0xf959, 0xf198,
0xeacf, 0xe322, 0xdcc3, 0xdaf9, 0xd8cd, 0xd578, 0xcf2e, 0xc622, 0xc3ae, 0xce4d, 0xe42b, 0x034d,
0x249d, 0x3df3, 0x5057, 0x5c6b, 0x634a, 0x66de, 0x6381, 0x5072, 0x2c49, 0xfdea, 0xccad, 0xa5e4,
0x9252, 0x8f5c, 0x96d3, 0xa794, 0xbde6, 0xd9d1, 0xfc3a, 0x1cf1, 0x37ce, 0x4bb6, 0x519f, 0x4995,
0x3bfb, 0x28aa, 0x14ec, 0x0784, 0xfbe4, 0xf193, 0xeb68, 0xe623, 0xe77e, 0xf1bd, 0xf90f, 0xfbce,
0xfc25, 0xf8da, 0xf5ed, 0xf669, 0xf5ff, 0xf6ed, 0xfbf8, 0x0096, 0x0670, 0x0ddb, 0x13d0, 0x1836,
0x199d, 0x1556, 0x08dd, 0xf654, 0xe4d9, 0xd842, 0xd13e, 0xcff1, 0xd2d9, 0xd949, 0xe6d1, 0xf990,
0x0d7b, 0x233d, 0x3386, 0x3b02, 0x3c86, 0x35ce, 0x2925, 0x1b6f, 0x0df0, 0x0099, 0xf625, 0xee94,
0xe6a5, 0xe1ec, 0xdef4, 0xd9bf, 0xd770, 0xd389, 0xcbb5, 0xc8ee, 0xc85b, 0xcb74, 0xdb20, 0xef76,
0x0741, 0x2811, 0x4466, 0x5c51, 0x70d2, 0x73d2, 0x6c44, 0x5d18, 0x3ff7, 0x1bf9, 0xf145, 0xc341,
0xa0a8, 0x8a52, 0x80c6, 0x8a2b, 0xa148, 0xc1c0, 0xe993, 0x0f92, 0x2f7d, 0x49da, 0x5998, 0x5ce8,
0x5559, 0x4293, 0x28d3, 0x0ff2, 0xfa22, 0xe80d, 0xdd68, 0xd88a, 0xd9b2, 0xe1d6, 0xebc9, 0xf620,
0xfdfd, 0x0218, 0x0571, 0x0389, 0xfd83, 0xf9eb, 0xf731, 0xf886, 0xff8b, 0x0291, 0x0673, 0x103f,
0x1662, 0x19ad, 0x184e, 0x0c06, 0xfc95, 0xee8f, 0xdf30, 0xd4d9, 0xd00b, 0xcdcd, 0xd441, 0xe2b0,
0xf538, 0x0b55, 0x2334, 0x3809, 0x44ad, 0x47c7, 0x406c, 0x31a7, 0x20e5, 0x0d95, 0xf988, 0xe83c,
0xd9bb, 0xd090, 0xce7d, 0xd0ca, 0xd541, 0xd8e7, 0xdc7e, 0xe1d8, 0xe63a, 0xeb3b, 0xed95, 0xed42,
0xf495, 0x02f6, 0x1510, 0x2d9f, 0x4270, 0x4eb1, 0x5750, 0x5475, 0x47e8, 0x37f8, 0x21b7, 0x04d0,
0xe232, 0xbca3, 0x9d13, 0x8c8f, 0x8d87, 0x9e03, 0xb9ab, 0xdbf1, 0x0098, 0x2340, 0x4132, 0x5829,
0x623b, 0x5f0e, 0x5122, 0x387c, 0x1b5b, 0xffe0, 0xe7f0, 0xd79f, 0xd145, 0xcf5d, 0xd203, 0xdb4c,
0xe7e4, 0xf6b3, 0x029b, 0x0831, 0x09a4, 0x0700, 0x0306, 0xfff4, 0xfd6b, 0xfec0, 0x024d, 0x05ee,
0x0ccc, 0x1452, 0x186d, 0x1874, 0x1379, 0x090c, 0xf98e, 0xe778, 0xd6e7, 0xccba, 0xca8c, 0xcf2a,
0xda9c, 0xeb61, 0x019a, 0x1bf8, 0x34b4, 0x45d3, 0x4cc9, 0x48ce, 0x3b56, 0x275f, 0x0d9c, 0xf304,
0xdb4d, 0xc7a2, 0xbbfa, 0xbb3d, 0xc673, 0xd95d, 0xed76, 0xfedb, 0x084c, 0x0cc5, 0x0f68, 0x0cb3,
0x0753, 0xfc67, 0xed55, 0xe640, 0xea2c, 0xf7bb, 0x0f4e, 0x273e, 0x3946, 0x4478, 0x42dd, 0x3aa4,
0x2ed4, 0x1c55, 0x04ec, 0xe592, 0xc095, 0xa225, 0x9392, 0x9947, 0xb1aa, 0xd454, 0xfb45, 0x2085,
0x3f4f, 0x5672, 0x63e9, 0x6564, 0x5949, 0x3fdc, 0x1d1d, 0xf72e, 0xd648, 0xc109, 0xb873, 0xbc3a,
0xc75d, 0xd4bd, 0xe519, 0xf936, 0x0ccf, 0x1b0d, 0x2061, 0x1b02, 0x104c, 0x0497, 0xfb92, 0xf829,
0xf906, 0xfd08, 0x0302, 0x0a7e, 0x139d, 0x1bc5, 0x1e04, 0x1869, 0x0a00, 0xf41f, 0xdd81, 0xcb8c,
0xc20a, 0xc447, 0xcfd7, 0xe00a, 0xf622, 0x116f, 0x2ca8, 0x4436, 0x5225, 0x511b, 0x42d2, 0x29f8,
0x08d8, 0xe7bd, 0xcd25, 0xbb8f, 0xb4e5, 0xb71c, 0xc2be, 0xda0b, 0xfaf5, 0x2022, 0x3e20, 0x4b77,
0x4719, 0x3270, 0x17a2, 0xfd39, 0xe01d, 0xc481, 0xadf0, 0xa081, 0xa6a5, 0xc0a6, 0xe81d, 0x19b0,
0x469b, 0x651c, 0x72b9, 0x69bc, 0x5651, 0x403d, 0x222f, 0xfd3e, 0xd10c, 0xa443, 0x89e2, 0x8826,
0x9d0e, 0xc3b5, 0xefd6, 0x1c9f, 0x4446, 0x5dc0, 0x67ec, 0x63be, 0x512d, 0x337c, 0x0c0c, 0xe040,
0xbc34, 0xa88e, 0xa6f5, 0xb3af, 0xcb1e, 0xe651, 0x0136, 0x1b66, 0x3041, 0x3a98, 0x3785, 0x269d,
0x0e63, 0xf566, 0xdfba, 0xd546, 0xd51a, 0xde98, 0xf243, 0x074b, 0x1ce4, 0x3221, 0x3e56, 0x402b,
0x34cb, 0x18b8, 0xf4d8, 0xd114, 0xb46a, 0xa629, 0xa451, 0xafcd, 0xc8f3, 0xe8ce, 0x0e8e, 0x3529,
0x5153, 0x61cd, 0x63ee, 0x54bd, 0x37f5, 0x110e, 0xe964, 0xcd18, 0xbe77, 0xb83d, 0xbb22, 0xc7ac,
0xddfc, 0xfedd, 0x20f3, 0x3be3, 0x4af7, 0x485d, 0x353e, 0x169e, 0xeee8, 0xc94a, 0xadf8, 0x9e2e,
0x9c82, 0xa31a, 0xb420, 0xd912, 0x0a7d, 0x3ca6, 0x66cd, 0x7c02, 0x7e3f, 0x703e, 0x5176, 0x2db3,
0x0793, 0xe19e, 0xc34c, 0xa7b9, 0x9142, 0x8e4d, 0x9fb2, 0xc2e1, 0xf083, 0x1843, 0x37d1, 0x4f6c,
0x582b, 0x5295, 0x41f7, 0x2568, 0x0361, 0xe253, 0xc629, 0xb66d, 0xb64e, 0xc39a, 0xdb98, 0xf7be,
0x10cf, 0x26ee, 0x3641, 0x3afc, 0x365a, 0x2678, 0x0e8c, 0xf6a5, 0xe0ac, 0xd1bd, 0xcfa6, 0xd6dd,
0xe692, 0xfd85, 0x140a, 0x277e, 0x35e9, 0x372e, 0x2b90, 0x168a, 0xf84e, 0xd858, 0xbdc0, 0xa9a2,
0xa417, 0xb24f, 0xccba, 0xf052, 0x1830, 0x3ca0, 0x5d16, 0x724f, 0x7449, 0x6577, 0x467c, 0x1be9,
0xeedb, 0xc386, 0xa1f5, 0x9226, 0x93ac, 0xa46b, 0xbff0, 0xe069, 0x03ed, 0x26d9, 0x4386, 0x51a8,
0x502a, 0x43e8, 0x2dae, 0x12e7, 0xf583, 0xd5c6, 0xbf97, 0xb95e, 0xbf15, 0xcf50, 0xe195, 0xf302,
0x0a4b, 0x22d5, 0x38b5, 0x48c4, 0x4b01, 0x41b5, 0x2f81, 0x12f3, 0xf5e4, 0xe167, 0xd6e5, 0xd4f9,
0xd33a, 0xcc1b, 0xc8bd, 0xd236, 0xe85d, 0x03fe, 0x1a3e, 0x2865, 0x2f62, 0x2d05, 0x218f, 0x1290,
0x0545, 0xfb75, 0xf13d, 0xe712, 0xe360, 0xe853, 0xf78e, 0x0d42, 0x201d, 0x2ac5, 0x2c1a, 0x23e8,
0x168d, 0x05ae, 0xf105, 0xdb63, 0xc653, 0xb69a, 0xb1b0, 0xba20, 0xd099, 0xf19e, 0x13d0, 0x3227,
0x492b, 0x54ed, 0x5705, 0x4dcf, 0x35ed, 0x14e7, 0xf096, 0xcb54, 0xb028, 0xa6b9, 0xae33, 0xc4dd,
0xe208, 0xfd9a, 0x1ae8, 0x3830, 0x4a82, 0x4cbc, 0x3ed7, 0x2347, 0x00b4, 0xdece, 0xc36a, 0xb558,
0xb708, 0xc5d3, 0xddc2, 0xfa22, 0x1783, 0x3362, 0x498c, 0x53af, 0x4b7e, 0x2f33, 0x0ad0, 0xeadc,
0xd2cb, 0xc662, 0xc4ce, 0xcc05, 0xdd3b, 0xf0d8, 0x0317, 0x1700, 0x258d, 0x2d14, 0x2ad3, 0x13f4,
0xf353, 0xd7e3, 0xc5cc, 0xc912, 0xdaf3, 0xec57, 0x0190, 0x15ae, 0x23a8, 0x336a, 0x409d, 0x442d,
0x3cea, 0x2351, 0xfc4b, 0xd7ec, 0xc060, 0xbb93, 0xc5ff, 0xd639, 0xea1e, 0x01ee, 0x1825, 0x290a,
0x34bc, 0x3978, 0x3223, 0x1cdf, 0xfdf4, 0xe1c6, 0xd23c, 0xcd40, 0xcef2, 0xd612, 0xe260, 0xf3f3,
0x08d5, 0x1a7b, 0x25d7, 0x297e, 0x24d1, 0x1a6e, 0x0b85, 0xfc0d, 0xf321, 0xf219, 0xf50e, 0xf9d3,
0xfd98, 0x0264, 0x0bbb, 0x12c2, 0x0fa6, 0x02e8, 0xefc5, 0xdd31, 0xd017, 0xc684, 0xc520, 0xd16b,
0xe8c3, 0x0523, 0x1f06, 0x357b, 0x4b99, 0x5944, 0x57a1, 0x475f, 0x29b4, 0x0650, 0xe462, 0xc83b,
0xb77c, 0xb34d, 0xb9ab, 0xc9e6, 0xe063, 0xf785, 0x0cbd, 0x1e27, 0x2899, 0x29f1, 0x225c, 0x1408,
0x03db, 0xf59f, 0xea95, 0xe563, 0xe840, 0xf272, 0x0106, 0x13a3, 0x277c, 0x31b8, 0x2f06, 0x213a,
0x08a9, 0xef4b, 0xdbdf, 0xcc99, 0xc29d, 0xbca1, 0xbddc, 0xce50, 0xece2, 0x1393, 0x3955, 0x5444,
0x5dc3, 0x51db, 0x368f, 0x187a, 0x005c, 0xeed3, 0xda3e, 0xbfed, 0xab39, 0xa6cf, 0xb9d0, 0xdfd8,
0x088d, 0x2c04, 0x4747, 0x52f0, 0x4efd, 0x400b, 0x2af5, 0x1528, 0xfa8e, 0xd915, 0xbd98, 0xb41c,
0xbd35, 0xd334, 0xec2d, 0x0069, 0x1179, 0x1f8a, 0x23f9, 0x1f3a, 0x1628, 0x07d3, 0xf592, 0xe397,
0xd77c, 0xd8ad, 0xe95f, 0x03ad, 0x1d1e, 0x3028, 0x3c74, 0x3f81, 0x396a, 0x2b1a, 0x111c, 0xee81,
0xcb97, 0xaf52, 0x9fca, 0xa091, 0xb34d, 0xd508, 0xfc98, 0x1fbd, 0x3b72, 0x512c, 0x5d65, 0x5a63,
0x475b, 0x2634, 0xfd75, 0xd6fc, 0xb9d8, 0xae2f, 0xb3d0, 0xc30a, 0xda24, 0xf692, 0x13a1, 0x2de4,
0x3f98, 0x444d, 0x3b83, 0x2610, 0x095d, 0xee4e, 0xd921, 0xcb9b, 0xc9e5, 0xd3b0, 0xe2d1, 0xf549,
0x0ae8, 0x1eba, 0x2c2b, 0x30c3, 0x2ca8, 0x22e1, 0x1560, 0x050c, 0xf184, 0xdcd2, 0xcd69, 0xc70f,
0xce09, 0xdedb, 0xea3b, 0xf15c, 0xfb34, 0x0616, 0x17f9, 0x2be7, 0x37df, 0x3fb6, 0x3ac8, 0x25a1,
0x0dd0, 0xf5da, 0xe85f, 0xe8de, 0xe1f1, 0xcf68, 0xbbf1, 0xb260, 0xc1fc, 0xe282, 0xffcc, 0x1b2b,
0x34e1, 0x47bc, 0x4e44, 0x4482, 0x36b0, 0x2b68, 0x164d, 0xf6a6, 0xd7a5, 0xc296, 0xc1f6, 0xcfd5,
0xdd79, 0xeaa5, 0xfb4c, 0x0b96, 0x1629, 0x18c4, 0x1641, 0x1073, 0x032f, 0xf1ad, 0xe45b, 0xddf0,
0xe0ec, 0xeee2, 0x010e, 0x146d, 0x288c, 0x3572, 0x3a3e, 0x3954, 0x29a2, 0x0c66, 0xefe0, 0xd58c,
0xbf45, 0xb57e, 0xb902, 0xca03, 0xe423, 0xfe13, 0x1b27, 0x3a44, 0x4d0a, 0x4fd6, 0x436b, 0x286e,
0x082c, 0xe7cd, 0xca7f, 0xb813, 0xb31c, 0xbb09, 0xcfe0, 0xecef, 0x0b99, 0x271b, 0x3aca, 0x4511,
0x4385, 0x34b8, 0x1ee6, 0x0678, 0xec65, 0xd6b0, 0xcbcc, 0xcba7, 0xd4f5, 0xe725, 0xfc99, 0x0da2,
0x183c, 0x1ba6, 0x180a, 0x108d, 0x0575, 0xfa8f, 0xf4e3, 0xf239, 0xf439, 0xf7a8, 0xf790, 0xf8d3,
0xf7c2, 0xfb9b, 0x03f7, 0xfb1b, 0xee7b, 0xe731, 0xe254, 0xf571, 0x0e5f, 0x1de1, 0x36b1, 0x3f06,
0x31f7, 0x275b, 0x1553, 0x087d, 0x0430, 0xeb1d, 0xc805, 0xadde, 0xa234, 0xb457, 0xd60d, 0xf4c5,
0x16b3, 0x3719, 0x4d12, 0x50cf, 0x42db, 0x35f6, 0x27cd, 0x08d3, 0xe67e, 0xd09c, 0xcbef, 0xd983,
0xeb5b, 0xf861, 0x073c, 0x17f6, 0x2009, 0x19b6, 0x05a1, 0xee9d, 0xdcf5, 0xc7ef, 0xb4e3, 0xb66e,
0xcb04, 0xec6d, 0x14a6, 0x365b, 0x543c, 0x6ff6, 0x7735, 0x6477, 0x445f, 0x1783, 0xe2b0, 0xb50f,
0x915a, 0x809a, 0x888b, 0x9fdb, 0xc84d, 0xfc41, 0x2ab6, 0x5407, 0x7155, 0x75b8, 0x61fa, 0x3a0a,
0x0bd8, 0xe233, 0xbd71, 0xa3fc, 0x9d34, 0xa944, 0xc45b, 0xea5e, 0x1452, 0x37e7, 0x4fd8, 0x575a,
0x4ad1, 0x2e2b, 0x08a0, 0xe6d7, 0xce47, 0xbbe9, 0xb55c, 0xbfad, 0xd854, 0xfa2f, 0x1c48, 0x3834,
0x4af9, 0x4ef8, 0x411c, 0x24dd, 0x02ac, 0xe489, 0xcc92, 0xba8f, 0xb24c, 0xb707, 0xcb4f, 0xeb35,
0x0fdd, 0x3135, 0x4830, 0x53c3, 0x4c57, 0x319b, 0x0e08, 0xe99c, 0xd757, 0xcb11, 0xb6c3, 0xb696,
0xbc69, 0xc9c5, 0xfbd1, 0x29b1, 0x4975, 0x665f, 0x5e63, 0x4553, 0x2817, 0xff23, 0xefb7, 0xe60a,
0xc8d1, 0xb4f2, 0xa71e, 0xa9ae, 0xd189, 0xfc7a, 0x2056, 0x41de, 0x5071, 0x5466, 0x495b, 0x2c9e,
0x1a6f, 0x0acd, 0xe901, 0xc82a, 0xb40a, 0xb3c2, 0xcd2c, 0xe76a, 0xf698, 0x083b, 0x1935, 0x1ff2,
0x1d30, 0x0fba, 0x060c, 0x0310, 0xf2c3, 0xe23e, 0xe354, 0xeb62, 0xfcd2, 0x16dc, 0x244d, 0x2ad9,
0x323b, 0x2de9, 0x20ca, 0x0d23, 0xf16d, 0xdb11, 0xc8de, 0xb5ae, 0xb386, 0xc41b, 0xda03, 0xf5e1,
0x1363, 0x2967, 0x38d2, 0x4000, 0x3b4e, 0x2e25, 0x1947, 0xfe93, 0xe72e, 0xd5cc, 0xcb53, 0xcf15,
0xdfca, 0xf4c5, 0x08db, 0x17e3, 0x2143, 0x27d9, 0x287c, 0x1df2, 0x0bfc, 0xfbf7, 0xee02, 0xdec1,
0xd748, 0xdcc4, 0xe82f, 0xf531, 0x0291, 0x0cb5, 0x1329, 0x184f, 0x1a77, 0x164f, 0x0b1e, 0xfe90,
0xf6f9, 0xf323, 0xf1d6, 0xf46f, 0xfcc7, 0x0837, 0x0d65, 0x0c73, 0x0a48, 0x0610, 0xff2e, 0xf956,
0xf711, 0xf88b, 0x00ae, 0x02e4, 0xfac4, 0xf854, 0xf44b, 0xf306, 0xf8da, 0xecd8, 0xe4ef, 0xe4b4,
0xdc70, 0xf150, 0x0ec0, 0x1fc2, 0x3e43, 0x499a, 0x3c7d, 0x3276, 0x1cf2, 0x0fcc, 0x0ab1, 0xeb0b,
0xcb77, 0xb6e4, 0xa448, 0xacc5, 0xc8c0, 0xe599, 0x0c74, 0x3230, 0x4c8a, 0x53ba, 0x43a0, 0x3592,
0x2852, 0x071a, 0xdf70, 0xc21d, 0xb300, 0xb762, 0xc69b, 0xd99e, 0xf577, 0x177b, 0x2e8b, 0x300a,
0x28e3, 0x2700, 0x20ea, 0x0850, 0xedd6, 0xe382, 0xdfb2, 0xe1be, 0xf290, 0x0683, 0x193c, 0x2dab,
0x343b, 0x2743, 0x13ac, 0x00e1, 0xeb5d, 0xcfdb, 0xb43e, 0xa861, 0xb014, 0xc2e7, 0xe0ce, 0x073d,
0x2de6, 0x4ec4, 0x614c, 0x6038, 0x5194, 0x3b03, 0x1dcc, 0xfcf4, 0xdc04, 0xc0e1, 0xb36b, 0xb613,
0xc714, 0xe101, 0xf8ef, 0x0d14, 0x1db6, 0x205a, 0x182b, 0x0e7b, 0x0369, 0xf7a1, 0xea99, 0xe0f5,
0xe2c0, 0xeebb, 0x00d7, 0x1643, 0x2664, 0x2fbb, 0x33d8, 0x2d4b, 0x1d1f, 0x086e, 0xf2eb, 0xe2e4,
0xda97, 0xd3e1, 0xd282, 0xdce7, 0xef1d, 0x04d9, 0x13d3, 0x1742, 0x1867, 0x1603, 0x0b49, 0xff5e,
0xf499, 0xed8e, 0xeefa, 0xf0d5, 0xf439, 0x03f6, 0x1807, 0x2558, 0x2f40, 0x3241, 0x21b7, 0x086f,
0xed6d, 0xce21, 0xc3be, 0xbfc4, 0xb7a0, 0xc641, 0xd21c, 0xea19, 0x1f99, 0x3f8e, 0x57eb, 0x6892,
0x5074, 0x3340, 0x0d82, 0xe07a, 0xd71e, 0xcd10, 0xb961, 0xbb6b, 0xbdfd, 0xce52, 0xf5f5, 0x15a3,
0x3584, 0x4eca, 0x5194, 0x476c, 0x232e, 0xfbf9, 0xee3e, 0xdb8e, 0xc704, 0xc4b7, 0xcb14, 0xe438,
0x06da, 0x19f8, 0x29fc, 0x390d, 0x3827, 0x21e0, 0xf6fd, 0xd5e6, 0xd3d4, 0xce8c, 0xc106, 0xccb1,
0xe964, 0x05e8, 0x254f, 0x3efa, 0x4f2f, 0x5885, 0x4e71, 0x2c87, 0xfff3, 0xd8be, 0xc03d, 0xb0f6,
0xa42d, 0xa6da, 0xbeaa, 0xdf18, 0x0314, 0x2927, 0x48ca, 0x5b77, 0x5bef, 0x454a, 0x2395, 0x03fa,
0xe6e2, 0xcd7b, 0xbdc9, 0xbd57, 0xc89a, 0xd876, 0xf093, 0x0fb0, 0x27cb, 0x3435, 0x354b, 0x295f,
0x156d, 0x01fc, 0xf095, 0xe133, 0xd928, 0xdb42, 0xe4f0, 0xf3f5, 0x05a9, 0x1495, 0x1f66, 0x25e1,
0x2024, 0x0ec6, 0xfe1a, 0xef10, 0xe081, 0xd6b1, 0xd4ce, 0xdf2e, 0xf07f, 0x006a, 0x1248, 0x23b9,
0x2a84, 0x29ad, 0x24e4, 0x160b, 0x047c, 0xf750, 0xe7ea, 0xdf76, 0xe3cd, 0xe8c5, 0xf0f3, 0x01b2,
0x0d0e, 0x0ea4, 0x0f6e, 0x0f0a, 0x0c8a, 0x047d, 0xf7de, 0xf1a1, 0xecb5, 0xeaef, 0xf6c2, 0x0342,
0x0ac6, 0x1043, 0x0fc3, 0x0b80, 0x0674, 0xff92, 0xfb9a, 0xf80e, 0xeb04, 0xe705, 0xf282, 0xfc62,
0x0bea, 0x1b93, 0x1e92, 0x1f0c, 0x1536, 0x02fb, 0xfee9, 0xfb66, 0xedd3, 0xe07d, 0xd163, 0xcca1,
0xdb92, 0xedd2, 0x001d, 0x1643, 0x2720, 0x302a, 0x2fd7, 0x24a4, 0x1a90, 0x13c0, 0x088e, 0xf9af,
0xeaac, 0xe38a, 0xe8ba, 0xef4d, 0xee5c, 0xf0c5, 0xfaa5, 0xfc43, 0xf5ac, 0xf44a, 0xf8d9, 0xfe8b,
0x01e6, 0x038b, 0x0864, 0x0e59, 0x14ea, 0x1d81, 0x1d45, 0x161f, 0x12b3, 0x08c8, 0xf46b, 0xe37a,
0xdb95, 0xd8ea, 0xd99f, 0xdd00, 0xe40d, 0xf123, 0x02f6, 0x15b6, 0x242e, 0x2b28, 0x2c2c, 0x2628,
0x1802, 0x090c, 0xfbb4, 0xee76, 0xe7d3, 0xe467, 0xde8a, 0xdf2f, 0xe70a, 0xf2c4, 0x01a2, 0x0ac4,
0x106f, 0x16b6, 0x1654, 0x1202, 0x0cbe, 0x05b2, 0x021f, 0x0207, 0x0288, 0x001f, 0xfcf9, 0xfea0,
0xfeb8, 0xfbdc, 0xf9cd, 0xf758, 0xf702, 0xf4f6, 0xef3e, 0xef3d, 0xf3c4, 0xf93f, 0x02ff, 0x0b7c,
0x0e3a, 0x113e, 0x13bc, 0x11c1, 0x0dee, 0x0904, 0x053f, 0x0168, 0xf9aa, 0xf5e8, 0xfa8c, 0xfee4,
0x006e, 0x0565, 0x0954, 0x0636, 0x05b7, 0x03a2, 0xf9d5, 0xf2d8, 0xe9f1, 0xdffc, 0xd959, 0xd7a6,
0xe504, 0xf550, 0x021e, 0x0f2e, 0x1740, 0x23cd, 0x315f, 0x360b, 0x3503, 0x2716, 0x11f2, 0xfc72,
0xe1d4, 0xd336, 0xd549, 0xd690, 0xd721, 0xdab2, 0xe319, 0xf447, 0x0867, 0x1c7e, 0x2c37, 0x2e11,
0x281b, 0x1e47, 0x0cd1, 0xff67, 0xf78e, 0xed26, 0xe4fd, 0xe082, 0xe52d, 0xf4d9, 0x05bb, 0x1328,
0x1876, 0x1812, 0x12fd, 0x059f, 0xf84e, 0xef2f, 0xe967, 0xe5af, 0xe3af, 0xeb53, 0xf9fa, 0x094f,
0x19fe, 0x22c3, 0x22c8, 0x1f9f, 0x13a2, 0x03e3, 0xf4e2, 0xe1ea, 0xd1a2, 0xca3f, 0xcc53, 0xdb62,
0xf113, 0x05ad, 0x1bcd, 0x2d2f, 0x33f3, 0x371f, 0x336f, 0x2334, 0x1203, 0x0077, 0xe721, 0xd4e4,
0xd35b, 0xda84, 0xe642, 0xf18e, 0xfb4d, 0x0820, 0x125c, 0x152a, 0x1269, 0x0b30, 0x013a, 0xf546,
0xe90c, 0xe300, 0xea4d, 0xf84d, 0x0352, 0x0f90, 0x1a11, 0x1f91, 0x2541, 0x246e, 0x18da, 0x07c3,
0xf5c0, 0xe76c, 0xdc1b, 0xd4e5, 0xd9c1, 0xe8c5, 0xf68a, 0x00a0, 0x0b38, 0x15d5, 0x1c17, 0x1bb2,
0x14e3, 0x0906, 0xfe1d, 0xf6e1, 0xed82, 0xe69a, 0xea35, 0xf4cb, 0x0271, 0x0b80, 0x0dea, 0x13dc,
0x19ee, 0x16b1, 0x0eed, 0x0771, 0xfe1f, 0xf1cd, 0xe70e, 0xdd1b, 0xd68d, 0xe0d8, 0xed8b, 0xf282,
0xfaff, 0x01c4, 0x1065, 0x242c, 0x28e7, 0x2a77, 0x28c5, 0x1f1a, 0x129f, 0xfb63, 0xe6d4, 0xe0e7,
0xdee7, 0xddfa, 0xdd1e, 0xe1b1, 0xf0a3, 0xff3d, 0x0a1b, 0x1531, 0x211d, 0x2bd1, 0x2d62, 0x20c9,
0x0af8, 0xf7e6, 0xee2f, 0xe8ec, 0xe492, 0xe598, 0xee37, 0xf859, 0xfe4e, 0x0266, 0x0cae, 0x169b,
0x12a6, 0x06e9, 0xf8e9, 0xeb80, 0xe4cc, 0xe35c, 0xe8c6, 0xf316, 0xffa6, 0x102f, 0x1c05, 0x2033,
0x2214, 0x1f80, 0x1753, 0x0bae, 0xfc63, 0xe9f1, 0xdc88, 0xdaf8, 0xdd5e, 0xdf74, 0xea85, 0xfc7d,
0x07d4, 0x0f59, 0x1817, 0x1ad8, 0x1b1c, 0x1a99, 0x1147, 0x0284, 0xf73c, 0xf335, 0xf2f5, 0xf126,
0xefac, 0xf470, 0xfce5, 0x025c, 0x0678, 0x0824, 0x060c, 0x053c, 0x01d1, 0xf9f3, 0xf5d4, 0xf75b,
0xfe0f, 0x048b, 0x0408, 0x065f, 0x0e08, 0x0d43, 0x072e, 0x031c, 0xfcd7, 0xfa0b, 0xf9e5, 0xf1f4,
0xee51, 0xf5d9, 0xfa71, 0xfe84, 0x0567, 0x08e1, 0x0f84, 0x15da, 0x0fcf, 0x06ef, 0x027f, 0xfc33,
0xf73b, 0xf305, 0xee4e, 0xf1a2, 0xf9ea, 0x022f, 0x0882, 0x090d, 0x0b9f, 0x0e67, 0x0716, 0xfeed,
0xfce3, 0xfb7f, 0xf8ee, 0xf424, 0xefc9, 0xf392, 0xfa03, 0xfd64, 0x03e9, 0x0a45, 0x0b48, 0x08ba,
0x0300, 0xfd36, 0xfdff, 0x0330, 0x03f4, 0x0168, 0xff3d, 0xfd87, 0x0046, 0x05c4, 0x0654, 0x0354,
0xffce, 0xfbb7, 0xf948, 0xf78d, 0xf8a2, 0xfec7, 0x027e, 0x02a7, 0x0477, 0x0693, 0x06dd, 0x0630,
0x04ca, 0x0057, 0xf968, 0xf36b, 0xf0ef, 0xf25f, 0xf4ea, 0xf92e, 0x012c, 0x07e7, 0x0a30, 0x0abb,
0x08ad, 0x0858, 0x0c48, 0x0a2d, 0x01e4, 0xfafb, 0xf709, 0xf5fa, 0xf549, 0xf6d2, 0xfd60, 0x0280,
0x0246, 0xffe1, 0xff3e, 0x025e, 0x07e9, 0x0b2f, 0x05cb, 0xfca4, 0xfa08, 0xfa3d, 0xf943, 0xfadb,
0xfdeb, 0x00d1, 0x031e, 0x022b, 0x01c5, 0x05b0, 0x0981, 0x095e, 0x0414, 0xfda4, 0xfdbe, 0x0220,
0x000e, 0xf9d1, 0xfb25, 0xff06, 0xfc54, 0xf7fa, 0xf645, 0xf6c0, 0xf964, 0xfb0d, 0xf9b3, 0xf8a7,
0xfc38, 0x0512, 0x0b6c, 0x0ab8, 0x0b27, 0x0f43, 0x104e, 0x0cea, 0x084b, 0x03bd, 0x0037, 0xfc49,
0xf463, 0xedc3, 0xf01a, 0xf671, 0xf96f, 0xfa40, 0xfb0f, 0xfe61, 0x061a, 0x0e17, 0x10d6, 0x0d0e,
0x06ba, 0x0239, 0xfd53, 0xf965, 0xfd43, 0x02a1, 0x008d, 0xfb64, 0xf963, 0xfafa, 0xffab, 0x0357,
0x007d, 0xfbe9, 0xf8aa, 0xf420, 0xf26e, 0xf61f, 0xfc55, 0x036d, 0x088b, 0x0b96, 0x0e50, 0x0fc5,
0x1319, 0x13f2, 0x0bd1, 0x0462, 0x00f6, 0xfdaf, 0xfae8, 0xf44c, 0xee46, 0xeec4, 0xeeae, 0xeff6,
0xf682, 0xf8d3, 0xfa9d, 0x0447, 0x091b, 0x06e0, 0x0a89, 0x0fc9, 0x105a, 0x0e6d, 0x06a7, 0xfe1a,
0xfe06, 0x00f0, 0x00e2, 0xfccd, 0xf70b, 0xf65c, 0xf55e, 0xf0f9, 0xf362, 0xf9e4, 0xfd64, 0xfef7,
0xfe3e, 0xff05, 0x05d2, 0x0e60, 0x1294, 0x0efe, 0x0644, 0x0169, 0x00f0, 0xfea0, 0xfc8e, 0xfe0c,
0xfe9f, 0xf975, 0xf399, 0xf4b9, 0xf9d7, 0xfefd, 0x022b, 0xffa5, 0xfc31, 0xfd48, 0xff5e, 0xfe97,
0xfdf1, 0x01e9, 0x0742, 0x089a, 0x05a8, 0x0380, 0x060b, 0x09af, 0x08f5, 0x02c1, 0xf9e4, 0xf246,
0xf212, 0xf6e8, 0xf79c, 0xf87f, 0xfe99, 0x0253, 0x0148, 0x0255, 0x0794, 0x0d1b, 0x0ec3, 0x0ae2,
0x04d6, 0x00fd, 0xff6b, 0x00d6, 0x02af, 0xff8c, 0xfc97, 0xfcd0, 0xf9ab, 0xf737, 0xfb87, 0xff40,
0xff0e, 0xfedf, 0xfe21, 0xfe7a, 0x04bf, 0x0a5f, 0x07d5, 0x0315, 0x0116, 0xfee9, 0xfba1, 0xfa00,
0xf986, 0xf977, 0xfb26, 0xfe4c, 0x0182, 0x041f, 0x062a, 0x0776, 0x0802, 0x06b2, 0x0536, 0x05f8,
0x03f5, 0xfdbc, 0xf7ac, 0xf291, 0xf23a, 0xf782, 0xfb11, 0xfb9c, 0xfc40, 0xfc69, 0xfdec, 0x01dd,
0x04ff, 0x08a1, 0x0cb4, 0x0d5a, 0x094c, 0x0258, 0xfdfb, 0xfdc8, 0xfe34, 0xfdcf, 0xfcba, 0xf979,
0xf4b1, 0xf3fd, 0xf70a, 0xf98a, 0x00fd, 0x09db, 0x08df, 0x05f8, 0x066d, 0x0522, 0x04a6, 0x0366,
0xfe2b, 0xf9b2, 0xf706, 0xf46a, 0xf385, 0xf57f, 0xf95a, 0xffa0, 0x06a4, 0x0973, 0x0a7b, 0x0bd2,
0x09c6, 0x0549, 0x023a, 0x0069, 0x0065, 0x0139, 0xfdb3, 0xf871, 0xf899, 0xfd68, 0x002b, 0xffa5,
0x0099, 0x03ab, 0x03d8, 0x0128, 0xfee5, 0xfb2e, 0xf633, 0xf643, 0xfc7a, 0x015c, 0x046f, 0x07f9,
0x08c6, 0x06a1, 0x0421, 0x04e5, 0x0680, 0x0117, 0xf911, 0xf6c9, 0xf785, 0xf749, 0xf8cd, 0xfeb6,
0x047c, 0x073e, 0x08f2, 0x0a2e, 0x0adc, 0x0c66, 0x0c6e, 0x070b, 0x0094, 0xfb08, 0xf3cb, 0xef5a,
0xf002, 0xf233, 0xf65d, 0xfbf5, 0x005f, 0x0326, 0x05cb, 0x09b4, 0x0c67, 0x0aaf, 0x0653, 0x0224,
0xfc68, 0xf690, 0xf530, 0xf982, 0xffa8, 0x01c5, 0x008a, 0x0143, 0x0380, 0x045f, 0x05f0, 0x07c8,
0x0506, 0xfe5e, 0xf8d0, 0xf3cc, 0xf164, 0xf465, 0xf755, 0xf8df, 0xfcb5, 0x019a, 0x04fd, 0x092a,
0x0cb4, 0x0d45, 0x0c8d, 0x0902, 0x04a5, 0x0226, 0xfffd, 0xfd81, 0xf991, 0xf6cc, 0xf80b, 0xfb09,
0xfd9e, 0xff6d, 0x0251, 0x0622, 0x0797, 0x061a, 0x0308, 0xff8c, 0xfcd2, 0xf915, 0xf299, 0xee96,
0xf066, 0xf34b, 0xf5ae, 0xfad1, 0x0389, 0x0bdb, 0x1189, 0x16ed, 0x1855, 0x1379, 0x0e3e, 0x099d,
0x023a, 0xfa19, 0xf6ec, 0xf53a, 0xeed0, 0xeb17, 0xef22, 0xf474, 0xfab5, 0x031d, 0x0847, 0x0a94,
0x0a0a, 0x0424, 0x0045, 0x000b, 0xfdc4, 0xfb9a, 0xf839, 0xf536, 0xf990, 0xff69, 0x045b, 0x0bb5,
0x0e37, 0x0b43, 0x0907, 0x0565, 0x011c, 0xfead, 0xfd03, 0xfe22, 0xfc93, 0xf548, 0xf532, 0xfa40,
0xf9bf, 0xfc4a, 0x0348, 0x04c3, 0x038e, 0x03a4, 0x0315, 0x0292, 0x001f, 0xfd81, 0xfff6, 0x01c9,
0x00a4, 0x0212, 0x0438, 0x0682, 0x0a27, 0x08c0, 0x0403, 0x0436, 0x04e5, 0x009d, 0xfb77, 0xf6fc,
0xf380, 0xf399, 0xf468, 0xf44e, 0xf610, 0xfb18, 0x022a, 0x0490, 0x0248, 0x054f, 0x0b6d, 0x0cf0,
0x0b4f, 0x06ee, 0x01b5, 0x002e, 0xfe16, 0xf796, 0xf3e2, 0xf673, 0xfb55, 0xfeab, 0x0092, 0x045d,
0x0848, 0x0b7f, 0x0bd4, 0x05a3, 0xffe2, 0xff29, 0xfcf8, 0xf868, 0xf6af, 0xf6c6, 0xf83d, 0xfa62,
0xf8e3, 0xf7cf, 0xfc2f, 0x0282, 0x06c8, 0x069e, 0x049b, 0x04ab, 0x0421, 0x0189, 0xff74, 0xff5c,
0x0123, 0x0316, 0x0236, 0xff69, 0xfdc7, 0xfd60, 0xff0b, 0x0121, 0xff50, 0xfea7, 0x022a, 0x0124,
0xfc5a, 0xfc60, 0xfef3, 0xfeda, 0xff39, 0x0042, 0xff07, 0xfe61, 0xfe13, 0xfe11, 0xffe2, 0x0277,
0x05d3, 0x0758, 0x064e, 0x05ce, 0x0661, 0x075a, 0x0613, 0x000d, 0xf9d2, 0xf8b2, 0xfa1b, 0xfaad,
0xf94d, 0xf6ee, 0xf909, 0xfc5e, 0xfbf0, 0xfe17, 0x03fa, 0x0634, 0x0324, 0x0098, 0xfea5, 0xfb93,
0xfbae, 0xff4b, 0x022e, 0x02fa, 0x05b1, 0x0b9e, 0x0e57, 0x0ced, 0x0c9a, 0x09e4, 0x0309, 0xfe09,
0xf9cf, 0xf412, 0xf009, 0xee14, 0xef43, 0xf5b4, 0xfc06, 0x013e, 0x06f1, 0x0908, 0x0aa7, 0x0d15,
0x0a25, 0x05bc, 0x0344, 0xfd48, 0xf7ea, 0xf708, 0xf773, 0xfabb, 0x00a6, 0x05aa, 0x098e, 0x0b72,
0x0a58, 0x0788, 0x0192, 0xfa81, 0xf55b, 0xf17d, 0xf0e9, 0xf34e, 0xf4cc, 0xf6da, 0xfd64, 0x059a,
0x0b1c, 0x0dc4, 0x0e06, 0x0bed, 0x08c8, 0x0519, 0x007d, 0xfbe8, 0xf8d6, 0xf8b4, 0xfa22, 0xfa2f,
0xfbd7, 0x015a, 0x0545, 0x0411, 0x00a6, 0xfe25, 0xfbc7, 0xfa35, 0xfa74, 0xfa56, 0xfa65, 0xfd89,
0x00f9, 0x0071, 0x00ac, 0x0288, 0x0245, 0x0382, 0x04d5, 0x02ad, 0x011e, 0x00af, 0xfebb, 0xfc20,
0xfb90, 0xfe7d, 0x0284, 0x043b, 0x050c, 0x07c8, 0x06c8, 0x028f, 0x01f5, 0x01d9, 0x00aa, 0xff25,
0xfc9a, 0xfa64, 0xf92e, 0xf911, 0xfb73, 0xfead, 0x0049, 0x0219, 0x03ba, 0x0265, 0xfe76, 0xfcfc,
0xff4c, 0x021f, 0x0394, 0x02cb, 0x0133, 0x018e, 0x024f, 0x01ec, 0x0327, 0x0305, 0x01fa, 0x01e3,
0xfe81, 0xfc0b, 0xfdc3, 0xfeba, 0xff19, 0xfeb8, 0xf9c8, 0xf7f1, 0xfb6f, 0xfc9f, 0xfedb, 0x015d,
0x0060, 0x022b, 0x0555, 0x055b, 0x0687, 0x088a, 0x0921, 0x06fa, 0x026b, 0xfe4c, 0xfab7, 0xf9cd,
0xf9c7, 0xf8bf, 0xf8de, 0xf896, 0xf9fb, 0xfe49, 0x01b4, 0x04ed, 0x08a0, 0x0885, 0x04d3, 0x01c7,
0xffa1, 0xff4c, 0xff7f, 0xfe31, 0xfd4f, 0xfd8d, 0xfda1, 0xfc02, 0xfafb, 0xfcd5, 0x012f, 0x02dc,
0x00e3, 0x01a7, 0x027d, 0x0232, 0x0593, 0x08c9, 0x06ee, 0x0537, 0x049d, 0x011d, 0xfd11, 0xfab3,
0xfb02, 0xfa42, 0xf584, 0xf1a0, 0xf233, 0xf6d9, 0xfe06, 0x0477, 0x0665, 0x077c, 0x08fb, 0x0785,
0x066e, 0x04f0, 0x0103, 0xfe91, 0xfec0, 0xfe59, 0xfc9c, 0xfcdf, 0xfde7, 0xfee9, 0xff89, 0xfda5,
0xfce8, 0xfe59, 0xfebf, 0xfef2, 0x008f, 0x0103, 0x01eb, 0x049a, 0x03eb, 0x015c, 0x001c, 0x0071,
0x0246, 0x0132, 0xfdd3, 0xfbfe, 0xfa9e, 0xfb56, 0xff86, 0x0186, 0x020a, 0x03e1, 0x03ca, 0x047a,
0x0594, 0x0472, 0x0272, 0xff66, 0xfa9e, 0xf6df, 0xf4eb, 0xf529, 0xfadf, 0x00c3, 0x054c, 0x0707,
0x075b, 0x0b33, 0x0bec, 0x0860, 0x02b0, 0xfbd9, 0xf798, 0xf67d, 0xf6ee, 0xf806, 0xfb2a, 0xff5e,
0x0169, 0x04ec, 0x095f, 0x0a50, 0x0b1f, 0x0a10, 0x01fa, 0xfad8, 0xf999, 0xf739, 0xf5b5, 0xf7a5,
0xfb51, 0xff9b, 0x02c3, 0x053e, 0x0873, 0x0a8a, 0x0842, 0x0337, 0xfd1f, 0xf96d, 0xf7f9, 0xf6ef,
0xf59f, 0xf51e, 0xf84c, 0xfe83, 0x0593, 0x08e8, 0x09dc, 0x0b12, 0x0b15, 0x0950, 0x073e, 0x01e8,
0xfc61, 0xfac7, 0xf7b5, 0xf4b7, 0xf62e, 0xfa55, 0xfdfb, 0x02fe, 0x0372, 0x01a2, 0x025d, 0x01a6,
0x003a, 0xfbea, 0xf7bc, 0xf863, 0xfadd, 0xfc55, 0x0102, 0x04ee, 0x07be, 0x09ca, 0x0920, 0x0948,
0x0759, 0x05c2, 0x043d, 0x005b, 0xfae9, 0xf663, 0xf312, 0xf149, 0xf38e, 0xf8d2, 0xfd46, 0xff88,
0x0206, 0x0353, 0x0461, 0x0640, 0x05ed, 0x042c, 0x0417, 0x00c8, 0xfd07, 0xfd3f, 0xfe49, 0x0047,
0x029e, 0x0469, 0x045a, 0x03ce, 0x0317, 0x048d, 0x0562, 0x046e, 0x0287, 0xfeee, 0xfa8d, 0xf765,
0xf8d9, 0xfabf, 0xfc9d, 0xfc94, 0xfc69, 0xfcb5, 0xfec6, 0x0224, 0x045b, 0x060e, 0x03ed, 0x0210,
0x0058, 0x0045, 0x0254, 0x0265, 0xfedb, 0xfc3e, 0xfc2f, 0xfeca, 0x036a, 0x03f1, 0x0518, 0x06ae,
0x0502, 0x028c, 0x01ce, 0xfff1, 0xfe0f, 0xfbd9, 0xf66b, 0xf35c, 0xf27b, 0xf581, 0xfad0, 0xfeeb,
0x0390, 0x06f0, 0x0811, 0x0892, 0x0878, 0x08c4, 0x09e4, 0x0946, 0x060a, 0xfe30, 0xf8e9, 0xf7b2,
0xf709, 0xf97d, 0xfc1b, 0xfdc6, 0xfd8c, 0xfe5a, 0x0013, 0xfec4, 0xfe31, 0x0085, 0x0149, 0xfec5,
0xfbf9, 0xfbac, 0xfd6d, 0xfe9d, 0xff75, 0x0066, 0x01e4, 0x05ae, 0x09c0, 0x099d, 0x09d3, 0x0a29,
0x0621, 0x01f2, 0xfd5e, 0xfa88, 0xf99f, 0xf7a0, 0xf6c1, 0xf773, 0xf86f, 0xfab6, 0xff75, 0x0282,
0x0349, 0x0359, 0x0410, 0x0292, 0x00f3, 0x00ce, 0xfe30, 0xfde8, 0xfd65, 0xfddb, 0x000e, 0x0193,
0x042d, 0x0653, 0x0636, 0x058f, 0x0497, 0x019b, 0xff67, 0xffb0, 0xfe0f, 0xf8ec, 0xf962, 0xf8a7,
0xf8ef, 0xfc37, 0xfdf4, 0x02b7, 0x03e0, 0x0493, 0x0515, 0x0530, 0x0336, 0x0118, 0x007d, 0xfe10,
0xfce1, 0xfc57, 0xfd0a, 0xfd86, 0x00a4, 0x01ca, 0x0114, 0x02d2, 0x04c7, 0x04b1, 0x0250, 0x00d4,
0xfeca, 0xfed5, 0xfe83, 0xfdc3, 0xff33, 0xfe89, 0xfc34, 0xfccf, 0xfa71, 0xfb7d, 0x00ba, 0xfee8,
0xfe8b, 0xffe9, 0x0000, 0xffb6, 0x0225, 0x009f, 0x0267, 0x071a, 0x059a, 0x0661, 0x0478, 0x039a,
0x0292, 0xff42, 0xfd5f, 0xfd06, 0xfd4e, 0xfd92, 0xfb58, 0xfa96, 0xfb5b, 0xfe0f, 0x03d7, 0x039a,
0x0258, 0xfec6, 0xfd3c, 0x0090, 0x00d3, 0xfde3, 0x0098, 0x0096, 0xfca9, 0xff8e, 0xfeb7, 0xff91,
0x01e9, 0x025a, 0x01d1, 0x0173, 0x023d, 0x0256, 0x0256, 0x0108, 0x01fa, 0x00ac, 0xffb6, 0x005b,
0x0024, 0xff7a, 0xff62, 0xff16, 0xfc6b, 0xfb96, 0xfc75, 0xfd3f, 0xfc26, 0xfc27, 0xfcab, 0xfe1b,
0xfee9, 0xfed4, 0x047c, 0x076f, 0x0813, 0x0bac, 0x09ec, 0x056e, 0x02f8, 0x01cd, 0xfedf, 0xfa9e,
0xf8a5, 0xf56b, 0xf5ea, 0xf899, 0xf85a, 0xfc69, 0x003e, 0x001e, 0x016b, 0xffc8, 0xffc7, 0x00f1,
0x0126, 0x01bb, 0x01a1, 0x047d, 0x0289, 0x0345, 0x070a, 0x07ca, 0x07d0, 0x05a8, 0x0217, 0xff56,
0xfca9, 0xf89f, 0xf5ed, 0xf469, 0xf5f9, 0xf717, 0xfb88, 0x00c6, 0x060e, 0x0a9f, 0x0c43, 0x0d1c,
0x07e6, 0x042d, 0x0179, 0xff3d, 0xfd12, 0xfa6b, 0xf87d, 0xf749, 0xfa0e, 0xfafe, 0xfd94, 0x03b9,
0x0407, 0x0409, 0x04f7, 0x0292, 0x0279, 0x0078, 0xfe14, 0xfc43, 0xfa2d, 0xfdcc, 0x013c, 0x017f,
0x02a5, 0x04e5, 0x035f, 0x0070, 0x0207, 0x02e9, 0x0274, 0xff14, 0xf76b, 0xf653, 0xf95d, 0xf9fc,
0xfc79, 0xfee6, 0x01d8, 0x0342, 0x0114, 0x022e, 0x0317, 0x052b, 0x07ed, 0x0563, 0x0424, 0x0287,
0x0127, 0x012f, 0xfea2, 0xfe1d, 0xfe03, 0xfd84, 0xfd80, 0xfa86, 0xf786, 0xf84f, 0xf773, 0xf862,
0xfdca, 0x0033, 0x0442, 0x06ea, 0x06f6, 0x08fd, 0x07ce, 0x078c, 0x08a0, 0x05c8, 0x0315, 0xffc1,
0xfb06, 0xf8ac, 0xf849, 0xf674, 0xf790, 0xfd44, 0xfdef, 0xff87, 0x024e, 0x0370, 0x0539, 0x048a,
0x0456, 0x02de, 0x01a5, 0x000f, 0xfe18, 0xfb8e, 0xfa76, 0xfce9, 0xfe60, 0xffd8, 0xffd1, 0x00a5,
0x0253, 0x036b, 0x023c, 0xff25, 0xfeef, 0x002b, 0xfe5b, 0xfc01, 0xfbf0, 0xfda3, 0x001e, 0x0152,
0x036c, 0x0366, 0x0584, 0x0602, 0x0266, 0x01a2, 0x00bc, 0xfead, 0xfcb1, 0xfc74, 0xfac9, 0xfa8b,
0xfd44, 0xff67, 0x00dd, 0x02ac, 0x036d, 0x044d, 0x0445, 0x05a1, 0x0508, 0xff1a, 0xfe24, 0xfbb3,
0xfb67, 0xfdaf, 0xfcfe, 0xfddf, 0xfd70, 0xfe28, 0xfe36, 0xfe5c, 0x03d7, 0x064e, 0x061f, 0x045f,
0xfeb4, 0xfee7, 0xfd64, 0xfce3, 0xff20, 0xfdae, 0xfe52, 0xfbb1, 0xfd96, 0x026d, 0x0402, 0x075f,
0x077b, 0x039c, 0xff0f, 0xfe7b, 0xfec1, 0xfbf8, 0xfb4e, 0xfbc8, 0xfb80, 0xfba1, 0xfb41, 0xfdb9,
0x0221, 0x0479, 0x0519, 0x0540, 0x0617, 0x0657, 0x050b, 0x003b, 0xfc2a, 0xfa49, 0xf911, 0xfb18,
0xfa98, 0xf892, 0xfb20, 0xfe51, 0x01b5, 0x05fb, 0x0791, 0x09a5, 0x09b0, 0x05a8, 0x02a7, 0xff0a,
0xfbae, 0xfb16, 0xfa97, 0xf9cf, 0xf970, 0xfad5, 0xfdc8, 0x0180, 0x04f5, 0x05aa, 0x07ca, 0x087d,
0x0449, 0xfe73, 0xfb16, 0xfa15, 0xfa5f, 0xfcac, 0xfdbd, 0xff5a, 0x03f4, 0x0633, 0x0516, 0x04c4,
0x0254, 0x02a4, 0x01fb, 0xfe71, 0xfb32, 0xf6c4, 0xf404, 0xf35b, 0xf664, 0xfa9f, 0x0181, 0x0551,
0x0872, 0x0b00, 0x0a04, 0x0a0a, 0x0a33, 0x07d9, 0x0318, 0xfffe, 0xfb42, 0xf6b3, 0xf3fe, 0xf793,
0xfa8c, 0xfce8, 0x012b, 0x02bd, 0x03d6, 0x028a, 0x0286, 0x0202, 0x024a, 0x0182, 0xff91, 0xfd8a,
0xfc26, 0xfc6c, 0xfcb4, 0xfd4f, 0xfff4, 0x00e0, 0x001a, 0x0245, 0x004b, 0x0387, 0x0583, 0x015e,
0x0190, 0x005b, 0xff6e, 0xff41, 0xfdcc, 0xffd2, 0x02a9, 0x0308, 0x035e, 0x002b, 0xfe83, 0xfed8,
0xfdcb, 0xfc56, 0xfa50, 0xfa89, 0xf9f8, 0xf91d, 0xfb13, 0xfe73, 0x01b1, 0x050f, 0x07db, 0x086c,
0x071a, 0x06da, 0x066c, 0x055d, 0x03eb, 0x0079, 0xfd14, 0xfb9e, 0xfbf3, 0xfa09, 0xf884, 0xf850,
0xf950, 0xfc6f, 0xfd16, 0x00b9, 0x0196, 0x02ae, 0x074b, 0x0370, 0x0368, 0x0287, 0x0102, 0x0490,
0x021c, 0x011d, 0x00f6, 0xfcbb, 0xfb66, 0xfb73, 0xfd43, 0xffc3, 0xffab, 0x024d, 0x0021, 0x01a3,
0x0279, 0x0343, 0x064c, 0x01f6, 0x02fb, 0xfd3b, 0xfa12, 0xfb25, 0xfa5f, 0xfd4b, 0xfd6d, 0xfeec,
0xff18, 0xfe66, 0x00c3, 0x0232, 0x02ca, 0x05d7, 0x02c2, 0xff3f, 0xfd8c, 0xfb93, 0xfcb3, 0xfe58,
0x0140, 0x0344, 0x046c, 0x0439, 0x0473, 0x0339, 0x02c6, 0x033f, 0x008a, 0xfe05, 0xfade, 0xf90f,
0xf894, 0xf682, 0xf8e9, 0xfe53, 0x0094, 0x0465, 0x0542, 0x039b, 0x0839, 0x086c, 0x0400, 0x033c,
0x0032, 0xfd38, 0xfd76, 0xf96a, 0xf896, 0xfbdc, 0xfd4e, 0xffee, 0x001b, 0x044b, 0x057e, 0x03b0,
0x0470, 0x00b3, 0xfef3, 0xfe6b, 0xfcea, 0xfd7a, 0xfc42, 0xfb67, 0xff36, 0xffd6, 0x0180, 0x0264,
0x026a, 0x03d5, 0x0541, 0x077e, 0x0223, 0x0001, 0xfd9f, 0xfa2d, 0xfd55, 0xfcf5, 0xfc8e, 0xfcf1,
0xfb64, 0xfd84, 0xff76, 0x0025, 0x031c, 0x05e2, 0x054c, 0x01cf, 0x0099, 0x009e, 0xffe1, 0xfdda,
0xff90, 0x0089, 0xfec8, 0xfe4d, 0xfb93, 0xfd43, 0xfe66, 0xff17, 0x0322, 0x0108, 0xfe0d, 0x018c,
0x01d0, 0x026f, 0x03e6, 0x02ec, 0x03a8, 0x0054, 0xff64, 0xfe19, 0xfe97, 0xff27, 0xfd50, 0xfe40,
0xfced, 0xfef7, 0xfe3a, 0xfddb, 0x01a9, 0x0121, 0x012b, 0x04c5, 0x0282, 0x0111, 0x007b, 0xfc79,
0x0021, 0x00fc, 0x00a7, 0xffe9, 0xfe6b, 0x0064, 0x011c, 0x0129, 0x0001, 0xff8e, 0xff0d, 0xfd84,
0xfd2d, 0xfdcd, 0xfcd4, 0xff66, 0x005a, 0x0035, 0x0259, 0x0188, 0x021d, 0x0386, 0x01dc, 0xff0d,
0xff5c, 0x0064, 0x0003, 0x0088, 0x0163, 0x01a0, 0x018b, 0xfe68, 0x010d, 0x03e2, 0x01a8, 0x003f,
0xfbbd, 0xfb7f, 0xfc50, 0xfa54, 0xf98a, 0xfbf2, 0x0054, 0x01e0, 0x00b4, 0x02fd, 0x034a, 0x0338,
0x062c, 0x03c3, 0x01c2, 0xffe0, 0xff12, 0xfdbf, 0xfb97, 0xfbfd, 0xfc9e, 0xff18, 0x0264, 0x02d1,
0x031f, 0x02c0, 0x01f7, 0x0216, 0xff0e, 0xfe01, 0xfc50, 0xfd81, 0x0019, 0xfdf2, 0xfde6, 0x0089,
0x0244, 0x035d, 0x0408, 0x0463, 0x0428, 0x0230, 0xff6e, 0xf9de, 0xf8e9, 0xfad6, 0xfb83, 0xfbf0,
0xfbbc, 0xfd1f, 0x0141, 0x04a4, 0x070a, 0x0973, 0x07ef, 0x0637, 0x01e0, 0xfdf8, 0xfbf2, 0xfc69,
0xfaa4, 0xf821, 0xfb64, 0xfd2b, 0xfe72, 0xffbd, 0x01c8, 0x0497, 0x0575, 0x0430, 0x0390, 0x0145,
0x0020, 0xfe44, 0xfcd9, 0xfe5b, 0xfe5b, 0xfffe, 0x00fe, 0x01dd, 0x02a4, 0x0357, 0x00ac, 0xffc1,
0xffe2, 0xfc82, 0xfb46, 0xfa9b, 0xfca1, 0xff2f, 0xffa6, 0xffd5, 0x01bd, 0x03a2, 0x04f9, 0x0415,
0x0126, 0x003e, 0x0011, 0xfdb4, 0xfa9a, 0xf974, 0xf90e, 0xfd59, 0x006c, 0x0173, 0x03e2, 0x06bf,
0x0a44, 0x0942, 0x075e, 0x03ea, 0xff25, 0xfd13, 0xfa98, 0xf7d4, 0xf6e4, 0xf732, 0xf8f3, 0xfbaa,
0x002f, 0x04c9, 0x06f6, 0x086b, 0x0857, 0x0578, 0x024b, 0x013b, 0xff78, 0xfb77, 0xf830, 0xf9da,
0xf92e, 0xf9d6, 0xfeb7, 0x01e7, 0x05d8, 0x06c7, 0x06f8, 0x054b, 0x0398, 0x019d, 0xfd87, 0xfb5f,
0xfaef, 0xfa0a, 0xf7a1, 0xf9ad, 0xfc0e, 0xfe34, 0x0303, 0x0538, 0x0659, 0x07ef, 0x087b, 0x0754,
0x044e, 0x027a, 0x0051, 0xfca2, 0xfc20, 0xfbc2, 0xfb55, 0xfcd7, 0xfc8e, 0xfbb1, 0xfe22, 0x01f5,
0x024b, 0x016a, 0x010b, 0x00ad, 0x002b, 0xfe57, 0xfcf8, 0xfdc2, 0xff31, 0xff7d, 0xffbb, 0xfeee,
0x008f, 0x017c, 0x0079, 0x033a, 0x039d, 0x0413, 0x0313, 0xfee5, 0xff5d, 0x0041, 0xffb6, 0xff7e,
0xfdb9, 0xfd3c, 0xfe54, 0xfd57, 0xfcf1, 0xff2d, 0x010e, 0x0191, 0x01cb, 0x028c, 0x048a, 0x04ac,
0x02ea, 0x01f1, 0x0052, 0xffbf, 0xfce2, 0xfa29, 0xfa51, 0xf8c9, 0xf88b, 0xf93a, 0xfbc9, 0xffef,
0x051d, 0x082b, 0x0911, 0x0a30, 0x078f, 0x0610, 0x04bb, 0x0074, 0xfd9a, 0xfbc4, 0xf962, 0xf901,
0xf715, 0xf77d, 0xfcb0, 0x0013, 0x023f, 0x0183, 0x0178, 0x0309, 0x04f6, 0x0452, 0x01a6, 0x0214,
0x019e, 0x0003, 0x00f4, 0x003f, 0xffa2, 0x03d1, 0x0316, 0x01ac, 0xff4c, 0xfdae, 0xff3d, 0xfc13,
0xf9e9, 0xf80a, 0xfacc, 0xfe5f, 0xff30, 0x00d7, 0x0195, 0x03c7, 0x043b, 0x031e, 0x0229, 0x0160,
0x0110, 0xfe9c, 0xfd57, 0xfd73, 0xfb92, 0xfe69, 0x01a6, 0x0279, 0x0474, 0x0378, 0x035f, 0x042f,
0x01a2, 0x001e, 0xfea7, 0xfc8d, 0xfb9a, 0xf920, 0xfa83, 0xfd3d, 0xff9c, 0x03da, 0x0491, 0x050a,
0x044b, 0x02f1, 0x01f1, 0xfe84, 0xfe0e, 0xfbec, 0xf9a8, 0xfa95, 0xf9f2, 0xfcb8, 0x011f, 0x038b,
0x049a, 0x0519, 0x0730, 0x0741, 0x0419, 0x01fd, 0xfdec, 0xfac8, 0xfa34, 0xf8fe, 0xfc0b, 0xfd8f,
0xfe43, 0x0000, 0x014b, 0x03dc, 0x03c9, 0x0468, 0x0355, 0x0091, 0xfdf0, 0xfad4, 0xfb79, 0xfd0a,
0xfdbd, 0x004b, 0x028c, 0x03aa, 0x058d, 0x05ba, 0x05a8, 0x033e, 0x00e9, 0xff19, 0xfa8d, 0xf98d,
0xf9f6, 0xfa8a, 0xfb22, 0xfc67, 0xfe20, 0x00b7, 0x0447, 0x0593, 0x0542, 0x04de, 0x03cd, 0x0022,
0xfe1f, 0xfe39, 0xfe39, 0xfe3e, 0xffe6, 0xfff1, 0xfff7, 0x02eb, 0x03cc, 0x0419, 0x0398, 0x0126,
0xfe60, 0xfcbd, 0xfc31, 0xfca3, 0xfb76, 0xfbfd, 0xfda6, 0xfe9c, 0x01fd, 0x0380, 0x0639, 0x0694,
0x035a, 0x00a5, 0xfdd9, 0xfc5b, 0xfb75, 0xfba9, 0xfa11, 0xfa5f, 0xfd8b, 0xff47, 0x023e, 0x0488,
0x069c, 0x07a0, 0x066f, 0x0612, 0x02d8, 0xff11, 0xfcd6, 0xf946, 0xf8b6, 0xfa3c, 0xf9d1, 0xfb53,
0xfd36, 0xff3f, 0x027c, 0x02e9, 0x04ff, 0x05b2, 0x03f7, 0x04e2, 0x0345, 0x014c, 0x00e3, 0xff2e,
0xfde0, 0xfc80, 0xfcf0, 0xfdd2, 0xfd84, 0xfe7d, 0xff3e, 0x0093, 0x00a7, 0x00b6, 0xffc7, 0xff06,
0x00aa, 0x001d, 0x0141, 0x010a, 0x006d, 0x0109, 0xff47, 0xfecc, 0xff7a, 0xff63, 0x00ba, 0x00e6,
0xfec0, 0x0075, 0x001e, 0xff3c, 0x0083, 0x0123, 0x027b, 0x01d3, 0x014e, 0x005b, 0xffb8, 0x0054,
0xfe52, 0xfd9f, 0xffa7, 0xfe7e, 0xfe4d, 0xfefc, 0xfef0, 0x009f, 0x0066, 0x00bd, 0x0081, 0xff1e,
0xffba, 0xffc2, 0x0026, 0x0152, 0x01c9, 0x0179, 0xff9e, 0xffb7, 0x01ce, 0x0302, 0x01f4, 0xffa4,
0xfd6b, 0xfc87, 0xfe2b, 0xfd89, 0xfe5c, 0x00fc, 0xffd1, 0x002a, 0x002f, 0xff59, 0x0367, 0x0327,
0x00c0, 0x00a4, 0xff1b, 0x008c, 0xff8c, 0xfe64, 0x007b, 0xff8e, 0xff9f, 0x00ef, 0x010a, 0x022c,
0x018e, 0x01c9, 0x0142, 0xff71, 0xff6c, 0xfc67, 0xfb70, 0xfcbf, 0xfd9c, 0xfe4f, 0xfeee, 0x00f3,
0x017f, 0x01fe, 0x0251, 0x020c, 0x0319, 0x02f6, 0x0229, 0x013a, 0xffeb, 0xff37, 0xfd0e, 0xfc61,
0xfce1, 0xfd05, 0xff36, 0xffcf, 0xff50, 0xffdf, 0xff48, 0xff74, 0x0045, 0x0004, 0x00b2, 0x00c0,
0x002b, 0x00d2, 0x01d9, 0x0312, 0x02f1, 0x0203, 0x01c8, 0x010a, 0xfec9, 0xfd8c, 0xfd77, 0xfba1,
0xfa8e, 0xf9dd, 0xfb2c, 0xfefe, 0x01fc, 0x046d, 0x059f, 0x0678, 0x05e5, 0x03e3, 0x0238, 0x00bd,
0xffab, 0xff1d, 0xfe27, 0xfcc9, 0xfb2e, 0xfb5d, 0xfde9, 0xff87, 0x00ee, 0x005a, 0xff26, 0x003a,
0x007b, 0x0131, 0x01be, 0x0167, 0x005e, 0x0039, 0x0267, 0x0222, 0x01a3, 0x0293, 0x02b5, 0x0107,
0xfeb5, 0xfd3b, 0xfc26, 0xfb9b, 0xfb88, 0xfd50, 0xfd61, 0xfcbe, 0xff7d, 0x00d4, 0x0260, 0x046f,
0x032f, 0x03fb, 0x04fa, 0x053f, 0x02e2, 0xfeed, 0xfe99, 0xfcdb, 0xfc0f, 0xfba5, 0xfd1a, 0xffb9,
0x0038, 0x00c2, 0x00a2, 0x0098, 0x00c6, 0x0107, 0xffa2, 0xfff4, 0xff2e, 0xfe24, 0xfe46, 0xfdb2,
0x0040, 0x01b6, 0x039d, 0x0441, 0x0415, 0x04bf, 0x01ce, 0xfdff, 0xfb76, 0xfaaa, 0xfa45, 0xfb1e,
0xfbfe, 0xfcf6, 0xff11, 0x00cc, 0x0314, 0x0486, 0x05c1, 0x0793, 0x0548, 0x023e, 0x01fe, 0x007b,
0xfe68, 0xfb7b, 0xfb0e, 0xfa41, 0xf918, 0xfa00, 0xfc5d, 0x01c7, 0x03df, 0x0527, 0x0546, 0x03c3,
0x028b, 0x0160, 0xffd7, 0xfec4, 0xff22, 0xfe38, 0xfcd1, 0xfc69, 0xfe64, 0xfeea, 0x013a, 0x02ca,
0x024b, 0x0361, 0x01ef, 0x00b3, 0xfe5e, 0xfdb6, 0xfe9c, 0xfcdf, 0xfc6f, 0xfcbf, 0xfe30, 0x011e,
0x027d, 0x03ac, 0x0471, 0x048d, 0x03cd, 0x011d, 0x0044, 0x0115, 0x0037, 0xfd75, 0xfc63, 0xfcca,
0xfd3c, 0xfeed, 0x0059, 0x0195, 0x02cf, 0x02c5, 0x01d4, 0x0050, 0xfed9, 0xfee6, 0xfe1b, 0xfdf7,
0xfe3b, 0xfdab, 0xfeab, 0xff49, 0x00dc, 0x0055, 0xfec5, 0xffc9, 0xff24, 0x0031, 0x01cb, 0x00b0,
0x011a, 0x014d, 0x0180, 0x0201, 0x01d6, 0x01be, 0x008b, 0x0077, 0x004e, 0x0035, 0xfe2b, 0xfb93,
0xfbcd, 0xfc8c, 0xfe46, 0xfebe, 0xfe9b, 0x0023, 0x0269, 0x02ae, 0x02b2, 0x040e, 0x049a, 0x039b,
0x0293, 0x005f, 0xfde2, 0xfde5, 0xfd70, 0xfdd6, 0xfdd2, 0xfe2d, 0xff67, 0xfd59, 0xfd58, 0xffa2,
0x0085, 0x0258, 0x020f, 0x010a, 0x0020, 0xffc3, 0x00b5, 0x00d6, 0x0252, 0x0127, 0xff5e, 0xfe97,
0xfde5, 0xff61, 0x0130, 0x016d, 0x0188, 0x007b, 0xff7f, 0xff37, 0xfcf6, 0xfe8d, 0xff38, 0xffe9,
0x01ef, 0x000c, 0xff5d, 0xfeab, 0xff2c, 0x0166, 0x01c3, 0x0260, 0x01e9, 0x0003, 0xffa0, 0xfec9,
0xfedc, 0xfe97, 0xfe90, 0xfe2b, 0xfca5, 0xfe02, 0xfe99, 0x00a7, 0x016d, 0x012c, 0x0172, 0x0155,
0x031d, 0x0408, 0x0361, 0x00e5, 0xffe3, 0xfe90, 0xff72, 0x0018, 0xff1d, 0xffc8, 0xff51, 0xffe5,
0xffaa, 0x00e0, 0x01ce, 0x00a2, 0xffe2, 0xff3b, 0xfe20, 0xfc67, 0xfc41, 0xfe7e, 0x00f7, 0x0171,
0x00bd, 0x00f3, 0x0320, 0x03bd, 0x03ec, 0x036e, 0x0153, 0xff4e, 0xfc01, 0xfa61, 0xfa60, 0xfb15,
0xfc36, 0xfc73, 0xfdd4, 0x00a2, 0x02e5, 0x03c6, 0x038d, 0x03f5, 0x046f, 0x0341, 0x0104, 0xfee6,
0xfefd, 0xff08, 0xfd80, 0xfd31, 0xfdb2, 0xfeff, 0x0028, 0x0052, 0x0150, 0x01aa, 0x0197, 0x0129,
0xffc0, 0xfee7, 0xfe87, 0xff3d, 0xffda, 0xffad, 0x014a, 0x01e4, 0x019d, 0x0254, 0x016c, 0x027e,
0x01c0, 0xfe67, 0xfc26, 0xfa9c, 0xfab2, 0xf9de, 0xfb99, 0xfe2a, 0x00b2, 0x02e0, 0x0346, 0x05d4,
0x06c7, 0x0746, 0x06bd, 0x0355, 0x0266, 0x0097, 0xfc80, 0xfa41, 0xf8f1, 0xf9ee, 0xfbcb, 0xfbb5,
0xfd6c, 0xfee6, 0x005c, 0x0203, 0x0214, 0x0384, 0x0408, 0x02fd, 0x01e5, 0x017f, 0x01b3, 0x01b4,
0x00bb, 0x0080, 0x0055, 0xff5d, 0xfd5c, 0xfb50, 0xfb36, 0xfb0f, 0xfcde, 0xfed7, 0xffc7, 0x005c,
0x018d, 0x0149, 0x0150, 0x03d2, 0x0380, 0x0291, 0x0204, 0xfff4, 0xfec9, 0xff58, 0xff84, 0x0059,
0xffc1, 0xff5e, 0x0064, 0xfefa, 0xfd48, 0xfea8, 0xffee, 0xff86, 0x0119, 0x00e8, 0xfff6, 0x00f5,
0x005d, 0xfff0, 0x0097, 0x01d4, 0x03ad, 0x028d, 0x0064, 0xff90, 0xff83, 0xff10, 0xfefb, 0xfed1,
0xfd1b, 0xfdb6, 0xfdf3, 0xfce3, 0xfd40, 0xfe71, 0xffd4, 0x00e2, 0x020f, 0x0349, 0x02fa, 0x037f,
0x03d2, 0x02b6, 0x0217, 0x00f4, 0x0016, 0xfce5, 0xfaa1, 0xfabf, 0xfb75, 0xfcd2, 0xfd42, 0xff39,
0x00d0, 0x0138, 0x028e, 0x045e, 0x04b6, 0x04c7, 0x03d1, 0x0080, 0xfed6, 0xfdce, 0xfe19, 0xfed0,
0xfde4, 0xfd92, 0xfd35, 0xfcb6, 0xfe4e, 0x017f, 0x01dd, 0x024a, 0x0225, 0x00da, 0x012b, 0xff66,
0xfe90, 0xff23, 0x0026, 0x0152, 0x0052, 0xffce, 0x0036, 0x0180, 0x02c5, 0x017e, 0x0115, 0x0087,
0xfe6a, 0xfd28, 0xfb3a, 0xfc32, 0xfde2, 0xfe51, 0xff87, 0x006f, 0x0159, 0x0261, 0x04b4, 0x0412,
0x0437, 0x052c, 0x027f, 0x005a, 0xfdf8, 0xfc3a, 0xfce6, 0xfd37, 0xfd4a, 0xfe60, 0xfd23, 0xfd32,
0xfdb6, 0xfd95, 0xffc0, 0x0250, 0x0389, 0x01ee, 0x01a0, 0x0071, 0x0023, 0x0242, 0x036c, 0x0373,
0x01bf, 0x0004, 0xfd6a, 0xfd0a, 0xfea8, 0xff14, 0xff4f, 0xfe45, 0xfdad, 0xfe81, 0xfd81, 0xfe51,
0x0099, 0x00c2, 0x020c, 0x027b, 0x0265, 0x03be, 0x031f, 0x014a, 0x0131, 0x01c2, 0x0180, 0xff97,
0xfd7f, 0xfc8e, 0xfc03, 0xfb89, 0xfa74, 0xfc26, 0xff26, 0x014f, 0x0321, 0x0210, 0x0208, 0x0446,
0x0516, 0x03bd, 0x0218, 0x00fe, 0xff4c, 0xfd6a, 0xfc44, 0xfc8b, 0xfdb5, 0xfdbb, 0xfec3, 0xff91,
0xfe93, 0xffef, 0x0076, 0xfff0, 0x00c7, 0x0164, 0x011b, 0x009b, 0x0086, 0x005f, 0xffdc, 0xffda,
0x01a9, 0x0378, 0x0363, 0x022c, 0x0112, 0xff2a, 0xfee3, 0xfe41, 0xfbce, 0xfbe6, 0xfc31, 0xfce1,
0xfe50, 0xff02, 0x007c, 0x00ac, 0x011a, 0x0341, 0x04b3, 0x0507, 0x03af, 0x0207, 0xffd8, 0xfeb3,
0xff96, 0xff27, 0xfd8a, 0xfd19, 0xfcae, 0xfdc0, 0xfd97, 0xfdc2, 0x0177, 0x0288, 0x02dd, 0x01ae,
0x00c7, 0xff9e, 0xff82, 0x0177, 0x033a, 0x031c, 0x004a, 0x004e, 0xfef1, 0xfe06, 0xfdc6, 0xfe68,
0xfebd, 0xfda4, 0xfd25, 0xfca5, 0xfd4d, 0xfeec, 0x0269, 0x0436, 0x0449, 0x0286, 0x0237, 0x02df,
0x0350, 0x02c3, 0x014a, 0xffc3, 0xfcc6, 0xfb78, 0xfb80, 0xfd3a, 0xfcd4, 0xfcf4, 0xfe70, 0xffd7,
0x0147, 0x00e3, 0x012f, 0x0237, 0x01f7, 0x014b, 0x010a, 0x0017, 0x00c4, 0x0120, 0x013e, 0x0108,
0x004e, 0x00af, 0x017f, 0x00e0, 0xff84, 0xff07, 0xfe9a, 0xff33, 0xfef2, 0xfd7f, 0xfe4f, 0xfec2,
0xfcb3, 0xfda1, 0xfeed, 0x00c7, 0x018d, 0x011a, 0x01af, 0x00bd, 0x00e7, 0x0160, 0x01ce, 0x01e5,
0x0304, 0x02ca, 0x00ad, 0xff0d, 0xff66, 0xff2d, 0xfd78, 0xfdfc, 0xfe03, 0xfcfc, 0xfb95, 0xfbe0,
0xfdb2, 0x00c4, 0x0338, 0x037a, 0x0361, 0x02a9, 0x027f, 0x0173, 0x0027, 0x01c0, 0x0244, 0xff96,
0xfc53, 0xfb87, 0xfd23, 0xfdf5, 0xfec8, 0xff07, 0xfff1, 0x026f, 0x034f, 0x0309, 0x029d, 0x02c5,
0x0241, 0x0042, 0xff20, 0xfe9c, 0xfed1, 0xfe49, 0xfe27, 0xfe73, 0xfdca, 0xfe7d, 0xfe9a, 0xfee8,
0xff86, 0xfffe, 0xffb0, 0xff2c, 0x007d, 0x01f1, 0x036b, 0x033f, 0x0248, 0x02fc, 0x02a4, 0x00d3,
0xffca, 0xff7c, 0xffe6, 0xfef9, 0xfc74, 0xfab1, 0xfbab, 0xfce8, 0xfd12, 0xffed, 0x012d, 0x01ba,
0x02ce, 0x0273, 0x0307, 0x0260, 0x01fb, 0x01dc, 0x007b, 0xff3f, 0xff43, 0xff2e, 0xfd74, 0xfd2c,
0xfef7, 0xff82, 0xff27, 0xfeb1, 0xfe7a, 0x00bb, 0x0063, 0x0030, 0x015d, 0x01b2, 0x0289, 0x0211,
0x02af, 0x0178, 0x0101, 0x004d, 0xfedd, 0xfe96, 0xfcdd, 0xfc6f, 0xfc24, 0xfbef, 0xfce4, 0xfdf4,
0xfe66, 0x0077, 0x02a7, 0x040a, 0x050f, 0x05ce, 0x0496, 0x0342, 0x030c, 0x007a, 0xff9f, 0xfe89,
0xfe48, 0xfd14, 0xfb8f, 0xfcf9, 0xfd8c, 0xfe2c, 0xfe8b, 0xff57, 0xfed6, 0xfef7, 0x004e, 0x009e,
0x0028, 0x0028, 0x01b7, 0x0316, 0x033d, 0x0280, 0x01dc, 0x0210, 0x0222, 0x00d3, 0x0058, 0xff10,
0xfe14, 0xfd8c, 0xfc13, 0xfbd9, 0xfc33, 0xfd33, 0xfedc, 0x001b, 0x009b, 0x01f3, 0x023f, 0x026c,
0x030b, 0x0277, 0x032d, 0x01b4, 0xfec7, 0xff62, 0xfef2, 0xfdea, 0xfe37, 0xfe17, 0xff7b, 0xffc6,
0xffc4, 0x000a, 0x0029, 0x010a, 0x011e, 0x022f, 0x01d1, 0x005f, 0x0074, 0x0090, 0x000b, 0xff22,
0xfee4, 0xfe3c, 0xfe63, 0xfea9, 0xfdbb, 0xfee8, 0xff15, 0xff87, 0x00fe, 0x00e2, 0x0234, 0x0200,
0x0173, 0x0236, 0x0136, 0x001e, 0xffe1, 0xff0f, 0xff54, 0xfebb, 0xfe2f, 0xfe6e, 0xfdcc, 0xfffb,
0x016a, 0x0189, 0x00fe, 0x000d, 0x005f, 0x0024, 0xff3a, 0xff75, 0xff11, 0xfdff, 0xfec1, 0xff80,
0x0058, 0x017b, 0x022b, 0x02d3, 0x0350, 0x019e, 0x011c, 0xff18, 0xfda7, 0xff96, 0xff12, 0xfe67,
0xfd2e, 0xfda2, 0xff34, 0x0023, 0x006b, 0x00b8, 0x017e, 0x01fa, 0x01af, 0x001d, 0x0040, 0xffaa,
0xfe95, 0xfe5b, 0xfee9, 0xffed, 0xff59, 0xfec8, 0x0077, 0x01d8, 0x020e, 0x0210, 0x00dc, 0x0044,
0x0012, 0xff5c, 0xfdc7, 0xfd54, 0xfe8e, 0xff97, 0x0022, 0x0029, 0x00d3, 0x021c, 0x02b3, 0x0225,
0x0209, 0x011d, 0x001e, 0xff19, 0xfd29, 0xfc50, 0xfc9d, 0xfdb8, 0xfdbe, 0xfea7, 0x0074, 0x015b,
0x0152, 0x0163, 0x0230, 0x0238, 0x02ec, 0x01a6, 0x00c9, 0x0069, 0xffef, 0x00c9, 0xff86, 0x0029,
0x00ad, 0x004b, 0xff08, 0xfcda, 0xfcc0, 0xfd95, 0xfd43, 0xfc63, 0xfdeb, 0xff20, 0x00e2, 0x01de,
0x0297, 0x04be, 0x05e8, 0x051e, 0x0316, 0x0252, 0x014e, 0xfdd5, 0xfc3b, 0xfd7d, 0xfd03, 0xfd45,
0xfbf2, 0xfd2f, 0xff54, 0xfecc, 0x0031, 0x0160, 0x0323, 0x029e, 0x008b, 0xfefc, 0xffd6, 0xff6e,
0xfe92, 0xff2f, 0xff07, 0x00b9, 0x0122, 0x016a, 0x0301, 0x035e, 0x026e, 0x01a5, 0xfefe, 0xfde8,
0xfd37, 0xfcd1, 0xfe96, 0xfdd7, 0xff82, 0x0087, 0xff39, 0x0121, 0x0294, 0x02f1, 0x0242, 0x002b,
0xfffc, 0xfee7, 0xfe3c, 0xfde1, 0xfc73, 0xfd32, 0xfda9, 0xfebb, 0x018f, 0x033e, 0x0330, 0x033d,
0x0393, 0x0285, 0x0040, 0xfd88, 0xfd7c, 0xff2d, 0xfdc6, 0xfdbb, 0xfe6f, 0xff49, 0x0171, 0x00f0,
0x013a, 0x016f, 0x00db, 0x00e0, 0xff9f, 0xfeab, 0xfe44, 0xfe6e, 0xff80, 0x0034, 0x00f2, 0x0157,
0x01d6, 0x02ab, 0x023c, 0x02c5, 0x022e, 0x004c, 0xff62, 0xfdb9, 0xfc9b, 0xfc18, 0xfce0, 0xfd1b,
0xfe02, 0xffaa, 0x0025, 0x0140, 0x0178, 0x01ef, 0x0266, 0x0225, 0x002f, 0xff9d, 0xffea, 0xfff7,
0x0051, 0xfe7b, 0xfedc, 0xffb3, 0x00be, 0x00af, 0xffc5, 0x00a0, 0x000c, 0x000e, 0xff60, 0xfe8d,
0xffce, 0x0057, 0x0118, 0x0120, 0x013e, 0x024a, 0x0144, 0x0158, 0x0120, 0xffcb, 0xfea4, 0xfd66,
0xfdac, 0xfe09, 0xfec6, 0xff22, 0xff56, 0x005f, 0x0060, 0x00fb, 0x00e7, 0x00b6, 0x0185, 0x0033,
0x00e6, 0x0072, 0xfed4, 0xff4b, 0xff0d, 0xfee1, 0xfeae, 0xfee3, 0x0039, 0x0149, 0x0186, 0x01d9,
0x0019, 0xff8d, 0xff19, 0xfec0, 0xfe4b, 0xfe08, 0xffe8, 0x0042, 0x01ae, 0x018f, 0x0127, 0x0204,
0x01f2, 0x017d, 0x0177, 0x00f8, 0xff81, 0xfdd0, 0xfd3b, 0xfcd7, 0xfc23, 0xfd0b, 0xfdf4, 0x00ba,
0x016f, 0x00fc, 0x022b, 0x02fd, 0x0319, 0x02a7, 0x00a8, 0xff0c, 0xfef6, 0xfcee, 0xfd09, 0xfdc2,
0xfee2, 0x0014, 0x00cc, 0x01c8, 0x0210, 0x01af, 0x0083, 0x00b7, 0x00af, 0x0074, 0x0030, 0xfeed,
0xfe6d, 0xff27, 0xffa5, 0x00bd, 0xfff1, 0x00f5, 0x0212, 0x0097, 0x0061, 0xff4a, 0xffb7, 0xff72,
0xff45, 0xff84, 0xff11, 0xff30, 0xff2d, 0x00df, 0x027c, 0x0184, 0x0143, 0x00aa, 0xffaa, 0xff9e,
0xfdba, 0xfe01, 0xfe33, 0xfecf, 0xffbe, 0xff23, 0x0084, 0x01b1, 0x023b, 0x0186, 0x0048, 0x0048,
0xff39, 0xfe8c, 0xff8d, 0xff7b, 0x0039, 0xfff6, 0x0004, 0x0104, 0x014f, 0x0235, 0x0146, 0x00e1,
0x0081, 0xffe8, 0xfea7, 0xfd08, 0xfd27, 0xfcc3, 0xfd7a, 0xff64, 0xfff5, 0x00f1, 0x0248, 0x02ff,
0x030e, 0x020f, 0x0193, 0x00e1, 0x001d, 0xfdff, 0xfc48, 0xfc7a, 0xfc8c, 0xfdb5, 0xfee8, 0x00dc,
0x0245, 0x01cb, 0x01d6, 0x01eb, 0x01b1, 0x01be, 0x00cc, 0x0006, 0xffe1, 0xff99, 0xffe7, 0xfee6,
0xfe1a, 0xff0b, 0xffe0, 0x0056, 0x005d, 0x0069, 0x0022, 0xff96, 0xfebf, 0xfe93, 0xffda, 0x006a,
0x00ff, 0x00e4, 0x0176, 0x01e9, 0x009a, 0x00a9, 0x00ff, 0x011c, 0xffd9, 0xfe8c, 0xfe46, 0xfd6d,
0xfcbd, 0xfd31, 0xfdf9, 0xfee7, 0xffe5, 0x008b, 0x01c2, 0x0241, 0x022e, 0x01ea, 0x0220, 0x01e4,
0x00eb, 0x0060, 0x0062, 0x0084, 0xff23, 0xff15, 0x003e, 0xffde, 0xffa1, 0xff51, 0xfe41, 0xfdea,
0xfe4e, 0xff1c, 0xffab, 0x0003, 0x00de, 0x0163, 0x016f, 0x0144, 0x0137, 0x0193, 0x01b4, 0x0160,
0x0023, 0xff2f, 0xfe11, 0xfc71, 0xfc11, 0xfd07, 0xfe87, 0xfee5, 0x001d, 0x01ce, 0x0316, 0x0352,
0x026e, 0x0208, 0x0163, 0x00a4, 0xffbb, 0xff37, 0xff0d, 0xff06, 0xfede, 0xfefd, 0xfe4b, 0xfe3b,
0xfe95, 0xff10, 0x012e, 0x013b, 0x00f3, 0x0119, 0x0089, 0x0056, 0x0001, 0x0049, 0x00ad, 0x000f,
0x0041, 0x011e, 0x0097, 0x001c, 0xffdd, 0xff8b, 0xff52, 0xfe50, 0xfd6f, 0xfd13, 0xfdd5, 0xff29,
0x002d, 0x00b6, 0x0199, 0x01c2, 0x0100, 0x0177, 0x00b7, 0x0052, 0x00b2, 0x007d, 0xffbf, 0xfea8,
0xfef8, 0xff68, 0xff8b, 0x0050, 0x01b0, 0x027a, 0x0212, 0x01ba, 0x0161, 0x0052, 0xffe2, 0xfedf,
0xfe02, 0xfdee, 0xfd8d, 0xfdaa, 0xfd97, 0xfeb1, 0x001c, 0x0105, 0x01bd, 0x016e, 0x014d, 0x014f,
0x0183, 0x0175, 0x0053, 0xff9e, 0xffb5, 0xff6e, 0xfead, 0xfefe, 0x0029, 0x0120, 0x00aa, 0xffa9,
0xff97, 0xff4a, 0xfee3, 0xff15, 0xff90, 0xffb6, 0x005a, 0xffc7, 0xffa2, 0x004e, 0x006a, 0x0146,
0x0133, 0x011f, 0x0118, 0x009a, 0xffd6, 0xfeb2, 0xfe1f, 0xff50, 0x002c, 0xff78, 0xff51, 0x0042,
0x0100, 0x0127, 0x015d, 0x011f, 0x00e4, 0xffd2, 0xfe62, 0xfdbb, 0xfd6a, 0xfe01, 0xfea3, 0xff43,
0x0067, 0x002b, 0xff5f, 0xfff4, 0x0124, 0x0121, 0x015d, 0x020b, 0x0210, 0x021d, 0x0117, 0x00fc,
0x00f4, 0xfff1, 0xffd1, 0xffc7, 0xff4f, 0xff76, 0xfeee, 0xfe6d, 0xfe75, 0xfdcb, 0xfd72, 0xfcfc,
0xfe56, 0xff7f, 0x00f0, 0x024e, 0x02ed, 0x03e7, 0x030f, 0x0220, 0x00c6, 0x0041, 0xffe0, 0xff52,
0xff0a, 0xfea2, 0xfe4a, 0xfdbd, 0xfdfb, 0xfe86, 0xff72, 0xfff7, 0x005e, 0x008b, 0x0111, 0x0168,
0x0164, 0x00b0, 0xff51, 0xffa7, 0xff96, 0xfee5, 0xff26, 0x0071, 0x0136, 0x011b, 0x0071, 0x0063,
0x00a9, 0xff76, 0xfeee, 0xfeb9, 0xfeef, 0x0089, 0x0198, 0x0101, 0x0173, 0x013c, 0x0001, 0x0081,
0x0009, 0xffeb, 0xffa8, 0xfedc, 0xfdd7, 0xfcd6, 0xfd26, 0xfdc1, 0xff68, 0x004c, 0x015b, 0x028f,
0x0294, 0x031f, 0x0301, 0x020c, 0x0108, 0xff69, 0xfe2d, 0xfdea, 0xfe33, 0xfe63, 0xfdc9, 0xff0e,
0x0093, 0x0095, 0x00fa, 0x013f, 0x014d, 0x0066, 0x008c, 0x00bb, 0x0019, 0xffd9, 0xfede, 0xfeb6,
0xfe53, 0xfe9b, 0xff35, 0xff86, 0x00d7, 0x01c6, 0x01b7, 0xffff, 0xfef9, 0xff2e, 0xfee4, 0xfec0,
0xfeb5, 0xff04, 0x00d2, 0x01e3, 0x0223, 0x022e, 0x019d, 0x0292, 0x01c8, 0xfff4, 0xff59, 0xfdf2,
0xfdf4, 0xfceb, 0xfc55, 0xfe7a, 0xfe78, 0xfedd, 0xfe8f, 0xff33, 0x01f2, 0x026f, 0x039b, 0x0412,
0x02e4, 0x01de, 0x0122, 0xff60, 0xfef1, 0x0052, 0xfff4, 0xffbc, 0xff28, 0xffa8, 0x00a7, 0xff15,
0xfed3, 0xfe60, 0xfe01, 0xffcb, 0xff1b, 0xfe1f, 0xfedd, 0x0022, 0x012f, 0x010d, 0x00f5, 0x0283,
0x02c8, 0x0139, 0x016c, 0x00ef, 0x00d8, 0x004a, 0xff50, 0xfe2a, 0xfc55, 0xfd11, 0xfe14, 0xfef9,
0x0003, 0x0154, 0x0167, 0x006d, 0xff97, 0xfee9, 0xffa3, 0x003d, 0x0053, 0x002b, 0x001e, 0x0049,
0xffce, 0xffa7, 0x014f, 0x017f, 0x00e7, 0x0092, 0xff1d, 0xfe93, 0xfe11, 0xfdac, 0xfdcf, 0xfe38,
0xff22, 0xffea, 0x0052, 0x016f, 0x02e2, 0x0400, 0x0495, 0x040c, 0x0216, 0xff8d, 0xfea0, 0xfdb4,
0xfd2b, 0xfd8b, 0xfe05, 0xfda1, 0xfd6b, 0xff10, 0xff73, 0xff62, 0x0023, 0x011d, 0x023a, 0x020d,
0x0198, 0x0167, 0x009b, 0x01be, 0x01af, 0x011e, 0x02c6, 0x0242, 0x0173, 0xffc5, 0xfdff, 0xfe24,
0xfdd0, 0xfd5e, 0xfcfb, 0xfc4c, 0xfc2b, 0xfd8f, 0xfeb2, 0x0021, 0x0368, 0x03ea, 0x0349, 0x0332,
0x0161, 0x0172, 0x0085, 0x0043, 0x0091, 0xfee2, 0xff88, 0xff2a, 0xfdd7, 0xfdb6, 0xff08, 0xffbb,
0xff3a, 0x0057, 0x00a6, 0xffba, 0xff9c, 0xffc7, 0xffc7, 0x0048, 0x0100, 0x00fa, 0x00a0, 0x0092,
0x001c, 0x000d, 0xfffb, 0xffbb, 0xff8b, 0xfe65, 0xfe12, 0xfe4c, 0xfe58, 0xff39, 0xfff6, 0x0133,
0x0255, 0x0282, 0x0299, 0x0167, 0x00bc, 0x00a7, 0x0023, 0xff39, 0xff22, 0x0061, 0xfef2, 0xfe01,
0xfe72, 0xfe8f, 0x0016, 0x003e, 0xffd3, 0x0032, 0xff98, 0xffcc, 0x0017, 0x0025, 0x016b, 0x0113,
0x007d, 0x00a5, 0x002f, 0x00ba, 0x01fd, 0x0189, 0x00f1, 0x0093, 0xff0c, 0xfe3a, 0xfd02, 0xfd07,
0xfe0b, 0xfe07, 0xfeb4, 0x0017, 0x00b0, 0x01a4, 0x0201, 0x0163, 0x02ac, 0x0293, 0x02a2, 0x0196,
0xff65, 0xfefc, 0xfc81, 0xfbe1, 0xfd3a, 0xfcdf, 0xfe04, 0xffd9, 0x00d1, 0x0255, 0x02b2, 0x03b2,
0x03ae, 0x025f, 0x024a, 0x004e, 0xff36, 0xff37, 0xfedc, 0xfe80, 0xfe2e, 0xfe7b, 0xfe88, 0xff37,
0xff00, 0xff3f, 0x00bd, 0x0022, 0x00a3, 0x006f, 0xfe65, 0xfec5, 0xfe95, 0xff48, 0xffbf, 0xffad,
0x0285, 0x02a1, 0x02b0, 0x0312, 0x013e, 0x00e2, 0x0012, 0xff62, 0xfe0e, 0xfe58, 0xfed1, 0xfde4,
0xfea1, 0xfea5, 0xffb1, 0xff54, 0xff78, 0x015d, 0x0080, 0xffff, 0x006b, 0xff96, 0x0079, 0x00be,
0x001c, 0x00b6, 0x0042, 0x014a, 0x013c, 0x00df, 0x00bd, 0x00b7, 0x00b1, 0xfee6, 0xfe59, 0xfcf3,
0xfd4c, 0xff3d, 0xff21, 0xffbb, 0x015a, 0x01fd, 0x01f7, 0x0187, 0x0118, 0x0127, 0x011f, 0x0075,
0xff80, 0xff7a, 0xff58, 0xfee0, 0xfe06, 0xfeb4, 0xffc4, 0xff0c, 0xff56, 0xffa9, 0xffef, 0x00fa,
0x00e1, 0x0037, 0x0075, 0x00ed, 0x0108, 0x0066, 0x004a, 0x0130, 0x0113, 0x008a, 0xfff2, 0xff4d,
0xff45, 0xfeb7, 0xfe56, 0xfda4, 0xfd2c, 0xfeab, 0xff3f, 0xff4e, 0x00e9, 0x0185, 0x00e1, 0x00a4,
0x00fe, 0x0237, 0x031f, 0x0349, 0x0109, 0x0036, 0x00bc, 0xfeac, 0xfe24, 0xfdc9, 0xfe4e, 0xff18,
0xfeb3, 0xff37, 0xfe51, 0xfec8, 0x0072, 0xff9c, 0x0077, 0x01dc, 0x0138, 0x019f, 0x0195, 0x012a,
0x00ee, 0xffb2, 0xff37, 0xff45, 0xff2d, 0xff7a, 0xfec5, 0xfe0b, 0xff87, 0xff8c, 0xfefc, 0xff9e,
0xff90, 0x01c0, 0x0274, 0x0141, 0x0155, 0x00cd, 0x01f0, 0x023d, 0x0017, 0xff84, 0xff71, 0xfede,
0xfe1c, 0xfd56, 0xfe59, 0xff1b, 0xfe95, 0xfee7, 0xff37, 0xff72, 0x0121, 0x01a1, 0x00ff, 0x022e,
0x021d, 0x00e3, 0x004f, 0x0034, 0x0135, 0x00ba, 0x0061, 0x0006, 0xfee1, 0xfefb, 0xfe29, 0xfe47,
0xfe5e, 0xff03, 0x0074, 0xff22, 0xfe85, 0xfef4, 0xff8b, 0x0116, 0x011a, 0x01bb, 0x030c, 0x0206,
0x0205, 0x01a7, 0x00d4, 0x00cc, 0xff26, 0xfe2f, 0xfe43, 0xfe41, 0xfe11, 0xfec1, 0xff63, 0xff10,
0xffbd, 0xffa6, 0x001f, 0x018e, 0x019d, 0x0118, 0x003b, 0x0064, 0x0155, 0x00e6, 0x0063, 0x0028,
0xff77, 0xfed1, 0xfd68, 0xfdf0, 0xfed6, 0xff50, 0x004a, 0xffd5, 0xffca, 0xffe5, 0x0056, 0x0163,
0x0198, 0x0242, 0x0327, 0x019f, 0x0154, 0x00e5, 0xff12, 0xfe87, 0xfdd0, 0xfc83, 0xfc8c, 0xfe90,
0xff15, 0xffc6, 0x009c, 0x017e, 0x01fc, 0x006d, 0x000c, 0x0056, 0x0054, 0x017c, 0x0135, 0x00d8,
0x0158, 0xfef7, 0xfe2b, 0xff6b, 0xfef9, 0xfff8, 0x0169, 0x0093, 0x0112, 0xffea, 0xfe7d, 0xff73,
0xff20, 0xff98, 0xff67, 0xfe41, 0xff27, 0x007e, 0x018c, 0x025a, 0x00f7, 0x0012, 0xffa8, 0xff46,
0xff05, 0xff21, 0xffb1, 0xff8a, 0x0132, 0x00f0, 0xfff2, 0xfff7, 0xffaf, 0x0081, 0xff9d, 0xfff8,
0x00f3, 0xffec, 0x00d7, 0xffd7, 0xff01, 0xff36, 0xfe0b, 0x0033, 0x015d, 0x01b5, 0x0262, 0x0043,
0xffbf, 0x0048, 0xfed2, 0xfe7a, 0xfe49, 0xfeb1, 0x0032, 0x0094, 0xffe6, 0xffa2, 0xffd3, 0x0022,
0x0190, 0x00c8, 0x01e0, 0x02c4, 0x00e8, 0x0082, 0xfdd6, 0xfda6, 0xff53, 0xfe7b, 0xffbf, 0xfff0,
0xff58, 0xff5a, 0xfdba, 0xfed6, 0x0032, 0x020a, 0x02b8, 0x012e, 0x023d, 0x013c, 0x00ce, 0x001d,
0xfe82, 0xffa3, 0xffd7, 0x0005, 0xff94, 0xff2e, 0xffb9, 0xfeea, 0xfdb4, 0xfe32, 0xffee, 0x0065,
0x0017, 0x00b4, 0x00aa, 0x016b, 0x0218, 0x00da, 0x0154, 0x00d1, 0x000d, 0xfef7, 0xfdab, 0xfefe,
0xffa9, 0xffff, 0xff1c, 0xfe37, 0xfe12, 0xfd91, 0xfeec, 0xffb5, 0x0139, 0x037d, 0x02e1, 0x02ab,
0x0136, 0x00cb, 0x00fa, 0xfee1, 0x003a, 0x0155, 0x0081, 0x002c, 0xffbb, 0xff0f, 0xfe3b, 0xfcbc,
0xfc51, 0xfdad, 0xfeaa, 0xfef8, 0xfef1, 0x000d, 0x0335, 0x03ec, 0x02fc, 0x036b, 0x018a, 0x01be,
0x0154, 0x0012, 0x0063, 0xfe7f, 0xfeb2, 0xfdc5, 0xfb8c, 0xfc93, 0xfd58, 0xfe00, 0x0012, 0x013b,
0x028b, 0x02a4, 0x01ba, 0x0227, 0x01c8, 0x0100, 0x00c5, 0x002e, 0x006d, 0x015d, 0xffcb, 0xfdad,
0xfd9c, 0xfe84, 0xffb2, 0xff40, 0xfdfe, 0xfde8, 0xfe1d, 0xfeb1, 0xff99, 0x0156, 0x0277, 0x0291,
0x00d7, 0xffd5, 0x00fd, 0x00ad, 0x0197, 0x0218, 0x01c0, 0x00eb, 0xfe2e, 0xfd41, 0xfe58, 0xfddc,
0xfe7d, 0xff88, 0xfedc, 0xffe4, 0x0095, 0x0098, 0x0028, 0x007d, 0x0139, 0x016a, 0x0172, 0x00a5,
0x00d8, 0x00e2, 0x0093, 0x0027, 0x0046, 0x0031, 0xfec2, 0xfecc, 0xff43, 0xffc7, 0xff9b, 0xfe90,
0xff5c, 0xfee5, 0xfef9, 0x0044, 0xff6b, 0x0053, 0x0123, 0x00ed, 0x01f6, 0x00f0, 0x0107, 0x0221,
0x00a9, 0xff62, 0xfeb9, 0xfe84, 0xfea3, 0xff1e, 0xff41, 0xfed7, 0xfe38, 0xfe3f, 0xffc5, 0x00fe,
0x01f3, 0x023a, 0x018b, 0x01ba, 0x00f0, 0xff14, 0xff72, 0xff99, 0xfeee, 0xff12, 0xfef1, 0xff7a,
0x0020, 0xfff3, 0x0044, 0x006c, 0xfffb, 0xffe0, 0x001c, 0x002b, 0x0092, 0x0013, 0xffdf, 0x0087,
0xff9b, 0xffea, 0xffb2, 0xff21, 0x0009, 0x0082, 0x00aa, 0x00a9, 0x004d, 0x0081, 0x0024, 0xfe8e,
0xfe98, 0xfee8, 0x006f, 0x00ff, 0x00a0, 0x011d, 0x0095, 0x0072, 0x0058, 0xffb1, 0xff1d, 0xfff2,
0x0049, 0x0025, 0xffd3, 0xfff6, 0x00de, 0x004b, 0xffe4, 0x0014, 0x0064, 0x0073, 0xff69, 0xff04,
0xff12, 0xff38, 0xffd4, 0xff5e, 0xff32, 0xff34, 0xff68, 0x008c, 0x0119, 0x01e1, 0x0218, 0x00a3,
0x005c, 0xffa8, 0xfe93, 0xfeda, 0xfebb, 0xff42, 0xff43, 0xff2b, 0xffa1, 0xffcf, 0x0040, 0x0154,
0x020d, 0x0195, 0x012d, 0x009a, 0x001e, 0xff8b, 0xff25, 0xfff6, 0x0095, 0xffec, 0xff1a, 0xfef5,
0xff49, 0xff1a, 0xff7c, 0x0075, 
};

/* OTHER (good) : 16000 probek */
static const u16 audio_other_good[16000] = {
0x0000, 0x0002, 0xffff, 0xfffd, 0x0001, 0x0000, 0xfffd, 0x0000, 0x0002, 0xfffe, 0xfffc, 0x0002,
0x0001, 0xfffd, 0xffff, 0x0002, 0xffff, 0xffff, 0x0000, 0xfffe, 0xfffe, 0xfffe, 0xfffe, 0xfffe,
0xfffe, 0xfffe, 0x0000, 0xffff, 0xffff, 0xffff, 0xfffe, 0xffff, 0xffff, 0xffff, 0x0000, 0x0000,
0xffff, 0x0000, 0x0000, 0x0001, 0xffff, 0xfffb, 0x0001, 0x0004, 0xfffb, 0xfffc, 0x0004, 0xffff,
0xfffc, 0x0000, 0xffff, 0x0000, 0x0002, 0xfffc, 0xffff, 0x0006, 0xfffa, 0xfff6, 0x0009, 0x0006,
0xfff0, 0xfffc, 0x000f, 0x0000, 0xfff4, 0x0003, 0x0007, 0xfffb, 0xfffe, 0x0006, 0xfffe, 0xfffc,
0x0005, 0x0001, 0xfffc, 0x0007, 0xffff, 0xfff1, 0x000b, 0x0015, 0xffec, 0xffe9, 0x0023, 0x0019,
0xffd6, 0xffef, 0x0027, 0x0001, 0xffef, 0x000c, 0xffd7, 0x0001, 0x0082, 0xffb1, 0xff28, 0x00f3,
0x00eb, 0xfe31, 0xff85, 0x028f, 0xff97, 0xfd34, 0x018b, 0x0271, 0xfd80, 0xfe71, 0x0306, 0x006f,
0xfd04, 0x00ab, 0x0278, 0xfe8a, 0xfe6c, 0x01d9, 0x009e, 0xfe41, 0x003f, 0x014f, 0xff37, 0xff5b,
0x00fd, 0xfffb, 0xff2b, 0x008b, 0x0068, 0xff30, 0x0020, 0x00c0, 0xff66, 0xff94, 0x00de, 0xfff1,
0xff29, 0x0084, 0x0088, 0xff31, 0xffe9, 0x00cc, 0xff9e, 0xff74, 0x00aa, 0x001b, 0xff4a, 0x0053,
0x007c, 0xff62, 0xffe4, 0x00a6, 0xffb8, 0xff90, 0x0087, 0x0016, 0xff77, 0x0043, 0x0055, 0xff8c,
0xfff6, 0x0070, 0xffc8, 0xffb6, 0x0058, 0x0014, 0xffa8, 0x001a, 0x0040, 0xffd0, 0xffe2, 0x0034,
0x0007, 0xffd9, 0x0007, 0x001d, 0xfff6, 0xffe9, 0x0010, 0x0016, 0xffeb, 0xfff4, 0x001f, 0x0002,
0xffe1, 0x0010, 0x0019, 0xffe7, 0xfff9, 0x0020, 0xfffa, 0xffea, 0x000e, 0x000d, 0xfff9, 0xfffa,
0x0004, 0x000c, 0xfffc, 0xffef, 0x000e, 0x0011, 0xffea, 0xfff7, 0x001a, 0x0001, 0xffeb, 0x0007,
0x000e, 0xfffb, 0xfffb, 0x0002, 0x0001, 0x0009, 0x0002, 0xffe7, 0x0009, 0x0025, 0xffdc, 0xffdf,
0x003b, 0x0009, 0xffbc, 0x0014, 0x0037, 0xffd2, 0xffe2, 0x003a, 0xfffd, 0xffcd, 0x0017, 0x001d,
0xffdc, 0xfff7, 0x0023, 0xfff8, 0xffe3, 0x000f, 0x0012, 0xffe5, 0xfff3, 0x001d, 0xfff7, 0xffe0,
0x0016, 0x000a, 0xffdc, 0x0012, 0x001d, 0xffcb, 0xfffc, 0x003a, 0xffd7, 0xffd3, 0x0044, 0x0009,
0xffaa, 0x001f, 0x0048, 0xffb2, 0xffdf, 0x0055, 0xffe6, 0xffbc, 0x003a, 0x001a, 0xffba, 0x000e,
0x0039, 0xffd3, 0xffdf, 0x003c, 0xfffd, 0xffc5, 0x002c, 0x001c, 0xffc2, 0x000f, 0x002d, 0xffdd,
0xffea, 0x002b, 0x0006, 0xffd2, 0x0019, 0x0026, 0xffdc, 0xfff3, 0x0020, 0x000e, 0xfff1, 0xffe3,
0x000e, 0x0046, 0xffdb, 0xffaa, 0x0057, 0x0044, 0xff96, 0xffde, 0x0073, 0x0007, 0xff8c, 0x002a,
0x005e, 0xffb8, 0xffd3, 0x004e, 0xffff, 0xffbf, 0x0030, 0x0028, 0xffb5, 0x0000, 0x0054, 0xffdb,
0xffb9, 0x004a, 0x0025, 0xffa7, 0x0008, 0x004f, 0xffd6, 0xffcf, 0x003e, 0x000b, 0xffc1, 0x001e,
0x0027, 0xffca, 0xfff7, 0x0041, 0xffed, 0xffbe, 0x0034, 0x002f, 0xffb7, 0xffef, 0x004a, 0xfff5,
0xffbd, 0x001a, 0x002f, 0xffda, 0xffe1, 0x0022, 0x0010, 0xffe0, 0xfff4, 0x0016, 0x000b, 0xffed,
0xffeb, 0x0013, 0x0015, 0xffe7, 0xffe8, 0x0013, 0x0018, 0xffe5, 0xffe2, 0x001d, 0x0016, 0xffdb,
0xffeb, 0x0023, 0x0009, 0xffd9, 0xfffc, 0x0024, 0xfff5, 0xffdf, 0x0016, 0x0014, 0xffe1, 0xfff1,
0x0018, 0x000a, 0xffe0, 0xfff1, 0x0021, 0x0005, 0xffdc, 0x0002, 0x0021, 0xfff7, 0xffdf, 0x000c,
0x001c, 0xfff0, 0xffec, 0x0012, 0x0008, 0xfff0, 0x0001, 0x000d, 0x0000, 0xfff6, 0x0006, 0x000c,
0xfff7, 0xfffd, 0x000f, 0xffff, 0xfff4, 0x000c, 0x0010, 0xfff2, 0xfffb, 0x0010, 0x0004, 0xfff3,
0xfffd, 0x000c, 0x0003, 0xfffd, 0xfffd, 0x0007, 0x0006, 0xfff5, 0x0000, 0x000d, 0xfffa, 0xfff5,
0x000f, 0x0001, 0xffe6, 0x000f, 0x0016, 0xffe2, 0xfff3, 0x0024, 0x0002, 0xffd7, 0x000b, 0x0024,
0xffe7, 0xffe3, 0x001a, 0x000e, 0xffe4, 0xfffb, 0x0011, 0xffff, 0xfff1, 0xfffc, 0x000b, 0xfffd,
0xfff7, 0xfffc, 0x0004, 0x0007, 0xfff4, 0xfff6, 0x000b, 0x0000, 0xffef, 0x0003, 0x000d, 0xfff3,
0xfff4, 0x0011, 0x0001, 0xffe5, 0x0004, 0x0015, 0xffec, 0xfff3, 0x0017, 0xfffd, 0xffe9, 0x000c,
0x0013, 0xffeb, 0xfff4, 0x0019, 0xfffb, 0xffe6, 0x0012, 0x0013, 0xffe6, 0xfff6, 0x001c, 0x0002,
0xffe6, 0x0006, 0x0019, 0xfff6, 0xfff1, 0x000e, 0x000a, 0xfffb, 0xfffa, 0x0003, 0x000a, 0xfffe,
0xfff6, 0x0004, 0x000c, 0xfffc, 0xfff7, 0x0008, 0x0006, 0xfffa, 0x0004, 0x000a, 0xfffa, 0x0002,
0x000f, 0xfffb, 0xfff7, 0x000c, 0x000b, 0xfff3, 0xfffe, 0x0011, 0x0002, 0xfff7, 0x0009, 0x000c,
0xfff8, 0x0000, 0x000f, 0xffff, 0xfff9, 0x000b, 0x0008, 0xfff5, 0x0001, 0x0011, 0xfffa, 0xfff4,
0x000d, 0x0008, 0xfff1, 0xfffd, 0x0010, 0xfffc, 0xffef, 0x0007, 0x000d, 0xfff5, 0xfff4, 0x000e,
0x0007, 0xffea, 0xfffa, 0x0015, 0xfffd, 0xffea, 0x000b, 0x0010, 0xffed, 0xfff6, 0x0012, 0xfffe,
0xfff1, 0x0009, 0x0001, 0xfff2, 0x0008, 0x0007, 0xffe8, 0x0000, 0x001f, 0xffee, 0xffde, 0x001c,
0x0015, 0xffd8, 0xfff8, 0x0024, 0xfff4, 0xffe2, 0x0016, 0x000b, 0xffe2, 0x0006, 0x0015, 0xffe7,
0xfff8, 0x001b, 0xfff3, 0xffe6, 0x0019, 0x000a, 0xffda, 0x0003, 0x001f, 0xffe9, 0xffe7, 0x001f,
0x0007, 0xffd8, 0x0006, 0x0021, 0xffe6, 0xffe5, 0x001d, 0x0009, 0xffdb, 0x0002, 0x001f, 0xffec,
0xffe5, 0x001a, 0x000d, 0xffdd, 0xfffe, 0x001e, 0xfff3, 0xffeb, 0x0012, 0x0006, 0xffed, 0x0004,
0x000c, 0xfff4, 0xfffc, 0x000d, 0xfffd, 0xfffa, 0x0009, 0xfffc, 0xfffa, 0x000f, 0x0000, 0xfff1,
0x000b, 0x0010, 0xfff2, 0xfff7, 0x0016, 0x0009, 0xffeb, 0x0003, 0x0019, 0xfffb, 0xffef, 0x000e,
0x0010, 0xfff5, 0xfffd, 0x0012, 0x0002, 0xfff6, 0x000e, 0x000c, 0xfff4, 0x0002, 0x0012, 0xfff9,
0xfff7, 0x0015, 0x0002, 0xffea, 0x000b, 0x0019, 0xffed, 0xffee, 0x0021, 0x000c, 0xffde, 0x0006,
0x0024, 0xfff0, 0xffe4, 0x001c, 0x0012, 0xffde, 0xfffb, 0x001e, 0xfff8, 0xffe8, 0x0011, 0x000a,
0xffeb, 0x0000, 0x000e, 0xfff5, 0xfff3, 0x000c, 0x0000, 0xfff1, 0x0005, 0x0007, 0xfff3, 0xfffb,
0x000b, 0xfffa, 0xfff3, 0x0008, 0x0004, 0xfff2, 0x0000, 0x000a, 0xfff5, 0xfff8, 0x000b, 0xfffe,
0xfff2, 0x0008, 0x000a, 0xfff2, 0xfffd, 0x0011, 0xfffc, 0xffee, 0x000b, 0x000e, 0xffef, 0xfff9,
0x0014, 0x0001, 0xffee, 0x0008, 0x000e, 0xfff2, 0xfffb, 0x0011, 0xfffe, 0xfff2, 0x0008, 0x0007,
0xfff7, 0x0000, 0x0005, 0xfff9, 0xfffd, 0x0007, 0xfffa, 0xfff9, 0x0009, 0x0000, 0xfff1, 0x0002,
0x000b, 0xfff6, 0xfff7, 0x000d, 0x0004, 0xfff1, 0xfffe, 0x000b, 0xfffc, 0xfff4, 0x0006, 0x0008,
0xfff5, 0xfffa, 0x000b, 0x0002, 0xfff6, 0x0002, 0x000b, 0xfffd, 0xfffa, 0x0007, 0x0004, 0xfff9,
0x0001, 0x000a, 0xfffc, 0xfffb, 0x000b, 0x0009, 0xfff8, 0xfffc, 0x000a, 0x0002, 0xfff7, 0x0003,
0x000c, 0x0001, 0xfff8, 0x0004, 0x0009, 0xfffa, 0xfff9, 0x0008, 0x0007, 0xfff8, 0xfffc, 0x000a,
0x0001, 0xfff5, 0x0002, 0x0008, 0xfff9, 0xfff9, 0x0008, 0x0000, 0xfff6, 0x0003, 0x0006, 0xfffa,
0xfffe, 0x0009, 0xfffd, 0xfff8, 0x0009, 0x0003, 0xfff5, 0x0001, 0x000a, 0xfff8, 0xfff9, 0x0008,
0x0000, 0xfff8, 0x0003, 0x0005, 0xfff8, 0xffff, 0x0005, 0xfffa, 0xfff8, 0x0004, 0x0002, 0xfff8,
0xfffe, 0x0004, 0xfffb, 0xfff9, 0x0002, 0x0002, 0xfff8, 0xfffa, 0x0005, 0x0000, 0xfff7, 0xffff,
0x0005, 0xfffc, 0xfff9, 0x0005, 0x0003, 0xfff8, 0xfffe, 0x0007, 0xfffe, 0xfff7, 0x0003, 0x0006,
0xfffa, 0xfffc, 0x0009, 0x0001, 0xfff6, 0x0002, 0x0007, 0xfffc, 0xfffc, 0x0009, 0x0004, 0xfffb,
0x0002, 0x0007, 0x0000, 0xfffc, 0x0004, 0x0005, 0xfffe, 0x0001, 0x0005, 0x0003, 0xffff, 0x0001,
0x0004, 0x0001, 0x0000, 0x0002, 0x0006, 0x0002, 0x0001, 0x0006, 0x0004, 0x0000, 0x0002, 0x0007,
0x0003, 0xfffe, 0x0005, 0x0005, 0xfffd, 0xffff, 0x0008, 0x0002, 0xfffa, 0x0007, 0x000a, 0xfffc,
0xfffd, 0x000b, 0x0001, 0xfff6, 0x0005, 0x0008, 0xfff8, 0xfffd, 0x000c, 0x0000, 0xfff6, 0x0006,
0x0007, 0xfff7, 0xfffe, 0x0008, 0xfffd, 0xfff6, 0x0005, 0x0005, 0xfff7, 0xfffc, 0x0008, 0x0000,
0xfff7, 0x0003, 0x0006, 0xfff9, 0xfffb, 0x0005, 0xfffe, 0xfff7, 0xffff, 0x0003, 0xfffc, 0xfffc,
0x0002, 0x0001, 0xfffd, 0xfffd, 0x0002, 0xffff, 0xfffa, 0xfffe, 0x0002, 0xfffd, 0xfff9, 0x0001,
0x0002, 0xfffc, 0xfffe, 0x0003, 0x0000, 0xfffb, 0x0001, 0x0001, 0xfffd, 0xfffe, 0x0001, 0x0000,
0xffff, 0x0000, 0x0000, 0x0001, 0x0000, 0xffff, 0xffff, 0x0002, 0x0001, 0xfffd, 0x0001, 0x0004,
0xffff, 0xfffe, 0x0004, 0x0003, 0xfffe, 0x0000, 0x0003, 0x0001, 0xfffe, 0x0001, 0x0003, 0xffff,
0xffff, 0x0002, 0x0002, 0x0000, 0x0001, 0x0003, 0x0001, 0x0001, 0x0001, 0x0001, 0x0001, 0x0002,
0x0001, 0x0000, 0x0002, 0x0002, 0xffff, 0x0001, 0x0003, 0xffff, 0xffff, 0x0005, 0x0003, 0xfffe,
0x0001, 0x0005, 0xffff, 0xfffe, 0x0004, 0x0003, 0xfffe, 0x0001, 0x0006, 0x0000, 0xffff, 0x0004,
0x0004, 0xfffe, 0x0000, 0x0003, 0xffff, 0xffff, 0x0000, 0xffff, 0xffff, 0x0001, 0x0000, 0xffff,
0x0001, 0x0000, 0xffff, 0x0000, 0x0000, 0xfffd, 0xfffd, 0x0000, 0xfffe, 0xfffe, 0xffff, 0xffff,
0xffff, 0xfffe, 0xffff, 0xfffe, 0xfffd, 0xfffd, 0xffff, 0xfffe, 0xfffd, 0xffff, 0xfffe, 0xfffd,
0xffff, 0xffff, 0xfffe, 0xfffe, 0x0000, 0xfffe, 0xfffd, 0x0000, 0xfffe, 0xfffc, 0x0000, 0x0001,
0xfffe, 0x0000, 0x0001, 0xffff, 0xfffe, 0x0002, 0x0001, 0xfffd, 0x0000, 0x0003, 0x0000, 0xfffe,
0x0003, 0x0003, 0xfffd, 0x0000, 0x0004, 0x0002, 0xfffd, 0x0003, 0x0004, 0xfffe, 0x0000, 0x0003,
0x0001, 0xffff, 0x0002, 0x0002, 0x0001, 0x0001, 0x0002, 0x0002, 0x0000, 0x0001, 0x0002, 0x0001,
0x0000, 0x0001, 0x0000, 0xffff, 0x0001, 0x0000, 0x0001, 0x0001, 0x0000, 0x0000, 0x0002, 0x0002,
0xffff, 0x0000, 0x0003, 0xffff, 0xfffe, 0x0000, 0x0002, 0xfffe, 0xfffe, 0x0002, 0x0002, 0xfffe,
0xffff, 0x0003, 0xffff, 0x0000, 0x0001, 0x0000, 0x0000, 0x0001, 0x0000, 0x0001, 0x0002, 0xffff,
0x0000, 0x0002, 0x0000, 0xffff, 0x0002, 0x0000, 0xfffe, 0x0001, 0x0002, 0xffff, 0xffff, 0x0003,
0x0001, 0xffff, 0x0002, 0x0002, 0xffff, 0xffff, 0x0002, 0x0001, 0xffff, 0x0001, 0x0001, 0x0000,
0x0001, 0x0001, 0x0002, 0x0000, 0x0000, 0x0002, 0x0000, 0xffff, 0x0000, 0xffff, 0xffff, 0xfffe,
0xfffe, 0xffff, 0xfffe, 0xfffe, 0xffff, 0xfffe, 0xfffe, 0xfffd, 0xfffe, 0xfffe, 0xfffc, 0xfffd,
0xfffe, 0xfffc, 0xfffd, 0xfffe, 0xfffc, 0xfffc, 0xfffd, 0xffff, 0xfffd, 0xfffe, 0xffff, 0xfffd,
0xfffd, 0xffff, 0xfffe, 0xfffd, 0xffff, 0x0000, 0xfffe, 0xffff, 0x0000, 0xfffe, 0xffff, 0x0001,
0x0000, 0x0000, 0x0001, 0x0001, 0x0000, 0x0002, 0x0002, 0x0001, 0x0001, 0x0002, 0x0002, 0x0001,
0x0002, 0x0002, 0x0001, 0x0002, 0x0004, 0x0003, 0x0003, 0x0004, 0x0004, 0x0002, 0x0002, 0x0003,
0x0002, 0x0001, 0x0003, 0x0003, 0x0002, 0x0002, 0x0004, 0x0001, 0x0002, 0x0003, 0x0002, 0x0001,
0x0002, 0x0003, 0x0001, 0x0001, 0x0001, 0x0002, 0x0000, 0x0001, 0x0001, 0x0001, 0x0001, 0x0001,
0x0001, 0x0001, 0x0000, 0xffff, 0x0001, 0x0002, 0x0001, 0xffff, 0x0001, 0x0002, 0x0000, 0x0000,
0xffff, 0xfffe, 0xffff, 0x0001, 0x0000, 0xffff, 0x0000, 0x0002, 0xfffd, 0xfffe, 0xffff, 0xfffe,
0xfffe, 0xffff, 0xffff, 0xfffc, 0xffff, 0x0001, 0xfffe, 0xfffe, 0xfffd, 0xfffe, 0xffff, 0x0001,
0xfffd, 0xfffb, 0xffff, 0x0000, 0xfffe, 0xfffd, 0xffff, 0x0000, 0x0001, 0x0000, 0xfffe, 0xffff,
0x0000, 0xffff, 0xfffe, 0xffff, 0xffff, 0xffff, 0xffff, 0xffff, 0xfffe, 0xfffe, 0xfffe, 0xfffe,
0xfffe, 0xffff, 0xffff, 0xffff, 0xffff, 0xfffe, 0xfffe, 0xfffd, 0xfffe, 0xfffe, 0xffff, 0xffff,
0xffff, 0xfffe, 0xfffe, 0xfffe, 0xfffe, 0xffff, 0x0000, 0x0000, 0x0000, 0x0000, 0x0000, 0x0000,
0x0000, 0x0001, 0x0001, 0x0001, 0x0001, 0x0000, 0x0000, 0x0000, 0x0000, 0x0001, 0x0002, 0x0002,
0x0002, 0x0002, 0x0002, 0x0001, 0x0002, 0x0002, 0x0003, 0x0003, 0x0003, 0x0002, 0x0002, 0x0003,
0x0002, 0x0004, 0x0004, 0x0000, 0x0001, 0x0006, 0x000b, 0xfffb, 0x0003, 0xfffc, 0x000a, 0xfffc,
0x0007, 0x0001, 0xfffe, 0x0001, 0xfffd, 0x000b, 0xfff4, 0x000c, 0xfff4, 0x0002, 0xfff5, 0x0016,
0x0008, 0xffe9, 0xfff4, 0x000a, 0x0014, 0xfff3, 0x0007, 0xffe6, 0xfff8, 0x0015, 0x001c, 0xffea,
0xffe6, 0x0002, 0x0000, 0x001b, 0x0003, 0xfff4, 0xffd4, 0x000b, 0x0026, 0x0020, 0xffe1, 0xffae,
0x0010, 0x0047, 0x0066, 0xff83, 0xff82, 0x000a, 0x012d, 0xffc5, 0xff35, 0xff7d, 0x00ee, 0x006c,
0x0058, 0xfe87, 0xff29, 0x0179, 0x0286, 0xfd96, 0xfd38, 0x01cc, 0x0387, 0xfe3c, 0xfd5c, 0x00cd,
0x01db, 0xff9c, 0xff29, 0x0070, 0xffd2, 0xffc7, 0xffff, 0x00f4, 0xffbe, 0xff4e, 0xff85, 0x00e4,
0x00a2, 0xff6e, 0xff45, 0x0045, 0x00a4, 0xffc2, 0xffcf, 0x001e, 0x0002, 0xffa3, 0x002e, 0x006a,
0xffea, 0xff82, 0x000a, 0x004e, 0x0012, 0xffcb, 0x0002, 0x0008, 0xfffa, 0xfff8, 0x0011, 0x0002,
0x0002, 0xffe7, 0xfffe, 0x0009, 0x001f, 0xffd9, 0xfff3, 0x000c, 0x0022, 0xffe6, 0xfff4, 0xfffa,
0x000e, 0x0003, 0x000a, 0xffe9, 0xfff9, 0x0007, 0x0010, 0xffeb, 0xffff, 0x0005, 0x0005, 0xfff2,
0x0000, 0xfffd, 0x0003, 0x0003, 0x0000, 0xfff4, 0xfffd, 0x0007, 0x0002, 0x0002, 0xfffe, 0x0007,
0xfff3, 0x0001, 0x0004, 0x0019, 0xfff0, 0xfff5, 0xffff, 0x001e, 0xfff3, 0xfffc, 0x0002, 0x0012,
0xffe8, 0x0002, 0x001b, 0x0012, 0xffdf, 0xffed, 0x0016, 0x0013, 0xfffa, 0xffff, 0x0006, 0xffed,
0xfff5, 0x001c, 0x001c, 0xffe6, 0xffe7, 0x000d, 0x0016, 0xfff6, 0xfffe, 0x000a, 0xfff3, 0xffec,
0x0015, 0x0025, 0xffe9, 0xffc9, 0x0002, 0x0042, 0x001b, 0xffcb, 0xffc8, 0x0017, 0x003f, 0x000a,
0xffce, 0xffe2, 0x001b, 0x001d, 0xfff7, 0xfff2, 0x000a, 0x0004, 0xffee, 0xfff7, 0x0022, 0x001a,
0xffe2, 0xffd2, 0x000d, 0x003b, 0x000a, 0xffd0, 0xffe0, 0x0026, 0x0031, 0xfff3, 0xffcc, 0xfffc,
0x0036, 0x0016, 0xffde, 0xffe0, 0x0018, 0x0018, 0x0001, 0xffed, 0x0003, 0x0013, 0xffef, 0xfff3,
0x0006, 0x003e, 0xffdc, 0xffce, 0x0004, 0x0049, 0x0000, 0xffbe, 0x0009, 0x000d, 0x001d, 0xffed,
0x0014, 0xffcd, 0xfff6, 0x002b, 0x002c, 0xffde, 0xffbb, 0x0013, 0x002d, 0x001d, 0xffd7, 0xffd9,
0xfff0, 0x0044, 0x0031, 0xffbc, 0xff90, 0x0060, 0x0069, 0xffbb, 0xff73, 0x0051, 0x005a, 0xffd7,
0xffac, 0x0018, 0x0044, 0xffea, 0xffc7, 0xfff8, 0x004d, 0xfff1, 0xffb5, 0xfffd, 0x0050, 0xfffb,
0xffbf, 0xfff4, 0x001f, 0x0010, 0xfff0, 0xffef, 0x0004, 0x0007, 0xfff6, 0xfff0, 0x0014, 0x000a,
0xffe3, 0xffe7, 0x001a, 0x0024, 0xfff3, 0xffd4, 0xfff1, 0x002a, 0x001c, 0xffda, 0xffda, 0x001a,
0x0026, 0xffef, 0xffec, 0x0008, 0x0004, 0xfffb, 0x000d, 0x0006, 0xffef, 0xfff9, 0x0019, 0x0010,
0xffe9, 0xffed, 0x001d, 0x001c, 0xffdf, 0xffe9, 0x0034, 0x0024, 0xffc6, 0xffe3, 0x003f, 0x002e,
0xffcb, 0xffe1, 0x002b, 0x0021, 0xffe0, 0xfff9, 0x001f, 0x000d, 0xffe0, 0xfffd, 0x0026, 0x0012,
0xffe1, 0xfff1, 0x001e, 0x0014, 0xffef, 0xffeb, 0x0007, 0x000c, 0x000e, 0xfffb, 0xfff2, 0xfff6,
0x0019, 0x000f, 0xffec, 0xffe1, 0x0013, 0x0021, 0xfff8, 0xffdd, 0x0003, 0x0018, 0xfffb, 0xfff0,
0x000b, 0x000a, 0xffe8, 0xfffb, 0x001a, 0x000a, 0xffdb, 0xfff4, 0x0012, 0x0012, 0xfff2, 0xfffb,
0xfffa, 0xfffe, 0x0006, 0x000e, 0xfff4, 0xffe3, 0x0009, 0x001c, 0x0000, 0xffdf, 0x0000, 0x0007,
0xffff, 0xfff6, 0x0004, 0xfffd, 0xffff, 0x0000, 0xfff8, 0x0000, 0x0004, 0xfff9, 0xffeb, 0x0009,
0x0013, 0xfff8, 0xffe3, 0x0006, 0x0020, 0xffff, 0xffd5, 0xfff0, 0x0020, 0x0016, 0xffef, 0xfff5,
0x0001, 0xfffd, 0xfffc, 0x000e, 0xfffd, 0xffea, 0xfffa, 0x0021, 0x0011, 0xffe7, 0xffee, 0x0012,
0x0008, 0xffea, 0xfff9, 0x000c, 0x0009, 0xfffd, 0x0001, 0xfffa, 0xfffe, 0x0000, 0xfffa, 0xfff5,
0x0005, 0x000e, 0x000e, 0xfffb, 0xffed, 0xfff7, 0x0010, 0x0003, 0xffeb, 0xfff2, 0x0017, 0x001c,
0xfffd, 0xffe8, 0xfff8, 0x000d, 0x000a, 0xfff1, 0xfffa, 0x000d, 0x000f, 0x0002, 0xfffa, 0x0001,
0xffff, 0xfff8, 0xffff, 0x000b, 0x000c, 0x0000, 0xfffb, 0x0009, 0x0002, 0xfff8, 0xfff2, 0x0008,
0x000f, 0x0003, 0xfff3, 0x0003, 0x0010, 0x0005, 0xffe7, 0xfff0, 0x0010, 0x001c, 0xfffe, 0xffe8,
0xfffe, 0x0014, 0x0009, 0xffec, 0xfff1, 0x0004, 0x0010, 0x0004, 0xffff, 0xfffc, 0x0003, 0xfffb,
0x0001, 0x0003, 0x0000, 0xfffa, 0x0008, 0x0009, 0x0004, 0xfff7, 0xfff8, 0x0001, 0x0008, 0xfffd,
0xffff, 0x000a, 0x0006, 0xfffa, 0x0006, 0x000a, 0xfff2, 0xffeb, 0x000b, 0x0011, 0xfff9, 0xfffa,
0x000a, 0x0005, 0xfff1, 0xfffa, 0x0009, 0x0004, 0xffed, 0x0004, 0x0018, 0x0002, 0xffdf, 0xfffd,
0x0012, 0xfffd, 0xffe4, 0x000a, 0x0019, 0xffff, 0xffe9, 0x0004, 0x000d, 0xffff, 0xffed, 0xfffe,
0x000a, 0x0009, 0xfffa, 0xfffa, 0xfffe, 0x0008, 0xfffb, 0xfff1, 0x0000, 0x0016, 0x0009, 0xfff3,
0xfff3, 0x0008, 0x0009, 0xfff7, 0xfff4, 0x0004, 0x000b, 0x0004, 0x0001, 0x0001, 0x0000, 0xfff5,
0xfffc, 0x0006, 0x0008, 0xfffb, 0x0002, 0x0007, 0x0008, 0xfffb, 0x0001, 0xffff, 0xfff8, 0xfffe,
0x0016, 0x000b, 0xfff3, 0xfff6, 0x000c, 0x0006, 0xffee, 0xfff2, 0x000e, 0x0014, 0xfffd, 0xfff0,
0x0002, 0x000e, 0xfffc, 0xffe7, 0xfffb, 0x0011, 0x0005, 0xfff3, 0xfffe, 0x0008, 0xfffa, 0xfff2,
0xfffc, 0x0001, 0xfffb, 0x0000, 0x0005, 0x0001, 0xfff9, 0xfffa, 0x0000, 0xffff, 0xfffc, 0xfffb,
0xffff, 0x000a, 0x0008, 0xfff7, 0xfff5, 0x0005, 0x0008, 0xfffb, 0xfffb, 0x000a, 0x0006, 0xfffc,
0xfffc, 0x0004, 0xfffa, 0xfff8, 0x0003, 0x000b, 0xffff, 0xfff7, 0x0002, 0x0007, 0xfffe, 0xfff5,
0xfffd, 0x0005, 0x0007, 0x0003, 0x0001, 0xfffd, 0x0000, 0x0000, 0x0002, 0xfffa, 0xfffc, 0x0001,
0x000f, 0x0006, 0xfff9, 0xfff9, 0x000b, 0x0006, 0xfff8, 0xfffb, 0x000a, 0x0008, 0xfffe, 0xfffd,
0x0005, 0x0000, 0xfffd, 0x0004, 0x0009, 0x0002, 0xfffd, 0x0006, 0x000a, 0x0001, 0xfff6, 0xfffe,
0x0010, 0x000d, 0xfff9, 0xfff5, 0x000b, 0x000f, 0xfffb, 0xfff4, 0x0007, 0x000d, 0x0002, 0x0001,
0x0005, 0xffff, 0xfffa, 0x0001, 0x0006, 0x0001, 0xfffc, 0x0006, 0x000b, 0x0001, 0xfff8, 0x0001,
0x0006, 0xfffb, 0xfff9, 0x0006, 0x000f, 0x0002, 0xfff4, 0xfffb, 0x000c, 0xffff, 0xffef, 0xfffd,
0x0014, 0x0008, 0xfff6, 0xfffd, 0x0009, 0xfffd, 0xfff6, 0xfffd, 0x0002, 0xfffd, 0xfffc, 0x0004,
0x0009, 0xffff, 0xfff5, 0xfffb, 0x0006, 0x0000, 0xfff4, 0xfffa, 0x0007, 0x0004, 0xfff6, 0xfff8,
0x0004, 0x0004, 0xfffa, 0xfff9, 0x0002, 0x0004, 0xfffd, 0xfff9, 0xfffe, 0x0002, 0xffff, 0xfffd,
0x0003, 0x0003, 0xfffe, 0xfffc, 0x0002, 0x0001, 0xfffa, 0xfffb, 0x0003, 0x0003, 0xfffc, 0xfffd,
0x0005, 0x0005, 0xfffd, 0xfffa, 0xfffe, 0x0005, 0x0000, 0xfff9, 0xfffa, 0x0003, 0x0005, 0xfffd,
0xfff9, 0x0002, 0x0004, 0xfffd, 0xfff9, 0x0000, 0x0002, 0xfffd, 0xfffe, 0x0003, 0x0002, 0x0000,
0x0000, 0x0002, 0x0002, 0x0001, 0x0002, 0x0002, 0x0000, 0x0002, 0x0004, 0x0001, 0x0000, 0x0000,
0x0003, 0x0006, 0x0003, 0x0000, 0x0003, 0x0005, 0x0004, 0x0000, 0xfffe, 0x0002, 0x0006, 0x0005,
0x0003, 0x0002, 0x0003, 0x0002, 0x0000, 0xfffe, 0xffff, 0x0003, 0x0002, 0x0000, 0x0002, 0x0002,
0x0001, 0x0000, 0x0001, 0x0000, 0x0002, 0x0000, 0xffff, 0x0000, 0x0002, 0x0000, 0xffff, 0xfffe,
0xffff, 0xfffe, 0x0000, 0x0000, 0xffff, 0xfffe, 0xffff, 0xfffd, 0xfffd, 0xffff, 0xfffe, 0xffff,
0xffff, 0xffff, 0xfffe, 0x0000, 0xffff, 0xfffe, 0xfffd, 0xffff, 0x0000, 0x0001, 0x0001, 0x0002,
0x0000, 0x0000, 0xfffb, 0xfffc, 0x0000, 0x0001, 0xffff, 0x0001, 0x0001, 0x0003, 0x0001, 0xfffe,
0xfffe, 0x0002, 0x0000, 0xffff, 0x0000, 0x0001, 0x0000, 0xfffe, 0xfffb, 0xffff, 0x0003, 0x0000,
0xffff, 0xffff, 0x0000, 0xffff, 0xfffd, 0xfffd, 0x0000, 0xffff, 0xfffe, 0xfffd, 0x0000, 0x0001,
0xfffd, 0xfffb, 0xffff, 0x0000, 0x0000, 0xffff, 0x0001, 0x0002, 0x0001, 0xfffe, 0x0002, 0x0004,
0x0001, 0x0000, 0x0001, 0x0003, 0x0001, 0x0001, 0x0002, 0x0002, 0x0002, 0x0002, 0x0003, 0x0004,
0x0004, 0x0003, 0x0004, 0x0005, 0x0002, 0x0001, 0x0002, 0x0004, 0x0003, 0x0002, 0x0002, 0x0005,
0x0004, 0x0002, 0x0002, 0x0002, 0x0002, 0x0001, 0x0000, 0x0002, 0x0002, 0x0001, 0x0001, 0x0001,
0x0001, 0xfffe, 0xfffe, 0x0000, 0x0002, 0xffff, 0xfffd, 0x0000, 0x0002, 0xffff, 0xfffc, 0xfffc,
0x0000, 0xffff, 0xffff, 0xffff, 0x0000, 0x0000, 0xfffe, 0xfffe, 0x0000, 0xffff, 0xfffe, 0xfffe,
0x0001, 0x0002, 0x0001, 0xffff, 0x0000, 0x0002, 0x0000, 0x0000, 0x0001, 0x0003, 0x0000, 0xffff,
0x0000, 0x0001, 0xffff, 0xffff, 0x0000, 0x0001, 0x0000, 0xffff, 0x0001, 0x0000, 0xffff, 0xffff,
0xffff, 0xfffe, 0xfffe, 0xfffe, 0xffff, 0xfffe, 0xfffe, 0xffff, 0xffff, 0xfffe, 0xffff, 0xffff,
0xffff, 0xfffe, 0xffff, 0xfffe, 0x0000, 0xffff, 0xfffe, 0xfffe, 0x0001, 0xffff, 0xfffe, 0xffff,
0x0000, 0x0000, 0x0000, 0x0001, 0x0002, 0x0001, 0xffff, 0x0000, 0x0000, 0x0000, 0x0001, 0x0002,
0x0002, 0x0001, 0x0002, 0x0002, 0x0002, 0x0001, 0x0000, 0x0001, 0x0003, 0x0002, 0x0002, 0x0001,
0x0002, 0x0002, 0x0002, 0x0002, 0x0002, 0x0003, 0x0002, 0x0001, 0x0002, 0x0002, 0x0001, 0x0001,
0x0001, 0x0001, 0x0002, 0x0003, 0x0002, 0x0002, 0x0002, 0x0002, 0x0001, 0x0001, 0x0002, 0x0002,
0x0002, 0x0002, 0x0002, 0x0002, 0x0001, 0x0001, 0x0002, 0x0002, 0x0002, 0x0002, 0x0002, 0x0002,
0x0001, 0xffff, 0x0000, 0x0000, 0x0000, 0x0001, 0x0000, 0x0001, 0x0000, 0xffff, 0xffff, 0xffff,
0xfffe, 0xfffe, 0xffff, 0xfffe, 0xfffe, 0xfffe, 0xfffe, 0xfffe, 0xfffe, 0xfffe, 0xfffe, 0xfffe,
0xfffe, 0xffff, 0xfffd, 0xfffe, 0xffff, 0xffff, 0xffff, 0x0000, 0x0000, 0x0001, 0x0000, 0xffff,
0x0000, 0xffff, 0xffff, 0xfffe, 0x0001, 0x0001, 0x0001, 0x0001, 0x0001, 0x0000, 0xffff, 0xffff,
0x0000, 0x0001, 0x0001, 0x0001, 0x0000, 0x0000, 0xffff, 0xfffe, 0x0000, 0xffff, 0xffff, 0x0000,
0x0000, 0x0002, 0x0001, 0x0000, 0x0001, 0x0000, 0x0000, 0x0000, 0x0000, 0x0001, 0x0000, 0x0000,
0x0001, 0x0001, 0x0001, 0x0001, 0x0001, 0x0002, 0x0001, 0x0001, 0x0002, 0x0002, 0x0001, 0x0001,
0x0001, 0x0002, 0x0001, 0x0002, 0x0002, 0x0003, 0x0003, 0x0001, 0x0002, 0x0003, 0x0002, 0x0001,
0x0001, 0x0002, 0x0001, 0x0000, 0x0000, 0x0001, 0xffff, 0x0000, 0x0001, 0x0000, 0xffff, 0xfffe,
0x0000, 0x0001, 0xffff, 0xfffd, 0xfffe, 0xfffe, 0x0000, 0xffff, 0x0000, 0x0001, 0x0000, 0x0001,
0xffff, 0x0001, 0x0000, 0xfffe, 0x0000, 0x0001, 0x0001, 0x0001, 0x0001, 0x0001, 0x0001, 0x0001,
0x0001, 0x0000, 0x0002, 0x0002, 0x0002, 0xffff, 0x0000, 0x0001, 0xffff, 0xfffe, 0xffff, 0x0001,
0x0001, 0x0002, 0x0001, 0x0001, 0xffff, 0xfffe, 0xfffd, 0xfffe, 0xfffe, 0xfffe, 0xfffe, 0x0000,
0xffff, 0xfffe, 0xfffe, 0xfffd, 0xfffe, 0xffff, 0xffff, 0xffff, 0xffff, 0xffff, 0xfffe, 0xfffd,
0xfffe, 0x0000, 0xffff, 0xfffe, 0x0000, 0x0001, 0xffff, 0xffff, 0xffff, 0xffff, 0xfffe, 0x0000,
0x0001, 0x0001, 0x0002, 0x0002, 0x0001, 0x0001, 0x0002, 0x0003, 0x0003, 0x0003, 0x0003, 0x0002,
0x0002, 0x0002, 0x0002, 0x0002, 0x0003, 0x0004, 0x0005, 0x0005, 0x0005, 0x0004, 0x0002, 0x0002,
0x0002, 0x0003, 0x0002, 0x0003, 0x0002, 0x0001, 0x0000, 0x0000, 0x0000, 0x0001, 0x0001, 0x0001,
0x0001, 0x0001, 0x0000, 0xffff, 0xfffe, 0xfffe, 0xfffe, 0xffff, 0x0001, 0x0000, 0xffff, 0xfffe,
0xfffe, 0xfffe, 0x0000, 0x0000, 0x0001, 0x0001, 0x0000, 0x0001, 0xffff, 0xffff, 0xffff, 0xfffe,
0xffff, 0x0000, 0x0000, 0xffff, 0xfffe, 0xffff, 0xfffe, 0xfffe, 0xfffe, 0xfffe, 0xfffe, 0xfffe,
0xffff, 0xfffd, 0xfffd, 0xfffe, 0xfffd, 0xfffe, 0xfffd, 0xfffe, 0xfffe, 0xfffe, 0xfffd, 0xfffd,
0xfffe, 0xfffd, 0xfffe, 0x0000, 0x0000, 0x0000, 0x0000, 0x0000, 0x0000, 0x0000, 0x0000, 0x0001,
0x0001, 0x0001, 0x0000, 0x0001, 0x0001, 0x0001, 0x0001, 0x0000, 0x0001, 0x0002, 0x0002, 0x0001,
0x0002, 0x0003, 0x0002, 0x0002, 0x0002, 0x0002, 0x0001, 0x0000, 0x0002, 0x0002, 0x0001, 0x0001,
0x0000, 0x0000, 0x0000, 0x0000, 0x0001, 0x0001, 0x0002, 0x0002, 0x0001, 0x0001, 0x0001, 0x0001,
0x0001, 0x0001, 0x0003, 0x0002, 0x0001, 0x0001, 0x0002, 0x0002, 0x0001, 0x0000, 0x0000, 0x0001,
0x0001, 0x0001, 0x0002, 0x0002, 0x0002, 0x0001, 0x0001, 0x0001, 0x0001, 0x0001, 0x0001, 0x0001,
0x0001, 0x0001, 0x0000, 0x0001, 0x0001, 0x0001, 0x0000, 0x0000, 0x0000, 0x0001, 0x0001, 0x0000,
0x0001, 0x0001, 0x0000, 0x0000, 0x0001, 0x0000, 0xffff, 0x0000, 0x0001, 0x0002, 0x0001, 0xfffe,
0xfffe, 0xffff, 0xffff, 0xffff, 0xffff, 0xffff, 0xfffd, 0xfffe, 0x0000, 0x0000, 0xffff, 0xffff,
0xffff, 0xffff, 0xfffe, 0xfffe, 0xfffe, 0xfffe, 0xffff, 0x0000, 0xffff, 0xfffe, 0xfffe, 0xffff,
0xffff, 0xfffe, 0xfffe, 0xfffe, 0xfffe, 0xfffe, 0xfffe, 0xfffe, 0xfffe, 0xfffd, 0xfffd, 0xfffe,
0xfffe, 0xffff, 0xfffe, 0xfffe, 0xfffe, 0xfffe, 0xfffd, 0xfffe, 0xfffe, 0xfffe, 0xfffe, 0xfffe,
0xfffe, 0xfffe, 0xfffe, 0xfffd, 0xfffe, 0xffff, 0xfffe, 0xffff, 0x0000, 0x0001, 0x0000, 0xfffe,
0xffff, 0x0000, 0x0000, 0x0000, 0x0000, 0x0001, 0x0000, 0x0000, 0x0000, 0x0001, 0x0000, 0x0000,
0x0000, 0x0000, 0x0002, 0x0001, 0x0000, 0x0001, 0x0001, 0x0001, 0x0002, 0x0002, 0x0002, 0x0002,
0x0002, 0x0001, 0x0002, 0x0001, 0x0001, 0x0001, 0x0001, 0x0002, 0x0001, 0x0001, 0x0001, 0x0002,
0x0003, 0x0001, 0x0001, 0x0001, 0x0001, 0x0002, 0x0001, 0x0001, 0x0002, 0x0002, 0x0002, 0x0001,
0x0002, 0x0002, 0x0001, 0x0000, 0x0000, 0x0000, 0x0001, 0x0000, 0x0000, 0x0001, 0x0001, 0x0001,
0x0001, 0x0002, 0x0003, 0x0001, 0x0002, 0x0002, 0x0001, 0x0002, 0x0001, 0x0002, 0x0001, 0x0002,
0x0002, 0x0001, 0x0001, 0x0002, 0x0002, 0x0002, 0x0002, 0x0001, 0x0002, 0x0001, 0x0002, 0x0000,
0x0001, 0x0001, 0x0000, 0x0001, 0xffff, 0xffff, 0xfffe, 0x0000, 0x0000, 0xfffe, 0xfffe, 0xfffe,
0xffff, 0xfffe, 0xffff, 0xfffe, 0xfffe, 0xffff, 0xfffe, 0xfffd, 0xfffe, 0xffff, 0xfffe, 0xfffd,
0xfffe, 0xfffe, 0xfffe, 0xfffe, 0xfffd, 0xffff, 0xfffe, 0xfffd, 0xfffe, 0xfffd, 0xfffe, 0xfffd,
0xfffd, 0xfffe, 0xfffe, 0xfffe, 0xfffe, 0xfffe, 0xfffe, 0xfffd, 0xfffe, 0xfffe, 0xfffe, 0xffff,
0xfffe, 0xffff, 0xffff, 0xffff, 0xffff, 0xfffe, 0x0000, 0x0001, 0xffff, 0xffff, 0xfffe, 0xffff,
0x0001, 0x0002, 0x0001, 0x0001, 0x0002, 0x0001, 0x0002, 0x0002, 0x0002, 0x0002, 0x0002, 0x0001,
0x0001, 0x0001, 0x0001, 0x0001, 0x0001, 0x0001, 0x0002, 0x0002, 0x0002, 0x0002, 0x0001, 0x0001,
0x0001, 0x0002, 0x0001, 0x0001, 0x0000, 0x0000, 0x0001, 0x0001, 0x0002, 0x0001, 0x0001, 0x0001,
0xffff, 0xffff, 0xffff, 0xffff, 0xffff, 0xffff, 0xffff, 0xffff, 0xffff, 0xfffe, 0xfffe, 0xfffe,
0xfffe, 0xfffe, 0xfffe, 0xffff, 0xfffe, 0xfffe, 0xffff, 0xfffe, 0x0000, 0xffff, 0x0000, 0x0001,
0xffff, 0x0000, 0x0000, 0x0001, 0x0001, 0x0000, 0x0000, 0x0000, 0x0001, 0x0000, 0x0001, 0x0001,
0x0000, 0x0001, 0x0002, 0x0001, 0x0001, 0x0002, 0x0002, 0x0002, 0x0001, 0x0001, 0x0002, 0x0001,
0x0002, 0x0001, 0x0000, 0x0000, 0x0000, 0x0001, 0x0001, 0x0000, 0x0001, 0x0001, 0x0002, 0x0001,
0x0000, 0x0001, 0x0001, 0x0001, 0x0001, 0x0002, 0x0001, 0x0002, 0x0001, 0x0002, 0x0001, 0x0000,
0x0001, 0x0002, 0x0001, 0x0000, 0x0000, 0x0000, 0x0001, 0x0001, 0x0001, 0x0001, 0x0001, 0x0001,
0x0001, 0x0000, 0x0001, 0x0000, 0x0000, 0x0000, 0x0000, 0x0000, 0x0001, 0x0001, 0x0001, 0xffff,
0xffff, 0xffff, 0xfffe, 0xffff, 0xfffe, 0xfffe, 0xffff, 0xffff, 0xffff, 0xfffe, 0xfffe, 0xffff,
0xfffe, 0xfffe, 0xfffe, 0xffff, 0xffff, 0xfffe, 0xfffd, 0xfffe, 0xfffe, 0xfffe, 0xfffe, 0xfffe,
0xfffe, 0xfffe, 0xfffe, 0xfffe, 0xfffe, 0xfffe, 0xfffe, 0xfffe, 0xfffe, 0xfffe, 0xfffe, 0xfffe,
0xfffe, 0xfffe, 0xfffd, 0xfffd, 0xfffe, 0xfffe, 0xfffe, 0xfffe, 0xffff, 0x0000, 0x0000, 0x0000,
0x0000, 0x0000, 0x0000, 0x0000, 0x0000, 0x0001, 0xffff, 0xfffe, 0x0000, 0x0000, 0x0000, 0x0000,
0x0000, 0x0001, 0xffff, 0x0000, 0xffff, 0xfffe, 0x0000, 0x0000, 0x0000, 0x0001, 0x0000, 0x0001,
0xffff, 0xfffe, 0xfffe, 0xffff, 0xfffe, 0xffff, 0x0001, 0x0000, 0x0001, 0x0000, 0x0001, 0x0001,
0x0001, 0x0001, 0x0001, 0x0001, 0x0001, 0x0001, 0x0001, 0x0002, 0x0001, 0x0002, 0x0003, 0x0002,
0x0002, 0x0002, 0x0003, 0x0002, 0x0002, 0x0002, 0x0003, 0x0002, 0x0001, 0x0002, 0x0002, 0x0001,
0x0002, 0x0002, 0x0002, 0x0002, 0x0001, 0x0002, 0x0002, 0x0002, 0x0002, 0x0002, 0x0002, 0x0002,
0x0001, 0x0001, 0x0001, 0x0001, 0xffff, 0xffff, 0xffff, 0xffff, 0xfffe, 0x0000, 0x0001, 0x0001,
0x0001, 0xffff, 0xffff, 0xffff, 0xffff, 0xffff, 0xffff, 0xffff, 0xffff, 0xffff, 0xffff, 0xfffe,
0xfffd, 0xfffe, 0xfffe, 0xffff, 0xffff, 0xfffe, 0xfffe, 0xfffe, 0xfffe, 0xfffd, 0xfffe, 0xfffe,
0xfffd, 0xfffe, 0xfffe, 0xfffd, 0xfffe, 0xfffe, 0xfffd, 0xfffd, 0xfffe, 0xfffd, 0xfffd, 0xfffe,
0xfffe, 0xfffe, 0xfffe, 0xffff, 0xffff, 0xfffe, 0xfffd, 0xfffe, 0xfffe, 0xfffd, 0xfffe, 0xfffd,
0xfffe, 0xfffe, 0xffff, 0xffff, 0xffff, 0xffff, 0xffff, 0xffff, 0xfffe, 0x0000, 0xffff, 0xfffe,
0x0000, 0x0000, 0x0000, 0x0000, 0x0001, 0x0000, 0x0001, 0x0002, 0x0001, 0x0001, 0x0002, 0x0002,
0x0002, 0x0002, 0x0002, 0x0002, 0x0003, 0x0002, 0x0001, 0x0002, 0x0003, 0x0003, 0x0003, 0x0003,
0x0002, 0x0002, 0x0002, 0x0003, 0x0002, 0x0004, 0x0003, 0x0003, 0x0003, 0x0002, 0x0002, 0x0002,
0x0002, 0x0002, 0x0002, 0x0002, 0x0003, 0x0002, 0x0001, 0x0002, 0x0002, 0x0001, 0x0002, 0x0001,
0x0002, 0x0002, 0x0002, 0x0003, 0x0001, 0x0001, 0x0002, 0x0002, 0x0001, 0x0001, 0x0001, 0x0001,
0x0001, 0x0001, 0x0001, 0x0001, 0x0000, 0xffff, 0xfffe, 0x0000, 0xffff, 0xfffe, 0xffff, 0xfffe,
0xffff, 0xfffe, 0xfffe, 0xfffe, 0xfffe, 0xfffe, 0xfffe, 0xffff, 0xfffe, 0xfffe, 0xfffe, 0xfffe,
0xfffe, 0xfffd, 0xfffe, 0xfffd, 0xfffe, 0xfffe, 0xfffe, 0xfffd, 0xfffd, 0xfffe, 0xfffe, 0xfffd,
0xfffd, 0xfffe, 0xfffe, 0xfffe, 0xfffe, 0xfffe, 0xfffe, 0xfffe, 0xfffd, 0xfffe, 0xfffe, 0xfffe,
0xfffd, 0xfffe, 0xfffd, 0xfffe, 0xffff, 0xffff, 0xfffe, 0xfffe, 0x0000, 0x0000, 0x0000, 0x0000,
0x0000, 0x0000, 0x0000, 0x0001, 0x0002, 0x0001, 0x0001, 0x0001, 0x0001, 0x0001, 0x0001, 0x0002,
0x0001, 0x0001, 0x0001, 0x0002, 0x0002, 0x0001, 0x0001, 0x0002, 0x0002, 0x0002, 0x0002, 0x0002,
0x0002, 0x0002, 0x0002, 0x0001, 0x0001, 0x0001, 0x0001, 0x0000, 0x0001, 0x0001, 0x0001, 0x0001,
0x0000, 0x0000, 0x0000, 0x0000, 0x0000, 0x0000, 0x0000, 0x0001, 0xffff, 0xfffe, 0xffff, 0x0000,
0xffff, 0xffff, 0x0000, 0x0000, 0xffff, 0xfffe, 0xfffe, 0xfffe, 0xfffe, 0xfffe, 0xfffe, 0xfffe,
0xfffe, 0xfffe, 0xfffe, 0xfffe, 0xfffe, 0xfffe, 0xfffd, 0xfffe, 0xfffe, 0xfffe, 0xfffe, 0xfffe,
0xfffe, 0xffff, 0xfffe, 0xfffe, 0xfffe, 0xfffe, 0xffff, 0xffff, 0xfffe, 0xfffe, 0xfffe, 0x0000,
0x0000, 0x0000, 0x0001, 0x0001, 0x0000, 0x0001, 0x0001, 0x0000, 0x0001, 0x0000, 0x0001, 0x0001,
0x0000, 0x0001, 0x0001, 0x0002, 0x0001, 0x0001, 0x0000, 0x0001, 0x0001, 0x0002, 0x0002, 0x0002,
0x0002, 0x0002, 0x0002, 0x0001, 0x0002, 0x0002, 0x0002, 0x0002, 0x0002, 0x0002, 0x0002, 0x0002,
0x0002, 0x0002, 0x0002, 0x0002, 0x0002, 0x0002, 0x0002, 0x0002, 0x0002, 0x0002, 0x0001, 0x0002,
0x0002, 0x0001, 0x0002, 0x0002, 0x0001, 0x0001, 0x0002, 0x0002, 0x0002, 0x0001, 0x0002, 0x0001,
0x0000, 0x0001, 0x0001, 0x0000, 0x0001, 0x0001, 0x0000, 0x0001, 0x0001, 0x0001, 0xffff, 0xffff,
0xffff, 0xfffe, 0xfffe, 0x0000, 0xffff, 0xfffe, 0xffff, 0xfffe, 0xffff, 0xfffe, 0xfffe, 0xffff,
0xffff, 0xfffe, 0xfffe, 0xfffe, 0xfffe, 0xfffe, 0xfffe, 0xfffd, 0xfffd, 0xfffd, 0xfffe, 0xfffe,
0xfffe, 0xffff, 0xfffe, 0xffff, 0xffff, 0xffff, 0xffff, 0xffff, 0xfffe, 0xffff, 0xffff, 0xffff,
0xffff, 0xffff, 0xffff, 0xfffe, 0x0000, 0x0001, 0xffff, 0xffff, 0xffff, 0xffff, 0xfffe, 0xffff,
0x0001, 0x0001, 0x0001, 0x0001, 0x0000, 0x0000, 0x0001, 0x0000, 0xffff, 0x0000, 0x0001, 0xffff,
0x0000, 0x0001, 0x0001, 0x0000, 0x0001, 0x0002, 0xffff, 0x0000, 0x0002, 0x0000, 0xfffe, 0x0001,
0x0002, 0xffff, 0x0000, 0x0003, 0xffff, 0xffff, 0x0004, 0x0002, 0xfffe, 0x0001, 0x0003, 0xffff,
0xffff, 0x0007, 0x0002, 0xfffa, 0x0004, 0x0006, 0xfffb, 0xffff, 0x0008, 0x0001, 0xfffc, 0x0007,
0x0005, 0xfffb, 0x0001, 0x0007, 0xffff, 0xfffe, 0x0007, 0x0003, 0xfffc, 0x0004, 0x0005, 0xfffe,
0x0000, 0x0005, 0x0003, 0xffff, 0x0004, 0x0004, 0xfffe, 0x0002, 0x0005, 0x0002, 0x0000, 0x0005,
0x0003, 0x0000, 0x0004, 0x0003, 0x0000, 0x0002, 0x0004, 0x0001, 0x0001, 0x0003, 0x0001, 0x0000,
0x0002, 0x0002, 0xffff, 0x0001, 0x0002, 0xffff, 0x0000, 0x0002, 0xffff, 0xfffd, 0xffff, 0x0000,
0xfffd, 0xfffd, 0x0000, 0xffff, 0xfffe, 0xfffe, 0xfffe, 0xfffc, 0xfffd, 0xffff, 0xfffc, 0xfffd,
0xfffe, 0xfffc, 0xfffc, 0xfffd, 0xfffd, 0xfffd, 0xfffe, 0xfffe, 0xfffe, 0xfffe, 0xffff, 0xfffe,
0xfffd, 0xffff, 0xffff, 0xfffc, 0xfffd, 0xffff, 0xfffe, 0xfffd, 0xfffe, 0xffff, 0xfffd, 0xfffd,
0xffff, 0xfffd, 0xfffe, 0xffff, 0xffff, 0xfffe, 0x0000, 0xffff, 0xffff, 0x0001, 0x0001, 0x0000,
0x0001, 0x0000, 0x0000, 0x0001, 0x0001, 0x0000, 0x0000, 0x0001, 0x0000, 0x0000, 0x0001, 0x0000,
0x0000, 0x0001, 0x0001, 0x0000, 0x0000, 0x0001, 0x0001, 0x0001, 0x0001, 0x0001, 0x0000, 0x0001,
0x0002, 0x0001, 0x0000, 0x0002, 0x0001, 0x0000, 0x0001, 0x0002, 0xfffe, 0xffff, 0x0002, 0x0000,
0x0000, 0x0001, 0x0001, 0xfffe, 0x0000, 0x0002, 0xfffd, 0xffff, 0x0002, 0xffff, 0xfffe, 0x0001,
0x0001, 0xfffe, 0x0001, 0x0001, 0xfffe, 0xffff, 0x0002, 0x0000, 0xffff, 0x0001, 0x0000, 0xfffe,
0x0000, 0x0001, 0xffff, 0xffff, 0x0001, 0x0001, 0x0000, 0x0001, 0x0001, 0x0001, 0x0000, 0x0000,
0x0000, 0x0001, 0x0001, 0x0000, 0x0001, 0xffff, 0xfffe, 0x0000, 0x0001, 0xffff, 0xfffe, 0x0001,
0xffff, 0xfffd, 0x0000, 0x0001, 0xfffe, 0xfffe, 0x0001, 0xffff, 0xfffd, 0x0001, 0x0001, 0xfffe,
0x0000, 0x0003, 0xffff, 0xffff, 0x0003, 0x0001, 0xfffd, 0xffff, 0x0001, 0xffff, 0x0000, 0x0001,
0x0001, 0x0000, 0x0000, 0x0000, 0x0000, 0x0001, 0x0000, 0x0001, 0x0001, 0x0000, 0x0001, 0x0001,
0xffff, 0x0000, 0x0001, 0xffff, 0xfffe, 0x0000, 0x0001, 0xffff, 0x0000, 0x0001, 0x0001, 0x0000,
0x0001, 0x0001, 0x0001, 0x0002, 0x0001, 0x0002, 0x0001, 0x0001, 0x0001, 0x0001, 0x0001, 0x0001,
0x0002, 0x0001, 0x0001, 0x0002, 0x0002, 0x0001, 0x0001, 0x0002, 0x0001, 0x0001, 0x0001, 0x0001,
0x0001, 0x0000, 0x0000, 0x0001, 0x0001, 0x0001, 0x0001, 0x0000, 0x0001, 0x0001, 0x0001, 0xffff,
0x0000, 0x0001, 0xffff, 0xffff, 0xffff, 0xfffe, 0x0000, 0x0001, 0xffff, 0x0000, 0x0000, 0x0000,
0xffff, 0xffff, 0xffff, 0xfffe, 0xffff, 0x0000, 0x0000, 0xfffe, 0x0000, 0x0000, 0x0000, 0x0000,
0x0002, 0x0002, 0x0000, 0x0001, 0x0001, 0x0001, 0x0000, 0x0001, 0xffff, 0xfffe, 0x0000, 0x0001,
0xffff, 0x0000, 0x0001, 0xffff, 0xffff, 0xfffe, 0x0000, 0xffff, 0xffff, 0x0000, 0xffff, 0xffff,
0xffff, 0xfffe, 0xffff, 0xffff, 0xffff, 0xfffe, 0xffff, 0xfffe, 0xfffe, 0xfffe, 0xfffe, 0xfffe,
0x0000, 0x0000, 0xffff, 0x0000, 0x0001, 0x0000, 0x0001, 0x0001, 0x0000, 0x0000, 0x0001, 0x0000,
0x0000, 0x0001, 0x0002, 0x0001, 0x0001, 0x0001, 0x0002, 0x0002, 0x0002, 0x0000, 0x0001, 0x0001,
0x0000, 0x0001, 0x0000, 0x0000, 0x0001, 0x0000, 0x0000, 0xffff, 0x0000, 0x0000, 0x0000, 0x0000,
0x0001, 0x0002, 0x0001, 0x0001, 0x0001, 0x0001, 0x0000, 0x0001, 0x0002, 0x0000, 0x0002, 0x0002,
0x0001, 0x0000, 0x0002, 0x0001, 0x0001, 0x0002, 0x0002, 0x0002, 0x0001, 0x0002, 0x0001, 0x0002,
0x0001, 0x0001, 0x0002, 0x0001, 0x0001, 0x0001, 0x0001, 0x0000, 0xffff, 0xfffe, 0xfffe, 0xffff,
0x0000, 0xffff, 0xffff, 0xfffe, 0x0000, 0x0000, 0xfffe, 0xfffe, 0xffff, 0xffff, 0xfffd, 0x0000,
0xffff, 0xffff, 0x0001, 0x0001, 0x0000, 0x0000, 0x0001, 0x0001, 0x0000, 0x0000, 0x0001, 0x0000,
0x0000, 0x0001, 0x0001, 0x0001, 0x0001, 0x0002, 0x0001, 0x0001, 0x0001, 0x0001, 0x0000, 0x0000,
0x0001, 0x0001, 0x0000, 0x0000, 0x0001, 0x0001, 0x0001, 0x0001, 0x0000, 0xfffe, 0x0000, 0x0000,
0x0000, 0x0001, 0x0000, 0x0000, 0x0001, 0x0001, 0x0001, 0x0001, 0x0001, 0x0001, 0x0001, 0xffff,
0x0000, 0x0000, 0x0000, 0x0001, 0x0001, 0x0001, 0x0002, 0x0002, 0x0001, 0x0000, 0x0001, 0x0000,
0xffff, 0xfffe, 0xfffe, 0xfffe, 0xfffd, 0xffff, 0xffff, 0xffff, 0xfffe, 0xffff, 0xffff, 0xfffe,
0x0001, 0x0000, 0xffff, 0x0001, 0x0000, 0x0001, 0x0000, 0x0000, 0x0000, 0x0000, 0x0001, 0x0002,
0x0001, 0x0000, 0x0001, 0x0000, 0xffff, 0xfffe, 0xffff, 0x0000, 0x0000, 0xffff, 0xffff, 0xffff,
0xffff, 0xffff, 0xffff, 0xffff, 0xffff, 0xffff, 0xffff, 0xffff, 0xffff, 0xfffd, 0xfffe, 0xffff,
0xffff, 0xffff, 0xffff, 0xffff, 0xffff, 0x0000, 0xffff, 0x0000, 0xffff, 0x0000, 0x0000, 0x0000,
0x0000, 0x0001, 0x0002, 0x0001, 0x0001, 0x0002, 0x0001, 0xffff, 0xffff, 0x0000, 0xffff, 0x0000,
0x0001, 0x0002, 0x0002, 0x0002, 0x0002, 0x0000, 0xffff, 0xffff, 0x0000, 0x0000, 0x0000, 0x0000,
0x0000, 0xffff, 0xfffe, 0xfffd, 0xfffe, 0xfffd, 0xfffe, 0xffff, 0x0000, 0x0001, 0x0001, 0x0000,
0xfffe, 0xfffd, 0xfffc, 0xfffc, 0xfffe, 0x0000, 0x0002, 0x0004, 0x0004, 0x0002, 0x0001, 0xffff,
0xfffc, 0xfffc, 0xfffc, 0xfffe, 0xffff, 0x0000, 0x0002, 0x0001, 0x0000, 0x0001, 0x0000, 0x0001,
0x0000, 0x0001, 0x0002, 0xfffc, 0x0003, 0xfff7, 0x0002, 0xfff5, 0xffff, 0xfffe, 0xfffc, 0x000b,
0xfff8, 0x000e, 0xfff3, 0x0007, 0xffef, 0xfff6, 0xfff3, 0xffed, 0x0006, 0xffee, 0x001e, 0xfff5,
0x0029, 0xfffd, 0x0017, 0x0003, 0xffef, 0x0012, 0xffc7, 0x0036, 0xffbd, 0x0065, 0xffd4, 0x007e,
0xfff9, 0x0065, 0x000f, 0x0019, 0x0012, 0xffc6, 0x0013, 0xff9f, 0x0025, 0xffbe, 0x003a, 0xfff4,
0x0026, 0x000a, 0xffe7, 0x0006, 0xffa4, 0xffcb, 0xff6b, 0xffd1, 0xffb1, 0xffe0, 0xfffe, 0xffee,
0x001c, 0xffc8, 0x0019, 0xff85, 0xfff7, 0xffc6, 0x0018, 0xffc9, 0xfff1, 0x0024, 0x002a, 0x0068,
0x001f, 0x005a, 0xffef, 0x0064, 0x0039, 0x003e, 0x001e, 0x0063, 0x005d, 0x0046, 0x0064, 0x0041,
0x0049, 0xfffa, 0xffec, 0xffd2, 0xffd5, 0xffe7, 0xffd7, 0xffa9, 0xffa6, 0xfffa, 0xff5e, 0xff33,
0xffaa, 0xff8f, 0xffac, 0xffeb, 0xffe5, 0xff1e, 0xffab, 0xffb0, 0xfff0, 0xffd7, 0xff33, 0xff19,
0xffe9, 0x00e3, 0xff87, 0xff43, 0xff4c, 0x00eb, 0x0115, 0x0058, 0x003d, 0x0020, 0x006e, 0xffce,
0x007e, 0x0166, 0x034b, 0x00de, 0x0038, 0x02e7, 0x047a, 0x020e, 0xfebd, 0xfef4, 0xffa9, 0x013c,
0x02b5, 0x0224, 0xff2a, 0xff91, 0x007f, 0xfe61, 0xfe74, 0xfe25, 0xfc50, 0xfcdb, 0xff58, 0xfe18,
0xfd4e, 0xfdcf, 0xfd73, 0xfcd6, 0xfe8c, 0xffed, 0xfee1, 0xfbf1, 0xfd3b, 0x0142, 0xff40, 0xfd7f,
0x022c, 0x0170, 0xfe18, 0x0375, 0x0534, 0x0157, 0xffa9, 0x0216, 0x029b, 0x0220, 0x00e3, 0x0298,
0x024f, 0x027d, 0x0785, 0x0295, 0xfdef, 0x01ae, 0x02a6, 0xfe0b, 0xff42, 0x00f3, 0xff37, 0x0000,
0x0024, 0x0076, 0xfdea, 0xfed1, 0xff0b, 0xfde8, 0xfbb8, 0xfe66, 0xff85, 0xfdc7, 0xff00, 0xfdf7,
0xfea3, 0xfe73, 0x0046, 0xfdaf, 0xfd8a, 0x006e, 0x0221, 0xffb2, 0xfd79, 0xff87, 0xff9f, 0xfeed,
0x00d6, 0x0244, 0x016b, 0xff8e, 0xfff8, 0x01d5, 0x006f, 0xfed9, 0x0160, 0x0076, 0xfefd, 0x00fa,
0x0353, 0x0143, 0x010c, 0xfe76, 0xffd7, 0x0327, 0x00d8, 0xfe6e, 0x008e, 0x003c, 0x000a, 0x00d9,
0x01d9, 0x017c, 0xff56, 0x015d, 0x0392, 0x005d, 0xfe49, 0x0017, 0x005c, 0xff1f, 0xffa0, 0x0412,
0x02ad, 0xfee8, 0x0371, 0xfff0, 0xfa8d, 0xfcae, 0xffbc, 0xfeaf, 0xff27, 0xff64, 0x011d, 0x0154,
0xfab0, 0xfe5d, 0xff9b, 0xfa2f, 0xfb94, 0xfe37, 0xfda8, 0xfdcf, 0x008c, 0xfe1f, 0xfe8a, 0xff43,
0xfeeb, 0x00f4, 0xffe2, 0x009a, 0xff93, 0x005d, 0x0078, 0xfe37, 0x0073, 0x014e, 0x05bd, 0x031a,
0x038b, 0x03a8, 0x026e, 0xfec2, 0x04a2, 0x05c4, 0xfe3e, 0xfe31, 0xff9b, 0x0213, 0x0472, 0x0495,
0x0218, 0xfe3d, 0xfee7, 0x0285, 0xff8e, 0xfa34, 0xff23, 0x0030, 0xfa7d, 0xfde0, 0xfdc3, 0xffcd,
0xfe4d, 0xfd7f, 0xfc51, 0xfdce, 0xfd03, 0xfc41, 0xfe00, 0xfc11, 0x0105, 0x0101, 0x00d0, 0x03cc,
0x0260, 0x006d, 0x0183, 0x028e, 0xfe38, 0xffea, 0x0404, 0x013e, 0x0062, 0x0425, 0x05ba, 0xff74,
0x02fe, 0xfd54, 0xfdf2, 0xff95, 0xfccd, 0x019e, 0x0452, 0xfc55, 0xff4d, 0xfea8, 0xfc75, 0xfd4d,
0xfc31, 0xfbab, 0x01a5, 0xfe6a, 0xffbf, 0x00b7, 0xfdb0, 0x000a, 0xff49, 0xfff1, 0xffb9, 0x0516,
0x00c2, 0x046f, 0xff44, 0x0535, 0x0266, 0x0289, 0x010b, 0x00fc, 0x026e, 0x008f, 0x0342, 0x0453,
0xfffb, 0x0022, 0xffff, 0x00f4, 0x019f, 0xfc9c, 0xfd77, 0xfea5, 0xfe22, 0xfc49, 0xfee0, 0xfe0a,
0xfdd2, 0xfc9d, 0xfc66, 0xfe04, 0xfd62, 0xfbb4, 0xff6e, 0xfd8f, 0xfe9e, 0x0239, 0x01f5, 0x00cb,
0x00d5, 0xfe5f, 0xffc5, 0xffa3, 0x012e, 0x0142, 0x0208, 0x0078, 0x004f, 0x03d5, 0x0072, 0x040e,
0x01a0, 0x004b, 0x02d1, 0x0843, 0x03b4, 0x04c1, 0x045f, 0xfe4e, 0xff95, 0xfe0d, 0xfbce, 0x00a4,
0xff1d, 0xff03, 0x00ce, 0xfd92, 0x00e5, 0x0126, 0xf9b7, 0xfb7e, 0xf9d4, 0xfa01, 0x002f, 0x01b9,
0x0266, 0x02a0, 0xfd9f, 0x0185, 0xfe3b, 0xf864, 0xfec4, 0x001d, 0xff22, 0x023f, 0x01f9, 0x0365,
0x0413, 0x00a6, 0x0111, 0x015a, 0x00d6, 0xffda, 0xfd04, 0xffd0, 0xffe2, 0xff88, 0xff65, 0xffd6,
0xff75, 0xfe79, 0x0011, 0x00c1, 0x00fb, 0xfd8a, 0xfe10, 0xff24, 0xff0b, 0xfefb, 0xfe2a, 0x021f,
0x01cf, 0x0038, 0x019a, 0xffcb, 0xff11, 0xfff0, 0xff4c, 0x0014, 0x02b7, 0x031e, 0x0368, 0x0176,
0x0111, 0x0110, 0xff2f, 0x010a, 0xffee, 0xfef8, 0x00ec, 0x0160, 0x005b, 0xfff0, 0x0039, 0xfe3e,
0x007c, 0xfd4a, 0xfbbb, 0x00c3, 0xff7e, 0x010b, 0xff39, 0xff9b, 0x01d5, 0xfe94, 0xfe2f, 0xfd07,
0xfced, 0x01d0, 0x0008, 0xfc9f, 0x01a5, 0x0493, 0x0046, 0xfe9a, 0xff15, 0x0291, 0xff73, 0xfcad,
0x029c, 0x012a, 0xff8d, 0x034e, 0x022f, 0xfe09, 0x011c, 0xfe2f, 0x01ee, 0x0074, 0xfd7a, 0x037c,
0x0178, 0x036f, 0x0363, 0xff37, 0xffc6, 0xfef6, 0xfea9, 0xff5a, 0xfdb6, 0xff18, 0x019b, 0xfea4,
0xff14, 0x00ca, 0xfe5c, 0xffd5, 0xfc8c, 0xfbed, 0xffe3, 0xfedc, 0x030e, 0x0174, 0xfe1c, 0x0141,
0x01bf, 0x01fd, 0x0083, 0xfdfd, 0x00da, 0x0197, 0xfea5, 0x007f, 0x001e, 0x015f, 0x0346, 0xff60,
0xff7d, 0x0031, 0x0070, 0xfd24, 0xff98, 0xffb6, 0xfede, 0xfee6, 0x01ab, 0xffbe, 0x000d, 0x015f,
0xfcc7, 0xfb51, 0xfbc0, 0xfca3, 0xff10, 0x02f9, 0xff93, 0x0026, 0x01cf, 0x025c, 0x00a1, 0xfd86,
0xfd4a, 0xff79, 0x013f, 0x01e0, 0x0256, 0x0384, 0x042c, 0x02fb, 0x0027, 0x0011, 0x0003, 0xfcf2,
0xfe42, 0x0114, 0x042d, 0x0137, 0xfd56, 0x024d, 0x04cd, 0xfbf7, 0xfb92, 0x0060, 0xfcdc, 0xf8bc,
0xfec1, 0x056a, 0x005c, 0xfd20, 0x007c, 0x0254, 0xfff2, 0xfecb, 0x002a, 0x0031, 0x015f, 0xfefd,
0xfe84, 0x035f, 0x026f, 0xfed9, 0x009a, 0x03a1, 0x0003, 0xfc9d, 0x0024, 0x0152, 0x0036, 0x00de,
0x019b, 0x007c, 0x004b, 0xff35, 0xfe20, 0xfed8, 0xff6d, 0xfe14, 0xfcb4, 0xffa4, 0xff4c, 0xfdad,
0xff8a, 0xff9c, 0xfddb, 0xfd0d, 0xff84, 0x031f, 0x0097, 0xfe10, 0xff00, 0xfebc, 0xfef2, 0x0064,
0x0268, 0x01a8, 0x01b8, 0x024e, 0x0081, 0xfeeb, 0x0163, 0x00b8, 0xfdf0, 0x01ae, 0x00ed, 0xff23,
0x00cd, 0x0322, 0x0326, 0xfe23, 0xfe0d, 0xfe6b, 0xfe41, 0x0133, 0xff41, 0x0051, 0x031e, 0x00f8,
0xffb1, 0x00e3, 0x0297, 0x0046, 0xfd84, 0xf805, 0x03a2, 0x10f0, 0xfc3b, 0xf38a, 0x08ba, 0x0c65,
0xf538, 0xf6ab, 0x0c0f, 0x033a, 0xf5dc, 0x00bf, 0x0582, 0xfe4a, 0xfe3e, 0x00f5, 0xff8e, 0x0175,
0xff97, 0xfaa1, 0x009d, 0x0052, 0xfcbd, 0xfe80, 0x03a6, 0x0430, 0xfc35, 0xfd9b, 0x01b0, 0xfef6,
0xfc50, 0xff76, 0x03f4, 0x01c4, 0xfe60, 0x0107, 0x02ca, 0x0013, 0xfd93, 0xfff6, 0x00b7, 0xffb0,
0xff79, 0xffc0, 0x0138, 0x0056, 0xfde1, 0xfedc, 0xffb5, 0xfe9c, 0xff80, 0xffac, 0xfe4d, 0xfefc,
0x025d, 0x0045, 0xffb1, 0x009a, 0xff6b, 0xfeb7, 0xfd8e, 0xff1c, 0x01cc, 0x01f6, 0x011d, 0x020e,
0x02ae, 0x0020, 0xfdd8, 0xfec5, 0x0154, 0x0127, 0x004e, 0x00ff, 0x02f1, 0x03c9, 0x0257, 0x0336,
0x03d2, 0x0066, 0xfe3b, 0xff80, 0x0208, 0x024f, 0x011a, 0x0317, 0x0470, 0x01e0, 0x00e2, 0x0229,
0x0330, 0x00fa, 0xff01, 0x0085, 0x00ed, 0xfeeb, 0xff34, 0x0151, 0x0340, 0xffc5, 0xfb32, 0xfcb6,
0xffe9, 0xfefc, 0xfc06, 0xfbc8, 0xfc25, 0xfa9c, 0xfa98, 0xfc76, 0xfc54, 0xfc02, 0xfae9, 0xf9ca,
0xf996, 0xf968, 0xf97d, 0xf9df, 0xfd41, 0xfb40, 0xf8a3, 0xfac7, 0xfbfa, 0xfa12, 0xf8f5, 0xfe78,
0xff58, 0xfbd8, 0xfbf7, 0xfd46, 0xfe21, 0xfce4, 0xfc04, 0xfddc, 0x0023, 0x0173, 0xffdd, 0x0158,
0x02a2, 0x0119, 0x001e, 0x0082, 0x01d3, 0xff60, 0x0356, 0x0680, 0x0339, 0x0269, 0x0418, 0x04ce,
0x02d2, 0x0114, 0x024c, 0x029b, 0x01ac, 0x0477, 0x0748, 0x0632, 0x0602, 0x0353, 0x009f, 0x0373,
0x02df, 0x03d9, 0x0721, 0x0ae4, 0x0c83, 0x0b0e, 0x0c36, 0x0db3, 0x0c00, 0x0b05, 0x0a9f, 0x0905,
0x0ae3, 0x0d8b, 0x0e72, 0x111a, 0x1124, 0x0eb6, 0x0c9c, 0x0af2, 0x0acb, 0x067b, 0x066c, 0x087f,
0x063f, 0x0511, 0x03dd, 0x016c, 0x01a4, 0x0111, 0xfa4e, 0xf4ae, 0xf6a0, 0xf621, 0xef2d, 0xef59,
0xf413, 0xefdc, 0xeb4b, 0xee22, 0xeed7, 0xec7b, 0xec68, 0xea48, 0xe890, 0xea96, 0xe91c, 0xe864,
0xecb3, 0xf20c, 0xf192, 0xed38, 0xed7c, 0xf037, 0xf3ac, 0xf458, 0xf2ea, 0xf216, 0xf624, 0xf92b,
0xf907, 0xfaca, 0xf9dc, 0xf85a, 0xfa25, 0xfca4, 0xfd35, 0xfd99, 0xfc91, 0xfe7e, 0x013e, 0x01f0,
0xff40, 0xfe52, 0x01d1, 0x01bf, 0x019f, 0x0645, 0x04de, 0x01de, 0x028c, 0x0746, 0x0aa3, 0x071c,
0x066a, 0x093d, 0x0989, 0x09ad, 0x0b96, 0x0bcf, 0x0c3e, 0x0b78, 0x0872, 0x0835, 0x0ac8, 0x099b,
0x0a30, 0x08e4, 0x0756, 0x08ff, 0x0baf, 0x1178, 0x1316, 0x108e, 0x0e7d, 0x0d26, 0x0d67, 0x0e0a,
0x0e6e, 0x0d8b, 0x0e39, 0x0f77, 0x11f8, 0x1508, 0x166f, 0x1658, 0x1403, 0x1286, 0x10ca, 0x0ebe,
0x0d9e, 0x0c76, 0x0bd4, 0x0d74, 0x0e89, 0x0c8f, 0x09a4, 0x081d, 0x063c, 0x014b, 0xfe13, 0xfd19,
0xfa71, 0xf80a, 0xf70e, 0xf8e0, 0xf926, 0xf5e7, 0xf342, 0xf14e, 0xeea9, 0xeceb, 0xecba, 0xebec,
0xeb32, 0xeb84, 0xec97, 0xee01, 0xee83, 0xee7f, 0xee3f, 0xee05, 0xede7, 0xecf1, 0xec87, 0xf01b,
0xf563, 0xf7c4, 0xf50d, 0xf0ed, 0xf010, 0xf1a9, 0xf574, 0xf825, 0xf792, 0xf6e1, 0xf62e, 0xf7b0,
0xf918, 0xf6f4, 0xf64d, 0xf7a9, 0xf6d6, 0xf751, 0xf96a, 0xfadf, 0xf98c, 0xf893, 0xfbd8, 0xfd72,
0xfb76, 0xfa76, 0xfad0, 0xfcd3, 0x002a, 0x0204, 0x031b, 0x0192, 0xfccf, 0xfcef, 0x00b4, 0x01f0,
0x0371, 0x030d, 0x032f, 0x02c9, 0x033a, 0x041b, 0x03cd, 0x0369, 0x023f, 0x0374, 0x05aa, 0x072e,
0x0830, 0x0595, 0x0412, 0x045e, 0x0497, 0x046b, 0x025d, 0x021b, 0x0421, 0x08d6, 0x0cef, 0x0c56,
0x0a56, 0x08c0, 0x078a, 0x087d, 0x0927, 0x09b1, 0x098b, 0x09b8, 0x0c86, 0x10d6, 0x14c9, 0x16d8,
0x16ff, 0x15b0, 0x1488, 0x131b, 0x107c, 0x1101, 0x132f, 0x13eb, 0x1535, 0x160e, 0x1592, 0x1378,
0x1240, 0x116d, 0x0e4a, 0x0875, 0x0462, 0x02f6, 0x02d6, 0x03e9, 0x0231, 0xfffb, 0xfd1d, 0xf8c6,
0xf55b, 0xf1da, 0xf00c, 0xef8a, 0xed64, 0xeb59, 0xeb9b, 0xeb7c, 0xebe9, 0xec8e, 0xecc4, 0xee5a,
0xec40, 0xea85, 0xea28, 0xed22, 0xf0df, 0xf071, 0xf244, 0xf445, 0xf546, 0xf60f, 0xf7c7, 0xf9fa,
0xf9c4, 0xf92c, 0xf980, 0xfa67, 0xfb27, 0xfe1b, 0x025d, 0x05c2, 0x0253, 0xfc10, 0xfab2, 0xfb44,
0xfc94, 0xfdf3, 0xfeec, 0xffdb, 0x0076, 0xfe50, 0xfc07, 0xfc00, 0xfcfb, 0xfd90, 0xfc46, 0xfc41,
0xfd89, 0xfe28, 0xffa4, 0x0213, 0x0073, 0xfbca, 0xfcd6, 0xfeaa, 0xff79, 0xfedc, 0xfe5a, 0x0006,
0x013f, 0x0014, 0xfda1, 0xff10, 0xff9a, 0xfe5f, 0xff40, 0xff55, 0xfe14, 0xfbad, 0xfb47, 0xfb2c,
0xfb9a, 0xfe3a, 0xfd52, 0xfc3b, 0xfaca, 0xf9c4, 0x010c, 0x092c, 0x0c69, 0x0e4a, 0x0d11, 0x0b05,
0x0c06, 0x1055, 0x144b, 0x16a4, 0x198a, 0x1da8, 0x21c1, 0x25f3, 0x28a5, 0x2a15, 0x2b68, 0x29e8,
0x25b8, 0x2244, 0x202f, 0x21ab, 0x24be, 0x239b, 0x1f51, 0x19ce, 0x139d, 0x0dd1, 0x089f, 0x03c7,
0xfde2, 0xf762, 0xf284, 0xef5c, 0xed1a, 0xeb7d, 0xe88f, 0xe629, 0xe2fa, 0xdceb, 0xd86a, 0xd79d,
0xdab9, 0xde41, 0xdfd7, 0xe110, 0xe269, 0xe3c3, 0xe659, 0xe8c4, 0xe9cd, 0xea57, 0xec4e, 0xf025,
0xf3cb, 0xf7b5, 0xfb65, 0xfde6, 0x00b8, 0x00be, 0xfd75, 0xfc7a, 0xfed4, 0x0252, 0x04ce, 0x05bf,
0x04f7, 0x0349, 0x024e, 0x0218, 0x00c5, 0xfd6a, 0xfa9b, 0xfad6, 0xfc05, 0xfcc4, 0xfeb5, 0xff51,
0xfd35, 0xfa32, 0xf796, 0xf646, 0xf6d6, 0xfa2c, 0xfd15, 0xfd10, 0xfe62, 0xff08, 0xfd2a, 0xfbc6,
0xfb14, 0xfa3d, 0xfa1f, 0xfa77, 0xfae2, 0xfbba, 0xfdef, 0x011f, 0x0104, 0xff2b, 0xfe9d, 0xfe7f,
0xfcfd, 0xfba5, 0xfbdc, 0xfd0f, 0xfcf7, 0xfb2e, 0xf963, 0xf9ba, 0xfaa3, 0xf93a, 0xf6f6, 0xf419,
0xf415, 0xf5a2, 0xf62c, 0xfc94, 0x0a05, 0x17c2, 0x1e6c, 0x1985, 0x0ed0, 0x0abe, 0x0fcf, 0x1838,
0x1ffa, 0x281f, 0x3205, 0x3a7c, 0x3e24, 0x3c26, 0x38ec, 0x37ee, 0x35f6, 0x3187, 0x2c7b, 0x2a81,
0x2f32, 0x35a7, 0x3676, 0x2eda, 0x202b, 0x10a7, 0x04a2, 0xfbcf, 0xf6ce, 0xf493, 0xf322, 0xf038,
0xe9d4, 0xe19d, 0xd8b1, 0xd082, 0xcaf5, 0xc836, 0xc6a4, 0xc5d1, 0xc755, 0xcd89, 0xd5d2, 0xd9fa,
0xd96b, 0xd799, 0xd74a, 0xdaf7, 0xe234, 0xe9f5, 0xf128, 0xf8ac, 0xfea5, 0x01db, 0x034c, 0x0441,
0x0666, 0x0907, 0x0ad4, 0x0a6b, 0x0b69, 0x0f25, 0x1318, 0x14f6, 0x11d0, 0x0ae4, 0x0609, 0x04cb,
0x039a, 0x026e, 0x019a, 0xff21, 0xfb73, 0xf920, 0xf749, 0xf4c2, 0xf20a, 0xf076, 0xf0a0, 0xf1ea,
0xf277, 0xf294, 0xf32a, 0xf53b, 0xf734, 0xf63e, 0xf48f, 0xf540, 0xf8df, 0xfd04, 0xff3b, 0xff1f,
0xfdb6, 0xfc23, 0xfab6, 0xfaf3, 0xfbb0, 0xfc0c, 0xfe23, 0x00b3, 0x00fe, 0xff16, 0xfc61, 0xf901,
0xf639, 0xf43f, 0xf389, 0xf412, 0xf3d2, 0xf21b, 0xf0d1, 0xf277, 0xf343, 0xf1f5, 0xf522, 0x0050,
0x0e82, 0x167d, 0x13b1, 0x0bc6, 0x0a4f, 0x1230, 0x1c69, 0x249c, 0x2b90, 0x3438, 0x3d19, 0x4162,
0x3f9a, 0x3c1d, 0x3be6, 0x3d73, 0x3c37, 0x3890, 0x3681, 0x3821, 0x39f8, 0x3651, 0x2c55, 0x1ee3,
0x1136, 0x0693, 0xffdd, 0xfb14, 0xf742, 0xf2ad, 0xebf6, 0xe23b, 0xd7b9, 0xceac, 0xc71e, 0xc340,
0xc294, 0xc2bc, 0xc3dd, 0xc683, 0xca71, 0xce9d, 0xd05f, 0xd01c, 0xd14b, 0xd648, 0xe015, 0xeb17,
0xf309, 0xf8be, 0xfd6d, 0x0127, 0x039b, 0x0568, 0x09cd, 0x10d7, 0x1680, 0x18ed, 0x1899, 0x17c3,
0x1804, 0x179c, 0x1472, 0x10ae, 0x0ef0, 0x0f3c, 0x0f95, 0x0ebf, 0x0bf1, 0x06f4, 0x0056, 0xf977,
0xf4ce, 0xf26a, 0xf2d1, 0xf39a, 0xf285, 0xf0bc, 0xef48, 0xee01, 0xed30, 0xec5d, 0xec2a, 0xeccf,
0xee8a, 0xf290, 0xf6b4, 0xf928, 0xf9d2, 0xf8e5, 0xf7ee, 0xf78b, 0xf7bb, 0xf959, 0xfb86, 0xfdfd,
0xfffa, 0xffd0, 0xfe1f, 0xfac5, 0xf796, 0xf5c7, 0xf431, 0xf33c, 0xf121, 0xee7e, 0xecfe, 0xeca2,
0xeda7, 0xed1e, 0xe96d, 0xeace, 0xf6f9, 0x05fa, 0x0dff, 0x0a6a, 0x0129, 0x0122, 0x0c7e, 0x18cb,
0x202f, 0x2566, 0x2ef7, 0x3ae0, 0x412f, 0x3f18, 0x3b4e, 0x3e8e, 0x4609, 0x48ad, 0x4545, 0x40f1,
0x41e2, 0x45ff, 0x42db, 0x35df, 0x2609, 0x19cb, 0x13b4, 0x0f98, 0x0883, 0x00de, 0xf93f, 0xf014,
0xe33f, 0xd3a1, 0xc876, 0xc44d, 0xc537, 0xc665, 0xc2fe, 0xbe1d, 0xbc0b, 0xbd0b, 0xbebb, 0xc04a,
0xc413, 0xcb69, 0xd64c, 0xe1b8, 0xe9db, 0xee71, 0xf2b6, 0xf6c5, 0xfa3c, 0xffa8, 0x0807, 0x13a7,
0x1e59, 0x22c7, 0x2088, 0x1b35, 0x18dc, 0x19c0, 0x1b55, 0x1d94, 0x1dcd, 0x1b70, 0x1864, 0x15a5,
0x11e0, 0x0c83, 0x06b3, 0xffc7, 0xf9b8, 0xf5df, 0xf320, 0xf1fd, 0xf162, 0xefc8, 0xeb30, 0xe4a4,
0xe135, 0xe1a8, 0xe521, 0xe996, 0xec91, 0xed3c, 0xec91, 0xec52, 0xec27, 0xee0d, 0xf2d9, 0xf6c7,
0xf8b3, 0xf966, 0xf9f2, 0xfa92, 0xfb0e, 0xfb4f, 0xfb12, 0xfb3a, 0xfa3f, 0xf7c9, 0xf69e, 0xf6b1,
0xf4f9, 0xf0fb, 0xec1a, 0xe7c4, 0xe7a1, 0xe90d, 0xec58, 0xf85a, 0x048b, 0x0b2c, 0x07c5, 0xf862,
0xefbe, 0xf717, 0x0a81, 0x2163, 0x3011, 0x36e8, 0x37f9, 0x34b1, 0x2f63, 0x2d58, 0x3603, 0x45fe,
0x553a, 0x599f, 0x52f3, 0x4a89, 0x44c9, 0x40fc, 0x39f5, 0x2fd2, 0x2822, 0x25bf, 0x259d, 0x1f41,
0x1245, 0x024b, 0xf28b, 0xe52c, 0xd8ec, 0xd18a, 0xd022, 0xd1fc, 0xd1f9, 0xc988, 0xbbc7, 0xb03c,
0xac8f, 0xb16a, 0xba0c, 0xc33c, 0xcaaa, 0xcf43, 0xd1c0, 0xd43f, 0xd923, 0xe0e4, 0xeb46, 0xf60d,
0x0002, 0x08da, 0x109b, 0x16b7, 0x194c, 0x19a1, 0x19b4, 0x1b38, 0x1f17, 0x242f, 0x289b, 0x2891,
0x2485, 0x1ddd, 0x15b9, 0x114b, 0x111b, 0x133a, 0x13e7, 0x0eb5, 0x0451, 0xf89a, 0xf063, 0xee00,
0xef67, 0xf078, 0xefa2, 0xecb1, 0xe77a, 0xe20c, 0xddf1, 0xddd0, 0xe1f5, 0xe6a3, 0xea76, 0xec5c,
0xedbe, 0xef37, 0xefc1, 0xf022, 0xf0b8, 0xf2bc, 0xf621, 0xf9b6, 0xfc56, 0xfd0a, 0xfc9c, 0xfa8d,
0xf823, 0xf640, 0xf51a, 0xf4f3, 0xf3ed, 0xf1ab, 0xed1b, 0xe977, 0xe791, 0xe760, 0xf1a3, 0x00e3,
0x0ab4, 0x0a25, 0xfc29, 0xef60, 0xf08b, 0xffaf, 0x15e3, 0x270d, 0x3045, 0x30f6, 0x2c3f, 0x26cd,
0x2637, 0x31b9, 0x4388, 0x52a4, 0x563a, 0x4dd8, 0x4583, 0x4228, 0x41b5, 0x3fed, 0x3b68, 0x36db,
0x32dd, 0x2dce, 0x23b0, 0x15d8, 0x07de, 0xfaf0, 0xeffe, 0xe714, 0xe1d7, 0xdf19, 0xdab7, 0xd21a,
0xc40b, 0xb5b4, 0xae5e, 0xaf95, 0xb79c, 0xc0ba, 0xc66e, 0xc654, 0xc1ed, 0xbea6, 0xc180, 0xcd0f,
0xdce4, 0xeae5, 0xf4ff, 0xfa8a, 0xfd34, 0x0000, 0x0522, 0x0d80, 0x17d1, 0x20e1, 0x25be, 0x26e3,
0x2569, 0x23c5, 0x23b1, 0x2390, 0x2349, 0x22b4, 0x20c8, 0x1df8, 0x1b1d, 0x1670, 0x0f4a, 0x06f3,
0xfe5a, 0xf8c2, 0xf6ce, 0xf681, 0xf56b, 0xf299, 0xede9, 0xe69f, 0xdfc8, 0xdb82, 0xdce2, 0xe2f9,
0xe759, 0xea0f, 0xe8ff, 0xe537, 0xe3ef, 0xe48b, 0xe9e9, 0xf1cf, 0xf67b, 0xf7af, 0xf59c, 0xf43d,
0xf4a2, 0xf5cd, 0xf6cb, 0xf86c, 0xfd72, 0x001c, 0xfdb7, 0xf736, 0xefae, 0xee17, 0xeed2, 0xeed3,
0xee93, 0xf024, 0xfab4, 0x066d, 0x09bb, 0x0413, 0xf7a2, 0xf261, 0xf96b, 0x0901, 0x1bfd, 0x29be,
0x2f93, 0x2ba6, 0x23e3, 0x201b, 0x2606, 0x36f0, 0x4850, 0x515f, 0x4dec, 0x4456, 0x3ec1, 0x3d67,
0x3e6f, 0x3ebe, 0x3e04, 0x3baa, 0x353c, 0x2996, 0x1b08, 0x1033, 0x0a3e, 0x055f, 0xfcf5, 0xf22c,
0xe886, 0xe025, 0xd7b7, 0xccb2, 0xc215, 0xbc49, 0xbc51, 0xbf6c, 0xc145, 0xc037, 0xbd4f, 0xb983,
0xb83a, 0xbd21, 0xc801, 0xd589, 0xe038, 0xe635, 0xe87b, 0xe9eb, 0xed51, 0xf454, 0xff95, 0x0c6a,
0x1684, 0x1b25, 0x1ab3, 0x18a8, 0x18fe, 0x1cac, 0x226d, 0x26d9, 0x26bc, 0x2237, 0x1c34, 0x1822,
0x180d, 0x195c, 0x1844, 0x131d, 0x0acc, 0x01fa, 0xfb59, 0xf8a2, 0xf961, 0xfaba, 0xf7d0, 0xf0d8,
0xe92f, 0xe441, 0xe451, 0xe603, 0xe7f8, 0xe928, 0xe7e6, 0xe5ec, 0xe4cd, 0xe659, 0xe9c8, 0xecf9,
0xee19, 0xedba, 0xedbf, 0xee77, 0xefe9, 0xf082, 0xf01f, 0xf0a9, 0xf271, 0xf45e, 0xf615, 0xf503,
0xf022, 0xed4d, 0xeb78, 0xe858, 0xe897, 0xe8fa, 0xefcc, 0x00d6, 0x0c96, 0x0bd8, 0xfcdc, 0xeb03,
0xeb4d, 0xfe3a, 0x1813, 0x2a73, 0x2ec3, 0x29e5, 0x20e6, 0x1a96, 0x1c50, 0x2b81, 0x435d, 0x53ef,
0x538b, 0x43a7, 0x33cd, 0x325c, 0x3c1a, 0x454d, 0x453e, 0x3d93, 0x33ce, 0x2957, 0x1d95, 0x129f,
0x0d37, 0x0c18, 0x07a1, 0xfc67, 0xedf6, 0xe35e, 0xdd0d, 0xd4f1, 0xc96c, 0xc0d0, 0xc161, 0xc709,
0xc82f, 0xc128, 0xb7d9, 0xb45f, 0xb86b, 0xc02e, 0xc8e8, 0xd2ba, 0xdb4a, 0xdf20, 0xdd63, 0xdb24,
0xe176, 0xf168, 0x022f, 0x0cb8, 0x0ef9, 0x0e23, 0x0f35, 0x11be, 0x15b5, 0x1d0b, 0x27a8, 0x2f2c,
0x2dba, 0x2577, 0x1d54, 0x1b0b, 0x1d11, 0x1e9f, 0x20cc, 0x23c7, 0x22b4, 0x192f, 0x0a06, 0xfdeb,
0xfb61, 0x00be, 0x0655, 0x0736, 0x0134, 0xf55d, 0xe96a, 0xe3dc, 0xe731, 0xefdc, 0xf641, 0xf4c5,
0xeb82, 0xe235, 0xdfa6, 0xe45a, 0xec6a, 0xf10e, 0xf0d7, 0xee64, 0xeaa5, 0xe723, 0xe5c1, 0xe852,
0xeed6, 0xf638, 0xf7c5, 0xf1cc, 0xe912, 0xe4d2, 0xe63b, 0xeb1f, 0xf1c6, 0xf364, 0xf238, 0xebe8,
0xe6bc, 0xf532, 0x05cb, 0x0c7e, 0x0454, 0xf3e5, 0xf5de, 0x07a1, 0x19e7, 0x22b7, 0x211a, 0x1ec5,
0x1e5b, 0x245c, 0x2dbd, 0x39fc, 0x44d1, 0x470d, 0x432f, 0x3af3, 0x385e, 0x3fa1, 0x47db, 0x4958,
0x40f3, 0x37a5, 0x3286, 0x2d3d, 0x24c7, 0x1ab0, 0x152b, 0x1254, 0x0a01, 0xfb83, 0xee24, 0xe808,
0xe408, 0xda96, 0xcd74, 0xc572, 0xc624, 0xc82c, 0xc31b, 0xb98b, 0xb410, 0xb56d, 0xba43, 0xbdfe,
0xc25c, 0xc918, 0xcdfa, 0xcdc6, 0xcc2e, 0xd0a2, 0xdeb9, 0xeff7, 0xf9d4, 0xfab2, 0xf93f, 0xfb5a,
0x01f5, 0x09b3, 0x12d8, 0x1c10, 0x221b, 0x222a, 0x1bad, 0x180d, 0x1b64, 0x21c4, 0x2669, 0x23a4,
0x1da9, 0x17a8, 0x1210, 0x11c2, 0x144d, 0x1724, 0x1561, 0x0b49, 0xff43, 0xf8c1, 0xfaae, 0x000a,
0xff9e, 0xf973, 0xf357, 0xf249, 0xf368, 0xf310, 0xf079, 0xed57, 0xeb12, 0xe8a2, 0xe9d9, 0xeef4,
0xf27a, 0xf0a1, 0xe997, 0xe5a3, 0xe846, 0xedd5, 0xf34b, 0xf442, 0xf16e, 0xeccd, 0xe880, 0xe934,
0xed78, 0xf2e6, 0xf687, 0xf524, 0xf0c9, 0xe9f2, 0xe704, 0xe9cb, 0xf14f, 0x0100, 0x0c05, 0x0cdc,
0x0282, 0xf38e, 0xf375, 0x032a, 0x17b7, 0x241d, 0x2451, 0x2201, 0x20da, 0x240c, 0x2777, 0x2ef8,
0x3b81, 0x4520, 0x46c6, 0x3db6, 0x3659, 0x39d7, 0x419e, 0x4510, 0x3e87, 0x37b3, 0x3541, 0x31f8,
0x28e0, 0x1ac8, 0x12d1, 0x11d5, 0x0fd6, 0x06b1, 0xf7d9, 0xeae3, 0xe1e4, 0xd9b7, 0xd320, 0xd123,
0xd2f3, 0xd119, 0xc5fa, 0xb701, 0xb037, 0xb605, 0xc22c, 0xca44, 0xcb45, 0xc82a, 0xc424, 0xc322,
0xc7d4, 0xd3fe, 0xe3db, 0xefba, 0xf227, 0xeea5, 0xec7d, 0xf110, 0xfb63, 0x067e, 0x10c4, 0x1781,
0x1856, 0x147c, 0x1070, 0x1205, 0x17dc, 0x1f47, 0x2414, 0x23d7, 0x1f8c, 0x1766, 0x0ff7, 0x0d1f,
0x1208, 0x199e, 0x1eda, 0x1c7f, 0x10cb, 0x0415, 0xfb53, 0xfc1c, 0x0539, 0x0e2c, 0x1095, 0x06d0,
0xf74f, 0xecf7, 0xedf8, 0xf729, 0xfea3, 0xfe83, 0xf751, 0xeddf, 0xe6d1, 0xe764, 0xede3, 0xf548,
0xf7b5, 0xf270, 0xeb08, 0xe61b, 0xe61c, 0xea37, 0xed4b, 0xef2d, 0xf03b, 0xf0e3, 0xef5a, 0xe937,
0xe3e9, 0xe437, 0xeb99, 0xf42a, 0xf2f4, 0xeca5, 0xe8f6, 0xede0, 0xff42, 0x0afc, 0x09a1, 0xfd4d,
0xf310, 0xfaf3, 0x0e0c, 0x1ef2, 0x2378, 0x1e9a, 0x1aa5, 0x1aae, 0x2149, 0x29d8, 0x362e, 0x407a,
0x4122, 0x39c9, 0x2f82, 0x2f8e, 0x3903, 0x4149, 0x4239, 0x3c69, 0x37cd, 0x321e, 0x2756, 0x1a78,
0x1380, 0x1747, 0x1b97, 0x165e, 0x066b, 0xf37f, 0xe7a0, 0xe2a7, 0xe17c, 0xe287, 0xe17d, 0xdd03,
0xd2b7, 0xc668, 0xc164, 0xc40a, 0xc9d9, 0xcd11, 0xcbc1, 0xcb37, 0xcc26, 0xcc5a, 0xccc6, 0xcf01,
0xd56c, 0xde78, 0xe53e, 0xe90c, 0xeb0f, 0xebed, 0xedc2, 0xf2b7, 0xfb45, 0x04bb, 0x0a68, 0x09e5,
0x0666, 0x0465, 0x07e9, 0x0f19, 0x1595, 0x189b, 0x16ff, 0x13f8, 0x1051, 0x0cda, 0x0d71, 0x11c2,
0x17ac, 0x1915, 0x15dd, 0x112e, 0x0cd0, 0x0ad6, 0x0a16, 0x0bca, 0x0ef0, 0x0eeb, 0x0bb3, 0x05d1,
0x0143, 0x00f0, 0x030d, 0x055a, 0x0457, 0x00af, 0xfc89, 0xf91a, 0xf7ca, 0xf7a6, 0xf7b0, 0xf742,
0xf53b, 0xf346, 0xf1b0, 0xef9b, 0xec61, 0xea0b, 0xe9a6, 0xeb95, 0xec64, 0xe9cb, 0xe613, 0xe42c,
0xe616, 0xea5a, 0xed30, 0xeba3, 0xe910, 0xe9b4, 0xec16, 0xef90, 0xef05, 0xefdc, 0xfa37, 0x070e,
0x0e0c, 0x0675, 0xf941, 0xf9bb, 0x0ad7, 0x1f8e, 0x26f4, 0x210a, 0x1af2, 0x1e6e, 0x277a, 0x2c77,
0x2ef9, 0x31e3, 0x35a7, 0x36a7, 0x3300, 0x3206, 0x356f, 0x376d, 0x33cd, 0x2c47, 0x28b2, 0x2972,
0x2736, 0x1de1, 0x1276, 0x0cec, 0x0d1f, 0x0c7c, 0x0485, 0xf80f, 0xef4e, 0xeb47, 0xeabe, 0xe92d,
0xe5ad, 0xe279, 0xdc27, 0xd38a, 0xcc08, 0xcb20, 0xd29f, 0xda45, 0xdb84, 0xd554, 0xce2e, 0xcbd4,
0xce7f, 0xd4bb, 0xdc0d, 0xe31b, 0xe71e, 0xe606, 0xe253, 0xe062, 0xe40d, 0xece2, 0xf6e3, 0xfda7,
0xff1c, 0xfd0a, 0xfa81, 0xfb26, 0xffcb, 0x06a9, 0x0e58, 0x1337, 0x12f3, 0x0f14, 0x0bbe, 0x0de5,
0x1557, 0x1b13, 0x1b4c, 0x17a5, 0x142d, 0x15cb, 0x18c5, 0x195d, 0x18de, 0x17b1, 0x1706, 0x153a,
0x119c, 0x0f3b, 0x0f61, 0x0f50, 0x0cc5, 0x0923, 0x0574, 0x02fb, 0xff65, 0xfb20, 0xf988, 0xf9b5,
0xf92c, 0xf4f7, 0xee16, 0xe986, 0xe8c6, 0xeab6, 0xec38, 0xeb3a, 0xe706, 0xe17c, 0xde82, 0xe0e4,
0xe78f, 0xec7b, 0xebb7, 0xe751, 0xe464, 0xe6ae, 0xebf6, 0xf112, 0xf3b1, 0xf453, 0xf43e, 0xf401,
0xf4cc, 0xf76f, 0x0027, 0x0c89, 0x1425, 0x108e, 0x0398, 0xfd57, 0x06ec, 0x195c, 0x2531, 0x220f,
0x19c0, 0x182a, 0x1d6c, 0x20c8, 0x202d, 0x22a3, 0x2b74, 0x32be, 0x2de9, 0x2208, 0x1d3a, 0x23db,
0x2cd5, 0x2db4, 0x28cb, 0x2596, 0x2358, 0x1c6c, 0x126f, 0x0f51, 0x15ef, 0x1bd5, 0x1530, 0x04cc,
0xf89c, 0xf6a2, 0xf952, 0xf8ba, 0xf453, 0xefb3, 0xe9db, 0xe121, 0xd87f, 0xd64d, 0xda84, 0xdda5,
0xda45, 0xd1ea, 0xcc2c, 0xcbf5, 0xcef4, 0xd2bd, 0xd56c, 0xd739, 0xd727, 0xd4d3, 0xd38e, 0xd5d3,
0xdced, 0xe63e, 0xecf5, 0xef0a, 0xeccf, 0xeae4, 0xee24, 0xf6f5, 0x0277, 0x0ab7, 0x0d34, 0x0bf2,
0x0a47, 0x0b82, 0x10c3, 0x185b, 0x1f49, 0x223e, 0x20a5, 0x1d64, 0x1b4d, 0x1b22, 0x1c73, 0x1ea2,
0x20dc, 0x2117, 0x1ddf, 0x17ef, 0x1268, 0x0f69, 0x0ea7, 0x0f02, 0x0ed0, 0x0c85, 0x070e, 0xff99,
0xf9b1, 0xf7b9, 0xf8f0, 0xf93d, 0xf768, 0xf420, 0xf028, 0xec73, 0xe9a3, 0xea4b, 0xedb5, 0xef70,
0xece1, 0xe76a, 0xe599, 0xe9af, 0xefc7, 0xf255, 0xefee, 0xeca8, 0xec64, 0xeefe, 0xf27c, 0xf5d7,
0xf8e0, 0xfa9e, 0xf9a0, 0xf57d, 0xf31c, 0xf69d, 0xfec4, 0x0518, 0x0321, 0xfd1e, 0xfd87, 0x0717,
0x1066, 0x0d6c, 0x0180, 0xfca5, 0x07ab, 0x181c, 0x1c1b, 0x11fc, 0x0908, 0x0dda, 0x1a47, 0x2066,
0x1efa, 0x1ece, 0x231b, 0x2530, 0x20a8, 0x1d9d, 0x23b8, 0x2d1b, 0x2e65, 0x26b7, 0x1fca, 0x205c,
0x22a0, 0x1fa8, 0x19b8, 0x171c, 0x16f1, 0x12c6, 0x08d0, 0x0042, 0xff41, 0x01c5, 0xff7d, 0xf649,
0xeb54, 0xe564, 0xe3e7, 0xe2ac, 0xdfc7, 0xdc30, 0xd9a0, 0xd759, 0xd3df, 0xcfe0, 0xcdf4, 0xcf95,
0xd394, 0xd6db, 0xd7a6, 0xd708, 0xd6f7, 0xd8ba, 0xdc66, 0xe159, 0xe795, 0xed66, 0xf109, 0xf1eb,
0xf2f7, 0xf74d, 0xfd67, 0x0233, 0x0467, 0x06ad, 0x0b76, 0x0f4f, 0x0fa6, 0x0de1, 0x0f01, 0x146f,
0x1952, 0x19fa, 0x1732, 0x14d9, 0x14fd, 0x15f7, 0x16c6, 0x16cb, 0x15bc, 0x130c, 0x0f79, 0x0dbd,
0x0eb1, 0x100e, 0x0e97, 0x09db, 0x0575, 0x0407, 0x04d5, 0x0495, 0x0213, 0xff0d, 0xfd2d, 0xfc65,
0xfb08, 0xf913, 0xf7a7, 0xf772, 0xf7a2, 0xf661, 0xf3f8, 0xf1ed, 0xf146, 0xf1d2, 0xf263, 0xf271,
0xf1bd, 0xf01d, 0xeeb9, 0xeeed, 0xf0ef, 0xf35e, 0xf452, 0xf402, 0xf3c2, 0xf455, 0xf5ca, 0xf7e3,
0xfae8, 0xfdee, 0xff74, 0xfdb7, 0xfa75, 0xfa09, 0xfe77, 0x047f, 0x06a9, 0x05bc, 0x073b, 0x0c5b,
0x0ee0, 0x08b5, 0x002d, 0x0199, 0x0f1a, 0x1b6d, 0x1929, 0x0c78, 0x053a, 0x0b3b, 0x1619, 0x1a36,
0x185a, 0x1807, 0x1af9, 0x1b10, 0x15fb, 0x128a, 0x1667, 0x1e15, 0x21a0, 0x1e9c, 0x19c9, 0x162b,
0x12f3, 0x0f82, 0x0ef4, 0x12fc, 0x168e, 0x1307, 0x07de, 0xfc89, 0xf892, 0xfbae, 0xffe3, 0xff43,
0xf91b, 0xf052, 0xe88c, 0xe45b, 0xe3e5, 0xe5aa, 0xe712, 0xe60f, 0xe268, 0xddb6, 0xda46, 0xd98c,
0xdb93, 0xdef0, 0xe1ee, 0xe387, 0xe359, 0xe241, 0xe178, 0xe2ac, 0xe72f, 0xedee, 0xf30f, 0xf3cb,
0xf17f, 0xf110, 0xf5ac, 0xfd04, 0x02ab, 0x04de, 0x0549, 0x05cb, 0x061e, 0x06df, 0x09e7, 0x0f7e,
0x14a6, 0x1514, 0x10d0, 0x0ca8, 0x0d12, 0x1155, 0x14fb, 0x1547, 0x1315, 0x1023, 0x0ce2, 0x09db,
0x08df, 0x0ab1, 0x0cf7, 0x0bd3, 0x06c5, 0x0196, 0xffc6, 0x002f, 0xffb5, 0xfdae, 0xfc74, 0xfcef,
0xfca1, 0xf947, 0xf4f3, 0xf3e4, 0xf735, 0xfaae, 0xfa59, 0xf71a, 0xf4a7, 0xf4f0, 0xf749, 0xfa01,
0xfc21, 0xfd26, 0xfc4d, 0xfa32, 0xf92c, 0xfacd, 0xfea9, 0x0230, 0x0357, 0x01e8, 0xfec1, 0xfbeb,
0xfb9b, 0xfe9e, 0x02b6, 0x0449, 0x01e8, 0xfdd4, 0xfb09, 0xf9e4, 0xf96f, 0xf99f, 0xfab5, 0xfba7,
0xfafc, 0xfa47, 0xfbf4, 0xfef9, 0xfe3c, 0xf843, 0xf3f7, 0xf902, 0x04af, 0x0b92, 0x0799, 0x0071,
0x0131, 0x0a88, 0x12fc, 0x148c, 0x136d, 0x158a, 0x19e0, 0x1bcf, 0x1b8a, 0x1d3a, 0x2144, 0x2366,
0x21c5, 0x1fe6, 0x20a9, 0x2120, 0x1dc8, 0x18b3, 0x16cc, 0x17e1, 0x16b1, 0x103f, 0x07c8, 0x023f,
0x0071, 0xff5a, 0xfc7a, 0xf791, 0xf1a2, 0xeb9f, 0xe709, 0xe4bc, 0xe408, 0xe31f, 0xe124, 0xdeed,
0xdd7a, 0xdcae, 0xdc1e, 0xdc16, 0xdd36, 0xdf21, 0xe0dd, 0xe21b, 0xe380, 0xe5a9, 0xe832, 0xe9f1,
0xeac5, 0xec11, 0xef31, 0xf33d, 0xf588, 0xf57a, 0xf5d6, 0xf8f1, 0xfd2b, 0xfec5, 0xfd66, 0xfd14,
0x0067, 0x04d9, 0x0637, 0x04a4, 0x03d9, 0x05c3, 0x087e, 0x0a37, 0x0af4, 0x0b38, 0x0aa1, 0x097f,
0x09b4, 0x0c3e, 0x0ed5, 0x0edc, 0x0cb8, 0x0b5b, 0x0bf0, 0x0cd0, 0x0c6c, 0x0b86, 0x0b6c, 0x0b4c,
0x09d4, 0x07af, 0x06bb, 0x073d, 0x0799, 0x0675, 0x046b, 0x02e6, 0x026c, 0x0209, 0x00c2, 0xfec7,
0xfd76, 0xfd88, 0xfe1b, 0xfda5, 0xfbe3, 0xfa3f, 0xf9d2, 0xfa5f, 0xfae3, 0xfaca, 0xfa0e, 0xf8f6,
0xf839, 0xf853, 0xf8a8, 0xf8b1, 0xf8cf, 0xf9b4, 0xfa60, 0xf970, 0xf7ac, 0xf7ac, 0xfa00, 0xfbe4,
0xfb5a, 0xf9d9, 0xf9bc, 0xfaf0, 0xfb25, 0xf9f1, 0xf968, 0xfa41, 0xfa9e, 0xfa11, 0xfbd2, 0x01a0,
0x0673, 0x02d2, 0xf82e, 0xf253, 0xfa2f, 0x0970, 0x105e, 0x0943, 0xff18, 0xff32, 0x08f5, 0x10e2,
0x1134, 0x0f80, 0x1255, 0x1743, 0x1836, 0x15b0, 0x15cb, 0x1aa4, 0x1f82, 0x203e, 0x1e5a, 0x1d24,
0x1c49, 0x1984, 0x162e, 0x15e3, 0x1885, 0x18cb, 0x12ef, 0x0a23, 0x04ae, 0x0473, 0x0586, 0x036a,
0xfe17, 0xf85b, 0xf3b2, 0xefa8, 0xebd2, 0xe960, 0xe8fb, 0xe925, 0xe740, 0xe2b9, 0xde01, 0xdbfd,
0xdd11, 0xdeea, 0xdfb2, 0xdf81, 0xdf7b, 0xdfc5, 0xdfd9, 0xe01f, 0xe200, 0xe5cc, 0xe9c7, 0xebc4,
0xebbb, 0xebba, 0xed94, 0xf158, 0xf58f, 0xf8d4, 0xface, 0xfbf4, 0xfd38, 0xff49, 0x0257, 0x0592,
0x0807, 0x0949, 0x09d9, 0x0ab2, 0x0c90, 0x0f63, 0x1205, 0x1342, 0x12ad, 0x116e, 0x114e, 0x12cd,
0x14aa, 0x1522, 0x1455, 0x1374, 0x12fe, 0x1201, 0x0fd4, 0x0d97, 0x0d02, 0x0e21, 0x0f0a, 0x0e2c,
0x0b79, 0x0823, 0x053b, 0x03ab, 0x03c0, 0x04eb, 0x0551, 0x0326, 0xfe72, 0xfa09, 0xf8e7, 0xfb2c,
0xfd58, 0xfc06, 0xf7cc, 0xf43c, 0xf3ab, 0xf514, 0xf608, 0xf5b2, 0xf510, 0xf4b7, 0xf466, 0xf3c7,
0xf325, 0xf39a, 0xf5cd, 0xf880, 0xf95e, 0xf7b0, 0xf5e5, 0xf6fa, 0xfa50, 0xfc5b, 0xfbda, 0xfb2e,
0xfc91, 0xfe5c, 0xfdf6, 0xfc89, 0xfd52, 0x006a, 0x01ca, 0xff99, 0xfc4b, 0xfbd7, 0xfdc0, 0xff77,
0x008f, 0x02fb, 0x05af, 0x0429, 0xfd24, 0xf77b, 0xfb25, 0x062d, 0x0dd9, 0x0b8a, 0x03f0, 0x00c0,
0x0496, 0x0aa1, 0x0e9b, 0x115b, 0x1455, 0x15a1, 0x133b, 0x0fc6, 0x107c, 0x1679, 0x1d34, 0x1fa6,
0x1cf1, 0x17fe, 0x13df, 0x124f, 0x13b6, 0x16af, 0x1848, 0x1576, 0x0e4b, 0x062f, 0x015d, 0x00e1,
0x0256, 0x0218, 0xfe83, 0xf871, 0xf1e8, 0xec69, 0xe8f6, 0xe830, 0xe9c0, 0xeb3c, 0xe967, 0xe384,
0xdcef, 0xda34, 0xdce3, 0xe211, 0xe597, 0xe599, 0xe32d, 0xe0ca, 0xe0a3, 0xe37d, 0xe881, 0xed81,
0xf078, 0xf0e8, 0xf047, 0xf0bf, 0xf3a7, 0xf892, 0xfdd8, 0x01c4, 0x0369, 0x033f, 0x02b8, 0x039e,
0x0704, 0x0bef, 0x0fe7, 0x10f6, 0x0f94, 0x0e03, 0x0e4f, 0x1066, 0x12f3, 0x14ac, 0x14fd, 0x13f5,
0x1235, 0x10a5, 0x1045, 0x1106, 0x1257, 0x1303, 0x11f6, 0x0eba, 0x0aee, 0x08cc, 0x0982, 0x0b53,
0x0bb7, 0x0994, 0x05e6, 0x0224, 0xffb8, 0xff51, 0x0072, 0x011d, 0xff76, 0xfb9f, 0xf781, 0xf4fe,
0xf4b2, 0xf5d6, 0xf6a9, 0xf5d9, 0xf398, 0xf158, 0xf00b, 0xefcb, 0xf05b, 0xf1cf, 0xf3b6, 0xf4dd,
0xf44a, 0xf2b1, 0xf202, 0xf386, 0xf6c6, 0xfa16, 0xfbdf, 0xfbed, 0xfb8b, 0xfc54, 0xfe69, 0x00c5,
0x02bc, 0x0471, 0x0575, 0x052e, 0x0433, 0x046d, 0x0661, 0x082b, 0x0835, 0x073f, 0x0693, 0x05a7,
0x0422, 0x02fe, 0x035f, 0x0410, 0x02f1, 0x000b, 0xfdaa, 0xfcfb, 0xfd14, 0xfc0c, 0xfae7, 0xfbb7,
0xfeba, 0x0007, 0xfc7d, 0xf6b8, 0xf595, 0xfbe6, 0x03ee, 0x061b, 0x0251, 0xff0f, 0x00e6, 0x0560,
0x08c3, 0x0b1e, 0x0e14, 0x108b, 0x1063, 0x0eca, 0x0f07, 0x11ec, 0x151c, 0x1696, 0x16c7, 0x1624,
0x146e, 0x11b5, 0x0f9c, 0x0f7e, 0x1095, 0x1096, 0x0dee, 0x08ea, 0x03c3, 0x0092, 0x0002, 0x0090,
0x001c, 0xfd59, 0xf880, 0xf348, 0xefe7, 0xef83, 0xf0fc, 0xf1c8, 0xf088, 0xedfb, 0xebac, 0xea25,
0xe96b, 0xe9f7, 0xec0c, 0xeea9, 0xefe7, 0xef31, 0xede5, 0xedb9, 0xef3c, 0xf1b4, 0xf445, 0xf638,
0xf6fe, 0xf6bd, 0xf69d, 0xf7dd, 0xfa80, 0xfd45, 0xfebe, 0xfed9, 0xfec4, 0xff69, 0x00b6, 0x020f,
0x0338, 0x047c, 0x05ad, 0x0646, 0x062c, 0x062d, 0x0709, 0x08a5, 0x09e0, 0x0a06, 0x096f, 0x0933,
0x09cc, 0x0ab5, 0x0ad1, 0x0a20, 0x0961, 0x0959, 0x09a5, 0x0956, 0x07f1, 0x066b, 0x0595, 0x058c,
0x0544, 0x0406, 0x01f7, 0x0033, 0xff4c, 0xff08, 0xfe64, 0xfceb, 0xfb0f, 0xf9df, 0xf98d, 0xf99f,
0xf92d, 0xf820, 0xf6e2, 0xf5ff, 0xf5d5, 0xf65d, 0xf70a, 0xf768, 0xf75d, 0xf794, 0xf873, 0xf986,
0xfa06, 0xf9fb, 0xfa9d, 0xfcb8, 0xff8c, 0x0147, 0x0133, 0x0093, 0x011d, 0x0313, 0x0539, 0x0661,
0x06e4, 0x0765, 0x0804, 0x0831, 0x0825, 0x087c, 0x094c, 0x09c5, 0x0952, 0x085f, 0x079e, 0x0714,
0x068c, 0x05da, 0x0537, 0x0462, 0x0303, 0x0113, 0xff06, 0xfdc3, 0xfd94, 0xfdef, 0xfd4d, 0xfaf4,
0xf831, 0xf6fa, 0xf76f, 0xf771, 0xf610, 0xf5bf, 0xf8b1, 0xfc3e, 0xfac7, 0xf46a, 0xf0ea, 0xf648,
0xffd0, 0x034a, 0xfe5d, 0xf96b, 0xfbe4, 0x02d9, 0x0661, 0x0548, 0x053c, 0x093b, 0x0d48, 0x0d63,
0x0b9c, 0x0c71, 0x1016, 0x12e8, 0x12f2, 0x11d9, 0x1150, 0x10ea, 0x0ff9, 0x0f5d, 0x1001, 0x10be,
0x0f3e, 0x0b20, 0x06ef, 0x0574, 0x0671, 0x06c0, 0x041f, 0xffec, 0xfd22, 0xfc42, 0xfb02, 0xf80f,
0xf529, 0xf466, 0xf4fb, 0xf45c, 0xf1e7, 0xef5e, 0xee30, 0xee1d, 0xee7c, 0xef2d, 0xefbb, 0xef34,
0xedd0, 0xed33, 0xee57, 0xf041, 0xf16c, 0xf1d0, 0xf228, 0xf2be, 0xf385, 0xf4b4, 0xf663, 0xf7ca,
0xf8a6, 0xf99a, 0xfb31, 0xfccc, 0xfd8d, 0xfe1f, 0xffcd, 0x0242, 0x0405, 0x0462, 0x04a5, 0x05e1,
0x077b, 0x086d, 0x0902, 0x09f0, 0x0b28, 0x0bc9, 0x0b7b, 0x0ae7, 0x0ad8, 0x0b8f, 0x0ca4, 0x0cd8,
0x0b87, 0x0966, 0x084c, 0x08da, 0x09af, 0x08d5, 0x0659, 0x0433, 0x03a3, 0x03c7, 0x031e, 0x015a,
0xffb6, 0xfe94, 0xfd78, 0xfc21, 0xfb1f, 0xfafe, 0xfb36, 0xfabd, 0xf975, 0xf84b, 0xf829, 0xf8bf,
0xf90b, 0xf8d7, 0xf910, 0xfa35, 0xfb5a, 0xfb4f, 0xfa64, 0xfa40, 0xfbd3, 0xfe1a, 0xff6f, 0xff8f,
0xff96, 0x005c, 0x017f, 0x023f, 0x029d, 0x0356, 0x04cf, 0x065e, 0x06ec, 0x0648, 0x057e, 0x05a0,
0x0690, 0x0797, 0x082f, 0x0842, 0x077d, 0x05af, 0x041b, 0x0449, 0x060b, 0x0718, 0x05df, 0x0367,
0x01aa, 0x0161, 0x01ca, 0x01ed, 0x0188, 0x007a, 0xff1f, 0xfdfc, 0xfd4e, 0xfc9a, 0xfb92, 0xfaab,
0xfa76, 0xfa7b, 0xf9db, 0xf86f, 0xf6e4, 0xf5cb, 0xf54d, 0xf551, 0xf5b3, 0xf5b3, 0xf536, 0xf4f3,
0xf5be, 0xf6bb, 0xf66d, 0xf573, 0xf632, 0xf94d, 0xfc53, 0xfce9, 0xfc6d, 0xfd85, 0x0084, 0x031a,
0x0438, 0x0554, 0x07ab, 0x0a9b, 0x0ccc, 0x0e3e, 0x0f54, 0x100c, 0x10da, 0x127d, 0x149e, 0x158d,
0x14bc, 0x13e1, 0x143a, 0x14ba, 0x1398, 0x114e, 0x0fbf, 0x0f3b, 0x0e3f, 0x0c19, 0x09a5, 0x077e,
0x052a, 0x02b0, 0x00a8, 0xfeee, 0xfc85, 0xf957, 0xf6cb, 0xf5ab, 0xf4ee, 0xf344, 0xf0b5, 0xee60,
0xece6, 0xec33, 0xebfa, 0xebcb, 0xeb48, 0xea70, 0xe9d8, 0xea04, 0xea83, 0xeadb, 0xeb3b, 0xec4a,
0xedd3, 0xef0f, 0xefd9, 0xf08e, 0xf1ab, 0xf351, 0xf58b, 0xf807, 0xfa07, 0xfb0a, 0xfb88, 0xfcb0,
0xfefe, 0x01cd, 0x0401, 0x0535, 0x05e9, 0x06a9, 0x07d0, 0x0949, 0x0adb, 0x0c13, 0x0cdf, 0x0d5d,
0x0db3, 0x0dbf, 0x0d9d, 0x0dc3, 0x0e6a, 0x0f0f, 0x0f03, 0x0e1a, 0x0cf0, 0x0c16, 0x0b8e, 0x0b1a,
0x0abd, 0x0a5e, 0x09a5, 0x0861, 0x06dc, 0x05a7, 0x04f7, 0x0479, 0x03c7, 0x02cd, 0x01b7, 0x00bc,
0xffe3, 0xff12, 0xfe50, 0xfdad, 0xfd30, 0xfcba, 0xfc21, 0xfb83, 0xfb28, 0xfb03, 0xfae0, 0xfaa9,
0xfa7f, 0xfa82, 0xfa97, 0xfa9b, 0xfab0, 0xfaf8, 0xfb62, 0xfbbd, 0xfbfd, 0xfc50, 0xfcf9, 0xfde1,
0xfe96, 0xfeb8, 0xfe88, 0xfec6, 0xffde, 0x0147, 0x021b, 0x0209, 0x019d, 0x01a7, 0x0250, 0x02fd,
0x0338, 0x033e, 0x0389, 0x0416, 0x043c, 0x038d, 0x029c, 0x026b, 0x0342, 0x044c, 0x0479, 0x0392,
0x0269, 0x01da, 0x0201, 0x0250, 0x0259, 0x0236, 0x0220, 0x01f6, 0x016d, 0x007b, 0xffb0, 0xffa7,
0x004f, 0x00e6, 0x00ad, 0xff9e, 0xfe76, 0xfdfd, 0xfe5d, 0xff08, 0xff50, 0xfee7, 0xfe16, 0xfd70,
0xfd71, 0xfdfc, 0xfe4c, 0xfde3, 0xfd2d, 0xfcf3, 0xfd3e, 0xfd3a, 0xfca4, 0xfc48, 0xfcd7, 0xfda5,
0xfd6c, 0xfc39, 0xfb37, 0xfb68, 0xfcdf, 0xfec4, 0xfff0, 0xff23, 0xfc9f, 0xfb09, 0xfccc, 0x00d4,
0x033a, 0x0211, 0xffc1, 0xffb0, 0x01df, 0x0383, 0x0389, 0x03a2, 0x054b, 0x0747, 0x0760, 0x05f2,
0x0537, 0x063c, 0x07f1, 0x08d4, 0x08ca, 0x0849, 0x074a, 0x05e1, 0x04eb, 0x052f, 0x0608, 0x05f3,
0x042b, 0x019c, 0xfff3, 0xffb0, 0xffe0, 0xff49, 0xfdd1, 0xfc64, 0xfb5f, 0xfa5a, 0xf939, 0xf888,
0xf8a4, 0xf8dc, 0xf844, 0xf70d, 0xf628, 0xf5fd, 0xf621, 0xf643, 0xf697, 0xf72d, 0xf77c, 0xf70e,
0xf64d, 0xf637, 0xf73f, 0xf8e3, 0xfa2c, 0xfa7a, 0xfa15, 0xf9d9, 0xfa56, 0xfb6d, 0xfcae, 0xfdd6,
0xfec8, 0xff51, 0xff61, 0xff73, 0x001f, 0x0159, 0x0287, 0x034f, 0x03d0, 0x042a, 0x0449, 0x0453,
0x04c6, 0x05cc, 0x06d1, 0x071c, 0x06a3, 0x060c, 0x05f3, 0x065c, 0x06de, 0x070e, 0x06ad, 0x05d7,
0x050b, 0x04c3, 0x04dc, 0x04b3, 0x0400, 0x0338, 0x02c8, 0x025e, 0x016a, 0x001d, 0xff60, 0xffa4,
0x0021, 0xffac, 0xfe33, 0xfcce, 0xfc68, 0xfccc, 0xfd2a, 0xfd27, 0xfcff, 0xfce4, 0xfcc6, 0xfca9,
0xfcc6, 0xfd44, 0xfdef, 0xfe61, 0xfe84, 0xfea7, 0xff0b, 0xff94, 0xffe2, 0xffee, 0x001f, 0x00a6,
0x013d, 0x017c, 0x0187, 0x01a9, 0x01d4, 0x01cf, 0x01a2, 0x01de, 0x028a, 0x0301, 0x02b7, 0x01f2,
0x01aa, 0x021c, 0x02a2, 0x027a, 0x01d7, 0x0190, 0x01e7, 0x0242, 0x01e7, 0x0114, 0x00a1, 0x00d9,
0x0145, 0x0132, 0x00b7, 0x0059, 0x004a, 0x0041, 0x0003, 0xffc5, 0xffdc, 0x0039, 0x0067, 0x001a,
0xff8a, 0xff39, 0xff60, 0xffb5, 0xfff0, 0x0009, 0x0013, 0xffdf, 0xff64, 0xff0a, 0xff40, 0xffe2,
0x004f, 0x0010, 0xff6c, 0xff11, 0xff33, 0xff7b, 0xffa1, 0xffa0, 0xff95, 0xff78, 0xff33, 0xfefc,
0xfeff, 0xff36, 0xff75, 0xff98, 0xff71, 0xff14, 0xfeaf, 0xfea4, 0xff24, 0xffd1, 0x0019, 0xffc1,
0xff2a, 0xfef5, 0xff37, 0xff9a, 0xffe7, 0x0039, 0x0077, 0x0057, 0xffc0, 0xff33, 0xff49, 0xffe0,
0x0058, 0x0054, 0xffcd, 0xff20, 0xfe92, 0xfe5d, 0xfe9d, 0xff07, 0xfef8, 0xfe45, 0xfd70, 0xfd0b,
0xfd0a, 0xfcf4, 0xfc9a, 0xfc88, 0xfd00, 0xfd82, 0xfd55, 0xfc4c, 0xfb44, 0xfb5d, 0xfcd1, 0xfeb3,
0xffa0, 0xff0c, 0xfdce, 0xfd87, 0xfef7, 0x013c, 0x02d7, 0x0331, 0x0306, 0x0349, 0x040c, 0x04e7,
0x05ad, 0x069c, 0x07b2, 0x0866, 0x0842, 0x0786, 0x06f5, 0x0712, 0x07b5, 0x083d, 0x080a, 0x06f7,
0x0574, 0x0424, 0x036c, 0x0328, 0x02e0, 0x022c, 0x00f7, 0xff76, 0xfdfa, 0xfcd2, 0xfc1f, 0xfbb8,
0xfb50, 0xfab1, 0xf9cb, 0xf8b9, 0xf7bd, 0xf73a, 0xf744, 0xf788, 0xf790, 0xf745, 0xf6f4, 0xf6dc,
0xf6f4, 0xf728, 0xf79f, 0xf85c, 0xf905, 0xf926, 0xf8e5, 0xf8fd, 0xf9d9, 0xfb1b, 0xfc1d, 0xfc85,
0xfca5, 0xfce5, 0xfd69, 0xfe1a, 0xfeed, 0xffdd, 0x00c8, 0x016b, 0x0196, 0x018e, 0x01da, 0x02c0,
0x03fa, 0x04d3, 0x0501, 0x04e3, 0x0502, 0x0579, 0x05fa, 0x0659, 0x06ab, 0x06f5, 0x070f, 0x06ce,
0x067c, 0x0659, 0x0650, 0x0634, 0x0607, 0x05de, 0x0592, 0x04d1, 0x03bf, 0x02fd, 0x02e1, 0x0300,
0x02be, 0x01f1, 0x00ea, 0x0018, 0xff90, 0xff5d, 0xff66, 0xff62, 0xff07, 0xfe59, 0xfdae, 0xfd67,
0xfd8f, 0xfde9, 0xfe37, 0xfe55, 0xfe22, 0xfdc6, 0xfdb2, 0xfe36, 0xfef5, 0xff62, 0xff68, 0xff80,
0xfff0, 0x006b, 0x00a9, 0x00c8, 0x0117, 0x01b2, 0x023f, 0x0285, 0x0288, 0x0280, 0x027b, 0x0291,
0x02d0, 0x032c, 0x0355, 0x0309, 0x027e, 0x022d, 0x0240, 0x0274, 0x0248, 0x01b5, 0x0123, 0x00db,
0x00be, 0x0081, 0x0017, 0xffb3, 0xff69, 0xff19, 0xfea6, 0xfe44, 0xfe05, 0xfdcc, 0xfd7a, 0xfd1c,
0xfcd9, 0xfcac, 0xfc76, 0xfc41, 0xfc41, 0xfc65, 0xfc5d, 0xfc05, 0xfbaa, 0xfbbb, 0xfc2b, 0xfc8d,
0xfccc, 0xfd14, 0xfd4f, 0xfd24, 0xfcd1, 0xfd34, 0xfed8, 0x0072, 0x0056, 0xfec6, 0xfdec, 0xff62,
0x0201, 0x0343, 0x0263, 0x00fe, 0x0101, 0x0246, 0x035d, 0x036f, 0x0322, 0x033f, 0x0382, 0x034e,
0x02bd, 0x026f, 0x02b5, 0x02f6, 0x02be, 0x0234, 0x01bf, 0x0162, 0x00d0, 0x001a, 0xffb6, 0xffde,
0x001a, 0xffb1, 0xfeb3, 0xfdbb, 0xfd57, 0xfd66, 0xfd83, 0xfd69, 0xfd25, 0xfccb, 0xfc5d, 0xfbf6,
0xfbcf, 0xfbfb, 0xfc3e, 0xfc3f, 0xfc0f, 0xfbf6, 0xfc16, 0xfc27, 0xfc06, 0xfc0f, 0xfcaa, 0xfdad,
0xfe4d, 0xfe1b, 0xfd9c, 0xfdb0, 0xfea3, 0xffe2, 0x00b1, 0x00cb, 0x0092, 0x009a, 0x0117, 0x01d0,
0x0260, 0x02a6, 0x02c5, 0x02c9, 0x02b3, 0x0284, 0x0266, 0x0284, 0x02bd, 0x02b7, 0x0243, 0x019f,
0x0120, 0x00ee, 0x00dd, 0x00b6, 0x007a, 0x0029, 0xffaf, 0xff11, 0xfe8f, 0xfe8a, 0xfedf, 0xff18,
0xfeef, 0xfea0, 0xfe6e, 0xfe54, 0xfe3c, 0xfe72, 0xff66, 0x00ba, 0x0155, 0x00bd, 0xffd4, 0x000d,
0x01b4, 0x0396, 0x0467, 0x0415, 0x038f, 0x03a7, 0x045f, 0x052d, 0x05b6, 0x060c, 0x0641, 0x063b,
0x05c3, 0x04fb, 0x047b, 0x04ae, 0x052e, 0x053a, 0x0471, 0x032c, 0x0205, 0x0147, 0x00e4, 0x00c4,
0x00ba, 0x005d, 0xff64, 0xfdf3, 0xfcb8, 0xfc49, 0xfc89, 0xfcd9, 0xfca1, 0xfbdd, 0xfaf1, 0xfa34,
0xf9cf, 0xf9d9, 0xfa3c, 0xfab7, 0xfae2, 0xfa94, 0xfa0b, 0xf9b6, 0xf9dc, 0xfa6d, 0xfb27, 0xfbc5,
0xfc0a, 0xfbeb, 0xfbad, 0xfbba, 0xfc5e, 0xfd60, 0xfe44, 0xfe9c, 0xfe82, 0xfe7a, 0xfedf, 0xffa2,
0x0057, 0x00bf, 0x00fd, 0x0141, 0x01a7, 0x0215, 0x026a, 0x029d, 0x02cf, 0x032b, 0x03a0, 0x03f8,
0x0400, 0x03d1, 0x03ba, 0x03d6, 0x0408, 0x0425, 0x041e, 0x03f1, 0x0393, 0x0313, 0x02af, 0x02aa,
0x02e4, 0x02d2, 0x022f, 0x014e, 0x00cd, 0x00c6, 0x00ba, 0x005c, 0xffd4, 0xff83, 0xff63, 0xff0f,
0xfe76, 0xfe0c, 0xfe1e, 0xfe75, 0xfe76, 0xfdff, 0xfd7e, 0xfd6e, 0xfdc0, 0xfe0e, 0xfe20, 0xfe03,
0xfdfc, 0xfe1d, 0xfe55, 0xfe8a, 0xfebb, 0xfefd, 0xff44, 0xff80, 0xffad, 0xffd4, 0x0000, 0x002f,
0x0081, 0x00f6, 0x0158, 0x0179, 0x014b, 0x011e, 0x0142, 0x01b9, 0x0237, 0x0261, 0x0230, 0x01e6,
0x01bc, 0x01bc, 0x01cf, 0x01e3, 0x01ef, 0x01dd, 0x019d, 0x014c, 0x0115, 0x0106, 0x0105, 0x00fb,
0x00dc, 0x00ad, 0x0077, 0x0036, 0x0005, 0xfff0, 0xfff6, 0xffef, 0xffaf, 0xff50, 0xfeff, 0xfef0,
0xff1a, 0xff35, 0xff04, 0xfe8e, 0xfe37, 0xfe3b, 0xfe6c, 0xfe87, 0xfe62, 0xfe2d, 0xfe10, 0xfe03,
0xfdf5, 0xfde7, 0xfdf8, 0xfe21, 0xfe3b, 0xfe24, 0xfdf8, 0xfde8, 0xfe02, 0xfe2b, 0xfe57, 0xfe8d,
0xfec2, 0xfecc, 0xfea6, 0xfe96, 0xfee4, 0xff6b, 0xffc7, 0xffc6, 0xffa0, 0xffb2, 0xfffa, 0x003c,
0x0060, 0x008a, 0x00c5, 0x00ed, 0x00eb, 0x00cb, 0x00cc, 0x00ff, 0x0145, 0x0168, 0x0151, 0x012e,
0x0119, 0x0123, 0x0142, 0x016b, 0x0180, 0x016e, 0x0141, 0x0114, 0x0110, 0x0127, 0x012f, 0x0111,
0x00d7, 0x00ac, 0x00a2, 0x00af, 0x00b5, 0x0098, 0x0070, 0x0050, 0x0043, 0x0034, 0x001b, 0x0006,
0x0003, 0x0013, 0x0018, 0x0008, 0xffec, 0xffd6, 0xffcf, 0xffd4, 0xffe7, 0xfffd, 0xfffe, 0xffec,
0xffce, 0xffbd, 0xffc8, 0xffdf, 0xffed, 0xffe2, 0xffd6, 0xffdd, 0xffee, 0xffea, 0xffdd, 0xffe3,
0x0000, 0x001e, 0x0023, 0x0018, 0x0019, 0x0028, 0x0027, 0x000c, 0x000c, 0x005b, 0x00c3, 0x00cc,
0x004f, 0xffc7, 0xffd6, 0x008b, 0x011f, 0x00e9, 0x0026, 0xffa3, 0xffdc, 0x0071, 0x00af, 0x0065,
0xfff6, 0xffcd, 0xffd8, 0xffd8, 0xffb3, 0xff9c, 0xffa9, 0xffb2, 0xff92, 0xff4a, 0xff1a, 0xff10,
0xff17, 0xff1e, 0xff2e, 0xff4c, 0xff51, 0xff2d, 0xfef0, 0xfedf, 0xff2b, 0xff98, 0xffdd, 0xffce,
0xff95, 0xff78, 0xff9a, 0xffe6, 0x0025, 0x0051, 0x0069, 0x0067, 0x0053, 0x0042, 0x0050, 0x0079,
0x009d, 0x009c, 0x007c, 0x0057, 0x003e, 0x0022, 0x0007, 0xfff3, 0xfff8, 0x0003, 0xffec, 0xffaa,
0xff67, 0xff59, 0xff7d, 0xff98, 0xff88, 0xff5d, 0xff3b, 0xff37, 0xff50, 0xff7c, 0xffa0, 0xffb0,
0xffae, 0xffa9, 0xffc1, 0xfff6, 0x0035, 0x0052, 0x0058, 0x0060, 0x0085, 0x00b5, 0x00b9, 0x009d,
0x009f, 0x00dd, 0x012c, 0x013d, 0x00fa, 0x00af, 0x00ae, 0x00fe, 0x014f, 0x014a, 0x00ff, 0x00b9,
0x00b9, 0x00f7, 0x012a, 0x011d, 0x00d7, 0x009a, 0x009c, 0x00ca, 0x00e5, 0x00c7, 0x0092, 0x0065,
0x0050, 0x0047, 0x001f, 0xfff4, 0xffe8, 0x0013, 0x0055, 0x0045, 0xffc2, 0xff20, 0xff02, 0xffbf,
0x00cb, 0x011e, 0x003e, 0xfefe, 0xfeb9, 0xfff1, 0x019e, 0x021f, 0x0121, 0xffd3, 0xffa5, 0x00cb,
0x0214, 0x0263, 0x01c0, 0x0105, 0x00d3, 0x0119, 0x016b, 0x0188, 0x016f, 0x0123, 0x0097, 0x0002,
0xffb5, 0xffa8, 0xff93, 0xff23, 0xfe77, 0xfdf4, 0xfdae, 0xfd63, 0xfce4, 0xfc5d, 0xfc1c, 0xfc29,
0xfc2a, 0xfbda, 0xfb56, 0xfafe, 0xfb10, 0xfb72, 0xfbce, 0xfbf3, 0xfbef, 0xfbf2, 0xfc18, 0xfc66,
0xfce1, 0xfd7e, 0xfe0e, 0xfe64, 0xfe81, 0xfe9a, 0xfee9, 0xff7d, 0x0025, 0x00a2, 0x00e2, 0x00fe,
0x0115, 0x0142, 0x018a, 0x01e5, 0x023c, 0x0275, 0x0289, 0x0284, 0x027d, 0x027a, 0x028b, 0x02be,
0x0305, 0x0326, 0x0300, 0x02a8, 0x0261, 0x0266, 0x02a6, 0x02d8, 0x02bf, 0x0267, 0x020d, 0x01e4,
0x01e5, 0x01e1, 0x01b5, 0x0176, 0x014b, 0x0134, 0x010b, 0x00bb, 0x0068, 0x0042, 0x004f, 0x005c,
0x0030, 0xffce, 0xff74, 0xff58, 0xff7a, 0xffa1, 0xffa1, 0xff80, 0xff56, 0xff36, 0xff29, 0xff46,
0xff8e, 0xffcb, 0xffcb, 0xff99, 0xff80, 0xffb3, 0x000b, 0x003f, 0x003f, 0x0045, 0x006e, 0x00a0,
0x00a9, 0x0095, 0x009b, 0x00d9, 0x0129, 0x013a, 0x0106, 0x00d7, 0x00e7, 0x0123, 0x013a, 0x010e,
0x00db, 0x00ce, 0x00dd, 0x00da, 0x00b8, 0x0090, 0x0071, 0x0063, 0x005b, 0x0052, 0x0045, 0x002e,
0x0002, 0xffd1, 0xffbd, 0xffcb, 0xffdd, 0xffc8, 0xff81, 0xff44, 0xff48, 0xff78, 0xff98, 0xff6e,
0xff19, 0xfee3, 0xfef1, 0xff2c, 0xff4c, 0xff36, 0xff03, 0xfed0, 0xfeb4, 0xfebf, 0xfee7, 0xff19,
0xff25, 0xfef2, 0xfeaa, 0xfe96, 0xfeca, 0xff14, 0xff36, 0xff20, 0xff00, 0xfefa, 0xff08, 0xff23,
0xff4a, 0xff72, 0xff87, 0xff82, 0xff70, 0xff6f, 0xff94, 0xffc6, 0xffe3, 0xffdd, 0xffc5, 0xffbc,
0xffbe, 0xffc8, 0xffe2, 0xfff9, 0xfffb, 0xffde, 0xffba, 0xffab, 0xffb7, 0xffd6, 0xffe9, 0xffdd,
0xffc4, 0xffb0, 0xffb2, 0xffbd, 0xffc2, 0xffcd, 0xffe8, 0x0005, 0x000b, 0xfff4, 0xffd4, 0xffd5,
0x0003, 0x003b, 0x0059, 0x004b, 0x0026, 0x0012, 0x001e, 0x0042, 0x0066, 0x007a, 0x0077, 0x0063,
0x0050, 0x004e, 0x0066, 0x0085, 0x0097, 0x00a1, 0x00a5, 0x00a7, 0x00a3, 0x00a1, 0x00ae, 0x00c6,
0x00d9, 0x00d8, 0x00cf, 0x00d2, 0x00df, 0x00d9, 0x00bd, 0x00a8, 0x00b1, 0x00d7, 0x00e2, 0x00bc,
0x007f, 0x0055, 0x0050, 0x005e, 0x0066, 0x0054, 0x0027, 0xfff2, 0xffbf, 0xffa2, 0xffa8, 0xffbf,
0xffc3, 0xff9a, 0xff50, 0xff1b, 0xff1a, 0xff38, 0xff51, 0xff4d, 0xff31, 0xff12, 0xff06, 0xff14,
0xff32, 0xff53, 0xff5b, 0xff4d, 0xff42, 0xff4c, 0xff77, 0xffa6, 0xffb9, 0xffb5, 0xffb4, 0xffbe,
0xffd4, 0xfff3, 0x000e, 0x001d, 0x0022, 0x0013, 0x0008, 0x0016, 0x0037, 0x0051, 0x004f, 0x003c,
0x002f, 0x0035, 0x0042, 0x004c, 0x0056, 0x0058, 0x0053, 0x004b, 0x0040, 0x003b, 0x003c, 0x0044,
0x004b, 0x0048, 0x003c, 0x002e, 0x0025, 0x0021, 0x0027, 0x0032, 0x0039, 0x002f, 0x001d, 0x0011,
0x0013, 0x0022, 0x0030, 0x002d, 0x001d, 0x0016, 0x0018, 0x001c, 0x0021, 0x0024, 0x0030, 0x0039,
0x0035, 0x002f, 0x0034, 0x0046, 0x005a, 0x0070, 0x0082, 0x008f, 0x009a, 0x00a1, 0x00b0, 0x00c8,
0x00e1, 0x00f8, 0x0102, 0x0105, 0x0105, 0x0104, 0x0100, 0x0102, 0x0111, 0x0120, 0x011b, 0x00f6,
0x00c8, 0x00ab, 0x00a5, 0x00a3, 0x008d, 0x0066, 0x003e, 0x001d, 0x0002, 0xffdf, 0xffb4, 0xff96,
0xff85, 0xff6d, 0xff4c, 0xff26, 0xff02, 0xfee4, 0xfecc, 0xfeb9, 0xfeb2, 0xfeb5, 0xfeac, 0xfe8d,
0xfe63, 0xfe4b, 0xfe5a, 0xfe74, 0xfe83, 0xfe82, 0xfe79, 0xfe77, 0xfe76, 0xfe80, 0xfe9a, 0xfec1,
0xfede, 0xfee7, 0xfee9, 0xfef5, 0xff0e, 0xff2d, 0xff4a, 0xff6c, 0xff93, 0xffb1, 0xffbf, 0xffc0,
0xffd5, 0x0004, 0x0038, 0x005d, 0x0062, 0x005f, 0x006e, 0x0091, 0x00ad, 0x00b3, 0x00b4, 0x00c5,
0x00e0, 0x00f1, 0x00e6, 0x00cc, 0x00c1, 0x00ca, 0x00d8, 0x00d7, 0x00cd, 0x00c1, 0x00b2, 0x00a1,
0x0094, 0x0093, 0x009f, 0x00a6, 0x0098, 0x0085, 0x007a, 0x007b, 0x007b, 0x0073, 0x006e, 0x0073,
0x0079, 0x0078, 0x006a, 0x0056, 0x0050, 0x004d, 0x0045, 0x0037, 0x002a, 0x001a, 0x000a, 0xfff5,
0xffdd, 0xffd3, 0xffcc, 0xffb7, 0xff9c, 0xff8a, 0xff83, 0xff82, 0xff71, 0xff56, 0xff47, 0xff4c,
0xff5f, 0xff65, 0xff5b, 0xff58, 0xff69, 0xff7b, 0xff8a, 0xff9f, 0xffb8, 0xffcf, 0xffdb, 0xffe2,
0xfff3, 0x0010, 0x002f, 0x0048, 0x0057, 0x0060, 0x0064, 0x006c, 0x007c, 0x008d, 0x0097, 0x0096,
0x008d, 0x0082, 0x0080, 0x0081, 0x007a, 0x006c, 0x005a, 0x004c, 0x0040, 0x0032, 0x0020, 0x000d,
0xfffa, 0xffee, 0xffe3, 0xffd8, 0xffca, 0xffb9, 0xffa9, 0xff97, 0xff91, 0xff8d, 0xff91, 0xff9a,
0xff9a, 0xff91, 0xff86, 0xff85, 0xff8a, 0xff92, 0xffa1, 0xffab, 0xffac, 0xffa6, 0xff9c, 0xff9c,
0xffae, 0xffcc, 0xffdb, 0xffd6, 0xffc5, 0xffbc, 0xffcb, 0xffe1, 0xfff3, 0xfffd, 0x0003, 0x000f,
0x0020, 0x0035, 0x0049, 0x0062, 0x007f, 0x00a1, 0x00c5, 0x00e6, 0x0107, 0x0125, 0x014b, 0x017a,
0x01a2, 0x01c9, 0x01e7, 0x01fe, 0x0219, 0x022f, 0x0240, 0x024f, 0x025b, 0x0257, 0x023f, 0x021e,
0x01fd, 0x01e8, 0x01ce, 0x01a0, 0x015e, 0x0116, 0x00d4, 0x0093, 0x0052, 0x000c, 0xffc3, 0xff7b,
0xff2f, 0xfede, 0xfe8e, 0xfe55, 0xfe2a, 0xfdfb, 0xfdc7, 0xfd8b, 0xfd56, 0xfd34, 0xfd23, 0xfd19,
0xfd13, 0xfd10, 0xfd12, 0xfd17, 0xfd14, 0xfd21, 0xfd41, 0xfd6b, 0xfd96, 0xfdb9, 0xfddb, 0xfe03,
0xfe39, 0xfe6d, 0xfe99, 0xfecb, 0xff05, 0xff46, 0xff79, 0xffa4, 0xffcf, 0xfffc, 0x002d, 0x0058,
0x0080, 0x00aa, 0x00d5, 0x00f3, 0x0101, 0x010d, 0x011c, 0x0139, 0x0150, 0x0155, 0x0154, 0x0152,
0x0154, 0x0151, 0x0144, 0x0139, 0x0138, 0x0133, 0x011e, 0x0104, 0x00ea, 0x00da, 0x00cd, 0x00ba,
0x00a2, 0x008c, 0x0079, 0x0068, 0x0058, 0x0048, 0x003d, 0x0033, 0x0024, 0x0019, 0x0016, 0x0012,
0x000f, 0x000c, 0x000c, 0x000e, 0x0010, 0x0014, 0x001b, 0x0022, 0x0024, 0x0025, 0x0027, 0x0031,
0x0040, 0x0043, 0x004b, 0x0057, 0x0065, 0x0075, 0x007f, 0x0082, 0x0086, 0x008e, 0x0095, 0x009a,
0x00a5, 0x00b0, 0x00b5, 0x00b7, 0x00b7, 0x00b1, 0x00af, 0x00b4, 0x00ba, 0x00b9, 0x00b2, 0x00a6,
0x009a, 0x0091, 0x008e, 0x0089, 0x0080, 0x0075, 0x0066, 0x005b, 0x0051, 0x004c, 0x004a, 0x0040,
0x003b, 0x002d, 0x0019, 0x000d, 0x0009, 0x000c, 0x0006, 0xfffd, 0xfff3, 0xffed, 0xffe6, 0xffdb,
0xffcd, 0xffc4, 0xffc5, 0xffbf, 0xffb1, 0xff9f, 0xff90, 0xff8b, 0xff88, 0xff83, 0xff78, 0xff6d,
0xff63, 0xff5b, 0xff5c, 0xff59, 0xff54, 0xff54, 0xff53, 0xff52, 0xff50, 0xff4c, 0xff52, 0xff60,
0xff6d, 0xff77, 0xff7a, 0xff7c, 0xff82, 0xff89, 0xff97, 0xffa9, 0xffb7, 0xffbf, 0xffbd, 0xffc1,
0xffd2, 0xffe3, 0xffeb, 0xffe9, 0xffea, 0xffec, 0xffeb, 0xffee, 0xffec, 0xffec, 0xffee, 0xffeb,
0xffe6, 0xffdc, 0xffd8, 0xffd7, 0xffd9, 0xffde, 0xffdd, 0xffd7, 0xffce, 0xffcc, 0xffd2, 0xffd8,
0xffde, 0xffe1, 0xffe1, 0xffe4, 0xffef, 0xfffc, 0x0002, 0x0011, 0x001b, 0x0022, 0x002d, 0x0036,
0x0040, 0x004c, 0x005a, 0x0062, 0x006a, 0x0072, 0x0075, 0x0076, 0x0070, 0x0069, 0x0066, 0x0062,
0x0058, 0x004a, 0x003e, 0x003b, 0x0036, 0x0023, 0x000f, 0x0001, 0xfff7, 0xffec, 0xffd9, 0xffc4,
0xffb1, 0xffa4, 0xff9e, 0xff9a, 0xff96, 0xff97, 0xff96, 0xff8c, 0xff88, 0xff8f, 0xff94, 0xff9c,
0xffa2, 0xffa1, 0xffaa, 0xffb9, 0xffcc, 0xffd6, 0xffde, 0xffea, 0xfffc, 0x000c, 0x0017, 0x001e,
0x001f, 0x0022, 0x0030, 0x003c, 0x0040, 0x0042, 0x0041, 0x0043, 0x0048, 0x0052, 0x0057, 0x0053,
0x004c, 0x004b, 0x0051, 0x005a, 0x005b, 0x0050, 0x004a, 0x004b, 0x0056, 0x005d, 0x0059, 0x004c,
0x0043, 0x0045, 0x004b, 0x0057, 0x0058, 0x004c, 0x003d, 0x002d, 0x0025, 0x0021, 0x0020, 0x001c,
0x0017, 0x000d, 0x0000, 0xfff7, 0xffe7, 0xffdd, 0xffd4, 0xffcd, 0xffc8, 0xffbf, 0xffb5, 0xffac,
0xffa7, 0xffa9, 0xffac, 0xffa7, 0xffa6, 0xffa8, 0xffac, 0xffb2, 0xffb6, 0xffbf, 0xffcf, 0xffd7,
0xffdc, 0xffe0, 0xffe3, 0xfff0, 0x0001, 0x000c, 0x0015, 0x0018, 0x0018, 0x001c, 0x001e, 0x0025,
0x0033, 0x0041, 0x0046, 0x0044, 0x003e, 0x0034, 0x0037, 0x003e, 0x0046, 0x0045, 0x003a, 0x0032,
0x002e, 0x002d, 0x002a, 0x002c, 0x002e, 0x0030, 0x002b, 0x001c, 0x000d, 0x0005, 0x000b, 0x0011,
0x000f, 0x0008, 0xfff7, 0xffeb, 0xffef, 0xfff3, 0xfff9, 0xfff9, 0xffeb, 0xffe0, 0xffdb, 0xffda,
0xffe0, 0xffe7, 0xffe8, 0xffe9, 0xffe1, 0xffd8, 0xffd5, 0xffd6, 0xffdf, 0xffe5, 0xffe7, 0xffe2,
0xffde, 0xffdb, 0xffda, 0xffe2, 0xffec, 0xffeb, 0xffea, 0xffe3, 0xffd8, 0xffd6, 0xffd8, 0xffdd,
0xffde, 0xffdb, 0xffd4, 0xffd2, 0xffd0, 0xffd6, 0xffdd, 0xffe0, 0xffdf, 0xffda, 0xffd9, 0xffd4,
0xffd2, 0xffd2, 0xffd0, 0xffd2, 0xffd7, 0xffd7, 0xffd8, 0xffd5, 0xffd6, 0xffdd, 0xffdc, 0xffda,
0xffdc, 0xffdd, 0xffe4, 0xffeb, 0xffec, 0xfff1, 0xfff4, 0xfff2, 0xfff3, 0xfff4, 0xfff8, 0x0001,
0x000b, 0x0015, 0x0018, 0x0015, 0x0011, 0x0013, 0x0018, 0x0023, 0x002a, 0x0028, 0x0023, 0x0020,
0x001d, 0x0021, 0x0027, 0x002e, 0x0031, 0x002b, 0x0024, 0x0022, 0x001f, 0x001a, 0x001a, 0x0014,
0x0015, 0x0013, 0x0007, 0xffff, 0xffff, 0x0002, 0x0006, 0x0007, 0x0003, 0xfffc, 0xfff5, 0xfff7,
0xfffc, 0xffff, 0x0000, 0xfffe, 0xfff7, 0xffef, 0xffea, 0xffee, 0xfff8, 0x0001, 0x0006, 0x0002,
0xfffd, 0xfffe, 0x0004, 0x0011, 0x0018, 0x001c, 0x0020, 0x0021, 0x001d, 0x0019, 0x0019, 0x001b,
0x0024, 0x002c, 0x002f, 0x002b, 0x0024, 0x001e, 0x0015, 0x0011, 0x0012, 0x0018, 0x001d, 0x001a,
0x000f, 0x0002, 0x0005, 0x000d, 0x000f, 0x0008, 0xfff9, 0xffee, 0xffea, 0xffe9, 0xffe6, 0xffe6,
0xffe9, 0xffe8, 0xffe6, 0xffdf, 0xffdc, 0xffd8, 0xffd6, 0xffdb, 0xffde, 0xffdf, 0xffdd, 0xffda,
0xffd4, 0xffd6, 0xffdf, 0xffe7, 0xfff0, 0xffed, 0xffe7, 0xffe9, 0xffec, 0xfff0, 0xfff7, 0xfff7,
0xfff4, 0xfff8, 0xfffb, 0xfffd, 0x0001, 0x0007, 0x000d, 0x000b, 0x0002, 0x0000, 0x0005, 0x000a,
0x000d, 0x000c, 0x000b, 0x0008, 0x0007, 0x0003, 0xfffc, 0xfffd, 0xffff, 0x0001, 0x0001, 0xfff8,
0xfff1, 0xffed, 0xffea, 0xffea, 0xffef, 0xfff0, 0xfff1, 0xfff0, 0xffeb, 0xffed, 0xffed, 0xffef,
0xfff2, 0xffed, 0xffe8, 0xffe7, 0xfff0, 0xfff6, 0xfffd, 0x0005, 0x0006, 0x0005, 0xfffe, 0xfffb,
0xfffd, 0x0001, 0x0007, 0x000a, 0x0008, 0x0001, 0xffff, 0x0000, 0x0006, 0x000e, 0x0012, 0x000a,
0x0001, 0xfff8, 0xfff7, 0xfffc, 0x0001, 0x0004, 0x0004, 0x0005, 0x0003, 0x0001, 0x0001, 0x0005,
0x0006, 0x0002, 0xffff, 0xfffb, 0xfff7, 0xfff6, 0xfff7, 0xfffd, 0x0006, 0x000f, 0x0011, 0x000c,
0x0007, 0x0009, 0x000e, 0x0014, 0x0012, 0x000f, 0x000d, 0x000a, 0x0009, 0x000d, 0x0014, 0x0017,
0x001b, 0x0018, 0x0011, 0x000d, 0x0005, 0x0002, 0x0002, 0x0004, 0x0004, 0xffff, 0xfff9, 0xfff6,
0xfff5, 0xfff8, 0xfffb, 0xfffa, 0xfff8, 0xfff5, 0xffee, 0xffea, 0xffe9, 0xffe2, 0xffdf, 0xffdf,
0xffdb, 0xffd9, 0xffd8, 0xffd8, 0xffdb, 0xffdc, 0xffda, 0xffd8, 0xffd9, 0xffde, 0xffe1, 0xffe2,
0xffe3, 0xffdf, 0xffde, 0xffe2, 0xffe2, 0xffe3, 0xffe7, 0xffef, 0xfff2, 0xfff3, 0xfff7, 0xfffb,
0x0004, 0x0005, 0x0002, 0x0006, 0x000a, 0x000e, 0x0014, 0x0017, 0x0017, 0x001d, 0x0025, 0x0029,
0x002c, 0x0028, 0x0027, 0x0029, 0x0029, 0x002b, 0x002e, 0x0030, 0x0031, 0x0032, 0x002f, 0x0028,
0x0029, 0x002b, 0x002a, 0x0026, 0x001e, 0x001b, 0x001e, 0x0021, 0x0021, 0x0022, 0x001c, 0x0017,
0x0017, 0x0012, 0x0014, 0x0017, 0x0016, 0x0011, 0x0007, 0xffff, 0xfffc, 0xfffd, 0x0003, 0x0003,
0xfffd, 0xfffb, 0xfff8, 0xfff6, 0xfff8, 0xfff7, 0xfff7, 0xfff7, 0xfff3, 0xfff6, 0xfff1, 0xfff1,
0xfff8, 0xfff6, 0xffef, 0xffe7, 0xffe6, 0xffe7, 0xffe7, 0xffe9, 0xffe7, 0xffe5, 0xffe4, 0xffe2,
0xffe4, 0xffe7, 0xffed, 0xffeb, 0xffe2, 0xffe2, 0xffe1, 0xffe4, 0xffe7, 0xffe9, 0xffe9, 0xffe9,
0xffec, 0xffee, 0xfff4, 0xfff5, 0xfff5, 0xfff2, 0xffeb, 0xffea, 0xffef, 0xfff7, 0xfff8, 0xfff5,
0xfff3, 0xfff4, 0xfffb, 0xfffe, 0xfffe, 0x0002, 0x000a, 0x000d, 0x000b, 0x0008, 0x0000, 0xfffd,
0xffff, 0x0003, 0x0008, 0x0007, 0x0005, 0x0002, 0x0000, 0x0001, 0x0002, 0x0007, 0x0010, 0x0011,
0x000f, 0x0009, 0x0001, 0xffff, 0xffff, 0x0004, 0x000e, 0x0016, 0x0016, 0x0013, 0x000d, 0x000e,
0x0011, 0x0010, 0x000f, 0x000d, 0x000e, 0x000a, 0x0008, 0x000c, 0x0010, 0x001a, 0x0021, 0x0021,
0x001d, 0x001a, 0x0016, 0x0014, 0x0012, 0x0014, 0x0016, 0x0015, 0x0015, 0x0018, 0x0019, 0x0019,
0x001c, 0x0017, 0x0012, 0x000e, 0x000c, 0x000a, 0x000c, 0x000f, 0x000d, 0x000d, 0x000f, 0x000e,
0x0008, 0x0002, 0xfffb, 0xfffb, 0xfffe, 0xfffc, 0xfffc, 0xfff6, 0xfff2, 0xffef, 0xffe9, 0xffe8,
0xffe9, 0xffe9, 0xffe8, 0xffe2, 0xffde, 0xffe2, 0xffe8, 0xffee, 0xfff4, 0xfff2, 0xffe8, 0xffe3,
0xffdb, 0xffd8, 0xffdc, 0xffe2, 0xffe8, 0xffe9, 0xffec, 0xfff4, 0xffff, 0x0006, 0x0004, 0xfffe,
0xfff9, 0xfff2, 0xfff0, 0xfff4, 0xfffa, 0xffff, 0x0004, 0x0009, 0x000b, 0x000b, 0x000a, 0x000a,
0x0007, 0x0002, 0xfffb, 0xfff3, 0xfffb, 0x0004, 0x000c, 0x0010, 0x000e, 0x0009, 0x0001, 0xfffb,
0xfff7, 0xfff8, 0xfffa, 0xfffd, 0xfffb, 0xfff9, 0xfffc, 0x0001, 0x0007, 0x000a, 0x0008, 0x0006,
0xffff, 0xfffb, 0xfff7, 0xfff5, 0xfffc, 0x0005, 0x000e, 0x0016, 0x001b, 0x0018, 0x0013, 0x0012,
0x000f, 0x000d, 0x000c, 0x000c, 0x000d, 0x000d, 0x000e, 0x000c, 0x000c, 0x0013, 0x0016, 0x0017,
0x0011, 0x0008, 0x0003, 0xfffe, 0xfff8, 0xfff7, 0xfff9, 0xfffa, 0x0000, 0x0002, 0xfffd, 0xfff9,
0xfff7, 0xfff4, 0xfff7, 0xfff9, 0xfff3, 0xffe7, 0xffde, 0xffdb, 0xffe1, 0xffeb, 0xfff4, 0xfff9,
0xffff, 0xffff, 0xfff9, 0xfff9, 0xfffa, 0xffff, 0x0004, 0x0003, 0x0002, 0x0004, 0x0009, 0x000d,
0x0017, 0x001d, 0x001c, 0x001b, 0x0016, 0x0011, 0x0010, 0x0012, 0x001b, 0x001c, 0x001a, 0x001b,
0x001c, 0x001c, 0x001e, 0x001d, 0x0017, 0x0011, 0x000a, 0x0006, 0x0001, 0xfffa, 0xfff7, 0xfff8,
0xfff6, 0xfff4, 0xfff0, 0xffed, 0xffea, 0xffe7, 0xffe4, 0xffe2, 0xffe2, 0xffe2, 0xffe2, 0xffdd,
0xffd6, 0xffd4, 0xffd2, 0xffd4, 0xffe0, 0xffe7, 0xffe6, 0xffe7, 0xffe7, 0xffe3, 0xffe0, 0xffe3,
0xffe8, 0xffeb, 0xffec, 0xffeb, 0xffee, 0xfff4, 0xfffb, 0xfffe, 0x0004, 0x0008, 0x000c, 0x000b,
0x0005, 0x0002, 0x0003, 0x0006, 0x000e, 0x0016, 0x001e, 0x0025, 0x0024, 0x001b, 0x0014, 0x0013,
0x0014, 0x001e, 0x0026, 0x0026, 0x0022, 0x001e, 0x001e, 0x001f, 0x0022, 0x0028, 0x0028, 0x0022,
0x001a, 0x0011, 0x0011, 0x001b, 0x0022, 0x0022, 0x001f, 0x0019, 0x0012, 0x000a, 0x0008, 0x0008,
0x0008, 0x0008, 0x0003, 0x0002, 0x0001, 0x0002, 0x0006, 0x0005, 0xffff, 0xfff6, 0xfff0, 0xffed,
0xffeb, 0xffef, 0xfff3, 0xfff8, 0xfff9, 0xfff4, 0xfff3, 0xfff1, 0xffee, 0xffed, 0xffee, 0xffee,
0xffef, 0xfff1, 0xfff1, 0xfff3, 0xfff6, 0xfff6, 0xfff7, 0xfff4, 0xfff3, 0xfff3, 0xfff6, 0xfff7,
0xfffd, 0x0001, 0x0002, 0x0002, 0x0001, 0x0000, 0x0002, 0x0001, 0xffff, 0xfffe, 0xfff9, 0xfff7,
0xfffd, 0x0004, 0x0009, 0x0008, 0x0005, 0x0007, 0x0005, 0x0000, 0x0000, 0x0000, 0x0002, 0x0000,
0xfffd, 0xfffc, 0xffff, 0x0005, 0x0005, 0x0006, 0x0003, 0xfffe, 0xfff9, 0xfff5, 0xfff6, 0xfff6,
0xfff9, 0xfffc, 0xfffa, 0xfff7, 0xfff6, 0xfff8, 0xfff6, 0xfff5, 0xfff7, 0xfff6, 0xfff6, 0xfff6,
0xfff5, 0xfff5, 0xfff6, 0xfff6, 0xfff6, 0xfff8, 0xfff8, 0xfff6, 0xfff8, 0xfff9, 0xfff9, 0xfff7,
0xfff8, 0xfff8, 0xfff6, 0xfff5, 0xfff6, 0xfffb, 0xffff, 0x0000, 0x0003, 0x0006, 0x0007, 0x0009,
0x0007, 0x0004, 0x0005, 0x0006, 0x0007, 0x000a, 0x000d, 0x000f, 0x0011, 0x0013, 0x0012, 0x000d,
0x000b, 0x000d, 0x000e, 0x000d, 0x0012, 0x0013, 0x0010, 0x0011, 0x0012, 0x0015, 0x0017, 0x001b,
0x0019, 0x0016, 0x0012, 0x000e, 0x000c, 0x000b, 0x000b, 0x0009, 0x0008, 0x0003, 0xffff, 0x0002,
0x0003, 0x0001, 0x0001, 0xfffe, 0x0000, 0x0000, 0xfffa, 0xfff9, 0xfff8, 0xfff4, 0xfff3, 0xffed,
0xffe9, 0xffe9, 0xffeb, 0xffeb, 0xffe9, 0xffea, 0xffe9, 0xffe7, 0xffe5, 0xffe3, 0xffe6, 0xffe9,
0xffe9, 0xffec, 0xffec, 0xffea, 0xffec, 0xffee, 0xffef, 0xfff3, 0xfff7, 0xfff5, 0xfff3, 0xfff0,
0xfff4, 0xfff7, 0xfffc, 0x0004, 0x0006, 0x0007, 0x0004, 0x0007, 0x000a, 0x000a, 0x000d, 0x0010,
0x0013, 0x0013, 0x0014, 0x0016, 0x0019, 0x0018, 0x0017, 0x001a, 0x001a, 0x001a, 0x0018, 0x0018,
0x0017, 0x0019, 0x001d, 0x0018, 0x0014, 0x0014, 0x0013, 0x0012, 0x0012, 0x0010, 0x000e, 0x000a,
0x0006, 0x0006, 0x0007, 0x0004, 0x0001, 0x0000, 0xfffa, 0xfffb, 0xfffb, 0xfff9, 0xfffa, 0xfff6,
0xfff4, 0xfff2, 0xfff4, 0xfff2, 0xfff2, 0xffef, 0xffeb, 0xffeb, 0xffe3, 0xffe4, 0xffe9, 0xfff1,
0xfff4, 0xfff3, 0xfff1, 0xffed, 0xffef, 0xfff3, 0xfff5, 0xfff6, 0xfff5, 0xfff3, 0xfff2, 0xfff2,
0xfff2, 0xfffa, 0x0000, 0x0001, 0x0002, 0xffff, 0xfffe, 0xffff, 0x0000, 0x0003, 0x0007, 0x0007,
0x0009, 0x000a, 0x0009, 0x0009, 0x000b, 0x0009, 0x0008, 0x0006, 0x0003, 0x0003, 0x0002, 0x0002,
0x0001, 0x0002, 0x0003, 0x0002, 0x0001, 0xfffd, 0xfff9, 0xfff8, 0xfff4, 0xfff4, 0xfff2, 0xfff1,
0xffee, 0xffee, 0xffed, 0xffec, 0xffed, 0xffec, 0xffee, 0xffed, 0xffed, 0xfff0, 0xffef, 0xffec,
0xffef, 0xfff1, 0xfff2, 0xfff6, 0xfff8, 0xfffb, 0x0000, 0xfffd, 0xfffd, 0x0003, 0x0006, 0x0007,
0x000c, 0x000f, 0x000f, 0x0013, 0x0016, 0x0018, 0x001a, 0x0019, 0x001a, 0x001d, 0x001d, 0x001d,
0x001e, 0x001e, 0x001f, 0x0020, 0x001c, 0x001d, 0x001c, 0x0017, 0x0017, 0x0016, 0x0018, 0x0014,
0x000f, 0x000b, 0x0008, 0x0007, 0x0007, 0x0008, 0x0006, 0x0000, 0xfffe, 0xffff, 0xfffd, 0xffff,
0xffff, 0xffff, 0xffff, 0xfffe, 0xfffb, 0xfff8, 0xfffb, 0xfff8, 0xfff7, 0xfff8, 0xfff7, 0xfff6,
0xfffc, 0x0001, 0x0000, 0x0000, 0xfffe, 0xfffe, 0xfffe, 0x0000, 0x0001, 0x0001, 0x0002, 0x0000,
0xfffe, 0xfffc, 0x0000, 0x0002, 0x0002, 0x0002, 0x0000, 0xfffe, 0xfff9, 0xfff7, 0xfff8, 0xfffa,
0xfffb, 0xfffd, 0xfffb, 0xfff8, 0xfff8, 0xfff7, 0xfff7, 0xfff7, 0xfff5, 0xfff5, 0xfff4, 0xfff0,
0xfff0, 0xffef, 0xfff2, 0xfff2, 0xfff0, 0xfff3, 0xfff2, 0xffef, 0xffed, 0xfff0, 0xfff3, 0xfff0,
0xfff0, 0xfff2, 0xffee, 0xffed, 0xffee, 0xffec, 0xffee, 0xfff1, 0xfff2, 0xfff5, 0xfff7, 0xfff4,
0xfff3, 0xfff1, 0xfff3, 0xfff6, 0xfff7, 0xfffb, 0xfffb, 0xfff8, 0xfff9, 0xfffd, 0xfffe, 0x0000,
0x0000, 0x0005, 0x0008, 0x0006, 0x0006, 0x0008, 0x000c, 0x000d, 0x000e, 0x000f, 0x0011, 0x0013,
0x0014, 0x0015, 0x0015, 0x0013, 0x0013, 0x0015, 0x0015, 0x0014, 0x0012, 0x0010, 0x0010, 0x000f,
0x0012, 0x0015, 0x0015, 0x0012, 0x000f, 0x000c, 0x000c, 0x000e, 0x000e, 0x000e, 0x000c, 0x0006,
0x0001, 0x0002, 0x0004, 0x0004, 0x0005, 0x0008, 0x0004, 0xfff8, 0xfff7, 0x0000, 0x0004, 0x0002,
0x0001, 0x0006, 0x0007, 0x0002, 0xfffe, 0xfff9, 0xfffa, 0xffff, 0x0000, 0xfff8, 0xfff5, 0xfff7,
0xfff9, 0xfffc, 0xfffc, 0xfff9, 0xfff6, 0xfff5, 0xfff4, 0xfff2, 0xfff2, 0xfff1, 0xfff3, 0xfff4,
0xfff2, 0xfff2, 0xfff0, 0xffef, 0xfff6, 0xfff9, 0xfff7, 0xfff4, 0xfff1, 0xfff0, 0xfff1, 0xfff3,
0xfff2, 0xfff4, 0xfff2, 0xfff0, 0xfff6, 0xfff8, 0xfff9, 0xfff7, 0xfff7, 0xfff7, 0xfff9, 0xfffa,
0xfff7, 0xfff5, 0xfff2, 0xfff4, 0xfff5, 0xfff7, 0xfff8, 0xfffa, 0x0000, 0xffff, 0xfffd, 0xfffa,
0xfff6, 0xfff8, 0xfffb, 0xfffd, 0x0000, 0x0005, 0x0004, 0x0000, 0x0001, 0x0002, 0x0003, 0x0005,
0x000b, 0x000c, 0x0009, 0x000d, 0x000d, 0x000c, 0x000e, 0x0012, 0x0012, 0x0010, 0x0010, 0x000d,
0x000d, 0x000e, 0x0010, 0x0014, 0x0014, 0x0014, 0x0012, 0x0010, 0x000e, 0x000e, 0x000f, 0x0010,
0x0010, 0x000c, 0x000c, 0x000a, 0x0004, 0x0004, 0x0007, 0x0006, 0x0003, 0x0000, 0x0001, 0x0001,
0xffff, 0x0001, 0x0001, 0x0001, 0xfffe, 0xffff, 0x0000, 0x0002, 0x0002, 0x0000, 0x0001, 0x0001,
0xfffd, 0xfffc, 0xffff, 0x0001, 0x0002, 0x0003, 0x0001, 0xffff, 0xfffb, 0xfff9, 0xfffd, 0xfffc,
0xfffa, 0xfffa, 0xfffc, 0xfff9, 0xfff8, 0xfffb, 0xfffd, 0x0001, 0xfffc, 0xfff8, 0xfff6, 0xfff2,
0xfff4, 0xfff3, 0xfff5, 0xfff5, 0xfff7, 0xfff5, 0xfff7, 0xfffb, 0xfff7, 0xfff6, 0xfff6, 0xfff5,
0xfff4, 0xfff5, 0xfff8, 0xfff9, 0xfff9, 0xfffa, 0xfff9, 0xfff9, 0xfff5, 0xfff6, 0xfff7, 0xfff9,
0xfffa, 0xfff7, 0xfffb, 0xfff7, 0xfff7, 0xfffd, 0xffff, 0xffff, 0xfffc, 0xfffc, 0xfffb, 0xfffb,
0xfffc, 0xffff, 0x0004, 0x0004, 0x0006, 0x0005, 0x0006, 0x0007, 0x0003, 0x0005, 0x0007, 0x0009,
0x000c, 0x000a, 0x000b, 0x000c, 0x000e, 0x000b, 0x000b, 0x000d, 0x000e, 0x000d, 0x000c, 0x000a,
0x0009, 0x000a, 0x0009, 0x0009, 0x0007, 0x0004, 0x0006, 0x0006, 0x0006, 0x0005, 0x0001, 0xfffe,
0xfffc, 0xfffc, 0xfff9, 0xfff8, 0xfffb, 0xfffa, 0xfffa, 0xfffb, 0xfffc, 0xfffc, 0xfffe, 0xfffc,
0xfff9, 0xfff9, 0xfff8, 0xfff9, 0xfffa, 0xfff9, 0xfffa, 0xfffb, 0xfffb, 0xfffa, 0xfff9, 0xfff8,
0xfffa, 0xfffb, 0xfffd, 0xfffe, 0xffff, 0xfffe, 0xfffb, 0xfffb, 0xfffa, 0xfff8, 0xfffa, 0xfffb,
0xfff9, 0xfff9, 0xfff8, 0xfff8, 0xfffa, 0xfffb, 0xfffa, 0xfffa, 0xfffb, 0xfff9, 0xfff4, 0xfff6,
0xfff9, 0xfffc, 0xfffe, 0xfffd, 0xfffd, 0xfffa, 0xfffa, 0xfffa, 0xfffc, 0xfffc, 0xfffd, 0xffff,
0x0001, 0x0001, 0x0003, 0x0006, 0x0005, 0x0002, 0x0001, 0x0002, 0x0001, 0x0003, 0x0003, 0x0004,
0x0008, 0x0007, 0x0008, 0x0009, 0x000b, 0x000b, 0x000b, 0x000c, 0x000a, 0x0008, 0x0009, 0x0009,
0x000c, 0x000a, 0x0007, 0x0008, 0x0008, 0x0007, 0x0006, 0x0009, 0x000b, 0x000c, 0x000a, 0x0008,
0x0006, 0x0005, 0x0003, 0x0003, 0x0005, 0x0002, 0x0002, 0x0003, 0x0001, 0x0000, 0x0001, 0x0000,
0x0000, 0xffff, 0xfffe, 0x0000, 0x0002, 0xffff, 0x0000, 0x0001, 0x0000, 0x0000, 0xffff, 0x0000,
0xfffe, 0xfffc, 0x0001, 0x0006, 0x0006, 0x0002, 0x0001, 0x0001, 0x0001, 0x0001, 0x0002, 0x0004,
0x0004, 0x0004, 0x0002, 0x0000, 0x0000, 0x0002, 0x0004, 0x0003, 0x0000, 0x0000, 0xffff, 0xfffc,
0xfffa, 0xfffe, 0xfffe, 0xfffa, 0xfff9, 0xfff7, 0xfff5, 0xfff4, 0xfff4, 0xfff3, 0xfff3, 0xfff3,
0xfff2, 0xfff4, 0xfff7, 0xfff6, 0xfff6, 0xfff4, 0xfff4, 0xfff2, 0xfff3, 0xfff5, 0xfff5, 0xfff6,
0xfff3, 0xfff6, 0xfff8, 0xfff5, 0xfff7, 0xfffa, 0xffff, 0x0001, 0x0001, 0x0002, 0xfffe, 0xfffc,
0xfffa, 0xfffe, 0x0002, 0x0004, 0x0003, 0x0002, 0x0003, 0x0000, 0x0001, 0x0003, 0x0002, 0x0001,
0x0002, 0x0002, 0x0004, 0x0003, 0x0001, 0x0002, 0x0003, 0x0001, 0xffff, 0x0000, 0x0000, 0x0000,
0x0002, 0x0006, 0x0008, 0x0009, 0x0008, 0x0007, 0x0009, 0x0006, 0x0004, 0x0005, 0x0007, 0x0009,
0x000a, 0x000e, 0x000e, 0x0011, 0x0010, 0x000e, 0x000c, 0x000b, 0x000b, 0x0007, 0x0008, 0x000b,
0x000e, 0x000e, 0x000a, 0x000a, 0x0007, 0x0006, 0x0004, 0x0001, 0x0001, 0x0001, 0x0001, 0x0000,
0xfffe, 0xffff, 0x0000, 0x0000, 0xffff, 0xffff, 0x0000, 0xfffe, 0xfffd, 0xfffe, 0xfffe, 0xfffb,
0xfffa, 0xfffb, 0xfffc, 0xffff, 0x0000, 0x0000, 0x0001, 0x0000, 0xfffd, 0xfffd, 0xfffd, 0xffff,
0xfffe, 0xffff, 0x0001, 0x0002, 0x0001, 0x0000, 0x0001, 0xfffe, 0xfffd, 0xfffd, 0xfffc, 0xfffc,
0xfffa, 0xfffb, 0xfffc, 0xfffd, 0xfffc, 0xfffb, 0xfffc, 0xfffb, 0xfff9, 0xfff7, 0xfff6, 0xfff5,
0xfff5, 0xfff7, 0xfff8, 0xfff7, 0xfff3, 0xfff4, 0xfff4, 0xfff5, 0xfff8, 0xfff9, 0xfff9, 0xfff9,
0xfff7, 0xfff6, 0xfff8, 0xfffa, 0xfffa, 0xfff8, 0xfff6, 0xfff5, 0xfff7, 0xfff8, 0xfffb, 0xfffc,
0xfffc, 0xffff, 0x0000, 0xfffe, 0xfffd, 0xfffc, 0xfffc, 0xfffe, 0xfffe, 0xfffd, 0xfffa, 0xfffd,
0xffff, 0x0000, 0x0001, 0x0003, 0x0002, 0x0001, 0x0001, 0x0000, 0x0003, 0x0002, 0x0000, 0x0001,
0x0005, 0x0007, 0x0008, 0x0009, 0x0009, 0x000b, 0x000c, 0x000b, 0x000d, 0x000e, 0x0011, 0x0010,
0x000f, 0x000d, 0x000d, 0x000f, 0x000f, 0x0011, 0x0011, 0x0012, 0x0010, 0x000c, 0x000b, 0x0008,
0x0008, 0x000a, 0x0008, 0x000a, 0x000b, 0x000a, 0x0007, 0x0003, 0x0001, 0x0000, 0x0002, 0x0000,
0xffff, 0xffff, 0xfffd, 0xfffa, 0xfffb, 0xfffc, 0xfffb, 0xffff, 0xfffd, 0xfffa, 0xfff9, 0xfff9,
0xfff6, 0xfff7, 0xfff7, 0xfff6, 0xfff8, 0xfffa, 0xfff8, 0xfff5, 0xfff5, 0xfff3, 0xfff3, 0xfff5,
0xfff6, 0xfffa, 0xfffb, 0xfffb, 0xfff9, 0xfff6, 0xfff3, 0xfff2, 0xfff4, 0xfff3, 0xfff6, 0xfff8,
0xfffa, 0xfffb, 0xfffd, 0xffff, 0xfffe, 0x0000, 0x0001, 0x0001, 0x0002, 0x0002, 0x0004, 0x0005,
0x0008, 0x0008, 0x0008, 0x000a, 0x000b, 0x000c, 0x0009, 0x0008, 0x000b, 0x0009, 0x000d, 0x000e,
0x000b, 0x000c, 0x000d, 0x000c, 0x000c, 0x000f, 0x000d, 0x000a, 0x0006, 0x0004, 0x0005, 0x0007,
0x0008, 0x0008, 0x0008, 0x0009, 0x0009, 0x0007, 0x0007, 0x0003, 0x0003, 0x0003, 0x0004, 0x0004,
0x0002, 0x0001, 0xfffe, 0xffff, 0x0000, 0xffff, 0xffff, 0xfffe, 0x0000, 0xfffd, 0xfff9, 0xfff7,
0xfff3, 0xfff3, 0xfff5, 0xfff6, 0xfff5, 0xfff2, 0xfff3, 0xfff1, 0xffed, 0xffed, 0xffee, 0xfff0,
0xfff3, 0xfff4, 0xfff2, 0xfff0, 0xffee, 0xffec, 0xffec, 0xffef, 0xffef, 0xfff2, 0xfff3, 0xfff6,
0xfff8, 0xfff6, 0xfff5, 0xfff5, 0xfff5, 0xfff7, 0xfffb, 0xfffc, 0xfffc, 0xffff, 0x0002, 0x0001,
0x0001, 0x0001, 0x0001, 0x0001, 0x0001, 0x0001, 0x0003, 0x0004, 0x0004, 0x0003, 0x0005, 0x0009,
0x000a, 0x0009, 0x0009, 0x000a, 0x0007, 0x0008, 0x000a, 0x0009, 0x0009, 0x0008, 0x0007, 0x0008,
0x0009, 0x000a, 0x000b, 0x000a, 0x000a, 0x000a, 0x000b, 0x0008, 0x0004, 0x0003, 0x0003, 0x0003,
0x0002, 0x0002, 0x0002, 0x0000, 0x0000, 0x0001, 0x0002, 0x0002, 0x0002, 0x0000, 0xfffe, 0xfffc,
0xfffb, 0xfffc, 0xfffe, 0x0000, 0x0001, 0x0001, 0x0001, 0x0001, 0xffff, 0x0001, 0x0002, 0x0001,
0x0000, 0x0004, 0x0007, 0x0006, 0x0008, 0x0008, 0x0008, 0x0007, 0x0007, 0x0008, 0x0009, 0x000a,
0x0009, 0x0009, 0x0007, 0x0004, 0x0005, 0x0007, 0x0008, 0x000a, 0x000b, 0x000a, 0x0009, 0x0005,
0x0005, 0x0007, 0x0008, 0x0008, 0x0007, 0x0007, 0x0008, 0x0005, 0x0003, 0x0003, 0x0005, 0x0006,
0x0006, 0x0008, 0x0007, 0x0005, 0x0004, 0x0000, 0xffff, 0xfffe, 0xfffd, 0xfffd, 0xfffe, 0x0000,
0xfffe, 0xfffc, 0xfffa, 0xfff9, 0xfff9, 0xfff8, 0xfff8, 0xfff6, 0xfff7, 0xfff8, 0xfff3, 0xfff2,
0xfff2, 0xfff3, 0xfff5, 0xfff6, 0xfff5, 0xfff4, 0xfff2, 0xfff2, 0xfff2, 0xfff2, 0xfff4, 0xfff2,
0xfff3, 0xfff3, 0xfff5, 0xfff6, 0xfff6, 0xfff7, 0xfff4, 0xfff3, 0xfff4, 0xfff4, 0xfff3, 0xfff3,
0xfff8, 0xfff9, 0xfff7, 0xfff5, 0xfff4, 0xfff7, 0xfff6, 0xfff2, 0xfff4, 0xfff7, 0xfff7, 0xfff6,
0xfff6, 0xfff5, 0xfff4, 0xfff5, 0xfff7, 0xfffc, 0xfffd, 0xfffb, 0xfffe, 0x0002, 0x0004, 0x0005,
0x0006, 0x0008, 0x0008, 0x0008, 0x000a, 0x000b, 0x000d, 0x000f, 0x0010, 0x0012, 0x0010, 0x0011,
0x0013, 0x0015, 0x0013, 0x0011, 0x0012, 0x0013, 0x0011, 0x0012, 0x0013, 0x0013, 0x0012, 0x0010,
0x000f, 0x000e, 0x000e, 0x000c, 0x000c, 0x000c, 0x0009, 0x0009, 0x0008, 0x0008, 0x0007, 0x0006,
0x0007, 0x0005, 0x0003, 0x0005, 0x0005, 0x0004, 0x0003, 0x0005, 0x0005, 0x0003, 0x0001, 0x0003,
0x0005, 0x0002, 0x0004, 0x0005, 0x0003, 0x0001, 0xffff, 0xfffe, 0xfffc, 0xfffb, 0xfffd, 0xfffe,
0xfffe, 0xfffe, 0xfffe, 0x0000, 0xfffe, 0xfffc, 0xfffb, 0xfffa, 0xfff8, 0xfff4, 0xfff6, 0xfff7,
0xfff5, 0xfff6, 0xfff6, 0xfff6, 0xfff2, 0xfff1, 0xfff1, 0xfff1, 0xfff0, 0xfff0, 0xfff1, 0xfff2,
0xfff2, 0xfff1, 0xfff0, 0xfff0, 0xfff0, 0xfff0, 0xfff0, 0xfff1, 0xfff5, 0xfff7, 0xfffa, 0xfffa,
0xfff8, 0xfffa, 0xfffd, 0xfffd, 0xfffd, 0xffff, 0x0000, 0x0000, 0x0001, 0x0004, 0x0006, 0x0007,
0x0007, 0x0006, 0x0006, 0x0009, 0x000b, 0x000c, 0x000c, 0x000f, 0x000f, 0x000e, 0x000f, 0x000e,
0x000e, 0x000d, 0x000c, 0x000d, 0x000e, 0x000e, 0x000d, 0x000c, 0x000b, 0x000c, 0x000b, 0x000a,
0x0008, 0x0007, 0x0006, 0x0003, 0x0001, 0x0001, 0x0003, 0x0004, 0x0002, 0x0001, 0x0003, 0x0003,
0x0003, 0x0002, 0x0002, 0x0003, 0x0005, 0x0006, 0x0006, 0x0006, 0x0007, 0x0008, 0x0007, 0x0005,
0x0005, 0x0005, 0x0003, 0x0002, 0x0003, 0x0003, 0x0000, 0xfffd, 0xfffc, 0xfffe, 0xfffa, 0xfff8,
0xfff8, 0xfff8, 0xfff7, 0xfff3, 0xffed, 0xffef, 0xfff1, 0xfff1, 0xfff2, 0xfff2, 0xfff4, 0xfff3,
0xfff0, 0xffee, 0xffee, 0xfff0, 0xfff0, 0xfff2, 0xfff3, 0xfff3, 0xfff3, 0xfff4, 0xfff5, 0xfff5,
0xfff4, 0xfff7, 0xfff9, 0xfffa, 0xfffe, 0x0000, 0x0000, 0x0001, 0x0001, 0x0002, 0x0004, 0x0005,
0x0006, 0x0006, 0x0007, 0x0007, 0x0006, 0x0005, 0x0003, 0x0005, 0x0005, 0x0002, 0x0002, 0x0002,
0x0000, 0xfffd, 0xffff, 0xfffe, 0xfffe, 0xfffe, 0xfffd, 0xfffc, 0xfffb, 0xfff9, 0xfff7, 0xfff9,
0xfffc, 0xfffe, 0xfffd, 0xfffe, 0xfffd, 0xfffe, 0xfffe, 0x0000, 0x0002, 0x0004, 0x0005, 0x0007,
0x0006, 0x0009, 0x000c, 0x000c, 0x000e, 0x000d, 0x000c, 0x000c, 0x000d, 0x000e, 0x000e, 0x000f,
0x000f, 0x000e, 0x000d, 0x000e, 0x000e, 0x000f, 0x000c, 0x000e, 0x000c, 0x000a, 0x0009, 0x0008,
0x0008, 0x0007, 0x0004, 0x0004, 0x0002, 0x0001, 0x0000, 0xfffe, 0xfffe, 0xfffd, 0xfffd, 0xfffb,
0xfff8, 0xfff8, 0xfff9, 0xfffc, 0xfffd, 0xfff9, 0xfff7, 0xfff8, 0xfff7, 0xfff8, 0xfff7, 0xfff9,
0xfffc, 0xffff, 0xffff, 0xfffe, 0x0000, 0x0001, 0x0001, 0x0001, 0x0000, 0x0001, 0xffff, 0x0000,
0x0000, 0xffff, 0x0000, 0xffff, 0xffff, 0xffff, 0xfffd, 0xfffb, 0xfff8, 0xfff8, 0xfff9, 0xfffb,
0xfffb, 0xfffa, 0xfff9, 0xfffa, 0xfff9, 0xfff7, 0xfff2, 0xfff2, 0xfff4, 0xfff5, 0xfff7, 0xfff8,
0xfff8, 0xfff9, 0xfff9, 0xfff9, 0xfff9, 0xfff9, 0xfffc, 0xfffe, 0x0000, 0x0001, 0x0002, 0x0001,
0xffff, 0x0001, 0x0004, 0x0005, 0x0004, 0x0005, 0x0006, 0x0006, 0x0007, 0x0006, 0x0003, 0x0004,
0x0005, 0x0002, 0x0002, 0x0003, 0x0003, 0x0003, 0x0004, 0x0004, 0x0002, 0x0001, 0x0001, 0x0001,
0xffff, 0xffff, 0x0000, 0x0001, 0x0004, 0x0005, 0x0004, 0x0004, 0x0002, 0x0003, 0x0005, 0x0006,
0x0004, 0x0005, 0x0009, 0x000a, 0x0009, 0x0007, 0x0008, 0x0009, 0x0009, 0x000a, 0x000a, 0x000b,
0x000a, 0x0009, 0x0009, 0x0008, 0x0006, 0x0007, 0x0008, 0x0008, 0x0009, 0x0008, 0x0007, 0x0008,
0x0009, 0x0009, 0x0009, 0x0008, 0x0006, 0x0007, 0x0004, 0x0004, 0x0008, 0x0009, 0x000a, 0x0008,
0x0005, 0x0003, 0xfffe, 0xfffb, 0xfffc, 0xfffe, 0xffff, 0xfffe, 0xfffd, 0xfffc, 0xfffb, 0xfff7,
0xfff7, 0xfff5, 0xfff3, 0xfff5, 0xfff6, 0xfff5, 0xfff5, 0xfff6, 0xfff6, 0xfff4, 0xfff3, 0xfff3,
0xfff4, 0xfff5, 0xfff6, 0xfff2, 0xfff6, 0xfff9, 0xfff5, 0xfff5, 0xfff8, 0xfff9, 0xfff8, 0xfff6,
0xfff6, 0xfff8, 0xfff8, 0xfffa, 0xfffc, 0xfffd, 0xfffd, 0xfffc, 0xfffb, 0xfffc, 0xfffd, 0xfffc,
0xfffd, 0x0000, 0x0000, 0xffff, 0x0000, 0xfffd, 0xfffd, 0xffff, 0xffff, 0xfffe, 0xfffe, 0xfffe,
0x0000, 0x0001, 0x0001, 0x0000, 0x0000, 0x0001, 0x0001, 0x0001, 0x0001, 0x0002, 0x0004, 0x0005,
0x0006, 0x0007, 0x0008, 0x0007, 0x0009, 0x0009, 0x000a, 0x000c, 0x000b, 0x000c, 0x000d, 0x000f,
0x000d, 0x000b, 0x000c, 0x000c, 0x000e, 0x000b, 0x000d, 0x000c, 0x000d, 0x000d, 0x0009, 0x0007,
0x0005, 0x0006, 0x0004, 0x0003, 0x0003, 0x0002, 0x0000, 0xffff, 0x0000, 0xfffe, 0xfffd, 0xfffb,
0xfffb, 0xfff9, 0xfff8, 0xfff8, 0xfff8, 0xfff8, 0xfff9, 0xfff8, 0xfff7, 0xfff5, 0xfff6, 0xfff7,
0xfff7, 0xfff7, 0xfff7, 0xfff8, 0xfffb, 0xfffb, 0xfffc, 0xfffd, 0xffff, 0xffff, 0x0000, 0x0002,
0x0002, 0x0003, 0x0004, 0x0005, 0x0004, 0x0003, 0x0003, 0x0004, 0x0004, 0x0005, 0x0006, 0x0004,
0x0003, 0x0003, 0x0001, 0x0002, 0x0002, 0x0001, 0x0000, 0xffff, 0xffff, 0xfffe, 0xfffd, 0xffff,
0x0001, 0x0000, 0xfffd, 0xfffd, 0xfffd, 0xfffd, 0xfffc, 0xfffe, 0xffff, 0xffff, 0xffff, 0x0000,
0x0001, 0x0000, 0xfffe, 0xfffc, 0xfffd, 0xfffe, 0xffff, 0x0000, 0x0004, 0x0005, 0x0003, 0x0002,
0x0001, 0x0001, 0x0000, 0x0000, 0x0001, 0x0000, 0x0001, 0x0001, 0x0000, 0x0001, 0x0001, 0x0000,
0x0000, 0xffff, 0xfffd, 0xfffe, 0x0000, 0xfffe, 0xfffe, 0xfffe, 0xfffe, 0xffff, 0xfffe, 0xfffe,
0xffff, 0xfffd, 0xfffd, 0xfffd, 0xfffb, 0xfffc, 0xfffd, 0xfffe, 0xfffe, 0xffff, 0xfffc, 0xfffb,
0xfffc, 0xfffd, 0xffff, 0x0000, 0x0001, 0xffff, 0xfffd, 0x0000, 0xfffe, 0xffff, 0x0003, 0x0001,
0x0002, 0x0001, 0x0001, 0x0001, 0x0000, 0x0000, 0x0002, 0xffff, 0xfffe, 0xffff, 0xffff, 0x0001,
0x0001, 0x0000, 0x0001, 0x0000, 0xfffd, 0xfffd, 0xffff, 0xffff, 0xffff, 0x0000, 0x0001, 0x0000,
0xfffd, 0xfffd, 0xfffe, 0xffff, 0xffff, 0xffff, 0xffff, 0x0000, 0xfffd, 0xfffd, 0xfffd, 0xfffb,
0xfffb, 0xfff8, 0xfff8, 0xfffb, 0xfffb, 0xfffd, 0xfffb, 0xfffa, 0xfff8, 0xfff6, 0xfff8, 0xfff9,
0xfff8, 0xfff7, 0xfff9, 0xfffb, 0xfffb, 0xfff8, 0xfffa, 0xfffd, 0xfffe, 0xfffe, 0xfffe, 0x0000,
0x0000, 0xffff, 0x0001, 0x0000, 0x0002, 0x0002, 0x0003, 0x0006, 0x0007, 0x0008, 0x0007, 0x0007,
0x0008, 0x000a, 0x0008, 0x0009, 0x000a, 0x0009, 0x000a, 0x0009, 0x0009, 0x000b, 0x000b, 0x000b,
0x000c, 0x000c, 0x000b, 0x0008, 0x0006, 0x0007, 0x0009, 0x0008, 0x0008, 0x0008, 0x0007, 0x0007,
0x0005, 0x0004, 0x0006, 0x0004, 0x0003, 0x0001, 0x0001, 0x0000, 0x0000, 0xffff, 0xffff, 0xfffe,
0xfffb, 0xfffb, 0xfffb, 0xfffb, 0xfffa, 0xfff8, 0xfff8, 0xfff6, 0xfff6, 0xfff6, 0xfff7, 0xfff8,
0xfff7, 0xfff8, 0xfff9, 0xfff8, 0xfff7, 0xfff9, 0xfffc, 0xfffa, 0xfffa, 0xfffa, 0xfffa, 0xfffa,
0xfffa, 0xfffb, 0xfffe, 0x0000, 0x0000, 0x0002, 0x0002, 0x0000, 0x0000, 0x0000, 0x0002, 0x0002,
0x0002, 0x0004, 0x0005, 0x0004, 0x0002, 0x0003, 0x0002, 0x0001, 0x0001, 0xffff, 0xfffe, 0xffff,
0xffff, 0xfffd, 0xfffc, 0xfffc, 0xffff, 0xfffe, 0xfffc, 0xfffd, 0xfffd, 0xfffc, 0xfffb, 0xfff9,
0xfffa, 0xfffb, 0xfffa, 0xfffc, 0xfffc, 0xfffa, 0xfff9, 0xfffa, 0xfffb, 0xfff9, 0xfffc, 0xffff,
0x0002, 0xffff, 0x0000, 0xffff, 0xfffd, 0xffff, 0x0001, 0x0002, 0x0005, 0x0008, 0x0006, 0x0006,
0x0004, 0x0004, 0x0004, 0x0005, 0x0006, 0x0005, 0x0006, 0x0005, 0x0005, 0x0006, 0x0006, 0x0004,
0x0005, 0x0006, 0x0006, 0x0006, 0x0003, 0x0002, 0x0001, 0x0001, 0x0002, 0x0002, 0x0002, 0x0004,
0x0003, 0x0000, 0x0000, 0x0001, 0xffff, 0xffff, 0x0001, 0x0002, 0x0001, 0x0000, 0x0000, 0x0000,
0x0001, 0x0000, 0x0001, 0x0001, 0x0001, 0x0002, 0x0000, 0x0000, 0xffff, 0xfffd, 0xfffc, 0xfffd,
0xfffe, 0xfffd, 0xfffc, 0xfffb, 0xfffa, 0xfff9, 0xfff9, 0xfff9, 0xfff7, 0xfff7, 0xfff8, 0xfff9,
0xfffb, 0xfff9, 0xfff7, 0xfffb, 0xfffc, 0xfffc, 0xfffe, 0xffff, 0xffff, 0xffff, 0xfffe, 0xfffe,
0xffff, 0xfffe, 0xffff, 0x0000, 0x0000, 0x0001, 0x0001, 0x0001, 0x0001, 0x0001, 0x0001, 0x0001,
0x0000, 0x0001, 0x0000, 0x0004, 0x0004, 0x0003, 0x0003, 0x0003, 0x0002, 0x0000, 0x0000, 0x0000,
0x0001, 0x0001, 0x0001, 0xffff, 0xffff, 0xffff, 0xffff, 0xfffe, 0xffff, 0xfffe, 0xfffe, 0xfffd,
0xfffc, 0xfffd, 0x0000, 0x0000, 0x0000, 0x0002, 0x0002, 0x0003, 0x0003, 0x0004, 0x0005, 0x0005,
0x0004, 0x0006, 0x0007, 0x0006, 0x0007, 0x0008, 0x0008, 0x0008, 0x0007, 0x0007, 0x0007, 0x0007,
0x0007, 0x0007, 0x0008, 0x0009, 0x0007, 0x0007, 0x0006, 0x0004, 0x0003, 0x0003, 0x0002, 0x0001,
0x0000, 0xfffe, 0xfffe, 0xfffd, 0xfffd, 0xfffb, 0xfff9, 0xfff8, 0xfff8, 0xfff9, 0xfff8, 0xfff8,
0xfff7, 0xfff8, 0xfff8, 0xfff9, 0xfff9, 0xfff8, 0xfff9, 0xfffa, 0xfff9, 0xfff9, 0xfff9, 0xfff9,
0xfff9, 0xfff9, 0xfffa, 0xfffe, 0xffff, 0xffff, 0xffff, 0xffff, 0xffff, 0xffff, 0x0000, 0x0001,
0x0001, 0x0002, 0x0001, 0x0001, 0x0001, 0x0002, 0x0000, 0xfffe, 0xfffe, 0xfffc, 0xfffb, 0xfffa,
0xfff9, 0xfff7, 0xfff7, 0xfff7, 0xfff8, 0xfff9, 0xfff8, 0xfff9, 0xfff8, 0xfff7, 0xfff6, 0xfff6,
0xfff9, 0xfffa, 0xfffc, 0xfffe, 0xffff, 0xfffe, 0xfffe, 0xffff, 0xffff, 0xffff, 0x0000, 0x0001,
0x0001, 0x0001, 0x0001, 0x0002, 0x0001, 0x0003, 0x0004, 0x0007, 0x0006, 0x0004, 0x0006, 0x0007,
0x0008, 0x0007, 0x000a, 0x000c, 0x000a, 0x000a, 0x0009, 0x000a, 0x0009, 0x0008, 0x0007, 0x0007,
0x0007, 0x0008, 0x0008, 0x0009, 0x0008, 0x0008, 0x0006, 0x0005, 0x0007, 0x0007, 0x0007, 0x0007,
0x0008, 0x0007, 0x0007, 0x0008, 0x0006, 0x0007, 0x0007, 0x0006, 0x0004, 0x0003, 0x0002, 0x0001,
0x0001, 0x0000, 0x0001, 0x0004, 0x0007, 0x0006, 0x0004, 0x0002, 0x0000, 0x0000, 0x0001, 0x0000,
0x0002, 0x0003, 0x0003, 0x0001, 0x0000, 0xffff, 0xfffe, 0xfffd, 0xfffd, 0x0000, 0xfffe, 0xffff,
0x0000, 0xfffe, 0xfffe, 0xfffe, 0xfffc, 0xfffc, 0xffff, 0x0000, 0xffff, 0xfffd, 0xfffc, 0xfffc,
0xfff9, 0xfffa, 0xfffb, 0xfff9, 0xfff9, 0xfff9, 0xfff7, 0xfff6, 0xfff3, 0xfff1, 0xfff2, 0xfff1,
0xfff2, 0xfff4, 0xfff4, 0xfff6, 0xfff7, 0xfff7, 0xfffa, 0xfffa, 0xfffb, 0xfffe, 0xfffe, 0xfffe,
0xffff, 0x0000, 0x0000, 0x0000, 0x0000, 0x0000, 0x0000, 0x0000, 0x0000, 0x0000, 0x0001, 0x0001,
0x0001, 0x0001, 0x0001, 0x0001, 0x0001, 0x0001, 0x0001, 0x0001, 0x0000, 0x0001, 0x0001, 0x0001,
0x0001, 0x0003, 0x0001, 0x0000, 0x0001, 0x0000, 0x0000, 0x0000, 0x0000, 0x0000, 0x0002, 0x0003,
0x0002, 0x0003, 0x0003, 0x0006, 0x0005, 0x0006, 0x0007, 0x0007, 0x0006, 0x0005, 0x0003, 0x0001,
0x0002, 0x0001, 0x0001, 0x0001, 0x0001, 0xffff, 0xfffe, 0xfffe, 0xfffe, 0xfffe, 0x0001, 0x0003,
0x0003, 0x0004, 0x0004, 0x0004, 0x0005, 0x0003, 0x0003, 0x0003, 0x0002, 0x0003, 0x0005, 0x0005,
0x0004, 0x0005, 0x0004, 0x0004, 0x0003, 0x0001, 0xffff, 0xffff, 0xffff, 0xfffe, 0xffff, 0xfffe,
0xfffc, 0xfffd, 0xfffc, 0xfff9, 0xfff8, 0xfff9, 0xfff8, 0xfff8, 0xfff8, 0xfff8, 0xfff8, 0xfff9,
0xfff9, 0xfff9, 0xfff7, 0xfff5, 0xfff4, 0xfff4, 0xfff4, 0xfff5, 0xfff7, 0xfff7, 0xfff7, 0xfff8,
0xfff8, 0xfff9, 0xfffa, 0xfff8, 0xfffa, 0xfffb, 0xfffa, 0xfffc, 0xfffd, 0xfffc, 0xfffa, 0xfffb,
0xfffc, 0xfffd, 0xfffd, 0xfffc, 0xfffd, 0xfffc, 0xfffd, 0xfffd, 0xfffd, 0x0000, 0x0001, 0x0003,
0x0004, 0x0004, 0x0001, 0x0000, 0x0000, 0x0000, 0x0000, 0x0000, 0x0002, 0x0005, 0x0004, 0x0004,
0x0004, 0x0003, 0x0003, 0x0003, 0x0002, 0x0005, 0x0007, 0x0007, 0x0007, 0x0008, 0x0008, 0x0009,
0x0008, 0x0007, 0x0008, 0x0005, 0x0005, 0x0005, 0x0005, 0x0006, 0x0006, 0x0008, 0x0008, 0x0007,
0x0008, 0x0006, 0x0005, 0x0004, 0x0004, 0x0004, 0x0005, 0x0005, 0x0008, 0x000a, 0x0009, 0x000a,
0x000b, 0x0009, 0x0008, 0x0006, 0x0005, 0x0005, 0x0005, 0x0005, 0x0004, 0x0002, 0x0001, 0x0001,
0xffff, 0xffff, 0xfffd, 0xfffc, 0xfffe, 0xfffd, 0xfffc, 0xfffa, 0xfffa, 0xfffc, 0xfffa, 0xfffb,
0xfffd, 0xfffb, 0xfffa, 0xfffc, 0xfffc, 0xfffc, 0xfffd, 0xfffc, 0xfffe, 0xffff, 0xfffe, 0xfffc,
0xfffb, 0xfffb, 0xfffa, 0xfffb, 0xfffa, 0xfffb, 0xfffd, 0xfffb, 0xfffb, 0xfffa, 0xfffc, 0xfffb,
0xfffc, 0xfffc, 0xfff9, 0xfffa, 0xfffb, 0xfff9, 0xfff8, 0xfffa, 0xfff8, 0xfff9, 0xfff9, 0xfff7,
0xfff7, 0xfff7, 0xfff7, 0xfff9, 0xfff9, 0xfff8, 0xfff9, 0xfff8, 0xfffa, 0xfffc, 0xfffd, 0xffff,
0x0000, 0x0003, 0x0003, 0x0004, 0x0004, 0x0006, 0x0006, 0x0006, 0x0007, 0x0006, 0x0006, 0x0006,
0x0006, 0x0007, 0x0007, 0x0008, 0x0008, 0x0004, 0x0004, 0x0005, 0x0003, 0x0004, 0x0004, 0x0005,
0x0004, 0x0004, 0x0004, 0x0001, 0x0001, 0x0000, 0x0002, 0x0002, 0x0002, 0x0002, 0x0005, 0x0004,
0x0002, 0x0001, 0x0001, 0x0001, 0x0000, 0xfffe, 0xfffb, 0xfffa, 0xfff9, 0xfff8, 0xfff8, 0xfffa,
0xfffa, 0xfff8, 0xfff9, 0xfff9, 0xfff8, 0xfff8, 0xfff8, 0xfff8, 0xfff6, 0xfff5, 0xfff5, 0xfff6,
0xfff7, 0xfff7, 0xfffa, 0xfffa, 0xfffc, 0xfffb, 0xfff9, 0xfff9, 0xfffa, 0xfffb, 0xfffb, 0xfffb,
0xfffb, 0xfffa, 0xfffa, 0xfff9, 0xfff8, 0xfff8, 0xfffa, 0xfffb, 0xfff8, 0xfff9, 0xfffb, 0xfffd,
0xfffb, 0xfffa, 0xfffc, 0xfffc, 0xfffb, 0xfffd, 0xfffe, 0xffff, 0x0000, 0x0001, 0x0000, 0x0001,
0x0004, 0x0004, 0x0006, 0x0006, 0x0006, 0x0008, 0x0007, 0x0008, 0x0008, 0x0007, 0x0007, 0x0008,
0x0006, 0x0007, 0x0008, 0x0008, 0x0008, 0x0008, 0x0009, 0x0009, 0x0007, 0x0009, 0x000a, 0x000d,
0x000f, 0x000e, 0x000f, 0x000f, 0x000f, 0x000f, 0x000f, 0x000e, 0x000e, 0x000f, 0x000d, 0x000c,
0x000d, 0x000b, 0x000a, 0x000a, 0x000b, 0x000b, 0x0009, 0x0008, 0x0008, 0x0009, 0x0008, 0x0008,
0x0005, 0x0004, 0x0005, 0x0003, 0x0003, 0x0003, 0x0001, 0x0000, 0xffff, 0xffff, 0x0001, 0xfffe,
0xfffb, 0xfffb, 0xfffb, 0xfffa, 0xfffa, 0xfffa, 0xfffb, 0xfff9, 0xfff8, 0xfff8, 0xfff7, 0xfff8,
0xfff8, 0xfff8, 0xfff8, 0xfff9, 0xfff9, 0xfff7, 0xfff6, 0xfff6, 0xfff7, 0xfff5, 0xfff4, 0xfff3,
0xfff2, 0xfff3, 0xfff1, 0xfff2, 0xfff3, 0xfff6, 0xfff5, 0xfff4, 0xfff5, 0xfff5, 0xfff6, 0xfff4,
0xfff6, 0xfff6, 0xfff6, 0xfff6, 0xfff5, 0xfff8, 0xfff6, 0xfff7, 0xfff9, 0xfff8, 0xfff8, 0xfff7,
0xfff6, 0xfff7, 0xfff9, 0xfff9, 0xfff9, 0xfffb, 0xfffb, 0xfffa, 0xfffa, 0xfff9, 0xfffb, 0xfffc,
0xfffb, 0xfffd, 0xfffe, 0xfffd, 0xfffd, 0xfffc, 0xfffb, 0xfffb, 0xfffb, 0xfffa, 0xfffd, 0x0000,
0x0000, 0x0001, 0x0002, 0x0005, 0x0005, 0x0007, 0x0007, 0x0007, 0x000a, 0x000a, 0x000a, 0x000a,
0x000a, 0x000b, 0x000a, 0x000a, 0x000b, 0x000b, 0x000c, 0x000c, 0x000c, 0x000c, 0x000b, 0x000a,
0x000c, 0x000e, 0x000b, 0x000b, 0x000c, 0x000a, 0x000a, 0x0008, 0x0007, 0x0008, 0x0007, 0x0007,
0x0008, 0x0006, 0x0006, 0x0008, 0x0006, 0x0005, 0x0005, 0x0005, 0x0005, 0x0005, 0x0004, 0x0004,
0x0002, 0x0001, 0x0001, 0x0001, 0x0001, 0x0000, 0xfffe, 0xffff, 0x0000, 0xffff, 0xfffe, 0xfffd,
0xfffe, 0xfffc, 0xfffd, 0xfffb, 0xfff9, 0xfffa, 0xfff9, 0xfffb, 0xfffc, 0xfffc, 0xfffc, 0xfffc,
0xfffc, 0xfffc, 0xfffd, 0xfffb, 0xfffb, 0xfffd, 0xfffb, 0xfffa, 0xfffa, 0xfffc, 0xfffd, 0xfffd,
0xfffd, 0xfffc, 0xfffb, 0xfffa, 0xfff8, 0xfff8, 0xfff8, 0xfff8, 0xfff9, 0xfff9, 0xfff9, 0xfff9,
0xfffa, 0xfff9, 0xfff9, 0xfff9, 0xfff8, 0xfff7, 0xfff6, 0xfff2, 0xfff3, 0xfff5, 0xfff7, 0xfff8,
0xfff7, 0xfff9, 0xfff9, 0xfffa, 0xfffb, 0xfffe, 0xfffe, 0xffff, 0x0000, 0x0001, 0x0002, 0x0001,
0x0002, 0x0003, 0x0005, 0x0006, 0x0006, 0x0005, 0x0004, 0x0004, 0x0005, 0x0006, 0x0005, 0x0006,
0x0005, 0x0008, 0x0006, 0x0005, 0x0006, 0x0006, 0x0005, 0x0006, 0x0006, 0x0006, 0x0005, 0x0005,
0x0007, 0x0007, 0x0007, 0x0007, 0x0007, 0x0007, 0x0004, 0x0003, 0x0004, 0x0003, 0x0002, 0x0002,
0x0001, 0x0002, 0x0002, 0x0001, 0x0001, 0x0001, 0x0001, 0x0001, 0x0001, 0x0001, 0xffff, 0xfffe,
0xffff, 0xfffd, 0xfffc, 0xfffc, 0xfffc, 0xfffc, 0xfffa, 0xfff9, 0xfffb, 0xfffc, 0xfffb, 0xfffd,
0xfffe, 0xfffc, 0xfffc, 0xfffc, 0xfffc, 0xfffb, 0xfffc, 0xfffd, 0xffff, 0x0000, 0xfffe, 0xfffe,
0xfffe, 0xfffe, 0xffff, 0x0000, 0x0000, 0x0000, 0x0000, 0x0000, 0x0000, 0xffff, 0xfffe, 0x0000,
0x0000, 0x0000, 0x0000, 0x0000, 0x0000, 0x0000, 0xffff, 0xfffe, 0xfffe, 0xfffe, 0xfffe, 0xfffe,
0xfffe, 0xfffe, 0xffff, 0xfffe, 0xffff, 0xffff, 0x0000, 0x0000, 0x0001, 0x0000, 0x0000, 0x0000,
0xffff, 0x0000, 0xffff, 0x0000, 0x0001, 0x0002, 0x0004, 0x0005, 0x0004, 0x0002, 0x0003, 0x0003,
0x0002, 0x0001, 0x0002, 0x0001, 0x0001, 0x0001, 0x0002, 0x0004, 0x0003, 0x0003, 0x0004, 0x0004,
0x0003, 0x0001, 0x0001, 0x0003, 0x0003, 0x0003, 0x0003, 0x0004, 0x0005, 0x0007, 0x0006, 0x0005,
0x0004, 0x0003, 0x0005, 0x0004, 0x0005, 0x0004, 0x0004, 0x0002, 0x0003, 0x0003, 0x0001, 0x0002,
0x0000, 0xfffe, 0xfffd, 0xfffe, 0xfffc, 0xfffc, 0xfffb, 0xfffc, 0xfffc, 0xfffb, 0xfffb, 0xfffa,
0xfffb, 0xfffa, 0xfffb, 0xfff9, 0xfff8, 0xfff9, 0xfff8, 0xfff9, 0xfff8, 0xfff9, 0xfff8, 0xfff9,
0xfff8, 0xfff8, 0xfff9, 0xfff9, 0xfff9, 0xfff9, 0xfff9, 0xfff9, 0xfff9, 0xfff8, 0xfff8, 0xfff8,
0xfff8, 0xfff8, 0xfff8, 0xfff8, 0xfff8, 0xfff9, 0xfff9, 0xfffb, 0xfff9, 0xfffa, 0xfffb, 0xfff9,
0xfffa, 0xfffc, 0xfffc, 0xfffd, 0x0000, 0x0000, 0x0000, 0x0000, 0x0000, 0x0002, 0x0001, 0x0003,
0x0003, 0x0003, 0x0004, 0x0003, 0x0004, 0x0003, 0x0005, 0x0006, 0x0005, 0x0006, 0x0004, 0x0004,
0x0002, 0x0002, 0x0004, 0x0003, 0x0005, 0x0004, 0x0004, 0x0003, 0x0001, 0x0003, 0x0004, 0x0004,
0x0003, 0x0003, 0x0003, 0x0005, 0x0004, 0x0002, 0x0005, 0x0005, 0x0006, 0x0007, 0x0007, 0x0008,
0x0006, 0x0006, 0x0005, 0x0007, 0x0006, 0x0005, 0x0007, 0x0004, 0x0004, 0x0004, 0x0004, 0x0003,
0x0003, 0x0004, 0x0004, 0x0003, 0x0002, 0x0002, 0x0002, 0x0000, 0xffff, 0xffff, 0xfffe, 0xfffe,
0x0000, 0xffff, 0xfffe, 0xffff, 0xfffe, 0x0000, 0xffff, 0xfffe, 0xfffe, 0x0000, 0xffff, 0xfffe,
0x0000, 0x0000, 0x0001, 0x0001, 0x0002, 0x0001, 0x0002, 0x0001, 0x0001, 0x0001, 0x0001, 0xffff,
0x0000, 0x0000, 0x0000, 0x0001, 0x0000, 0x0001, 0x0000, 0xffff, 0xfffe, 0xffff, 0xfffd, 0xfffe,
0xfffd, 0xfffd, 0xfffe, 0xfffe, 0xfffe, 0xffff, 0xfffd, 0xfffd, 0xfffd, 0xfffd, 0xfffd, 0xfffb,
0xfffc, 0xfffd, 0xfffd, 0xfffd, 0xfffd, 0xfffd, 0xfffd, 0xfffd, 0xfffd, 0xfffc, 0xfffd, 0xfffd,
0xfffd, 0xfffe, 0xfffa, 0xfff9, 0xfff9, 0xfffa, 0xfffa, 0xfffc, 0xfffd, 0xfffd, 0xfffc, 0xfffb,
0xfffc, 0xfffc, 0xfffc, 0xfffd, 0xffff, 0xfffe, 0xffff, 0xfffd, 0xfffd, 0xfffe, 0xfffe, 0x0000,
0x0001, 0x0001, 0x0002, 0x0001, 0x0001, 0x0002, 0x0001, 0x0002, 0x0005, 0x0004, 0x0004, 0x0002,
0x0001, 0x0002, 0x0001, 0x0003, 0x0004, 0x0004, 0x0004, 0x0002, 0x0001, 0x0001, 0x0000, 0x0001,
0x0003, 0x0004, 0x0004, 0x0004, 0x0002, 0x0002, 0x0001, 0x0001, 0x0004, 0x0004, 0x0004, 0x0003,
0x0002, 0x0002, 0x0001, 0x0001, 0x0003, 0x0004, 0x0003, 0x0003, 0x0004, 0x0002, 0x0001, 0x0001,
0x0001, 0x0001, 0x0001, 0x0001, 0x0002, 0x0002, 0x0001, 0x0001, 0x0001, 0x0001, 0x0001, 0x0002,
0x0001, 0x0000, 0x0001, 0x0001, 0x0001, 0x0001, 0x0001, 0x0002, 0x0002, 0x0002, 0x0001, 0x0001,
0x0001, 0x0001, 0x0001, 0x0001, 0x0001, 0x0001, 0x0001, 0x0000, 0x0000, 0xffff, 0xfffd, 0xfffe,
0xffff, 0xfffd, 0xfffc, 0xfffe, 0xfffe, 0xfffe, 0xfffd, 0xfffd, 0xfffc, 0xfffe, 0xfffe, 0xfffb,
0xfffb, 0xfffa, 0xfffb, 0xfffa, 0xfffa, 0xfffb, 0xfffb, 0xfffa, 0xfffc, 0xfffc, 0xfffd, 0xfffe,
0xffff, 0x0000, 0x0000, 0x0001, 0x0001, 0x0002, 0x0001, 0x0001, 0x0002, 0x0001, 0x0001, 0x0002,
0x0002, 0x0001, 0x0002, 0x0002, 0x0002, 0x0002, 0x0002, 0x0002, 0x0002, 0x0002, 0x0002, 0x0002,
0x0002, 0x0001, 0x0001, 0x0001, 0x0001, 0x0000, 0x0001, 0x0001, 0x0000, 0x0001, 0x0000, 0x0000,
0x0002, 0x0001, 0x0002, 0x0001, 0x0003, 0x0004, 0x0002, 0x0002, 0x0001, 0x0003, 0x0004, 0x0004,
0x0004, 0x0002, 0x0002, 0x0002, 0x0001, 0x0001, 0x0002, 0xffff, 0xffff, 0xfffe, 0xfffd, 0xfffe,
0xfffc, 0xfffc, 0xfffb, 0xfffb, 0xfffa, 0xfffa, 0xfffb, 0xfffb, 0xfffd, 0xfffc, 0xfffb, 0xfffb,
0xfffb, 0xfffa, 0xfffc, 0xfffd, 0xfffe, 0xfffe, 0xffff, 0x0001, 0x0000, 0x0001, 0x0000, 0x0000,
0x0000, 0x0001, 0x0002, 0x0002, 0x0002, 0x0002, 0x0001, 0x0001, 0x0001, 0x0001, 0x0001, 0x0001,
0x0002, 0xffff, 0xffff, 0xffff, 0x0000, 0xffff, 0x0000, 0x0001, 0x0000, 0x0001, 0x0001, 0x0001,
0x0001, 0x0001, 0x0000, 0x0001, 0x0001, 0x0001, 0x0002, 0x0003, 0x0003, 0x0003, 0x0003, 0x0003,
0x0003, 0x0003, 0x0004, 0x0002, 0x0001, 0x0001, 0x0001, 0x0001, 0x0001, 0x0002, 0x0003, 0x0003,
0x0002, 0x0000, 0x0000, 0x0000, 0x0000, 0x0000, 0x0000, 0x0000, 0x0000, 0x0001, 0xffff, 0xffff,
0x0001, 0x0000, 0x0001, 0x0000, 0x0001, 0xffff, 0x0000, 0x0000, 0x0000, 0x0001, 0x0000, 0x0001,
0xffff, 0xfffe, 0xfffe, 0xfffe, 0xffff, 0xfffe, 0xfffe, 0xffff, 0xfffe, 0xfffe, 0xfffe, 0xfffe,
0xfffe, 0xfffe, 0xffff, 0xfffe, 0xffff, 0xfffe, 0xffff, 0xfffd, 0xfffd, 0x0000, 0x0000, 0x0000,
0x0001, 0x0003, 0x0003, 0x0004, 0x0003, 0x0003, 0x0004, 0x0004, 0x0003, 0x0005, 0x0005, 0x0003,
0x0004, 0x0002, 0x0001, 0x0002, 0x0001, 0x0002, 0x0001, 0x0000, 0x0001, 0x0000, 0xfffe, 0xfffd,
0xfffd, 0xfffd, 0xfffc, 0xfffb, 0xfffa, 0xfff9, 0xfff9, 0xfff8, 0xfff8, 0xfff8, 0xfff8, 0xfff8,
0xfffa, 0xfffa, 0xfffa, 0xfffc, 0xfffc, 0xfffc, 0xfffd, 0xfffc, 0xfffc, 0xfffe, 0xfffe, 0x0000,
0x0001, 0x0000, 0x0001, 0x0000, 0x0001, 0x0000, 0x0001, 0x0000, 0x0001, 0x0000, 0x0001, 0x0001,
0x0000, 0x0000, 0x0001, 0x0002, 0x0001, 0x0001, 0x0002, 0x0002, 0x0001, 0x0001, 0x0002, 0x0003,
0x0004, 0x0003, 0x0004, 0x0002, 0x0001, 0x0002, 0x0004, 0x0005, 0x0005, 0x0005, 0x0005, 0x0006,
0x0005, 0x0005, 0x0006, 0x0005, 0x0005, 0x0005, 0x0005, 0x0004, 0x0003, 0x0004, 0x0002, 0x0002,
0x0001, 0x0000, 0x0001, 0xffff, 0xfffd, 0xfffd, 0xfffd, 0xfffc, 0xfffc, 0xfffc, 0xfffc, 0xfffc,
0xfffb, 0xfffb, 0xfffa, 0xfffa, 0xfffb, 0xfffc, 0xfffc, 0xfffd, 0xfffe, 0xfffe, 0xffff, 0xfffe,
0xfffe, 0x0000, 0x0001, 0x0000, 0x0001, 0x0001, 0x0002, 0x0002, 0x0002, 0x0001, 0x0001, 0x0003,
0x0004, 0x0002, 0x0001, 0x0002, 0x0001, 0x0002, 0x0001, 0x0000, 0x0000, 0xffff, 0xfffe, 0xfffe,
0xffff, 0xfffe, 0xfffc, 0xfffd, 0xfffc, 0xfffd, 0xfffc, 0xfffb, 0xfffc, 0xfffd, 0xfffd, 0xfffd,
0xfffd, 0xfffd, 0xfffd, 0xfffe, 0xfffd, 0xfffe, 0xffff, 0xfffe, 0x0000, 0x0000, 0x0000, 0x0001,
0x0000, 0x0001, 0x0000, 0x0000, 0x0000, 0x0001, 0x0001, 0x0000, 0x0000, 0x0001, 0x0001, 0x0000,
0x0001, 0x0002, 0x0001, 0x0002, 0x0002, 0x0001, 0x0000, 0x0001, 0x0000, 0x0001, 0x0002, 0x0001,
0x0003, 0x0002, 0x0001, 0x0002, 0x0004, 0x0005, 0x0006, 0x0007, 0x0006, 0x0005, 0x0005, 0x0005,
0x0006, 0x0007, 0x0007, 0x0008, 0x0006, 0x0006, 0x0007, 0x0004, 0x0004, 0x0002, 0x0001, 0x0002,
0x0001, 0x0001, 0x0001, 0x0000, 0x0001, 0x0000, 0xffff, 0xffff, 0xffff, 0xffff, 0xfffe, 0xfffd,
0xfffd, 0xfffd, 0xfffd, 0xfffd, 0xfffd, 0xfffe, 0xfffe, 0xfffe, 0xffff, 0xffff, 0xffff, 0xfffe,
0xffff, 0xffff, 0xfffe, 0xfffe, 0xffff, 0xfffe, 0x0000, 0x0001, 0x0000, 0xffff, 0xffff, 0xfffd,
0xfffc, 0xfffe, 0xffff, 0xffff, 0xffff, 0xfffd, 0xfffd, 0xfffc, 0xfffd, 0xfffc, 0xfffd, 0xffff,
0xfffe, 0xfffd, 0xfffc, 0xfffe, 0xfffd, 0xfffc, 0xfffd, 0xfffc, 0xfffe, 0xfffe, 0xfffe, 0xffff,
0xffff, 0xffff, 0xffff, 0xffff, 0xffff, 0xffff, 0xffff, 0xffff, 0xffff, 0xffff, 0xffff, 0xffff,
0xfffe, 0xfffe, 0x0000, 0x0001, 0x0000, 0x0001, 0x0001, 0xffff, 0xffff, 0x0001, 0x0001, 0x0002,
0x0001, 0x0001, 0x0001, 0x0001, 0x0003, 0x0003, 0x0003, 0x0003, 0x0003, 0x0003, 0x0003, 0x0004,
0x0003, 0x0004, 0x0004, 0x0004, 0x0004, 0x0002, 0x0002, 0x0001, 0x0001, 0x0002, 0x0000, 0x0000,
0xfffe, 0xffff, 0xfffe, 0xfffc, 0xfffd, 0xfffd, 0xfffd, 0xfffd, 0xfffd, 0xfffc, 0xfffc, 0xfffc,
0xfffc, 0xfffc, 0xfffc, 0xfffc, 0xfffd, 0xffff, 0x0000, 0x0001, 0x0001, 0x0001, 0x0002, 0x0003,
0x0003, 0x0005, 0x0005, 0x0005, 0x0005, 0x0005, 0x0005, 0x0005, 0x0006, 0x0005, 0x0005, 0x0006,
0x0004, 0x0004, 0x0004, 0x0002, 0x0002, 0x0002, 0x0002, 0x0002, 0x0002, 0x0001, 0xffff, 0xfffe,
0x0000, 0x0001, 0x0001, 0x0001, 0x0001, 0x0000, 0xffff, 0xffff, 0xffff, 0xfffe, 0x0000, 0x0001,
0x0000, 0x0000, 0x0001, 0x0001, 0x0000, 0x0001, 0x0000, 0x0001, 0x0001, 0x0001, 0x0001, 0xffff,
0xffff, 0xffff, 0xfffd, 0xfffd, 0xfffd, 0xfffc, 0xfffe, 0xfffe, 0xffff, 0xfffd, 0xfffe, 0xfffe,
0xfffc, 0xfffe, 0xfffe, 0x0000, 0x0000, 0x0001, 0x0000, 0x0001, 0x0001, 0x0000, 0x0000, 0x0000,
0x0001, 0x0001, 0x0000, 0x0000, 0x0000, 0x0001, 0x0000, 0x0000, 0x0001, 0x0001, 0xffff, 0xffff,
0xfffe, 0xfffe, 0xfffe, 0xfffe, 0xffff, 0xffff, 0xfffe, 0xffff, 0xffff, 0xffff, 0xfffe, 0xffff,
0xfffd, 0xfffe, 0xfffd, 0xfffe, 0xffff, 0xfffe, 0x0000, 0x0000, 0x0001, 0xffff, 0x0000, 0x0001,
0xffff, 0x0000, 0x0001, 0xffff, 0xffff, 0xffff, 0xffff, 0xffff, 0xffff, 0xffff, 0xffff, 0xffff,
0xffff, 0xffff, 0xffff, 0xfffd, 0xfffe, 0xffff, 0xfffe, 0xffff, 0xffff, 0xffff, 0xffff, 0xfffe,
0xfffe, 0xffff, 0xfffe, 0x0000, 0x0001, 0x0000, 0x0001, 0x0000, 0x0000, 0x0001, 0x0001, 0x0000,
0x0001, 0x0002, 0x0001, 0x0001, 0x0001, 0x0001, 0x0001, 0x0001, 0x0001, 0x0001, 0x0001, 0x0001,
0x0001, 0x0000, 0x0001, 0x0001, 0x0000, 0x0001, 0x0000, 0x0001, 0x0001, 0x0000, 0x0001, 0x0001,
0x0000, 0x0000, 0x0001, 0x0000, 0x0001, 0x0001, 0x0001, 0x0001, 0x0001, 0x0002, 0x0003, 0x0003,
0x0003, 0x0003, 0x0003, 0x0003, 0x0004, 0x0003, 0x0003, 0x0003, 0x0003, 0x0005, 0x0004, 0x0003,
0x0004, 0x0004, 0x0003, 0x0001, 0x0002, 0x0002, 0x0002, 0x0002, 0x0001, 0x0000, 0x0001, 0x0001,
0x0000, 0x0001, 0x0001, 0x0001, 0x0001, 0xffff, 0x0000, 0x0001, 0x0000, 0x0001, 0x0001, 0x0001,
0x0001, 0x0000, 0x0000, 0x0001, 0xffff, 0xfffe, 0xfffe, 0x0000, 0xffff, 0xfffe, 0xffff, 0xfffe,
0xfffd, 0xfffc, 0xfffd, 0xfffb, 0xfffb, 0xfffa, 0xfffb, 0xfffb, 0xfff9, 0xfff8, 0xfff9, 0xfff9,
0xfff8, 0xfff7, 0xfff9, 0xfff9, 0xfff8, 0xfff8, 0xfff8, 0xfff8, 0xfff9, 0xfff9, 0xfff9, 0xfff9,
0xfff8, 0xfffa, 0xfffb, 0xfffb, 0xfffa, 0xfffb, 0xfffd, 0xfffc, 0xfffe, 0xffff, 0xfffe, 0xffff,
0xffff, 0xffff, 0xffff, 0xffff, 0xfffe, 0xffff, 0xffff, 0xfffe, 0xfffe, 0xffff, 0xffff, 0xffff,
0xffff, 0xfffe, 0xfffe, 0xfffe, 0x0000, 0x0001, 0x0000, 0x0000, 0x0000, 0x0001, 0x0000, 0x0001,
0x0001, 0x0001, 0x0000, 0x0000, 0x0000, 0x0000, 0x0001, 0x0000, 0x0002, 0x0003, 0x0003, 0x0003,
0x0003, 0x0003, 0x0003, 0x0003, 0x0003, 0x0003, 0x0003, 0x0003, 0x0003, 0x0002, 0x0001, 0x0001,
0x0001, 0x0002, 0x0003, 0x0003, 0x0003, 0x0003, 0x0003, 0x0001, 0x0001, 0x0000, 0x0002, 0x0003,
0x0002, 0x0003, 0x0003, 0x0004, 0x0005, 0x0005, 0x0005, 0x0005, 0x0005, 0x0005, 0x0005, 0x0005,
0x0004, 0x0003, 0x0003, 0x0005, 0x0005, 0x0003, 0x0003, 0x0003, 0x0004, 0x0004, 0x0002, 0x0002,
0x0002, 0x0001, 0x0001, 0x0001, 0x0001, 0xffff, 0xffff, 0xffff, 0xffff, 0xffff, 0xffff, 0xffff,
0xfffe, 0xffff, 0xffff, 0xffff, 0xfffe, 0xfffe, 0xfffe, 0xffff, 0xfffe, 0x0000, 0x0001, 0xffff,
0xfffe, 0xffff, 0xffff, 0xfffe, 0xffff, 0xfffd, 0xfffc, 0xfffc, 0xfffe, 0xfffd, 0xfffc, 0xfffd,
0xfffb, 0xfffb, 0xfffb, 0xfffb, 0xfff9, 0xfffa, 0xfffb, 0xfffb, 0xfffb, 0xfffa, 0xfff9, 0xfff8,
0xfffa, 0xfffb, 0xfffa, 0xfff9, 0xfff9, 0xfff9, 0xfff9, 0xfff9, 0xfffa, 0xfffb, 0xfffa, 0xfffc,
0xfffd, 0xfffc, 0xfffd, 0xfffc, 0xfffe, 0xffff, 0xffff, 0xfffe, 0xffff, 0xffff, 0x0000, 0x0001,
0x0000, 0x0001, 0x0001, 0x0001, 0x0002, 0x0002, 0x0002, 0x0001, 0x0001, 0x0002, 0x0002, 0x0001,
0x0003, 0x0003, 0x0003, 0x0004, 0x0003, 0x0003, 0x0003, 0x0003, 0x0003, 0x0005, 0x0005, 0x0005,
0x0005, 0x0006, 0x0005, 0x0005, 0x0006, 0x0005, 0x0006, 0x0006, 0x0006, 0x0005, 0x0006, 0x0005,
0x0004, 0x0003, 0x0004, 0x0003, 0x0003, 0x0003, 0x0003, 0x0003, 0x0003, 0x0004, 0x0002, 0x0001,
0x0002, 0x0001, 0x0001, 0x0001, 0x0000, 0x0001, 0x0001, 0x0001, 0x0001, 0x0001, 0x0001, 0x0002,
0x0001, 0x0000, 0x0000, 0x0000, 0x0000, 0x0000, 0x0000, 0x0000, 0x0000, 0x0000, 0x0000, 0x0000,
0x0000, 0x0000, 0x0000, 0x0000, 0x0001, 0x0001, 0x0000, 0x0000, 0x0001, 0x0000, 0x0001, 0x0001,
0x0000, 0x0001, 0x0001, 0x0001, 0x0000, 0x0000, 0x0001, 0x0001, 0x0000, 0x0001, 0x0002, 0x0001,
0x0001, 0x0002, 0x0001, 0x0001, 0x0002, 0x0001, 0x0002, 0x0001, 0x0002, 0x0001, 0x0000, 0x0001,
0x0001, 0x0001, 0x0001, 0x0002, 0x0001, 0x0000, 0x0001, 0x0000, 0x0001, 0xffff, 0xfffe, 0xffff,
0xfffe, 0xffff, 0xffff, 0xfffe, 0xffff, 0xffff, 0xffff, 0xfffd, 0xfffe, 0xffff, 0xffff, 0xffff,
0xffff, 0xffff, 0xffff, 0xffff, 0xffff, 0xfffe, 0x0000, 0x0000, 0x0000, 0x0001, 0x0000, 0x0001,
0x0000, 0x0000, 0x0000, 0x0000, 0x0001, 0x0001, 0x0001, 0x0000, 0x0001, 0xffff, 0xfffe, 0xffff,
0xfffe, 0xffff, 0xfffe, 0xfffe, 0xfffe, 0xffff, 0xffff, 0xfffe, 0xfffe, 0xffff, 0xfffe, 0xffff,
0xfffd, 0xfffe, 0xffff, 0xfffe, 0xfffe, 0xfffe, 0xffff, 0xfffe, 0x0000, 0xffff, 0xfffe, 0xffff,
0xfffe, 0xffff, 0xfffe, 0xfffe, 0xffff, 0xfffe, 0x0000, 0x0001, 0x0000, 0x0001, 0x0001, 0x0001,
0x0000, 0xffff, 0xffff, 0xffff, 0xfffe, 0xfffe, 0xfffe, 0x0000, 0x0001, 0x0000, 0x0001, 0x0000,
0x0000, 0x0001, 0x0001, 0x0001, 0x0002, 0x0002, 0x0002, 0x0001, 0x0000, 0x0001, 0x0001, 0x0001,
0x0002, 0x0001, 0x0002, 0x0002, 0x0001, 0x0001, 0x0002, 0x0001, 0x0001, 0x0002, 0x0001, 0x0001,
0x0001, 0x0001, 0x0001, 0x0001, 0x0002, 0x0004, 0x0002, 0x0001, 0x0001, 0x0001, 0x0001, 0x0001,
0x0001, 0x0001, 0x0001, 0x0001, 0x0001, 0x0001, 0x0002, 0x0002, 0x0001, 0x0002, 0x0002, 0x0002,
0x0002, 0x0002, 0x0001, 0x0001, 0x0001, 0x0001, 0x0000, 0x0001, 0x0000, 0x0000, 0x0000, 0x0001,
0x0001, 0x0001, 0x0001, 0x0000, 0x0000, 0x0000, 0x0001, 0x0000, 0x0000, 0x0000, 0x0000, 0x0000,
0x0000, 0x0000, 0x0001, 0x0000, 0x0001, 0x0001, 0x0000, 0x0001, 0x0000, 0x0001, 0x0000, 0x0000,
0x0000, 0x0000, 0x0000, 0x0000, 0x0000, 0x0000, 0x0001, 0x0001, 0xffff, 0xfffe, 0xffff, 0xfffe,
0xfffe, 0xfffe, 0xfffe, 0xfffe, 0xfffe, 0xffff, 0x0000, 0xffff, 0xfffe, 0x0000, 0xffff, 0xfffe,
0xffff, 0xfffe, 0xfffe, 0xfffe, 0xfffe, 0x0000, 0xffff, 0x0000, 0xffff, 0x0000, 0xffff, 0xfffe,
0xffff, 0xfffe, 0xffff, 0xfffe, 0xffff, 0xffff, 0xffff, 0xfffe, 0xfffe, 0xfffe, 0xfffe, 0xfffe,
0xfffe, 0xfffe, 0xfffe, 0xfffe, 0xfffe, 0x0000, 0x0000, 0x0000, 0x0000, 0x0000, 0x0000, 0x0001,
0x0001, 0x0001, 0x0001, 0x0001, 0x0001, 0x0002, 0x0001, 0x0001, 0x0001, 0x0001, 0x0000, 0x0003,
0x0002, 0x0002, 0x0004, 0x0002, 0x0001, 0x0001, 0x0001, 0x0001, 0x0001, 0x0002, 0x0003, 0x0003,
0x0003, 0x0003, 0x0002, 0x0001, 0x0003, 0x0003, 0x0003, 0x0004, 0x0002, 0x0001, 0x0002, 0x0002,
0x0002, 0x0002, 0x0002, 0x0001, 0x0001, 0x0001, 0x0001, 0x0001, 0x0001, 0x0001, 0x0000, 0x0001,
0x0001, 0x0001, 0xffff, 0xffff, 0xffff, 0xfffe, 0xfffe, 0xfffe, 0xfffe, 0xffff, 0xfffe, 0xfffe,
0xffff, 0xfffd, 0xfffd, 0xfffc, 0xfffd, 0xfffc, 0xfffe, 0xffff, 0xfffe, 0xfffe, 0xfffe, 0xfffe,
0xfffe, 0xfffe, 0xfffe, 0xffff, 0xffff, 0xfffe, 0xfffe, 0xffff, 0xfffe, 0xfffe, 0xfffe, 0xfffe,
0x0000, 0x0000, 0x0000, 0x0000, 0x0000, 0x0000, 0x0000, 0x0001, 0x0001, 0x0001, 0x0001, 0x0001,
0x0001, 0x0000, 0x0001, 0x0002, 0x0002, 0x0001, 0x0001, 0x0001, 0x0001, 0x0002, 0x0002, 0x0001,
0x0002, 0x0001, 0x0001, 0x0001, 0x0001, 0x0001, 0x0001, 0x0001, 0x0001, 0x0002, 0x0002, 0x0002,
0x0001, 0x0002, 0x0001, 0x0001, 0x0001, 0x0001, 0x0001, 0x0001, 0x0001, 0x0001, 0x0002, 0x0004,
0x0003, 0x0004, 0x0002, 0x0001, 0x0001, 0x0001, 0x0001, 0x0001, 0x0003, 0x0001, 0x0003, 0x0002,
0x0001, 0x0002, 0x0001, 0x0002, 0x0001, 0x0001, 0x0001, 0x0000, 0x0001, 0x0001, 0x0000, 0x0001,
0xffff, 0xffff, 0xffff, 0xfffe, 0xfffe, 0xfffe, 0xfffe, 0xffff, 0xfffd, 0xfffd, 0xfffd, 0xfffd,
0xfffd, 0xfffd, 0xfffd, 0xfffc, 0xfffc, 0xfffc, 0xfffc, 0xfffd, 0xfffd, 0xfffc, 0xfffc, 0xfffc,
0xfffc, 0xfffc, 0xfffe, 0xfffd, 0xfffd, 0xfffe, 0xfffe, 0xfffe, 0xfffe, 0xfffe, 0xfffe, 0xfffe,
0xffff, 0x0000, 0x0000, 0x0000, 0x0000, 0x0000, 0x0000, 0x0000, 0x0001, 0x0000, 0x0000, 0x0000,
0x0000, 0x0000, 0x0000, 0x0000, 0x0001, 0x0001, 0x0001, 0x0001, 0x0000, 0x0001, 0x0002, 0x0001,
0x0001, 0x0001, 0x0001, 0x0000, 0x0001, 0x0001, 0x0001, 0x0000, 0x0001, 0x0002, 0x0002, 0x0002,
0x0001, 0x0001, 0x0002, 0x0002, 0x0002, 0x0001, 0x0001, 0x0001, 0x0001, 0x0001, 0x0001, 0x0001,
0x0002, 0x0001, 0x0001, 0x0001, 0x0001, 0x0001, 0x0001, 0x0001, 0x0001, 0x0001, 0x0001, 0x0001,
0x0001, 0x0001, 0x0001, 0x0001, 0x0001, 0x0001, 0x0001, 0x0000, 0x0000, 0x0000, 0x0000, 0x0000,
0x0000, 0x0000, 0x0000, 0x0000, 0x0000, 0x0000, 0x0000, 0x0001, 0x0001, 0x0001, 0x0000, 0x0000,
0x0000, 0x0001, 0x0000, 0x0000, 0x0000, 0x0000, 0x0001, 0x0000, 0x0000, 0x0001, 0x0001, 0x0001,
0x0000, 0x0000, 0x0001, 0x0002, 0x0002, 0x0001, 0x0000, 0x0001, 0x0001, 0x0001, 0x0000, 0x0000,
0x0000, 0x0000, 0x0000, 0x0000, 0x0000, 0x0001, 0x0000, 0xffff, 0xffff, 0xffff, 0xffff, 0xfffe,
0xffff, 0xffff, 0xffff, 0xffff, 0xffff, 0xfffd, 0xfffd, 0xfffd, 0xfffd, 0xfffd, 0xfffd, 0xfffd,
0xfffd, 0xfffd, 0xfffd, 0xfffd, 0xfffd, 0xfffd, 0xfffd, 0xfffd, 0xfffd, 0xfffd, 0xfffc, 0xfffd,
0xfffe, 0xfffe, 0xfffe, 0x0000, 0x0001, 0x0000, 0x0001, 0x0001, 0x0001, 0xffff, 0x0000, 0x0001,
0x0000, 0x0001, 0x0000, 0x0001, 0x0002, 0x0001, 0x0002, 0x0004, 0x0002, 0x0003, 0x0004, 0x0003,
0x0004, 0x0004, 0x0002, 0x0003, 0x0004, 0x0003, 0x0003, 0x0004, 0x0003, 0x0003, 0x0003, 0x0003,
0x0004, 0x0002, 0x0001, 0x0001, 
};

/* ON  (bad) : 16000 probek */
static const u16 audio_on_bad[16000] = {
0x0010, 0x0009, 0x0034, 0x000c, 0x001b, 0x0048, 0x0036, 0x0031, 0x0026, 0xfff9, 0xffb6, 0xffb5,
0xffb8, 0xffa9, 0xffe2, 0x0030, 0x004d, 0x0043, 0x0044, 0x001d, 0xffd7, 0xffbc, 0xffe5, 0xfffd,
0xffed, 0x001c, 0x0050, 0x0039, 0xfffc, 0xffe8, 0xfff5, 0xffe4, 0xffb2, 0xff99, 0xffc4, 0x0006,
0x0008, 0xfff1, 0xffe2, 0xffed, 0x0018, 0x001d, 0x0011, 0x0004, 0x0034, 0x002a, 0xffeb, 0x0002,
0x0007, 0xffce, 0xffc7, 0x0001, 0xffef, 0xffc8, 0xffcc, 0x0011, 0x0023, 0xffec, 0x0007, 0x003d,
0x0017, 0xffdc, 0x001f, 0x0022, 0xfff4, 0x0001, 0x000f, 0x0051, 0x0039, 0xffec, 0xfff2, 0x0036,
0x0033, 0xfffa, 0xffff, 0xffda, 0x0004, 0x0023, 0xfff6, 0xfffe, 0xffea, 0xfffc, 0x000b, 0x0016,
0x0005, 0xffab, 0xffdf, 0x002d, 0xffd1, 0xffae, 0xfffa, 0x0019, 0x0018, 0x001e, 0xfff5, 0xffb6,
0xffef, 0x0039, 0x0022, 0x0010, 0x0009, 0xffef, 0xffc5, 0xff9e, 0xffaf, 0x0016, 0x0044, 0x001d,
0x0018, 0xffe3, 0xffdc, 0xfffd, 0xfff5, 0x0009, 0x0003, 0x0034, 0x001a, 0xfff2, 0xfffa, 0xffda,
0x0012, 0x0009, 0x000b, 0x001a, 0x0008, 0x001f, 0x0004, 0xffff, 0x0013, 0x0002, 0x0019, 0x0041,
0x0019, 0xfffd, 0xffe5, 0xffd0, 0x0018, 0x0035, 0x0005, 0x0015, 0xfff3, 0xffdd, 0x0006, 0xffea,
0xffec, 0xffed, 0xfffc, 0x000f, 0xfffd, 0x0005, 0x0046, 0x0013, 0xffdd, 0xfff6, 0xffba, 0xffb1,
0xffc6, 0x0013, 0x0013, 0x0007, 0x0027, 0x000d, 0x0023, 0x000f, 0xfff7, 0xffdb, 0xfffd, 0x0020,
0xfffd, 0xfff4, 0xffef, 0xffe0, 0xffd1, 0xffee, 0xfff6, 0xffe3, 0xfff6, 0x0001, 0x0004, 0x0021,
0xfffb, 0xffeb, 0x002f, 0x004f, 0x0036, 0xfffe, 0xffc4, 0xffb6, 0xffe0, 0xffe7, 0xffed, 0x0012,
0x0052, 0x006a, 0x001c, 0xfffc, 0xfff1, 0x0026, 0x002b, 0xffe6, 0xfffd, 0xffcc, 0xffb9, 0xffcd,
0xffca, 0x0019, 0x0061, 0x0046, 0x001e, 0x0029, 0x0028, 0x003d, 0x0034, 0x0007, 0x0015, 0x0024,
0xffed, 0xffd9, 0xffef, 0xffd0, 0xffb2, 0xffa3, 0xff96, 0xffd2, 0x0014, 0xfff3, 0x000b, 0x000e,
0xffef, 0x0019, 0x002e, 0x001a, 0x0021, 0x004a, 0x0016, 0xffd1, 0xffa4, 0xff94, 0xffcd, 0xffbf,
0xffb5, 0x0007, 0x0005, 0xffef, 0xfffb, 0x0015, 0x000e, 0xfff2, 0x002f, 0x0020, 0x002f, 0x002e,
0x003b, 0x002f, 0xffd0, 0x0009, 0x0042, 0x0063, 0x0006, 0x0021, 0x006b, 0x0011, 0x0004, 0xfff7,
0xfffe, 0x0006, 0xffe1, 0xff7d, 0xff68, 0xffdf, 0x001b, 0x0004, 0xfff8, 0x001b, 0x0065, 0xffee,
0xffad, 0x0012, 0x0035, 0x000d, 0xffb3, 0xffde, 0xfff1, 0x0018, 0x0003, 0xff9b, 0xffd4, 0x0032,
0xfffc, 0xffc3, 0xffdc, 0x0027, 0x0044, 0xffe1, 0xffa4, 0xffb3, 0x0023, 0x0020, 0xffe1, 0xffcf,
0x0025, 0x005c, 0x000d, 0x0013, 0x0064, 0x009f, 0x0032, 0xffd6, 0xfff8, 0x0005, 0xfff1, 0xffcb,
0xffd5, 0x003a, 0x001a, 0xffe5, 0x003a, 0x005a, 0x004e, 0x001d, 0xfff0, 0xfffe, 0xfff9, 0x000b,
0x0018, 0xfffe, 0x0015, 0x000f, 0xfffd, 0x001a, 0x0025, 0xffcd, 0xff91, 0xffc6, 0x0000, 0x001a,
0xfff3, 0xffe8, 0xffd3, 0xffae, 0xfff9, 0x001d, 0xffe3, 0xffc5, 0xffcf, 0xfff1, 0xffec, 0xffe4,
0xffd4, 0xffd9, 0xfff5, 0xffdc, 0xffe0, 0x000b, 0x0065, 0x0056, 0xfff6, 0xffe9, 0x0010, 0x0014,
0xffe4, 0xffff, 0x0031, 0x0002, 0xfff4, 0x0045, 0x0026, 0x0009, 0xffe7, 0xffe1, 0x000e, 0xffc2,
0xffd0, 0x0004, 0x0029, 0x0040, 0x0022, 0xfff2, 0x0021, 0x0062, 0x000d, 0xffd5, 0x0000, 0x0029,
0xffc2, 0xffa8, 0xfffe, 0x0027, 0xffec, 0xff98, 0xffa3, 0xfff3, 0x0039, 0xffef, 0xffdf, 0xffcc,
0xfffd, 0x0024, 0xfff7, 0x004a, 0x0033, 0x0002, 0xffd0, 0xffbf, 0x0004, 0xfff7, 0xfff5, 0x000f,
0x0059, 0x007a, 0x0046, 0xffe3, 0xff73, 0xffbb, 0xfffd, 0x0040, 0x0057, 0x0031, 0x0080, 0x0055,
0x0005, 0xfffb, 0x0041, 0x0060, 0xffec, 0xffcd, 0x0012, 0xffff, 0xffdb, 0xffa7, 0xff84, 0xffd3,
0xfff7, 0xfffe, 0x0009, 0x000f, 0x0004, 0x0027, 0x0041, 0xffe5, 0xffcb, 0xffdb, 0xff9d, 0xffbb,
0x0003, 0x0000, 0x0003, 0x0022, 0x0026, 0x0024, 0x0069, 0x0062, 0x0054, 0x0060, 0x0011, 0xffb2,
0xff5d, 0xff7f, 0xffd9, 0xfff2, 0x000b, 0x0032, 0x0025, 0x0004, 0xffd8, 0xffce, 0xffc3, 0xffcf,
0x0005, 0xffdf, 0xffe5, 0xffe8, 0xffc0, 0xffba, 0x0001, 0x0025, 0xffdd, 0xffea, 0x0009, 0x0047,
0x0069, 0x0027, 0x001b, 0x0026, 0xfff6, 0x0003, 0x0031, 0x002a, 0xffdb, 0xffad, 0xffd3, 0xffde,
0x0004, 0x0004, 0x0007, 0x001e, 0x002a, 0x002b, 0x0007, 0x0051, 0x0071, 0x0025, 0x0017, 0xfff9,
0x000d, 0x0009, 0xffc6, 0xffc2, 0xffa3, 0xffed, 0x0027, 0x0005, 0x001f, 0x0024, 0x006a, 0x0032,
0xffa8, 0xfff2, 0x0002, 0xfff1, 0xfff1, 0xfff2, 0xfff7, 0xffc1, 0xffbc, 0x0006, 0x0047, 0x0017,
0x002e, 0x0034, 0xfff7, 0x0009, 0xffc7, 0xffbc, 0xfff4, 0xff98, 0xff69, 0xff76, 0xffc9, 0xffcd,
0xff91, 0x0003, 0x0049, 0x005c, 0x0035, 0x0024, 0x000c, 0xffd3, 0x0021, 0x0055, 0x001e, 0x0017,
0x0016, 0x0005, 0x0018, 0x0019, 0x0034, 0x0031, 0x0009, 0xffe2, 0xffe5, 0xffea, 0x0026, 0x0049,
0x001f, 0x0043, 0x0050, 0x0023, 0xfff7, 0x0008, 0x0016, 0x0006, 0xfff3, 0x0010, 0xfff2, 0xff9b,
0xffb9, 0xffd4, 0xffd2, 0xfffa, 0x0027, 0x001d, 0xffef, 0xffd7, 0xffd2, 0x0004, 0x0051, 0xffe8,
0xffad, 0xffd8, 0xffcc, 0xffc9, 0xffdb, 0x0038, 0x0022, 0xffb4, 0xffbe, 0xffe7, 0xffea, 0x0021,
0x003f, 0x001d, 0x0004, 0x0000, 0xfffa, 0x0002, 0x0015, 0x001b, 0x0032, 0xfff9, 0x000a, 0x005f,
0x001a, 0xffec, 0x001e, 0xffdd, 0xff96, 0xffd2, 0x0049, 0x0062, 0x0049, 0x005d, 0x0029, 0x0029,
0x0015, 0xfffd, 0xfff5, 0x000d, 0x0035, 0x0000, 0xfff2, 0xfff5, 0x0017, 0xfffc, 0xffde, 0xfffa,
0xfffd, 0xffeb, 0xffaa, 0xff9f, 0xffec, 0x0035, 0x003b, 0xffe8, 0xffad, 0xffdd, 0xffe4, 0xffd9,
0xffe3, 0xfffb, 0x0047, 0x0006, 0xffaa, 0xffc5, 0xffc3, 0xffd3, 0xffda, 0xffdf, 0xffd2, 0xffe9,
0x000e, 0x0025, 0x0056, 0x0038, 0x004c, 0x002c, 0x001a, 0x0022, 0xffef, 0x0002, 0xfffa, 0xffe1,
0xffe1, 0x0002, 0x0000, 0xfff4, 0x0017, 0x000e, 0xffd9, 0xffe6, 0x0026, 0xfffd, 0xffc6, 0xffdc,
0xffd9, 0xffb7, 0xffdb, 0x0036, 0x001a, 0x0015, 0x004a, 0x003a, 0x0007, 0xffc8, 0xffe8, 0x001d,
0x002e, 0xfff8, 0xfffa, 0x0003, 0xffda, 0x000b, 0x000b, 0x0001, 0x0030, 0x006f, 0x0050, 0xfff9,
0xffdd, 0xffd8, 0xffeb, 0x0017, 0x003d, 0x001a, 0x0010, 0x0048, 0x0019, 0x0012, 0x006a, 0x0044,
0x0005, 0xffde, 0xffc4, 0xffcb, 0xffb2, 0xffa0, 0xffd0, 0xfff3, 0x0003, 0x002c, 0x002f, 0x001c,
0x0004, 0x0008, 0xffe6, 0xffaf, 0xffbe, 0xffe6, 0x0000, 0xffe3, 0xffcc, 0xffef, 0x001b, 0x0044,
0x004e, 0x0023, 0x002e, 0x0015, 0xffe6, 0xfff8, 0x0034, 0x0043, 0xfff0, 0xffe5, 0xffdd, 0xffaf,
0xffac, 0x0004, 0x0046, 0x0015, 0xffe9, 0xffee, 0xffe8, 0xfff1, 0xfffd, 0xffd6, 0x000d, 0x001e,
0xffcc, 0xffd1, 0x0026, 0x0031, 0xfff8, 0xffe3, 0xffff, 0x0049, 0x000d, 0xffbe, 0xfff3, 0xffef,
0xffb3, 0xffe0, 0x0035, 0x0030, 0x0058, 0x0062, 0xfffd, 0xffe9, 0xffe4, 0xffb9, 0x0008, 0x0038,
0xffe5, 0xffbc, 0xff95, 0xffc1, 0x0035, 0x0050, 0x0031, 0x0015, 0xffe5, 0xffba, 0xffb7, 0xffce,
0x0016, 0x0017, 0x0013, 0xffee, 0xffac, 0xffdc, 0x0001, 0x0009, 0x0023, 0x001c, 0x0010, 0x0011,
0x0019, 0x003a, 0x0006, 0xffd6, 0xffed, 0xffea, 0xffd5, 0xfffe, 0x0024, 0x000c, 0xfff1, 0xffbe,
0xffed, 0x0007, 0xffdc, 0xffe6, 0x001d, 0x0043, 0x0015, 0x0027, 0x0044, 0x002c, 0xfff9, 0xffc6,
0xfff5, 0x002b, 0x0062, 0x007f, 0x002e, 0x0006, 0xfff9, 0x000b, 0xffee, 0xffb0, 0x0021, 0x004e,
0x0009, 0xffe7, 0xfffa, 0x002f, 0x0037, 0xfffa, 0xfff8, 0x0046, 0x0047, 0x0034, 0x0032, 0x0032,
0x0026, 0xffff, 0xfffc, 0xfff1, 0xffef, 0x000d, 0xffde, 0xffe0, 0xfffd, 0xffb6, 0xff89, 0xffc4,
0x0014, 0xffea, 0xffd9, 0x0023, 0x0039, 0xffb5, 0xff84, 0xfff2, 0xffd1, 0xffaf, 0xffe6, 0x0003,
0xfff9, 0x0005, 0x0004, 0x000a, 0x003b, 0x0004, 0x0003, 0x0014, 0xffee, 0xffd0, 0xffb6, 0xffc6,
0xffd8, 0x001e, 0xffec, 0xffd1, 0x0012, 0x0004, 0x0001, 0xffcc, 0xffdf, 0x000a, 0x001a, 0xfff1,
0xffc1, 0x0004, 0x0005, 0x0023, 0x0024, 0xffed, 0xfffb, 0x0000, 0xffff, 0xffd2, 0xfffb, 0x002a,
0xffef, 0xfff9, 0xffdd, 0xffe3, 0x001f, 0x0002, 0x0007, 0x0027, 0x0030, 0x0008, 0xffec, 0x0011,
0x0041, 0x0065, 0x0021, 0xfffd, 0xfff3, 0xffbd, 0xffb0, 0xffe5, 0x0055, 0x0041, 0x0019, 0x000f,
0x0024, 0x0007, 0xffce, 0x0005, 0xffd5, 0xfffb, 0x0050, 0x0023, 0x002d, 0x0061, 0x0033, 0x0015,
0x0054, 0x0040, 0xffea, 0xffd5, 0xffd8, 0xffd2, 0xffd1, 0xffc4, 0xffff, 0x0028, 0x0014, 0xfffe,
0xffce, 0xffde, 0x0035, 0x002a, 0xfff5, 0xffff, 0x0019, 0x0034, 0xffd0, 0xffb2, 0x0007, 0x0038,
0x0086, 0x005e, 0x0041, 0x004e, 0x000a, 0x0003, 0xffe8, 0xffe8, 0xfff5, 0xffb6, 0xffab, 0xffb5,
0xffed, 0xffc4, 0xffa1, 0xffeb, 0x0020, 0x0026, 0xffd5, 0xffcd, 0xffc2, 0xffcd, 0xffdc, 0xffcd,
0x000b, 0xfffb, 0xfffb, 0x002b, 0x003a, 0x0006, 0xffa6, 0xffea, 0x005f, 0x004b, 0x003c, 0x005b,
0x000b, 0xff7b, 0xff82, 0xffcf, 0xffce, 0xffcc, 0xffbf, 0xffdd, 0x0048, 0x002b, 0xffec, 0xfffa,
0x0015, 0x0023, 0xffee, 0xfffe, 0x000d, 0x0001, 0x0017, 0xfff1, 0xffdd, 0xfff4, 0x0007, 0xffd9,
0xffba, 0xfff6, 0x001c, 0xfff6, 0xffe5, 0x0035, 0x003d, 0x0009, 0x0000, 0xffff, 0x0003, 0x0004,
0x002b, 0xffe9, 0xffa7, 0xffe2, 0x000b, 0x0005, 0xffdd, 0xfffa, 0x0025, 0x0029, 0x002c, 0x0030,
0x0050, 0x0057, 0x001a, 0xffdb, 0xffce, 0xfffb, 0x0023, 0x0021, 0x0009, 0x000c, 0x002d, 0x005f,
0x006d, 0x004d, 0x0066, 0x0052, 0x0023, 0x0022, 0xfffb, 0xffad, 0xffbb, 0x0008, 0xffdd, 0xff92,
0xffc3, 0x0011, 0xffee, 0xffad, 0xfff1, 0x003c, 0x002b, 0x0017, 0xffcc, 0xffa6, 0xffd7, 0x0016,
0x0032, 0x002a, 0xfffd, 0xff98, 0xff72, 0xffe5, 0x0066, 0x0056, 0x0012, 0xffd1, 0xffd4, 0xffed,
0xffbd, 0xffbd, 0xffd2, 0xffce, 0xffe7, 0xffea, 0xffef, 0x0019, 0x0019, 0x0008, 0x005d, 0x0091,
0x0045, 0x000d, 0xffed, 0x0009, 0x0017, 0x0004, 0xffeb, 0xffbe, 0xffdb, 0xffe2, 0xffdc, 0x0007,
0x0017, 0x0026, 0x0023, 0x003a, 0x004b, 0x0035, 0x0029, 0xffe7, 0xfff7, 0x0002, 0x0000, 0x000e,
0xffcb, 0xffdb, 0xfff7, 0x0014, 0x0034, 0x001d, 0xffde, 0xffab, 0xffb2, 0xffc3, 0xfff3, 0x0028,
0x0018, 0xffd4, 0xffb0, 0xff90, 0xff8d, 0xffd2, 0xffeb, 0xffa3, 0xffa1, 0xfff9, 0x000c, 0x0007,
0x0013, 0x000b, 0x000f, 0xffe9, 0xffd5, 0x0020, 0x0029, 0xffff, 0xfff8, 0x001e, 0x003f, 0x0010,
0xffd0, 0xffd9, 0x002c, 0x003d, 0x0030, 0x0044, 0x0025, 0x0046, 0x0099, 0x0076, 0x0032, 0x002e,
0x002c, 0x000c, 0x0020, 0x004d, 0x0020, 0xffe4, 0xfff7, 0xffee, 0xfff1, 0x0020, 0x001e, 0xffff,
0x000d, 0x0028, 0x0033, 0x0047, 0xfffa, 0xffbe, 0xffc2, 0xffbe, 0xffb5, 0xffa8, 0x000b, 0x001c,
0xffd7, 0x0002, 0xffe3, 0xffe3, 0x0000, 0xfffb, 0x005b, 0x001f, 0xffae, 0xffcd, 0xffeb, 0xffec,
0xfff2, 0xffe3, 0xffcb, 0xffb5, 0xff9f, 0xffec, 0x0032, 0x0017, 0xffc5, 0xff96, 0xffb5, 0x000a,
0x0077, 0x004e, 0xffe9, 0xffa4, 0xffdc, 0x004e, 0x0061, 0x004e, 0xffcf, 0xffaf, 0x0003, 0x0030,
0x007d, 0x0080, 0x003b, 0x0029, 0xfff0, 0xffcd, 0xffe0, 0xffe7, 0xfffd, 0xffd8, 0xffe7, 0xffdb,
0xffc5, 0x004b, 0x0063, 0x001e, 0xfff0, 0xffdc, 0xffc2, 0xff98, 0xffc9, 0xffe1, 0xfff2, 0x0021,
0x002d, 0x0018, 0xfff8, 0x0002, 0xfff8, 0x0023, 0x0072, 0x0067, 0x003f, 0xffe4, 0xffa6, 0xfff1,
0xffe7, 0xff9f, 0xffd3, 0x0002, 0x0008, 0xffe9, 0xffc0, 0xffd2, 0xffe9, 0x001f, 0x002d, 0x0036,
0x0048, 0x0004, 0xffc5, 0xffdb, 0x0006, 0xffdb, 0xffe9, 0x0024, 0x0002, 0xffc9, 0xffe0, 0x001d,
0xfffe, 0xfffd, 0x0044, 0x0027, 0xffdd, 0x0024, 0x0044, 0x0004, 0xfffe, 0xfff5, 0xffe7, 0xffd8,
0x0005, 0x0031, 0x000a, 0x001e, 0x0046, 0x0023, 0x0004, 0x0007, 0xfff3, 0xfff4, 0x0014, 0x001d,
0xffe3, 0xffee, 0x0019, 0x001a, 0x003b, 0xfffb, 0x000f, 0x004a, 0x000c, 0xffec, 0x0008, 0x0007,
0xffc7, 0xffb5, 0xffc9, 0xff8a, 0xff8e, 0xfffb, 0x0014, 0x0041, 0x0058, 0xfffa, 0xffc9, 0x0013,
0x0042, 0x0050, 0x0030, 0xffc2, 0xffb2, 0xffdb, 0xfff9, 0x002e, 0x000d, 0xffc8, 0x001f, 0x0041,
0x002b, 0x001d, 0xffcd, 0xffa5, 0xffcc, 0x0014, 0x001d, 0x0004, 0xffdb, 0xffaf, 0xffd1, 0x002e,
0x0024, 0xfffb, 0xfff5, 0x000a, 0x0023, 0x0004, 0xfffa, 0x0010, 0x0028, 0xffca, 0xffe6, 0x004b,
0xffee, 0x0018, 0x003b, 0xffcb, 0xffc4, 0xffff, 0x0021, 0xfff3, 0xfffa, 0x0014, 0xffe0, 0xfffc,
0x001b, 0x0000, 0xffcc, 0xffbd, 0xffbb, 0x0014, 0x003e, 0xffe2, 0xfff6, 0xffee, 0xffe2, 0xfff5,
0x0010, 0x000c, 0x000f, 0x0014, 0xfff3, 0x001a, 0x0000, 0xffaa, 0xff79, 0xffcc, 0x0040, 0x0027,
0xfffd, 0xfffe, 0xffdd, 0xffed, 0x0056, 0x004d, 0x0004, 0xffff, 0x0026, 0x0053, 0x001d, 0xffe7,
0xfff9, 0x0011, 0x0011, 0xffe2, 0x0021, 0x001e, 0xffc8, 0x003d, 0x0057, 0x000d, 0x0022, 0x001f,
0x0026, 0x001e, 0x0016, 0xffe9, 0xffbb, 0x0021, 0x0030, 0xffd9, 0xfff3, 0x001b, 0x0014, 0x0033,
0x0024, 0xfff1, 0x0002, 0x0001, 0xfff5, 0x0000, 0xffe5, 0xffe0, 0xfff1, 0xffe5, 0xfff8, 0xfff1,
0xffd7, 0xffd5, 0xffbe, 0xffcc, 0xffd6, 0xffda, 0x0039, 0x005f, 0x0026, 0x0018, 0xfffb, 0xffc8,
0xffd0, 0x0001, 0x0020, 0xffff, 0xffed, 0xfffb, 0xffd4, 0xffd7, 0x0003, 0x002c, 0x0045, 0x002c,
0xffda, 0xffd0, 0xffe2, 0xffbb, 0xffee, 0x0006, 0x000d, 0x0000, 0xffcd, 0xffc8, 0xffc9, 0xffe7,
0xffeb, 0xfff4, 0x001c, 0xfffe, 0x000f, 0x0024, 0xfffd, 0x0002, 0xfff9, 0x000b, 0x0017, 0x0033,
0x002b, 0xfff1, 0xffe7, 0x001c, 0x0041, 0x0007, 0xffd7, 0xffb6, 0xffcc, 0xfff4, 0x0040, 0x0045,
0x0014, 0x0049, 0x0043, 0x001d, 0x0008, 0x0005, 0x0027, 0x0041, 0x002b, 0xffef, 0xffea, 0xffe4,
0xffd2, 0xffc8, 0xffba, 0xfff5, 0x0010, 0x000f, 0xffed, 0xffd5, 0xfff9, 0x0004, 0x0005, 0x0005,
0x000f, 0xfffc, 0x000b, 0x0025, 0x000c, 0xffef, 0xffe9, 0xfff9, 0xffff, 0xffe3, 0xffd6, 0xfff7,
0x0004, 0xffcd, 0xfff7, 0x007a, 0x004e, 0x0029, 0x001c, 0x0001, 0x0029, 0x0018, 0xffe0, 0xfff2,
0x0014, 0x000f, 0x0012, 0xffd9, 0xfff2, 0xfffd, 0xffb6, 0xffed, 0x0021, 0x0028, 0x003d, 0x001d,
0xffec, 0xffcc, 0xffde, 0xfffd, 0xffcb, 0xfff0, 0x0009, 0xfffa, 0x0017, 0xffab, 0xffa1, 0x001f,
0x0017, 0x0018, 0x002b, 0x0003, 0x0003, 0xffd4, 0xffc1, 0xffe1, 0xffbf, 0xffea, 0x000f, 0xfffd,
0xfffd, 0x0005, 0xffe9, 0xffe7, 0x002d, 0x0013, 0x0010, 0x001f, 0x0037, 0x0027, 0xfff4, 0x0009,
0xffea, 0xfffb, 0x002b, 0x0046, 0x0053, 0xffef, 0xff7b, 0xffe0, 0x0030, 0xfffd, 0xffdb, 0xffa6,
0xffc2, 0xffcb, 0xffcd, 0xffff, 0x0018, 0x001a, 0xfff7, 0x0016, 0x001d, 0x0013, 0x0024, 0x0034,
0x007c, 0x0025, 0xffef, 0xffd9, 0xffc8, 0x002f, 0xffff, 0xffee, 0xfff2, 0x0000, 0x0017, 0xfff5,
0x0012, 0x0000, 0xfffb, 0x0005, 0xfffd, 0x001d, 0x005b, 0x006f, 0x0015, 0xfff0, 0xffd5, 0xff7f,
0xffa1, 0xfff1, 0x001c, 0x0059, 0x0071, 0x0028, 0xffde, 0xfffc, 0x0009, 0x0012, 0x000e, 0xfff7,
0x0009, 0xffdf, 0xffdf, 0xffdb, 0xffdd, 0xfffe, 0xfff9, 0x0013, 0xffef, 0xffc1, 0xffad, 0xffce,
0x001e, 0x002a, 0x0009, 0xfffb, 0x001e, 0x002c, 0xfff4, 0xffe1, 0x000c, 0x0022, 0x000f, 0x0011,
0x0044, 0x0009, 0xff87, 0xff80, 0xffda, 0x0002, 0xfff2, 0xffe4, 0x0010, 0x002d, 0x001b, 0x001d,
0x0032, 0x005b, 0x0018, 0xffcd, 0xffe5, 0xffe9, 0xffc4, 0xffb1, 0xffb1, 0xffb5, 0xffcc, 0xffe9,
0x001f, 0x003f, 0x0057, 0x0048, 0x0019, 0xfff5, 0xffc1, 0xffec, 0x002a, 0x0018, 0x0023, 0x0058,
0x004d, 0x0016, 0xffdd, 0xffc5, 0xffeb, 0x0009, 0xffff, 0xffd7, 0x0013, 0x0033, 0xffc9, 0xffc7,
0x000c, 0x0022, 0x004a, 0x0053, 0x0029, 0x002b, 0x0004, 0xffeb, 0xfff1, 0xffe6, 0x0000, 0x0019,
0x000e, 0x000c, 0x003d, 0x000d, 0xffd6, 0xffec, 0xffc3, 0xffad, 0x0038, 0x0091, 0xffeb, 0xff7b,
0xffc9, 0xffd3, 0xffd5, 0x0018, 0x004c, 0x0047, 0xfff0, 0xffe4, 0xffdb, 0xfff8, 0x002f, 0xfff2,
0xffaf, 0xff8a, 0xffb6, 0xffc0, 0xffe0, 0x002b, 0x0003, 0xffeb, 0xfffa, 0x0021, 0x000a, 0xffec,
0x0056, 0x0056, 0x000e, 0x0009, 0x0005, 0x0002, 0xfff2, 0x0013, 0x001e, 0xfffe, 0xffda, 0xffb9,
0xffb9, 0xfff0, 0x0034, 0x0002, 0x0025, 0x0064, 0x003d, 0xffff, 0xfff7, 0x006d, 0x0052, 0xffda,
0xfff0, 0x0015, 0x0007, 0x0007, 0xffb5, 0xff92, 0xffdb, 0xffdc, 0xfffd, 0x0048, 0x005f, 0xfff7,
0xff9b, 0xffc5, 0xfff8, 0x000c, 0x0008, 0x0004, 0x0021, 0x0034, 0xffdf, 0xffd9, 0x003a, 0x0010,
0xfff5, 0x0037, 0x005d, 0x0032, 0xffbe, 0xffbc, 0xffef, 0x0017, 0xffeb, 0xffdb, 0x0068, 0x0011,
0xffe2, 0x0019, 0x0015, 0x0013, 0xffad, 0xffb5, 0x0008, 0x0022, 0xffce, 0xffca, 0xffeb, 0xffb3,
0xffc9, 0xffce, 0xffcf, 0xffed, 0xfff1, 0xffff, 0x002a, 0x000d, 0x0005, 0xfff9, 0xffd9, 0x0017,
0x0036, 0x0041, 0x0026, 0xffd7, 0xffd5, 0x0012, 0x004e, 0x0038, 0xffda, 0xffce, 0xffcf, 0xffde,
0x001d, 0x0024, 0x0010, 0x0002, 0x000b, 0xfff8, 0xffe5, 0x002a, 0x0040, 0x001a, 0x0047, 0x005e,
0x0045, 0x0017, 0xfff3, 0xffff, 0x0012, 0x0020, 0x0011, 0x0015, 0x0017, 0x001e, 0x0008, 0xffdb,
0xfff1, 0xfff1, 0xffe7, 0xffc9, 0xffb4, 0x0014, 0xffee, 0xffa8, 0x0040, 0x0051, 0x0014, 0x0024,
0x002c, 0xfff8, 0xffad, 0xffe0, 0xffdb, 0xffc9, 0xffd5, 0xfff1, 0xffef, 0xffb5, 0xffea, 0x0017,
0x0005, 0xfff5, 0xffd0, 0xff9b, 0xffe0, 0x0009, 0xffc2, 0xffbb, 0xffd4, 0xffe8, 0xffe6, 0xffea,
0x001f, 0x002c, 0xfff2, 0xfff3, 0x0017, 0x0029, 0xffde, 0xffdb, 0x004d, 0x001d, 0x0003, 0x0022,
0x0003, 0xffef, 0x0011, 0x0042, 0x006b, 0x0062, 0x0038, 0xfff8, 0xffca, 0x000d, 0xfff3, 0xffeb,
0xfff4, 0x0025, 0x0068, 0xffff, 0x0015, 0x003a, 0x0020, 0xfffb, 0x000d, 0x0068, 0x0029, 0xffdf,
0xffee, 0x0000, 0xffd0, 0xffe1, 0x0036, 0x002a, 0x0011, 0xfffa, 0xffe5, 0xffc9, 0xffb9, 0xffe1,
0xfffb, 0xffef, 0xffcb, 0xffcf, 0xffe4, 0xfffd, 0x0031, 0x001e, 0xffff, 0xffdd, 0xffa8, 0xffc4,
0xffed, 0xfff0, 0xfffd, 0x0000, 0x000c, 0x0028, 0x000a, 0xfffc, 0x004d, 0x004d, 0x0036, 0x004b,
0x002f, 0x002a, 0xffe3, 0xffdf, 0xfff1, 0xffcf, 0x0016, 0x002c, 0xffdd, 0xffb5, 0xffec, 0x0008,
0xffed, 0xffee, 0x0007, 0xffeb, 0xffc9, 0xffd2, 0xffe6, 0xffe5, 0xffff, 0x0026, 0x0028, 0x0015,
0x0005, 0x001f, 0x000a, 0x0012, 0x0012, 0xffe1, 0xffc0, 0xffb1, 0xffb7, 0xffc5, 0x0015, 0x003f,
0x001f, 0x0006, 0x0018, 0x003e, 0x0044, 0x002b, 0x0007, 0xffd0, 0xffc6, 0xfff6, 0xffed, 0xffc5,
0xffc5, 0xfff1, 0x0008, 0xffd0, 0xff97, 0xffae, 0xffd8, 0xffe8, 0x001c, 0x0069, 0x007d, 0x0063,
0xfffb, 0xff9d, 0xfff2, 0x0049, 0x0038, 0x0023, 0xfffd, 0xffd5, 0xffe6, 0xfff3, 0x0003, 0xffe4,
0xffd3, 0x0012, 0x001c, 0x002e, 0x0019, 0x0020, 0x003b, 0x005b, 0x00b0, 0x00a1, 0x0051, 0xffee,
0xffcf, 0xffe7, 0x0006, 0xffec, 0xffed, 0x0010, 0x000b, 0x0041, 0x000f, 0xff9d, 0xff67, 0xff71,
0xff9e, 0xffe3, 0x0031, 0x0019, 0x0013, 0x0039, 0x0000, 0xffd2, 0x003d, 0x00aa, 0x0044, 0x0002,
0x0024, 0xffe9, 0xffc6, 0xffd2, 0xfffc, 0x0007, 0xfffc, 0xffe6, 0xffe0, 0xffd1, 0xffbe, 0xfff6,
0xfffa, 0x0014, 0x002a, 0x0000, 0xffeb, 0xffee, 0xffda, 0xffed, 0x0003, 0xfff5, 0x0006, 0xfffd,
0x0022, 0x0009, 0xffc8, 0xffc8, 0xffc5, 0xffb8, 0xff8f, 0xffb9, 0xffd5, 0xffd6, 0xfff9, 0x000a,
0x0022, 0x001d, 0x0037, 0x0013, 0xffdc, 0xffea, 0x0003, 0x0039, 0x0037, 0x003b, 0x0045, 0x0046,
0x0026, 0xfffa, 0x0018, 0x0004, 0xffff, 0xfff3, 0xffb1, 0xffd7, 0xffd5, 0xffb0, 0x0002, 0x003b,
0x0036, 0x0022, 0x0024, 0x0025, 0x0024, 0x0040, 0x001c, 0xffe0, 0xfff0, 0x0006, 0x0012, 0x000d,
0xffeb, 0x001a, 0x0002, 0xffa5, 0xffc9, 0x000d, 0x0018, 0xfff9, 0x0021, 0x0034, 0xffd3, 0xffc5,
0xfffe, 0x0034, 0x005e, 0x0037, 0x001f, 0x0034, 0x0035, 0x003c, 0x0011, 0xfff7, 0xffea, 0xffcc,
0xfff2, 0xffdb, 0xffe0, 0xfff8, 0xffd3, 0x0000, 0x0008, 0xffee, 0xffee, 0x0006, 0x0020, 0xfff6,
0xffde, 0xfffd, 0x0035, 0x0038, 0x001f, 0x000a, 0xfffe, 0xffd4, 0xffc1, 0xffeb, 0xffec, 0xfff9,
0xffdd, 0xffe6, 0xffea, 0xffb7, 0xffa8, 0xffb7, 0xffdb, 0xffec, 0x002b, 0x001e, 0xfff1, 0x0046,
0x0062, 0x000a, 0xffee, 0xfff4, 0xffe0, 0xffd5, 0xffbb, 0xffe7, 0x0016, 0xffe2, 0x000b, 0x0014,
0x0012, 0x0038, 0xffb6, 0xffaf, 0xfffe, 0xfffe, 0xffec, 0xffd2, 0x0023, 0x0050, 0x0003, 0xfffd,
0x0046, 0x005d, 0x003f, 0x0015, 0x000e, 0x001a, 0x002c, 0x0027, 0x000c, 0x0007, 0xfffa, 0xffca,
0xffdd, 0x0020, 0x0015, 0x0021, 0x0055, 0x005b, 0x005e, 0x002e, 0xfff1, 0xffd8, 0xffb7, 0xffe2,
0xffd2, 0xffd1, 0xfff5, 0xffe4, 0xfffc, 0xfff7, 0xfff6, 0xffec, 0x0026, 0x0030, 0xfff1, 0xffcb,
0xffa1, 0x0003, 0x0016, 0xffdb, 0xffe1, 0xffe6, 0x0025, 0x0028, 0x0034, 0x0038, 0xffee, 0x001c,
0xfff1, 0xffc9, 0xffca, 0xff6a, 0xffac, 0x0001, 0xffd0, 0xffc8, 0xfff5, 0xfff0, 0x0013, 0xfff5,
0xffb7, 0x003b, 0x0041, 0x0007, 0x0058, 0x0041, 0x002d, 0x0038, 0x0015, 0x003c, 0x0069, 0x0034,
0xffd6, 0xffba, 0xff95, 0xffa3, 0xffd6, 0xffd9, 0xffd9, 0xffeb, 0x002d, 0x0056, 0x006b, 0x0077,
0x0062, 0x0011, 0xff95, 0xffb7, 0x0030, 0xfffe, 0xffea, 0xffff, 0xfffe, 0x0024, 0x001d, 0x0022,
0x000c, 0x000f, 0xffff, 0xffff, 0xffe7, 0xffa8, 0xffdf, 0xffab, 0xff7e, 0xffea, 0x0020, 0xfffe,
0xffd1, 0x0012, 0x0062, 0x0048, 0x001b, 0xffe3, 0xffeb, 0xfff8, 0xffc5, 0xffa1, 0xff9f, 0xfff5,
0xffdd, 0xffdf, 0x0035, 0x002d, 0x0055, 0x004c, 0x002a, 0x003e, 0x0038, 0x0058, 0x0087, 0x0044,
0x0001, 0xfffe, 0x0009, 0x000a, 0xffee, 0xffff, 0xffe5, 0xffde, 0xfffe, 0x0000, 0xfff3, 0xffaf,
0xffcb, 0x000d, 0x001a, 0x000e, 0xffe1, 0x0016, 0x000a, 0xffc0, 0xfff1, 0x002b, 0x003a, 0xffde,
0xff95, 0xffa2, 0xffd7, 0xfff2, 0xffc5, 0xffef, 0x0029, 0x0040, 0x0008, 0xff9d, 0xff9e, 0xffe1,
0x000d, 0xfff3, 0x0005, 0x001a, 0x0017, 0x0014, 0xfffc, 0x001d, 0xfffe, 0xffd8, 0xffe1, 0xfff5,
0x0020, 0x0010, 0x0008, 0x0010, 0xfffe, 0xfff8, 0xfffa, 0xffe5, 0xffe6, 0x0000, 0x0012, 0xfff9,
0xfffc, 0x0082, 0x006e, 0xfffa, 0x0039, 0x003b, 0xffcb, 0xffd8, 0x0025, 0x0012, 0x0011, 0x0018,
0xffdd, 0xffdb, 0x000c, 0x0036, 0x001f, 0xfff1, 0x0011, 0x002f, 0x000f, 0xffe5, 0xffcb, 0xffb2,
0xffbd, 0x0000, 0x002a, 0x0045, 0x0038, 0x0007, 0x0003, 0xfff8, 0x002d, 0x0050, 0x001a, 0x0012,
0x0018, 0x000b, 0xffe0, 0xff9b, 0xffaf, 0xffe7, 0xffe2, 0xfff5, 0x000a, 0x000d, 0xffdd, 0xffc3,
0xffca, 0x0000, 0x0038, 0xfff7, 0xffe8, 0xffee, 0xffea, 0xffde, 0xffea, 0x0016, 0x0006, 0xfff7,
0xffff, 0x0015, 0x0041, 0x003b, 0xffeb, 0xffd3, 0x0005, 0xffe6, 0xff94, 0xffc6, 0x0026, 0x002f,
0x000d, 0x001a, 0x000a, 0xfff3, 0x004c, 0x0091, 0x005b, 0x001a, 0xfff6, 0xff9f, 0xffab, 0xfffd,
0x001c, 0x0002, 0xffad, 0xffb2, 0xffe3, 0xffe0, 0xffff, 0x000e, 0xfffb, 0x0033, 0x0040, 0x000c,
0xfff9, 0xffdd, 0xffb2, 0xffa8, 0xffd7, 0x0014, 0x004b, 0x0034, 0x000f, 0x004e, 0x0030, 0xfff7,
0xfffb, 0xfffb, 0x0001, 0xffe4, 0xfffc, 0x0004, 0x0015, 0x0037, 0x0004, 0x0004, 0x001e, 0x0034,
0x002b, 0x0000, 0x001d, 0x0047, 0x0017, 0xffdb, 0xfff6, 0xfff8, 0xffca, 0xff84, 0xff91, 0xffbe,
0xff98, 0xffa1, 0xffb7, 0xffd9, 0x0017, 0x0037, 0x0034, 0x003e, 0x0015, 0xffe5, 0x000b, 0xfffb,
0xffbc, 0xffeb, 0x0038, 0xfffb, 0xffef, 0x001e, 0x0001, 0xffd0, 0xffed, 0x0041, 0x006e, 0x0079,
0x0028, 0xffeb, 0x0002, 0x000c, 0x000f, 0x003e, 0x005a, 0x003b, 0xfff4, 0xffe8, 0x000b, 0xfff8,
0x001d, 0x003a, 0x005c, 0x005a, 0x0014, 0xfffa, 0x0008, 0x0027, 0xffe5, 0xff97, 0xff7f, 0xffb8,
0xffe0, 0xffb6, 0xffd3, 0xffea, 0x0007, 0x002c, 0x001f, 0x000e, 0x0010, 0xfffe, 0xffba, 0xffc8,
0xffea, 0xfff8, 0xffeb, 0xffbe, 0xffcc, 0xffb4, 0xffdd, 0x003f, 0x003f, 0x002b, 0x0025, 0x0018,
0xfffc, 0xfffd, 0x0022, 0xffea, 0xffb7, 0xffe8, 0x0013, 0x004d, 0x0023, 0xffe3, 0xffd1, 0xffca,
0x001d, 0x001d, 0x0012, 0xffd3, 0xff90, 0xffd3, 0xffcb, 0xffe3, 0x000c, 0xfff6, 0xfffb, 0x000b,
0xfffd, 0xffe1, 0xffec, 0xffd3, 0xffdb, 0x004c, 0x006f, 0x001b, 0xffe5, 0xfff7, 0x0000, 0x0002,
0x0016, 0x0038, 0x004a, 0x0044, 0x0025, 0x0005, 0xfffc, 0xffde, 0xffe2, 0xfff2, 0x0011, 0x0053,
0x0041, 0x001a, 0x0039, 0x0058, 0x003e, 0x003e, 0x0038, 0xfff7, 0xffe6, 0x0003, 0xfff6, 0xffd2,
0xffcc, 0xfff8, 0x0039, 0x0029, 0xfffe, 0xfff1, 0xffc9, 0xffba, 0xffda, 0xffdf, 0xfff1, 0x003d,
0x0060, 0x0005, 0xffc0, 0xffe2, 0xfff4, 0xffe8, 0xffea, 0x0008, 0xffe4, 0xffad, 0xffcc, 0xffe6,
0xffd6, 0xffce, 0xffdb, 0xffda, 0xffc7, 0x0019, 0x0044, 0xffc9, 0xff9b, 0xffba, 0xffb8, 0xffbb,
0xfff5, 0x003b, 0x004f, 0x0052, 0x004a, 0x001f, 0x000a, 0x0015, 0x0022, 0x0022, 0x0016, 0x001f,
0x0011, 0x0024, 0x0036, 0x0023, 0xfff0, 0xffed, 0x0032, 0x0006, 0x0000, 0x0009, 0x0026, 0x0052,
0x0005, 0xfff4, 0x0001, 0xffce, 0xffb7, 0xffdc, 0xffbc, 0xffa2, 0xffc4, 0x0011, 0x004f, 0x000f,
0x0006, 0x0015, 0xfffb, 0xffea, 0x001e, 0x0040, 0xffe2, 0xffcc, 0xffcf, 0xffd7, 0x0012, 0x0049,
0x0063, 0x0040, 0x0006, 0xfff6, 0x001e, 0x0005, 0xffc7, 0xffcf, 0x002c, 0x001f, 0xffd6, 0xfff8,
0xfffd, 0xfff9, 0x0017, 0x002a, 0x0000, 0xfff0, 0xffd6, 0xff96, 0xffbb, 0xfffb, 0xfff7, 0x0005,
0x002b, 0x0059, 0x0036, 0xffad, 0xffb7, 0xffec, 0xffe8, 0xfffa, 0x002b, 0x0052, 0xffe8, 0xff75,
0xff9a, 0xffcb, 0xffde, 0x0013, 0x0061, 0x0053, 0x0007, 0xfff8, 0xffe3, 0xffe2, 0xffed, 0x0006,
0xffe7, 0xffde, 0x001a, 0x0014, 0x000d, 0x0008, 0x0033, 0x0061, 0x002d, 0x000e, 0x005e, 0x0058,
0x000d, 0x000d, 0x0001, 0x0036, 0x0058, 0xfffe, 0x0027, 0x004f, 0x0000, 0x0018, 0x0024, 0x0018,
0xffe9, 0xfff0, 0xfff6, 0xffb2, 0xffea, 0x0023, 0xfffd, 0xffb1, 0xffea, 0xffd9, 0xff8c, 0xffc4,
0xffb0, 0xff5c, 0xff4b, 0xffa4, 0xffd2, 0xffea, 0x0000, 0xfff5, 0x0012, 0x002f, 0x0029, 0xffff,
0xffdd, 0xffb7, 0xff8a, 0xffb3, 0x001f, 0x0084, 0x007f, 0x0008, 0xffe1, 0xffea, 0xfff7, 0x002a,
0x0072, 0x00a1, 0x00bf, 0x0094, 0x0010, 0x0003, 0x000b, 0xffe8, 0xfff8, 0x0012, 0x0010, 0x0030,
0x0052, 0x0031, 0x0051, 0x0056, 0x0000, 0xffe6, 0x0011, 0x0009, 0xfff7, 0x0010, 0x0008, 0xffbb,
0xff8e, 0xff92, 0xffb4, 0x0027, 0x004d, 0x0012, 0xffc8, 0xffa4, 0xff9e, 0xff73, 0xffb8, 0x0004,
0xffb5, 0xff89, 0xffca, 0xffee, 0xffac, 0xff80, 0xff9a, 0xffcf, 0x001e, 0x0063, 0x003c, 0xfff8,
0x0009, 0xfff8, 0x0009, 0x0038, 0x0043, 0x0061, 0x0044, 0x000b, 0xfff8, 0x0027, 0x0036, 0xffed,
0xfffe, 0x0031, 0x003a, 0x0050, 0x00a3, 0x00ce, 0x0055, 0xffe6, 0xffc0, 0xffd1, 0xffe7, 0x0012,
0x002c, 0xffe6, 0x0005, 0x0049, 0x0028, 0xfff5, 0xffe8, 0xffe7, 0xffea, 0xffcc, 0xffce, 0xffdf,
0xffb5, 0xffef, 0x0018, 0xff9a, 0xff6e, 0xffdf, 0xffe8, 0xffc8, 0xffc6, 0xffd7, 0xffff, 0xffe0,
0xffb9, 0xffc4, 0x002b, 0x0043, 0x0037, 0x005e, 0x0048, 0x0032, 0xfffd, 0x0008, 0x000a, 0xffcc,
0x0026, 0x006f, 0x004f, 0x0005, 0xffe0, 0xffff, 0x0004, 0x0000, 0xfff1, 0x001d, 0x0025, 0x001b,
0xffff, 0xffca, 0x0002, 0x0004, 0xfff0, 0xffea, 0xffef, 0x0014, 0x0031, 0x0029, 0xffbe, 0xffbd,
0xfff2, 0xffd9, 0xfff2, 0xfffb, 0xffef, 0xffa6, 0xff77, 0xff9b, 0xffdc, 0x003e, 0x0026, 0x0040,
0x005b, 0x0029, 0x003d, 0x0044, 0x0011, 0xffe0, 0x0001, 0x0029, 0xfffe, 0xffe9, 0x0015, 0xfff8,
0x000f, 0x002d, 0x002d, 0x0065, 0x0063, 0x0025, 0x0008, 0x0017, 0xfff4, 0xffff, 0xffce, 0xffba,
0x0010, 0x000e, 0x0033, 0x002b, 0xffdc, 0xffd2, 0xfffb, 0x0001, 0xffe8, 0xffbc, 0xff95, 0xffbe,
0xffe6, 0xffca, 0xff77, 0xff70, 0xffbd, 0xffd3, 0xffe5, 0xfff6, 0xfff6, 0x001d, 0x000f, 0xffc5,
0xffa3, 0xffe7, 0x000f, 0xffe9, 0x002d, 0x0036, 0xffea, 0x0031, 0x006d, 0x0079, 0x00ab, 0x0075,
0x0036, 0x0021, 0xfff5, 0xffed, 0x000d, 0x003d, 0x002e, 0x000d, 0x0009, 0xfff8, 0x000f, 0x003f,
0x0028, 0xfffb, 0xffba, 0xff81, 0xffe3, 0x0007, 0x001e, 0x0084, 0x0036, 0x0013, 0x0010, 0xffe4,
0xffb8, 0xff9d, 0xffdb, 0xffb5, 0xff7e, 0xffa0, 0xffcf, 0xffcc, 0xfffd, 0x002d, 0x0016, 0xfffc,
0xffec, 0x0021, 0x003f, 0x0046, 0x0053, 0x0034, 0x000f, 0x000b, 0xffbe, 0xffb1, 0xfffd, 0x0038,
0x0068, 0x003b, 0x002b, 0x005d, 0x0044, 0x0006, 0x002d, 0x001e, 0x0003, 0x0008, 0x0001, 0xffe8,
0xffb6, 0xffe0, 0x000e, 0xfffb, 0xffab, 0xffd9, 0x0017, 0xfff9, 0x0007, 0xffdc, 0xff84, 0xff63,
0xff6a, 0xff9b, 0xfff6, 0xfff5, 0xffc1, 0xffd7, 0xfff3, 0x0004, 0x0040, 0x0030, 0xfffd, 0xffe3,
0xffb2, 0xffd9, 0x0006, 0x000f, 0x0031, 0x002c, 0x001e, 0x0014, 0x002d, 0x001f, 0xffe3, 0x000e,
0x0014, 0x0024, 0x001f, 0x001b, 0x002d, 0x001f, 0x0088, 0x0044, 0xffd8, 0x0005, 0x0031, 0x0050,
0x004f, 0x005f, 0x000d, 0xffb4, 0xffd2, 0x0015, 0x0016, 0x0011, 0x0043, 0x0006, 0xff9c, 0xffb7,
0xffd0, 0xffbd, 0xfff1, 0xfff4, 0xffbc, 0xffa0, 0xffc0, 0xffdc, 0x0023, 0x0065, 0x0033, 0xfff9,
0xffc4, 0xffe9, 0x0022, 0x0001, 0xffbc, 0xffda, 0x0009, 0x001e, 0x0013, 0xffdc, 0x0016, 0x001b,
0x001b, 0x0016, 0x0020, 0x004a, 0x0008, 0xfff4, 0xfffe, 0xffea, 0x0004, 0x004a, 0x0030, 0xfff9,
0x0031, 0x0015, 0xffaf, 0xffe5, 0x0026, 0x0028, 0x002d, 0x001a, 0xffc5, 0xffb1, 0xffe4, 0xffa4,
0xffaa, 0xffd1, 0xfff8, 0x0016, 0xffd0, 0xffda, 0x0040, 0x0024, 0xffe5, 0xfff4, 0xffd4, 0xfff8,
0xffd5, 0xff9e, 0xfff2, 0xffff, 0xfffc, 0x0028, 0x001d, 0x000a, 0xffc8, 0xff93, 0xffda, 0x0023,
0x0043, 0xffef, 0xfff9, 0x003c, 0x001c, 0x0031, 0x0041, 0x0052, 0x004f, 0x001f, 0xfffa, 0xfffa,
0xfff6, 0x0031, 0x003b, 0x001f, 0x0057, 0x002b, 0x0046, 0x0055, 0x0001, 0x000b, 0x0001, 0xffde,
0xffd4, 0xffb9, 0xffc7, 0xffed, 0xffb6, 0xffcb, 0x000f, 0x0004, 0xfffa, 0xfff0, 0xfff0, 0xffbf,
0xff97, 0xffa7, 0xffb6, 0xffc2, 0xffdb, 0xffef, 0xfff7, 0x0015, 0x0030, 0x0024, 0xffe7, 0x000c,
0x0052, 0x003e, 0x0041, 0x001f, 0xffe8, 0xfffe, 0xffff, 0x0001, 0x0015, 0x000a, 0x0042, 0x0061,
0x005a, 0x0009, 0xffb8, 0xffd9, 0xffe3, 0x0006, 0xfff7, 0xffea, 0xffe7, 0xffe4, 0xffee, 0xfffb,
0x001f, 0x0029, 0x0056, 0x001f, 0xffe7, 0xffd7, 0xffee, 0x001d, 0xfff4, 0xffec, 0xffe7, 0xfff6,
0xfffe, 0xfff2, 0xffed, 0xffc8, 0xff94, 0xff86, 0xffab, 0x0017, 0x0049, 0x0003, 0x0017, 0x0034,
0x0050, 0x002d, 0x0016, 0x0083, 0x0085, 0x0047, 0x000a, 0xffef, 0xffbf, 0xffab, 0xffdc, 0xffd1,
0xffb5, 0xffc9, 0x0004, 0x0036, 0x0073, 0x0051, 0xfff3, 0xfff5, 0x0005, 0x0008, 0x0002, 0xffaa,
0xff93, 0xffe7, 0x0003, 0x0009, 0xffff, 0xfffa, 0x000a, 0xffe5, 0xffb8, 0xffe1, 0x000b, 0x0001,
0x0003, 0xfffd, 0x001f, 0x0022, 0x000b, 0x000c, 0x000d, 0x002e, 0x0038, 0x001e, 0x002d, 0x0027,
0xfffa, 0xffff, 0xffd0, 0xff9a, 0xffc1, 0x0001, 0xffdc, 0xffda, 0x000e, 0x0011, 0x0040, 0x002b,
0x0024, 0x002d, 0x0007, 0xffdf, 0xffd1, 0x0011, 0x0044, 0x0017, 0xffdf, 0xffe7, 0xfff2, 0xffba,
0xffa2, 0xfffd, 0xfff4, 0xffce, 0xffe0, 0xffc1, 0xffbb, 0x0020, 0x0056, 0xffea, 0xffdc, 0x0024,
0x0047, 0x0045, 0x002f, 0x0020, 0x001b, 0x0007, 0xffc5, 0xfff2, 0x0022, 0xffc0, 0xff88, 0xffcc,
0x0032, 0x0065, 0x006c, 0x0038, 0xffd2, 0xffd4, 0x0010, 0x0006, 0x0014, 0x0045, 0x0011, 0xffdd,
0x0005, 0xfff3, 0xfff1, 0x0015, 0xffff, 0x002e, 0x0051, 0x0037, 0xffe6, 0xffc0, 0x000c, 0xffd6,
0xffd2, 0x000e, 0xfffa, 0x0025, 0x0042, 0x001e, 0x0005, 0x000b, 0xffe9, 0xffe2, 0xfffc, 0xffdb,
0xffce, 0xffb7, 0xffaf, 0xfffb, 0x003b, 0x0054, 0x003b, 0xffe9, 0xff92, 0xffac, 0x0006, 0xfffc,
0x001d, 0x0049, 0x000f, 0x0002, 0xfffe, 0xffe9, 0xffcc, 0xff9e, 0xfff4, 0x0067, 0x003f, 0xfffb,
0xffec, 0x0004, 0xfff1, 0xffe3, 0x0013, 0xfffc, 0xffeb, 0xffcf, 0xffcb, 0xfffb, 0xfffe, 0x0008,
0x001e, 0x002d, 0xfffc, 0xfffd, 0xfff7, 0x0008, 0x0042, 0xffe1, 0xffd8, 0x003e, 0x0057, 0x0034,
0x0015, 0x0007, 0xffe3, 0xffa4, 0xff80, 0xffc7, 0x0026, 0x0049, 0x0012, 0xfffb, 0x0028, 0x0016,
0xffff, 0xffd0, 0xffbe, 0xffbe, 0xffc5, 0xfff6, 0xfffd, 0xfff3, 0xff99, 0xffcc, 0x0034, 0x0021,
0x0073, 0x007f, 0x000e, 0xffe6, 0xfffa, 0xffe0, 0xffe1, 0xffdb, 0x0018, 0x00a7, 0x0086, 0x000d,
0xffcc, 0xffd9, 0x001f, 0x004f, 0x003e, 0x002a, 0x006a, 0x0063, 0xfff6, 0xffd6, 0xffb9, 0xffb6,
0xffc6, 0xffea, 0x004d, 0x0022, 0xfff3, 0xfffc, 0xffb9, 0xffc0, 0xfff7, 0xffdc, 0xfff6, 0xfff3,
0xffb2, 0xffa6, 0xffa3, 0x0000, 0x002e, 0x003d, 0x005e, 0x0029, 0xffff, 0xfffa, 0x0022, 0x0022,
0xffed, 0x000e, 0x0027, 0xffce, 0xffe3, 0xfff3, 0xff9a, 0xffd7, 0xfff6, 0xffd9, 0x0000, 0x002b,
0x0029, 0xffea, 0x0058, 0x00b4, 0x004d, 0x001f, 0x0004, 0xfff1, 0xfffb, 0xffeb, 0xffc3, 0xffa8,
0xffa2, 0xffc3, 0xfff1, 0xfff9, 0xffe6, 0xfffa, 0xfff7, 0xffaf, 0xfffe, 0x0030, 0xffe5, 0xffe3,
0x0001, 0x001a, 0x001e, 0x0026, 0x0003, 0xffcf, 0xffc8, 0xffe3, 0x000e, 0x0007, 0xfffa, 0x002d,
0x002d, 0xffdb, 0xffc7, 0xffac, 0xff96, 0x0014, 0x0067, 0x0044, 0x0040, 0x005e, 0x005d, 0x001c,
0x000f, 0x0013, 0xffe1, 0x0033, 0x003c, 0xffe2, 0x001a, 0x0024, 0xfff7, 0xffd7, 0xffe7, 0xffea,
0xffbf, 0xffe0, 0xffdf, 0xfffa, 0x001a, 0x001b, 0x0015, 0xffee, 0x001b, 0x0050, 0x0052, 0x003f,
0x001d, 0xffeb, 0xffbe, 0xffe2, 0xfffa, 0x001f, 0x0037, 0x0003, 0x0015, 0xffc4, 0xffae, 0xffde,
0xffe6, 0x0026, 0xfffc, 0xffff, 0xffe6, 0x000a, 0x002f, 0xffba, 0xffdc, 0xffe1, 0xffb3, 0xffde,
0xffed, 0x0024, 0x002c, 0xffc6, 0xffe6, 0x0032, 0x000d, 0xffea, 0xffc6, 0xffc8, 0xffd3, 0xffc2,
0xfff2, 0xffe3, 0xffef, 0x001d, 0x0017, 0x0071, 0x0078, 0x0012, 0xffed, 0xfff0, 0xffec, 0x001a,
0x0055, 0x0068, 0x003b, 0xffff, 0x000c, 0x0008, 0xfffe, 0x0008, 0x003e, 0x0021, 0xffe9, 0xfffd,
0xffbd, 0xffc1, 0xffdb, 0xffc2, 0xfff3, 0x0023, 0x001f, 0x0004, 0x000f, 0x003b, 0x0063, 0x0033,
0xfff5, 0x0005, 0xfff2, 0xffde, 0xffce, 0xffeb, 0x0011, 0xffcf, 0xff8a, 0xff78, 0xffc6, 0xffea,
0xffd3, 0x0013, 0x003b, 0x0001, 0xffbc, 0xffd2, 0xfff0, 0x0018, 0x004e, 0x0009, 0xffe9, 0x0034,
0x003c, 0x002f, 0x0004, 0xffe7, 0x0013, 0xfff6, 0x000d, 0x002a, 0xffeb, 0xffe4, 0xffdf, 0xffbc,
0xffd5, 0xfffb, 0x0001, 0x0003, 0x000c, 0x0037, 0x001c, 0x000b, 0x0016, 0xfff5, 0x003d, 0x002c,
0xffe6, 0xffff, 0xffd9, 0xfff7, 0x0020, 0xfff3, 0xfff3, 0xffe9, 0x000b, 0x000e, 0xff9c, 0xffc1,
0x000f, 0x0018, 0x0033, 0x0026, 0x002b, 0x0024, 0x0070, 0x00a0, 0x0013, 0xffec, 0xffcf, 0xff9f,
0xffdc, 0xffc1, 0xffd9, 0x000b, 0xfff5, 0x0017, 0xffea, 0x0008, 0x0052, 0x0036, 0x005c, 0x005a,
0x0017, 0xffdc, 0xffdb, 0xffdc, 0xff8a, 0xffaf, 0x0007, 0xfffe, 0xfff4, 0x0005, 0x0016, 0x0002,
0x0003, 0x0020, 0x0016, 0xffec, 0xffe5, 0xffc9, 0xffae, 0xffd9, 0xffed, 0x0036, 0x0049, 0x002f,
0x002c, 0xffef, 0x0015, 0x0016, 0xffe2, 0x0027, 0x000d, 0xffca, 0xffe0, 0xffb5, 0xffbf, 0xfff7,
0x001e, 0x0039, 0x0009, 0xfff5, 0xffe7, 0xfffd, 0x002c, 0x0040, 0x002e, 0xffd8, 0xffbf, 0xffed,
0x0004, 0x0009, 0x0019, 0x0041, 0x0027, 0xffe4, 0xffad, 0xff70, 0xff9a, 0xffe0, 0x0010, 0xffeb,
0xffd0, 0xffff, 0x001e, 0x0066, 0x0028, 0x0002, 0x0010, 0xffe8, 0xfff5, 0xffca, 0xffc5, 0x000d,
0x000b, 0xfff2, 0xfff1, 0xffd4, 0xffeb, 0x004c, 0x0059, 0xffff, 0xfff1, 0x0003, 0xfff3, 0xfffc,
0x003a, 0x004b, 0x0029, 0x0045, 0x003f, 0x0061, 0x0047, 0x0007, 0x002f, 0x000e, 0xffd9, 0xffd7,
0xffb6, 0xffb4, 0xffe2, 0xff9c, 0xff71, 0xffaa, 0xffde, 0x0029, 0x0077, 0x005e, 0xfffc, 0x0003,
0x006e, 0x009b, 0x0050, 0x000b, 0xfff3, 0xffe6, 0xfff7, 0x0019, 0xffdb, 0xffe4, 0x002b, 0x0013,
0xffd4, 0xffa3, 0xfffe, 0x0010, 0x0003, 0x0029, 0x0033, 0x0018, 0xffda, 0xffd6, 0xffc4, 0xffa4,
0xff86, 0xffd5, 0x002b, 0x0036, 0x001f, 0x0003, 0x0017, 0xfffb, 0xffd5, 0xffd0, 0xfff1, 0x0004,
0xfffa, 0x000d, 0x003d, 0x0026, 0xffbb, 0xff8b, 0xff7e, 0xff7c, 0xfff8, 0x0046, 0x002b, 0x001d,
0xfff3, 0xfff8, 0xffd8, 0xffe4, 0x0009, 0xfff6, 0x0021, 0x0052, 0x007e, 0x0042, 0xfff3, 0xfff7,
0xffd0, 0xffd8, 0x0038, 0x0052, 0x006a, 0x006d, 0x001a, 0xffb9, 0xffb2, 0xffdd, 0xfff0, 0x0020,
0x001a, 0x0030, 0x0019, 0xffd5, 0x0018, 0x0054, 0x003a, 0xffe1, 0xffe4, 0x0038, 0x0025, 0xffe7,
0x0002, 0x0001, 0xffc9, 0xffad, 0xff88, 0xffba, 0xffe3, 0xffd9, 0xffdf, 0xffd0, 0xfff7, 0xfffe,
0xffea, 0x0023, 0x0040, 0x0018, 0xffd7, 0xffc9, 0x0009, 0x002f, 0x005c, 0x0075, 0x0010, 0xffe9,
0x0008, 0xffe2, 0xffce, 0xffc9, 0xfff4, 0x002f, 0x003a, 0x002e, 0xffde, 0xffce, 0xffcb, 0xff96,
0xffc5, 0xffe8, 0xffd2, 0xffc4, 0xffe4, 0x004f, 0x0031, 0x0017, 0x0060, 0x0015, 0xffe2, 0x002a,
0x004e, 0x0057, 0x0042, 0xfffc, 0xffd4, 0xffd4, 0xfff6, 0x000b, 0x0018, 0x003d, 0x0030, 0x000d,
0xffe9, 0x0009, 0x005a, 0x003c, 0x0014, 0x0029, 0x001d, 0xffe2, 0xffc8, 0x0021, 0x005b, 0x002e,
0x0025, 0xfff0, 0xffe3, 0x001a, 0xffa2, 0xff67, 0xff7d, 0xff95, 0xffd2, 0xffc5, 0x0010, 0x0044,
0x003c, 0x0056, 0x001a, 0xfffa, 0x000a, 0xffd4, 0xffb2, 0xffca, 0xffb4, 0xff93, 0xff78, 0xff72,
0xffa7, 0xfffd, 0x0018, 0x0029, 0x0053, 0x0003, 0xffee, 0x0054, 0x0055, 0xfff2, 0xfffc, 0x0039,
0x0030, 0x0052, 0x0029, 0xfffc, 0xfffe, 0xffee, 0xffed, 0xffc3, 0xfff2, 0x0058, 0x0056, 0xffde,
0xffa5, 0xffc9, 0xfff4, 0x004f, 0x006e, 0x0050, 0x004e, 0x001e, 0xffcd, 0xffe3, 0x0005, 0xffe7,
0xfff9, 0x0001, 0x000c, 0x0031, 0xfff0, 0xffdf, 0x0013, 0x0018, 0x0002, 0x0008, 0x003f, 0x003e,
0xfff7, 0xffa3, 0xffe3, 0x000a, 0xffd2, 0xffe9, 0xfff9, 0x0024, 0x0011, 0xffbf, 0xffaf, 0xffe7,
0xfffa, 0xffe5, 0x000d, 0x0014, 0xfff5, 0xffe7, 0xfffc, 0x0024, 0x0034, 0x003f, 0x0008, 0xffe1,
0x0012, 0xfff7, 0xffb0, 0xffa5, 0xffe3, 0x000d, 0xfff3, 0xffee, 0xfff2, 0xffdb, 0xffc0, 0x0009,
0x0068, 0x005d, 0x0028, 0x0035, 0x0015, 0xffef, 0x0020, 0x0021, 0x003a, 0x002f, 0x0022, 0xffee,
0xffc6, 0x0035, 0x0041, 0x0010, 0xffe0, 0xffad, 0xffa3, 0xffdc, 0xffe2, 0xffb6, 0xffc6, 0xffca,
0xffed, 0x0003, 0x0039, 0x0045, 0xfff8, 0xffe3, 0x001c, 0x0039, 0x001d, 0x0016, 0xfff8, 0xfff3,
0xffe3, 0x000f, 0x0042, 0x0011, 0xffe4, 0xffe6, 0x0004, 0xfffb, 0x000e, 0xfff0, 0xffde, 0x0017,
0x001f, 0xfff6, 0xffed, 0x002e, 0xffeb, 0xffba, 0x000b, 0xfff2, 0xffe0, 0xfffb, 0xfff6, 0x0015,
0x000d, 0x0012, 0x000f, 0xffb5, 0xfff5, 0x0066, 0x005a, 0x004b, 0x0048, 0x0005, 0xff9d, 0xffb8,
0xffd0, 0xffb2, 0x001f, 0xfffb, 0xff77, 0xffdb, 0x0027, 0x001c, 0x0031, 0x0038, 0x003d, 0x000c,
0xffc7, 0xffd9, 0x0004, 0xfffc, 0xfffa, 0x0015, 0x000a, 0xffee, 0xfff4, 0xffc3, 0xffd0, 0x0038,
0x0031, 0x0012, 0x001f, 0xfff4, 0xffc2, 0x0008, 0x0026, 0x001e, 0x0025, 0xffdb, 0xffb1, 0xffc2,
0xffe4, 0x002c, 0x0075, 0x005b, 0x0031, 0x0011, 0xffee, 0xffce, 0xffbf, 0x0009, 0x0010, 0x0030,
0x0064, 0x0029, 0x0012, 0xfffd, 0xffef, 0x0012, 0xffff, 0xffee, 0x0014, 0x003d, 0x0000, 0xffa4,
0xffbf, 0xffe8, 0xfffc, 0xfff0, 0x0016, 0x0029, 0xffe3, 0xffbc, 0xffe8, 0x0036, 0xffdc, 0xffb7,
0x000a, 0xffee, 0xffe7, 0xfffe, 0xfff0, 0x0019, 0x000f, 0xffda, 0xffb9, 0xff78, 0xffae, 0x0024,
0x0031, 0x0033, 0x0062, 0x0026, 0xffec, 0x003f, 0x0059, 0x0032, 0x0015, 0x0004, 0xfff7, 0xffd5,
0xffda, 0xffea, 0x0021, 0x0034, 0x000a, 0x0001, 0xffeb, 0xfffb, 0xfffb, 0x0003, 0xfff5, 0xffe4,
0xfff2, 0xffd8, 0xffb8, 0xffad, 0xffde, 0xfff3, 0xfffc, 0x0034, 0x0059, 0x0043, 0x0025, 0xffe3,
0xffc5, 0xffea, 0x0013, 0x0029, 0x0017, 0x0034, 0x0022, 0xffef, 0xffb0, 0xff9a, 0xffd4, 0xffde,
0x0016, 0x0041, 0x0020, 0x002d, 0x002c, 0xfffe, 0x002f, 0x0044, 0x0003, 0x0008, 0x0023, 0x004a,
0x004e, 0x0014, 0xfff1, 0xff7d, 0xff55, 0xffeb, 0xfffa, 0xffe7, 0x0021, 0xfff3, 0xffe9, 0x001a,
0xffee, 0xffc7, 0xfffd, 0xfff2, 0xffda, 0xffe5, 0xffe3, 0xfffa, 0x0003, 0x0023, 0x002c, 0x003c,
0x0055, 0x003c, 0xffe7, 0xffd5, 0x0034, 0x004b, 0x0015, 0xffd1, 0xfffe, 0x0014, 0xfff5, 0x002c,
0x0058, 0x005d, 0x0016, 0xffcd, 0xffdf, 0xfffe, 0xfff9, 0x000f, 0xffe8, 0xffb5, 0xffcc, 0xffc6,
0xffd3, 0xfffd, 0x0011, 0x0010, 0xffe4, 0xffc0, 0x0005, 0x0021, 0x0029, 0x0046, 0x0007, 0xffe5,
0xffda, 0xffce, 0xffdf, 0xffe8, 0xffe6, 0xffb6, 0xffc3, 0x0043, 0x005d, 0x0014, 0xfffe, 0x000c,
0xfff4, 0xffc6, 0xffa5, 0xffce, 0x0019, 0xffce, 0xffd4, 0x0029, 0x0002, 0x0027, 0x005b, 0x0006,
0xfffa, 0x0010, 0xffdb, 0x0003, 0x0014, 0xffe6, 0xffcb, 0x0005, 0x0005, 0xffd6, 0x0029, 0x001e,
0x000d, 0x0019, 0xffd5, 0xffe6, 0x0042, 0x0020, 0x0027, 0x0089, 0x006c, 0x002d, 0x002f, 0x0007,
0xffa6, 0xffcb, 0xfff9, 0xffe4, 0xffce, 0xffe7, 0x0035, 0x0054, 0x0032, 0xfff7, 0xffe1, 0xffa8,
0xffae, 0x000c, 0x0057, 0x004d, 0x003d, 0x000b, 0xffae, 0xffaf, 0xffe6, 0xfff4, 0xffd1, 0x0011,
0xfff6, 0xffdc, 0x0011, 0xfffc, 0xffeb, 0xffcd, 0x0002, 0x0010, 0xffef, 0xfffc, 0x000b, 0x0028,
0x000d, 0x0018, 0x0051, 0x0035, 0x0022, 0x002f, 0x0021, 0x0012, 0xfff7, 0xffc1, 0xff94, 0xffc7,
0x002e, 0x004a, 0x0024, 0xffe4, 0xffb5, 0xffa6, 0xff9b, 0xffb5, 0xffe2, 0x0001, 0xfff1, 0xffcf,
0xffe4, 0xffe2, 0xffe3, 0x0036, 0x002c, 0xfffa, 0x0041, 0x0044, 0x0009, 0xfffe, 0xffff, 0xffed,
0xffd2, 0x0014, 0x002f, 0xffe7, 0xffe9, 0x000d, 0x0018, 0x0040, 0x003f, 0x0049, 0x004a, 0x0006,
0xffd5, 0xffc4, 0xfffa, 0x0008, 0x0029, 0x006e, 0x0026, 0xffdd, 0xffd5, 0xfff8, 0xfff4, 0xffec,
0xffe5, 0xff73, 0xff88, 0xfff7, 0xfff0, 0x0012, 0x007e, 0x007b, 0x0019, 0xfffd, 0xffdd, 0xffd4,
0x0006, 0x0005, 0x001e, 0x001b, 0xffdd, 0xffcb, 0xffc8, 0xffcf, 0xfff9, 0x0042, 0x003c, 0x002c,
0x0094, 0x0083, 0x0005, 0xffd5, 0xfff1, 0x0013, 0xffeb, 0xffe6, 0xffcd, 0xffad, 0xffe4, 0xfffb,
0x0012, 0xffe8, 0xfff6, 0x005a, 0x0021, 0xffec, 0xffd2, 0xff8b, 0xffa6, 0xfff7, 0x0010, 0xfffd,
0xffeb, 0xfff0, 0xfff7, 0xfffa, 0x001e, 0x0026, 0xffdd, 0xfff8, 0x0014, 0xffcd, 0xffe3, 0x0001,
0x002e, 0x002e, 0x0015, 0x0020, 0xffda, 0xffda, 0xfff5, 0xfff6, 0xffeb, 0xffdf, 0x0013, 0x0041,
0x0063, 0x002c, 0xffdc, 0xff98, 0xff73, 0xffcc, 0xfff6, 0xfff6, 0x0015, 0x0025, 0x000f, 0xfff5,
0x0019, 0x0025, 0x000d, 0x0022, 0x0014, 0xfff4, 0x0028, 0x0023, 0xfff4, 0x0004, 0x0005, 0xffbb,
0xffac, 0x0019, 0x003c, 0x0001, 0x0019, 0x0076, 0x0065, 0x0052, 0x006a, 0x0046, 0x0037, 0x005a,
0x002d, 0xffcc, 0xffd8, 0x0019, 0xfff5, 0xffac, 0xffe3, 0xffd8, 0xffbb, 0x0003, 0x0042, 0x0049,
0x000d, 0x000d, 0x001b, 0x0019, 0xffc1, 0xff9b, 0xfffe, 0xfff4, 0xffc7, 0xffc7, 0x0007, 0x001d,
0xffeb, 0xffdc, 0xffb3, 0xffba, 0xffbd, 0xffb4, 0xffdb, 0x000d, 0xffea, 0xffb6, 0xffc8, 0xffa0,
0xffe6, 0x001c, 0xffdc, 0x0003, 0x003c, 0xfff0, 0xffce, 0x0036, 0x0051, 0x0010, 0xffd8, 0xfff1,
0xfff4, 0xfff9, 0x000e, 0x0000, 0x0030, 0x001d, 0xffe7, 0xfff2, 0xffdc, 0xffd5, 0xffed, 0xfff8,
0x0021, 0x0065, 0x006c, 0x001b, 0x0008, 0x003c, 0x0036, 0x0013, 0x0022, 0x001b, 0xffef, 0xfff0,
0x0015, 0x000f, 0x0038, 0x0083, 0x004a, 0x0038, 0x0048, 0x0023, 0xfff4, 0xfff0, 0xffd7, 0xffb3,
0x0021, 0x001c, 0xffcd, 0xfff5, 0x000a, 0xffc6, 0xffae, 0xfff0, 0xfffe, 0xfff6, 0x0009, 0xfff8,
0xfff3, 0x0032, 0x0014, 0xffc7, 0xffa5, 0xffa2, 0xffea, 0x001f, 0x001c, 0x0013, 0xffee, 0xffcc,
0xfff0, 0xffe8, 0xffd2, 0x0014, 0x0047, 0x0025, 0xffe8, 0xffd5, 0xffd5, 0xffd1, 0xfff2, 0x0000,
0x0000, 0x0029, 0xffec, 0xfff4, 0x0050, 0x0011, 0xffe8, 0xfffd, 0x0006, 0xfff8, 0xffc9, 0xfff6,
0xffeb, 0xffd8, 0x002c, 0x001b, 0x0031, 0x0037, 0xffe0, 0xfffb, 0x004e, 0x0026, 0xffc0, 0xffef,
0x0033, 0x003a, 0x004a, 0x000d, 0xffd7, 0xffcf, 0xffc2, 0xffad, 0xffc0, 0x0053, 0x0059, 0x0011,
0x0036, 0x0014, 0xfff1, 0xfffd, 0xffeb, 0xffc7, 0xffe5, 0x0026, 0x0017, 0xffcb, 0xff96, 0xff92,
0xffd6, 0xfff9, 0xffec, 0x001f, 0x001e, 0xfffe, 0x0014, 0x0027, 0x0026, 0x0012, 0x0022, 0x0045,
0x001e, 0x001a, 0x0033, 0x002d, 0x0013, 0xffff, 0x000c, 0xffe9, 0xfff3, 0xfff8, 0xfff4, 0x0014,
0xffed, 0xffbb, 0xffb6, 0xfff1, 0x001e, 0x002b, 0x0047, 0x004a, 0x0029, 0xfff8, 0xffd5, 0xfff4,
0xffeb, 0xffd5, 0xffe5, 0xffca, 0xffe2, 0x000d, 0x0017, 0xfff5, 0xffe5, 0xffd8, 0xffdc, 0x000d,
0x0009, 0x000a, 0x0000, 0x002c, 0x0065, 0x0048, 0x001d, 0x0017, 0x0017, 0x002c, 0x000f, 0xffc6,
0xffa1, 0xff99, 0xffb3, 0xff9f, 0xffd4, 0xffff, 0x000d, 0x0060, 0x001a, 0xff80, 0xffa7, 0x000e,
0x0001, 0x0015, 0x0034, 0xffdd, 0xff9b, 0xffe0, 0xffeb, 0xfff0, 0x003d, 0x0041, 0x003f, 0x002b,
0x0001, 0x0020, 0x0016, 0x000e, 0x0041, 0x0007, 0xffec, 0x0001, 0xffed, 0xffbc, 0xfffa, 0x0074,
0x0039, 0x0011, 0x0045, 0x0032, 0x000a, 0xffea, 0xffb3, 0xffd2, 0xffd7, 0xffef, 0x0021, 0x0008,
0x0001, 0x0012, 0x000a, 0xffcc, 0x0003, 0x002c, 0xffff, 0xfff9, 0x001e, 0xffee, 0xff80, 0xffb8,
0xffff, 0x0044, 0x0050, 0x0029, 0x0035, 0xfff1, 0xffd0, 0x0005, 0xfffa, 0xffed, 0x0028, 0x0011,
0xffa3, 0xffa8, 0xffdf, 0xffd4, 0xffe7, 0xffca, 0xffe8, 0x0058, 0x0043, 0x0042, 0x008e, 0x0056,
0xffed, 0xfff0, 0xfffd, 0x0019, 0x004d, 0x002e, 0xffea, 0x0014, 0xffd9, 0xffab, 0x0021, 0x000b,
0xffb1, 0xffb9, 0xffcd, 0xff99, 0xffe6, 0xfff0, 0xffd1, 0x0018, 0xffe3, 0x0003, 0x002a, 0x000e,
0x000d, 0xfff2, 0xffe4, 0xffd7, 0xffcb, 0xfffe, 0x002a, 0x0067, 0x00a4, 0x005c, 0x0027, 0x001d,
0x0006, 0xffca, 0xff9a, 0xff99, 0xff98, 0xffc9, 0xfff6, 0x0025, 0x003f, 0x001b, 0x0003, 0xfffe,
0xffe0, 0xffff, 0x0018, 0xffd7, 0xffd1, 0x0002, 0xffcf, 0xff8b, 0xffc2, 0xffc7, 0xffd6, 0x0035,
0x0059, 0x0082, 0x009d, 0x0087, 0x0087, 0x004d, 0xffec, 0xffdf, 0xffd4, 0xffda, 0xffce, 0xffb4,
0xff95, 0xff9d, 0xffeb, 0x001a, 0x0047, 0x0034, 0x0021, 0x003c, 0x0034, 0x0017, 0x0033, 0x0026,
0x000a, 0xfffe, 0xffc0, 0xfffc, 0xffd4, 0xffb7, 0xffff, 0xfffe, 0x0009, 0x0011, 0x0029, 0x0024,
0x0034, 0x0008, 0xffc0, 0xffb2, 0xffd0, 0x001c, 0x002c, 0x003a, 0x005c, 0x006d, 0x0084, 0x006e,
0xfff9, 0xff9d, 0xff69, 0xff57, 0xff76, 0xffad, 0xffc1, 0xff9b, 0xffdf, 0x0023, 0x0040, 0x0073,
0x003c, 0x002c, 0x0049, 0x0002, 0xffcb, 0xffc5, 0xffc1, 0xff9e, 0xff89, 0xff91, 0xffc7, 0x0000,
0x0021, 0x003d, 0x0026, 0x0040, 0x001f, 0xffe9, 0x0020, 0x0041, 0x003b, 0x002d, 0x004d, 0x0073,
0x001c, 0xffd0, 0xffd7, 0xffe7, 0x0004, 0xffca, 0xffa7, 0x0006, 0x001e, 0xfffb, 0xfffd, 0x0000,
0x002a, 0x0042, 0xfffd, 0xffd5, 0xfffb, 0x0022, 0x0028, 0x0018, 0x0000, 0xffc4, 0xff9d, 0xffac,
0xffb4, 0xffc2, 0xfff4, 0x0055, 0x004e, 0x0032, 0x0072, 0x0075, 0x0081, 0x0066, 0x0006, 0xffc8,
0xffd8, 0xffde, 0xff7f, 0xffad, 0xffef, 0xfff3, 0x000a, 0x0001, 0x0014, 0x0003, 0x0002, 0xffd5,
0xffb6, 0xff9b, 0xff8b, 0xfff3, 0xffd2, 0xffc0, 0xffd0, 0xffca, 0x002e, 0x009a, 0x00c4, 0x0073,
0x0098, 0x00c6, 0x0061, 0x0060, 0xffe4, 0xff69, 0xff7e, 0xff7d, 0xffe1, 0xffea, 0xffb5, 0xffdc,
0xffc2, 0xffd2, 0xffeb, 0xfff6, 0x002b, 0x0033, 0x001e, 0x0025, 0x006b, 0x0074, 0x004c, 0x0037,
0x0016, 0xffc5, 0xff6b, 0xff2e, 0xff06, 0xff03, 0xff0b, 0xff86, 0xfff1, 0x005c, 0x011e, 0x01f3,
0x0282, 0x027d, 0x024b, 0x0187, 0x0062, 0xff3e, 0xfdfa, 0xfc7d, 0xfb91, 0xfb54, 0xfb80, 0xfd20,
0xff69, 0x01e6, 0x0467, 0x05fb, 0x06a5, 0x066c, 0x0548, 0x0352, 0x00d7, 0xfde7, 0xfa9f, 0xf843,
0xf79f, 0xf88e, 0xfaa9, 0xfd3f, 0x0069, 0x03da, 0x0685, 0x07b2, 0x0789, 0x0649, 0x03dc, 0x00e2,
0xfded, 0xfae4, 0xf88f, 0xf77d, 0xf7e3, 0xf9e1, 0xfced, 0x0122, 0x053e, 0x0792, 0x0831, 0x07d2,
0x05d6, 0x02be, 0xff65, 0xfc36, 0xf9fb, 0xf932, 0xf9e7, 0xfafe, 0xfd2a, 0x0005, 0x02d2, 0x0510,
0x0650, 0x063c, 0x04e2, 0x02af, 0xff79, 0xfd00, 0xfb98, 0xfad4, 0xfb22, 0xfc7d, 0xfdef, 0xffc3,
0x0218, 0x040b, 0x0597, 0x05e8, 0x04bf, 0x026f, 0xff92, 0xfd3b, 0xfbab, 0xfaf7, 0xfb1d, 0xfc42,
0xfe3e, 0x0022, 0x01f6, 0x036c, 0x041e, 0x03e0, 0x02ef, 0x0158, 0xff47, 0xfd88, 0xfbee, 0xfb08,
0xfb53, 0xfcba, 0xfef5, 0x0163, 0x0333, 0x0432, 0x04cd, 0x0503, 0x03fa, 0x0215, 0x00ac, 0xffa5,
0xfe16, 0xfb6c, 0xf9c2, 0xfaa6, 0xfc5d, 0xfd79, 0xfe18, 0xfedf, 0x000b, 0x010e, 0x011b, 0x0062,
0x006c, 0x015f, 0x025d, 0x02eb, 0x038e, 0x040e, 0x0412, 0x03f8, 0x02fe, 0x01a9, 0xffe8, 0xfde4,
0xfc57, 0xfb6f, 0xfad9, 0xfaae, 0xfbbd, 0xfe33, 0x0124, 0x02db, 0x03fb, 0x04d8, 0x04f8, 0x044e,
0x02ea, 0x012b, 0xff9c, 0xfe80, 0xfd86, 0xfd22, 0xfd5c, 0xfdc4, 0xfe8b, 0xffce, 0x00e2, 0x018f,
0x01fd, 0x021a, 0x01f9, 0x0153, 0x003c, 0xfeeb, 0xfe1e, 0xfe48, 0xfed8, 0xffbb, 0x002a, 0x001c,
0x00c8, 0x030c, 0x066b, 0x098e, 0x0ab7, 0x073d, 0xff6a, 0xf52e, 0xeb71, 0xe5c4, 0xe4f3, 0xe713,
0xe977, 0xec2a, 0xf21e, 0xfeab, 0x101c, 0x2090, 0x2bd9, 0x2f92, 0x2a6b, 0x1d0e, 0x0b3e, 0xfa89,
0xeead, 0xe6df, 0xe061, 0xdbba, 0xdd14, 0xe6b9, 0xf52f, 0x0382, 0x1005, 0x1c95, 0x27ae, 0x2a01,
0x1f43, 0x0b80, 0xf7bd, 0xe938, 0xe082, 0xddfe, 0xe388, 0xf105, 0x010f, 0x0d7a, 0x1587, 0x1bc6,
0x1edb, 0x1b2d, 0x0f85, 0xffe8, 0xf203, 0xe715, 0xdf45, 0xdd78, 0xe44e, 0xf28d, 0x042e, 0x1451,
0x1f1c, 0x2390, 0x2261, 0x1b2c, 0x0ec9, 0x0049, 0xf0f1, 0xe2b5, 0xd8f4, 0xd5d4, 0xda8e, 0xe6ff,
0xf86b, 0x0a6c, 0x18ff, 0x21da, 0x255d, 0x22e7, 0x199d, 0x0b51, 0xfbcf, 0xef3e, 0xe6a4, 0xe36b,
0xe692, 0xefea, 0xff19, 0x0f7d, 0x1b61, 0x1d0a, 0x1327, 0x0010, 0xea5f, 0xdbc6, 0xd3b8, 0xcff0,
0xcf88, 0xd2b9, 0xdfb4, 0xfb43, 0x1ea3, 0x3d69, 0x521f, 0x588d, 0x4e74, 0x34bd, 0x1282, 0xf309,
0xde31, 0xd173, 0xc4e0, 0xbd19, 0xc39c, 0xdafe, 0xf813, 0x0e54, 0x1ee2, 0x30a7, 0x3fab, 0x3c1f,
0x22ed, 0x0145, 0xe5c0, 0xd5b6, 0xcd3b, 0xcc1a, 0xda69, 0xf7a6, 0x11de, 0x1e08, 0x2383, 0x2ab3,
0x2ec5, 0x2438, 0x0bdd, 0xf228, 0xe19f, 0xd71b, 0xcec3, 0xcfd7, 0xdfaf, 0xfac8, 0x1508, 0x25d4,
0x2e69, 0x3256, 0x2d3d, 0x1b02, 0x042a, 0xf084, 0xe022, 0xd318, 0xca75, 0xc988, 0xd4f3, 0xeafa,
0x0369, 0x1917, 0x2925, 0x3000, 0x2fc0, 0x2881, 0x182f, 0x03b1, 0xf278, 0xe694, 0xe031, 0xdfcc,
0xe313, 0xec59, 0xfcec, 0x0f35, 0x1f49, 0x2a30, 0x2a83, 0x1b98, 0x00ac, 0xdfe0, 0xc464, 0xbb14,
0xbdd9, 0xc434, 0xcede, 0xdfc9, 0xf96f, 0x1ee3, 0x4663, 0x6087, 0x6bd0, 0x649f, 0x4937, 0x1e80,
0xf175, 0xd06c, 0xc134, 0xbcf4, 0xb7aa, 0xb847, 0xc91d, 0xe976, 0x0ab2, 0x1efe, 0x2a8c, 0x3a29,
0x4a11, 0x421e, 0x1ef8, 0xf690, 0xda47, 0xcc72, 0xc7c5, 0xcafa, 0xdcbe, 0xfd7f, 0x195d, 0x223b,
0x22c6, 0x2796, 0x2c16, 0x215d, 0x069c, 0xecba, 0xded5, 0xd63a, 0xcebc, 0xd206, 0xe51a, 0x00f4,
0x1a77, 0x2ac7, 0x323c, 0x3546, 0x2f90, 0x1b1b, 0x023c, 0xef0d, 0xdf52, 0xcf91, 0xc1ff, 0xbf2c,
0xcd54, 0xe7a4, 0x0433, 0x1ccd, 0x2ccc, 0x32aa, 0x3316, 0x2e0c, 0x2010, 0x0b93, 0xf6a2, 0xe56f,
0xdaf8, 0xda34, 0xdfff, 0xe934, 0xf816, 0x0b60, 0x1e46, 0x2ad9, 0x2d04, 0x2192, 0x07ff, 0xe6b0,
0xc567, 0xb2b8, 0xb374, 0xbe9a, 0xce93, 0xdfda, 0xf322, 0x127a, 0x3f04, 0x616a, 0x70a1, 0x6d65,
0x5405, 0x2a7a, 0xfbfc, 0xd519, 0xbe9e, 0xb984, 0xb89a, 0xb95e, 0xc5ce, 0xe197, 0x039f, 0x1c77,
0x2930, 0x3422, 0x434b, 0x43f9, 0x2914, 0x036c, 0xe568, 0xd238, 0xc9c7, 0xcb5c, 0xd6a1, 0xf18f,
0x108f, 0x1e3b, 0x1ec9, 0x21bd, 0x26fc, 0x2197, 0x0ec4, 0xf79b, 0xe6e8, 0xdd9a, 0xd65c, 0xd6cb,
0xe41f, 0xfb75, 0x1487, 0x26a9, 0x2e3f, 0x2e5a, 0x2915, 0x1a57, 0x049d, 0xf1c7, 0xe20e, 0xd1ce,
0xc5f2, 0xc475, 0xce78, 0xe1f0, 0xfaff, 0x1319, 0x258f, 0x2fce, 0x332d, 0x3146, 0x26ed, 0x13ca,
0xfe77, 0xec1d, 0xdf39, 0xdc00, 0xe05c, 0xe7f2, 0xf461, 0x06ef, 0x1b22, 0x2b84, 0x30c0, 0x24e8,
0x088c, 0xe0e7, 0xbf34, 0xb1f5, 0xb35b, 0xba43, 0xc3fe, 0xd226, 0xebd2, 0x162b, 0x456a, 0x69a0,
0x7d1b, 0x7aca, 0x5f30, 0x2db6, 0xf94b, 0xd52d, 0xc3e2, 0xb853, 0xab95, 0xa8ce, 0xbaa7, 0xded3,
0x0266, 0x1998, 0x2cbe, 0x45f9, 0x5868, 0x4f38, 0x2b90, 0x00fb, 0xdf8d, 0xc905, 0xbb13, 0xbb81,
0xd2a7, 0xf64f, 0x11d2, 0x1d72, 0x24bb, 0x30d4, 0x3780, 0x2a57, 0x0d53, 0xf313, 0xe1d5, 0xd206,
0xc482, 0xc528, 0xda80, 0xfd74, 0x1d08, 0x2f2c, 0x399f, 0x3fe8, 0x393a, 0x22f3, 0x07f4, 0xeee5,
0xd806, 0xc25b, 0xaf67, 0xabdc, 0xbd25, 0xdab0, 0xfcb8, 0x1dd9, 0x3734, 0x4611, 0x4bb7, 0x43a0,
0x2e73, 0x131d, 0xf6c7, 0xdedb, 0xcfa5, 0xcacb, 0xd0ce, 0xe096, 0xf66e, 0x1065, 0x2be0, 0x3feb,
0x450b, 0x3592, 0x1157, 0xe210, 0xb66e, 0x9c99, 0x956d, 0x9b9e, 0xabe4, 0xc709, 0xebb0, 0x17da,
0x46b3, 0x6ad5, 0x7d48, 0x7aff, 0x61c0, 0x351b, 0x026e, 0xd869, 0xbe26, 0xaf57, 0xa6d5, 0xa967,
0xbd47, 0xdf3e, 0x0286, 0x1f74, 0x3516, 0x461f, 0x4fd6, 0x45fb, 0x2664, 0x00d9, 0xe0ed, 0xc890,
0xbb78, 0xbe97, 0xd3a1, 0xf3f3, 0x125b, 0x2436, 0x2d1c, 0x33d8, 0x3324, 0x253b, 0x0d7e, 0xf365,
0xdc6c, 0xcb63, 0xc307, 0xc913, 0xdf3e, 0xfd10, 0x198f, 0x2fab, 0x3dc3, 0x41af, 0x390b, 0x2504,
0x0a45, 0xeeed, 0xd469, 0xbd1d, 0xafd0, 0xb215, 0xc280, 0xdd9f, 0xfeee, 0x1d46, 0x33ef, 0x41f7,
0x4648, 0x3fd4, 0x2d97, 0x11d5, 0xf4ec, 0xdf16, 0xd275, 0xcfc8, 0xd5d3, 0xe27f, 0xf634, 0x0f83,
0x285a, 0x3956, 0x3eb6, 0x32ce, 0x1417, 0xe9d7, 0xbf7e, 0xa45c, 0x9cb0, 0xa207, 0xafec, 0xc52f,
0xe43f, 0x0fac, 0x3e94, 0x6443, 0x7b22, 0x7d6c, 0x681f, 0x3ecc, 0x0cf9, 0xe274, 0xc81a, 0xb881,
0xade4, 0xad3e, 0xbc5a, 0xda2b, 0xfaee, 0x1407, 0x276a, 0x3b8e, 0x4a4f, 0x4577, 0x2b9b, 0x09ce,
0xeb57, 0xd322, 0xc33d, 0xc051, 0xd11c, 0xf148, 0x0eca, 0x1e58, 0x25c4, 0x2d05, 0x2f83, 0x2515,
0x0e9b, 0xf53e, 0xe11b, 0xd243, 0xc83b, 0xca92, 0xdd4b, 0xf973, 0x1596, 0x2a2a, 0x365b, 0x3d9a,
0x3b8d, 0x2a13, 0x0fb9, 0xf52b, 0xdb1e, 0xc3de, 0xb4a8, 0xb22f, 0xbf08, 0xd81a, 0xf47b, 0x1049,
0x2a6e, 0x3cfb, 0x44af, 0x4052, 0x2fcf, 0x1735, 0xfe50, 0xe87f, 0xd7d5, 0xd1ca, 0xd5c4, 0xe0e1,
0xf1d9, 0x072c, 0x1da0, 0x30e6, 0x3a90, 0x33a4, 0x1c19, 0xf92a, 0xd44d, 0xb708, 0xa729, 0xa5bb,
0xaff4, 0xc441, 0xdea3, 0xfe5f, 0x2597, 0x4ded, 0x6bb9, 0x77b3, 0x6e42, 0x4f16, 0x24a2, 0xfa51,
0xd773, 0xc0c0, 0xb6b3, 0xb66d, 0xbf77, 0xd2ca, 0xeb97, 0x04df, 0x1a7a, 0x2b24, 0x384c, 0x3eed,
0x35df, 0x1d83, 0xff80, 0xe31a, 0xcf7f, 0xc85f, 0xcebe, 0xe28a, 0xfe68, 0x143b, 0x1dde, 0x21a0,
0x232e, 0x1fe0, 0x1445, 0x0297, 0xefcc, 0xe10b, 0xd6e3, 0xd291, 0xd96a, 0xec30, 0x0438, 0x1a55,
0x2bba, 0x365b, 0x382f, 0x2d99, 0x18b8, 0x021e, 0xecfa, 0xd7c5, 0xc5ac, 0xbcd0, 0xbec0, 0xcbdb,
0xe10e, 0xf959, 0x117b, 0x27fa, 0x39a4, 0x3fb7, 0x38f4, 0x2781, 0x1137, 0xfcc0, 0xebd8, 0xe06b,
0xdd48, 0xe0d6, 0xe918, 0xf7e9, 0x0ae5, 0x1e4c, 0x2e17, 0x30c7, 0x20aa, 0x03a3, 0xe0f1, 0xc1d1,
0xb072, 0xab0a, 0xaed9, 0xbce3, 0xd1eb, 0xeefb, 0x17cf, 0x420f, 0x6419, 0x79f4, 0x7928, 0x5f01,
0x34f6, 0x0771, 0xe146, 0xc8f4, 0xba70, 0xb295, 0xb547, 0xc4bd, 0xdef2, 0xfac6, 0x12cb, 0x2852,
0x3c28, 0x45cf, 0x3bad, 0x2222, 0x0340, 0xe5b7, 0xce61, 0xc367, 0xc856, 0xde20, 0xfce4, 0x1405,
0x1e67, 0x252b, 0x2b55, 0x285b, 0x19d4, 0x0544, 0xf110, 0xe1c6, 0xd460, 0xcbea, 0xd266, 0xe759,
0x031b, 0x1d07, 0x2e77, 0x392c, 0x3e19, 0x345c, 0x1da3, 0x048b, 0xebb5, 0xd4b0, 0xc213, 0xb6dc,
0xb892, 0xc745, 0xdcbb, 0xf6f0, 0x1363, 0x2d1d, 0x4064, 0x47b9, 0x3e72, 0x29cc, 0x12b2, 0xfbc5,
0xe87c, 0xdc20, 0xd84b, 0xdd2a, 0xe80d, 0xf755, 0x0ab2, 0x1efb, 0x2eb1, 0x31b4, 0x20be, 0x0105,
0xdc13, 0xbc2e, 0xaa56, 0xa4ab, 0xab22, 0xbdbf, 0xd6c5, 0xf7ed, 0x243b, 0x4fba, 0x6fd7, 0x7f1b,
0x75a0, 0x550d, 0x27c0, 0xfb6d, 0xd84b, 0xc13b, 0xb442, 0xb0c6, 0xb7ca, 0xcbe7, 0xea42, 0x070d,
0x1f81, 0x3389, 0x4151, 0x40c7, 0x2fa7, 0x151e, 0xf8df, 0xdd4a, 0xc787, 0xc363, 0xd0ae, 0xea4c,
0x0652, 0x1a0c, 0x242b, 0x2a10, 0x2ad2, 0x1ffd, 0x0d34, 0xfaba, 0xea32, 0xd99e, 0xcc73, 0xcd20,
0xddff, 0xf662, 0x1074, 0x2786, 0x3747, 0x3f3f, 0x3c5f, 0x2ac8, 0x1377, 0xfc39, 0xe291, 0xca59,
0xb87a, 0xb314, 0xbc9f, 0xcdf5, 0xe4a3, 0x030e, 0x1fbe, 0x32e2, 0x3dd2, 0x3eba, 0x35b2, 0x2571,
0x0ec3, 0xf62c, 0xe390, 0xdc6b, 0xde6e, 0xe42d, 0xed00, 0xfb21, 0x0f90, 0x2392, 0x2ee0, 0x2a65,
0x1523, 0xf694, 0xd38d, 0xb7cb, 0xab4b, 0xa9a9, 0xb3cd, 0xc7dd, 0xdfd7, 0x0292, 0x31ee, 0x5a77,
0x742d, 0x7d24, 0x6c1f, 0x4598, 0x16a6, 0xec22, 0xcfc8, 0xc152, 0xb8d0, 0xb6a1, 0xbf85, 0xd587,
0xf241, 0x0c44, 0x22ae, 0x353c, 0x41f4, 0x3e35, 0x26ac, 0x0924, 0xeff8, 0xd8bf, 0xc85e, 0xca20,
0xdab9, 0xf411, 0x0e8b, 0x1ef7, 0x2592, 0x29d3, 0x2619, 0x1630, 0x0367, 0xf434, 0xe679, 0xd645,
0xc901, 0xcd4e, 0xe4f0, 0xff3a, 0x1683, 0x2b9e, 0x3a85, 0x40d0, 0x3807, 0x2126, 0x0a9d, 0xf826,
0xe137, 0xc68d, 0xb320, 0xb26b, 0xc2a8, 0xd748, 0xec7d, 0x06f1, 0x21fa, 0x3465, 0x3d24, 0x3c25,
0x318c, 0x1f06, 0x0805, 0xf204, 0xe27e, 0xddc2, 0xe193, 0xe7ca, 0xf149, 0x0154, 0x13b4, 0x22dc,
0x2caa, 0x2a04, 0x17b2, 0xfbc9, 0xd5e8, 0xb3c8, 0xa7a9, 0xa998, 0xb471, 0xc8f2, 0xdeda, 0xfcc7,
0x2a8d, 0x51f3, 0x6a7d, 0x78e4, 0x7076, 0x4fdf, 0x223c, 0xf37e, 0xd318, 0xc656, 0xbf27, 0xbae7,
0xc031, 0xd198, 0xeaca, 0x0215, 0x1743, 0x2a9a, 0x3c3a, 0x3f48, 0x2b7e, 0x1070, 0xfb67, 0xe5b4,
0xd0c0, 0xcaa5, 0xd46e, 0xec33, 0x0851, 0x1a5c, 0x212e, 0x26a0, 0x26f9, 0x1a46, 0x087b, 0xfaa0,
0xef96, 0xe0d1, 0xceb5, 0xc87e, 0xd8ef, 0xf2f7, 0x0c40, 0x2366, 0x3383, 0x3c08, 0x3af7, 0x2ab6,
0x1534, 0x0331, 0xed43, 0xd27c, 0xbc28, 0xb57b, 0xbecb, 0xcdd8, 0xdf9e, 0xf8bd, 0x1682, 0x2ecf,
0x3cec, 0x4011, 0x3788, 0x2683, 0x1181, 0xfa6b, 0xe6b1, 0xde9e, 0xdfcd, 0xe3a7, 0xeab4, 0xf82c,
0x0a92, 0x1c7d, 0x2a37, 0x2b23, 0x1b61, 0xffa9, 0xdaf3, 0xbb18, 0xac6c, 0xab35, 0xb48e, 0xc490,
0xd740, 0xf700, 0x24e8, 0x4dd3, 0x6bd3, 0x7b20, 0x7339, 0x53eb, 0x2491, 0xf775, 0xd977, 0xc914,
0xbeb1, 0xb73a, 0xb81e, 0xcbff, 0xe8ee, 0x00f5, 0x17d7, 0x2ef3, 0x40b9, 0x40da, 0x2c55, 0x0fef,
0xf8f0, 0xe3ab, 0xd0be, 0xcab9, 0xd5b7, 0xee88, 0x0876, 0x192e, 0x22d1, 0x2bec, 0x2bb6, 0x1c97,
0x0929, 0xfb38, 0xef2b, 0xdadc, 0xc59c, 0xc406, 0xd887, 0xf3a7, 0x0e12, 0x238f, 0x34bb, 0x421e,
0x3eae, 0x2ab3, 0x162e, 0x0329, 0xeb6e, 0xcf4f, 0xb77f, 0xb192, 0xbbf6, 0xcb97, 0xe00e, 0xfc8b,
0x1b50, 0x3308, 0x3e44, 0x3d62, 0x3676, 0x28b1, 0x1234, 0xf89a, 0xe4fc, 0xdd97, 0xdf1e, 0xe40c,
0xedb9, 0xff73, 0x1437, 0x2428, 0x27f0, 0x1d22, 0x08bf, 0xed94, 0xced2, 0xb5ea, 0xa973, 0xac14,
0xbb31, 0xced8, 0xeb66, 0x1538, 0x4297, 0x690f, 0x7d2f, 0x781a, 0x5dba, 0x34e8, 0x0857, 0xe3a7,
0xca74, 0xb96f, 0xb159, 0xb377, 0xc321, 0xde8e, 0xfa48, 0x1646, 0x32c7, 0x44af, 0x4250, 0x2ef6,
0x139a, 0xf8b6, 0xe203, 0xcf7a, 0xc962, 0xd6fe, 0xef85, 0x045d, 0x14cf, 0x24c3, 0x32ae, 0x3418,
0x2284, 0x0b3c, 0xf910, 0xe94e, 0xd4f9, 0xbf95, 0xbc19, 0xd127, 0xef67, 0x0a27, 0x2228, 0x3a16,
0x4bf6, 0x495c, 0x3211, 0x1ab1, 0x0831, 0xefe1, 0xd13c, 0xb4a4, 0xaa0e, 0xb6ba, 0xca0c, 0xde06,
0xfa1c, 0x1988, 0x31a7, 0x3ce6, 0x3bbe, 0x3523, 0x2a04, 0x14d1, 0xfa9f, 0xe630, 0xdb87, 0xdc78,
0xe4ad, 0xee8f, 0x0109, 0x1a4f, 0x2adf, 0x29f8, 0x19b7, 0x0326, 0xea94, 0xcfd5, 0xb62e, 0xa67c,
0xa6bd, 0xb37f, 0xc9f2, 0xebd2, 0x1791, 0x451d, 0x6b8e, 0x7e87, 0x78fc, 0x5ee7, 0x361c, 0x0b69,
0xe6c4, 0xc88d, 0xb280, 0xa7ad, 0xab51, 0xc0aa, 0xddf0, 0xfa07, 0x1920, 0x3876, 0x4b37, 0x46bc,
0x2e50, 0x11c0, 0xf8ee, 0xdf80, 0xca58, 0xc446, 0xd378, 0xef2f, 0x05af, 0x14bb, 0x26b0, 0x3afb,
0x3f76, 0x2e60, 0x1450, 0xfda1, 0xe9cc, 0xcfe4, 0xb76e, 0xb371, 0xc749, 0xe591, 0x0270, 0x1c54,
0x386b, 0x5096, 0x50d0, 0x3a8a, 0x22be, 0x0df9, 0xf4b5, 0xd55a, 0xb6d6, 0xa8b6, 0xb19c, 0xc4e5,
0xdb87, 0xf96b, 0x18ba, 0x2f92, 0x3b63, 0x3acc, 0x3278, 0x26b9, 0x1374, 0xfa7f, 0xe629, 0xdb61,
0xdb29, 0xe4d0, 0xf206, 0x03e7, 0x1b06, 0x2c49, 0x2c09, 0x1a24, 0xffee, 0xe568, 0xcdfa, 0xb8a2,
0xaa1a, 0xa8fc, 0xb527, 0xcd8c, 0xf06f, 0x1969, 0x4568, 0x6c30, 0x7e54, 0x7834, 0x5d0d, 0x34e4,
0x0cd3, 0xe99e, 0xca96, 0xb2c3, 0xa69c, 0xa953, 0xbe8b, 0xdbb4, 0xf991, 0x1b83, 0x3ba9, 0x4ca5,
0x4618, 0x2e4d, 0x11da, 0xf8a8, 0xe00c, 0xcb16, 0xc5ba, 0xd531, 0xee8c, 0x0218, 0x1183, 0x24c0,
0x36cf, 0x3b0a, 0x2f1d, 0x1b5b, 0x06c5, 0xef40, 0xd15b, 0xb880, 0xb4ff, 0xc6b3, 0xe0c3, 0xfa9b,
0x1449, 0x2ffa, 0x46c2, 0x4a6b, 0x3d24, 0x2c0b, 0x17f4, 0xfafe, 0xd946, 0xbe5b, 0xb296, 0xb62c,
0xc25b, 0xd6d3, 0xf5c7, 0x15fd, 0x2a06, 0x3302, 0x3656, 0x3292, 0x2768, 0x14d7, 0xfdcf, 0xea65,
0xdff4, 0xdcfc, 0xe294, 0xeff7, 0x02b7, 0x1957, 0x296f, 0x29ce, 0x1c06, 0x0355, 0xe5d9, 0xcd82,
0xbb35, 0xafba, 0xaf15, 0xb781, 0xcac6, 0xec50, 0x1668, 0x40a4, 0x6408, 0x770d, 0x74b7, 0x5e3e,
0x388b, 0x1060, 0xeeed, 0xd1cd, 0xb963, 0xa9d5, 0xa882, 0xba56, 0xd781, 0xf62e, 0x16ab, 0x3782,
0x4bea, 0x4909, 0x33d0, 0x1894, 0xfcfd, 0xe25a, 0xcd70, 0xc5a1, 0xd12f, 0xe81d, 0xfbd1, 0x0c38,
0x1fcf, 0x3208, 0x378c, 0x2e98, 0x1f6c, 0x0fbe, 0xf9e9, 0xdabe, 0xbfff, 0xb862, 0xc512, 0xdb46,
0xf23b, 0x0aed, 0x26d9, 0x3df0, 0x42b4, 0x3a46, 0x300f, 0x203e, 0x04d3, 0xe29a, 0xc5d3, 0xb791,
0xb70f, 0xbef7, 0xd254, 0xf10c, 0x1028, 0x2582, 0x306b, 0x3554, 0x3460, 0x2a05, 0x1700, 0x0193,
0xef6b, 0xe3cf, 0xdecd, 0xe0fb, 0xeba4, 0xfeaf, 0x15ab, 0x25d5, 0x280b, 0x203b, 0x1059, 0xf5ef,
0xd644, 0xbc31, 0xb02c, 0xb132, 0xb90f, 0xc702, 0xdfd8, 0x04d3, 0x2f51, 0x5416, 0x6aad, 0x7231,
0x67e9, 0x48b2, 0x1e3f, 0xf6b9, 0xd926, 0xc4c0, 0xb4f6, 0xad04, 0xb3e8, 0xc94a, 0xe7e5, 0x07f2,
0x263c, 0x40ca, 0x4b0f, 0x3d8b, 0x224c, 0x05cd, 0xed48, 0xda49, 0xce33, 0xcd70, 0xdaff, 0xef88,
0x03ee, 0x185b, 0x298a, 0x3316, 0x3283, 0x276a, 0x16f6, 0x0439, 0xebf4, 0xd244, 0xc2fa, 0xc257,
0xcf7f, 0xe685, 0x00b5, 0x1bca, 0x321d, 0x3a88, 0x37d6, 0x320b, 0x2794, 0x1281, 0xf4a2, 0xd798,
0xc3e8, 0xba8f, 0xba6a, 0xc7cd, 0xe36e, 0x025e, 0x1a67, 0x294a, 0x3046, 0x32d0, 0x2e70, 0x1fa3,
0x0bb2, 0xf97a, 0xeb4d, 0xe269, 0xe081, 0xe741, 0xf730, 0x0acc, 0x1b5c, 0x2262, 0x1ef2, 0x1589,
0x02b5, 0xe3ff, 0xc6e5, 0xb6db, 0xb1aa, 0xb71a, 0xc43a, 0xd72d, 0xf657, 0x1cc8, 0x3f51, 0x5bb8,
0x6cfb, 0x6ade, 0x561c, 0x32e0, 0x0918, 0xe8bb, 0xd2d8, 0xbfcc, 0xb408, 0xb486, 0xc05a, 0xd60f,
0xf372, 0x1233, 0x3087, 0x4453, 0x4169, 0x2da4, 0x15cc, 0xfedc, 0xe852, 0xd8ca, 0xd2c9, 0xd7b8,
0xe6f6, 0xf7f2, 0x08b7, 0x1cc0, 0x2db7, 0x3084, 0x28ab, 0x1d11, 0x0eef, 0xfc5d, 0xe2b2, 0xcb88,
0xc37b, 0xcb71, 0xdc9e, 0xf2e0, 0x0be1, 0x2303, 0x323a, 0x3387, 0x2e59, 0x2a0b, 0x1f61, 0x07b0,
0xe842, 0xce8e, 0xc0f3, 0xbe33, 0xc5b2, 0xd934, 0xf550, 0x10d5, 0x2382, 0x2b39, 0x2e5e, 0x2dbf,
0x245a, 0x12e3, 0xfe4a, 0xede5, 0xe4ef, 0xe09d, 0xe2e5, 0xefa0, 0x015e, 0x1249, 0x2111, 0x2679,
0x2171, 0x165c, 0xfd04, 0xd90d, 0xbe4e, 0xb167, 0xafd1, 0xb968, 0xc785, 0xdd07, 0xfff7, 0x24f5,
0x4583, 0x6195, 0x7001, 0x6a94, 0x5112, 0x2765, 0xfe39, 0xe2fd, 0xcea6, 0xbd6e, 0xb4b1, 0xb6dc,
0xc588, 0xdca6, 0xf7c1, 0x1622, 0x33e7, 0x44af, 0x3e15, 0x28ae, 0x127d, 0xfe59, 0xe966, 0xd788,
0xcf87, 0xd579, 0xe79f, 0xfa22, 0x0ad0, 0x1ddb, 0x2cbb, 0x2fa1, 0x276b, 0x1a24, 0x0c3c, 0xfb74,
0xe306, 0xcd07, 0xc621, 0xce27, 0xe150, 0xf8ff, 0x0e43, 0x20be, 0x2f83, 0x327e, 0x2d11, 0x2814,
0x1c88, 0x0580, 0xe7d1, 0xcdc9, 0xc045, 0xbff2, 0xca39, 0xdd21, 0xf7a8, 0x1080, 0x207a, 0x2a05,
0x2f82, 0x2e95, 0x24dd, 0x1384, 0xfd37, 0xec7a, 0xe531, 0xe18d, 0xe401, 0xeef4, 0xfe30, 0x0f72,
0x1df5, 0x23a9, 0x22b5, 0x189b, 0xfd93, 0xd8e0, 0xbd07, 0xb2f3, 0xb55a, 0xbd48, 0xc8a8, 0xdd18,
0xfe29, 0x221c, 0x41bd, 0x5c77, 0x6ceb, 0x6972, 0x4e87, 0x254f, 0xfe99, 0xe450, 0xd25b, 0xc23b,
0xb5bc, 0xb716, 0xc933, 0xe124, 0xf989, 0x152a, 0x318e, 0x43b0, 0x3fe1, 0x29ac, 0x11a3, 0xffcd,
0xecc4, 0xd7ce, 0xcc23, 0xd1ea, 0xe690, 0xfc28, 0x0be0, 0x1ba0, 0x2ae9, 0x2e91, 0x240e, 0x1513,
0x08db, 0xfc2a, 0xe7b5, 0xd140, 0xc7cd, 0xd065, 0xe414, 0xf94a, 0x0c61, 0x1f8e, 0x2fc8, 0x33c0,
0x2dcc, 0x25c8, 0x1851, 0x017e, 0xe43f, 0xcaae, 0xbf70, 0xc3f5, 0xd087, 0xe0df, 0xf719, 0x0ed1,
0x2127, 0x2bb2, 0x2f46, 0x2cfb, 0x2371, 0x128b, 0xfea2, 0xed48, 0xe3c2, 0xe31d, 0xe7bd, 0xf0aa,
0xfef6, 0x0faf, 0x1d0d, 0x2401, 0x2189, 0x1397, 0xfbc8, 0xdd2f, 0xc4b4, 0xbba5, 0xb974, 0xbce3,
0xc97c, 0xdba6, 0xf693, 0x1a63, 0x3bd3, 0x574d, 0x69a1, 0x6564, 0x4af3, 0x26a6, 0x0393, 0xea0a,
0xd840, 0xc88b, 0xbcbf, 0xbd2e, 0xcb83, 0xdf2e, 0xf470, 0x0e4a, 0x2a23, 0x3cd5, 0x3a19, 0x255c,
0x123d, 0x0593, 0xf2c9, 0xdc01, 0xd0c1, 0xd73d, 0xe8e8, 0xf99f, 0x0533, 0x1517, 0x27d8, 0x2bf7,
0x2030, 0x12d2, 0x0a04, 0x001b, 0xec58, 0xd39f, 0xcb94, 0xd91d, 0xe912, 0xf559, 0x04f2, 0x1999,
0x2e1b, 0x3536, 0x2c17, 0x21b1, 0x193e, 0x0628, 0xe8a3, 0xcee8, 0xc3ef, 0xc875, 0xd25a, 0xdcff,
0xeeb6, 0x06e6, 0x1b38, 0x26be, 0x2cdb, 0x2d0f, 0x25e5, 0x1855, 0x04a4, 0xf1c4, 0xe887, 0xe6f9,
0xe850, 0xee22, 0xf8f5, 0x06e1, 0x13d1, 0x1ad3, 0x1cb7, 0x1771, 0x07a7, 0xf04b, 0xd7a3, 0xc679,
0xc02d, 0xc188, 0xc888, 0xd5e4, 0xe9aa, 0x058a, 0x258c, 0x40ec, 0x5617, 0x5ed7, 0x538e, 0x3851,
0x16db, 0xf989, 0xe51a, 0xd61d, 0xcb2a, 0xc7d0, 0xcebf, 0xdbcc, 0xeaf5, 0xfd5c, 0x126a, 0x253e,
0x2db0, 0x2821, 0x1a60, 0x0cff, 0xfedc, 0xeebf, 0xe11a, 0xda5e, 0xe018, 0xf089, 0x0134, 0x0cb9,
0x16bf, 0x1f29, 0x21d6, 0x19e0, 0x0b1f, 0xfff6, 0xf6df, 0xea82, 0xdece, 0xdac4, 0xe04a, 0xee44,
0xfda9, 0x0b3f, 0x1c68, 0x2a90, 0x2cef, 0x26d8, 0x1b6a, 0x0cb8, 0xfbb1, 0xe591, 0xd2a1, 0xce11,
0xd167, 0xd7ca, 0xe2f3, 0xf16e, 0x0437, 0x18b0, 0x26af, 0x2b30, 0x292b, 0x20f4, 0x149f, 0x0628,
0xf6ce, 0xece5, 0xe9ff, 0xeaf9, 0xf03e, 0xf791, 0xfdf0, 0x06cf, 0x129c, 0x18fd, 0x14b3, 0x0908,
0xf77a, 0xe535, 0xd5f7, 0xca16, 0xc865, 0xcfb4, 0xdada, 0xeb6a, 0x00bf, 0x1758, 0x2f57, 0x42d4,
0x4998, 0x461b, 0x38d3, 0x1feb, 0x0472, 0xf09c, 0xe40e, 0xdb3d, 0xd5f2, 0xd573, 0xdb8f, 0xe8f8,
0xf671, 0x01be, 0x0f7d, 0x1cfb, 0x2459, 0x2145, 0x162d, 0x08f2, 0xfbc5, 0xebbf, 0xdfb8, 0xe1ad,
0xed53, 0xfa2a, 0x030b, 0x0a53, 0x12c8, 0x1951, 0x175f, 0x0e3f, 0x0756, 0x0521, 0xff88, 0xeffd,
0xe0fd, 0xe071, 0xeaec, 0xf58f, 0xffa1, 0x0cf0, 0x1ce8, 0x28a3, 0x26b9, 0x1bda, 0x109d, 0x02d5,
0xf35f, 0xe423, 0xd5b4, 0xce7a, 0xd17d, 0xd8c7, 0xe558, 0xf9be, 0x0efe, 0x210f, 0x2bd7, 0x2c81,
0x2756, 0x1ee2, 0x122e, 0x03ea, 0xf6ae, 0xec2e, 0xe6c3, 0xe43d, 0xe58e, 0xeed4, 0xfdc8, 0x0c65,
0x168e, 0x18ce, 0x1308, 0x0848, 0xf792, 0xe3f4, 0xd527, 0xce01, 0xcf26, 0xd7ab, 0xe320, 0xf0c2,
0x048f, 0x1ac5, 0x2ea9, 0x3f89, 0x4691, 0x3fc7, 0x30d1, 0x1b68, 0x031c, 0xf0a2, 0xe30c, 0xd9cd,
0xd84f, 0xdaf9, 0xdeea, 0xe6cd, 0xf239, 0x0306, 0x1729, 0x237a, 0x22d9, 0x1bef, 0x11c0, 0x0304,
0xf422, 0xe7bb, 0xe3bd, 0xe844, 0xf039, 0xf7de, 0xffb4, 0x0cab, 0x1853, 0x1bb9, 0x191a, 0x142d,
0x0e34, 0x0462, 0xf3e7, 0xe4b1, 0xe0fa, 0xe61e, 0xec2b, 0xf44a, 0x02a7, 0x15c6, 0x248a, 0x2535,
0x1d41, 0x1526, 0x0b82, 0xfcfb, 0xea32, 0xd94b, 0xd0df, 0xd010, 0xd48c, 0xe0fc, 0xf478, 0x0a88,
0x1ddb, 0x2857, 0x2b78, 0x2af9, 0x2632, 0x1b6e, 0x0a2e, 0xf67a, 0xe7d6, 0xe0bd, 0xdd6c, 0xe08b,
0xed1b, 0xfd91, 0x0c23, 0x15c9, 0x197e, 0x186d, 0x110a, 0x0124, 0xecbb, 0xdca3, 0xd4dc, 0xd291,
0xd4a0, 0xda6f, 0xe4e7, 0xf5c8, 0x0baa, 0x2134, 0x32e7, 0x40b2, 0x469f, 0x3e1b, 0x27eb, 0x0f4f,
0xfc92, 0xeefc, 0xe31a, 0xd86a, 0xd359, 0xd7de, 0xe19a, 0xeca8, 0xfbbc, 0x0e3c, 0x1c37, 0x202d,
0x1c6e, 0x155f, 0x0cf6, 0x014d, 0xf3e5, 0xe8d6, 0xe414, 0xe862, 0xf196, 0xfb61, 0x073b, 0x14b8,
0x1d23, 0x1d2e, 0x1731, 0x0d67, 0x035b, 0xf94c, 0xec5e, 0xe232, 0xe09a, 0xe624, 0xf1a4, 0xffc2,
0x0d68, 0x1aab, 0x235f, 0x222d, 0x1b5b, 0x12d6, 0x0539, 0xf397, 0xe13a, 0xd2d0, 0xce7c, 0xd3bf,
0xde45, 0xecca, 0xfea4, 0x1036, 0x1f5f, 0x29d2, 0x2db2, 0x2afd, 0x202a, 0x0f41, 0xfd2e, 0xed68,
0xe292, 0xdf5b, 0xe3d6, 0xed5e, 0xf85b, 0x0383, 0x0f45, 0x17a0, 0x19de, 0x14fc, 0x0a11, 0xfca0,
0xed99, 0xe0c3, 0xd8f3, 0xd466, 0xd4a7, 0xda43, 0xe3c8, 0xf456, 0x0bee, 0x231d, 0x36d4, 0x436c,
0x4100, 0x337d, 0x20fb, 0x0ce2, 0xfb95, 0xecae, 0xdfc9, 0xd89f, 0xd845, 0xdcd8, 0xe531, 0xef21,
0xfc5e, 0x0df9, 0x1cea, 0x2090, 0x1b09, 0x14f2, 0x0e47, 0x0002, 0xedb8, 0xe2fd, 0xe46f, 0xef3b,
0xfab3, 0x00cf, 0x0872, 0x165b, 0x1e15, 0x188e, 0x0ec7, 0x0878, 0x03cb, 0xf8d2, 0xe71c, 0xdf62,
0xe7e6, 0xf2f6, 0xfa04, 0x019e, 0x0efd, 0x1f67, 0x264c, 0x1e5c, 0x1266, 0x08e1, 0xfddc, 0xec6a,
0xd944, 0xd0bd, 0xd49b, 0xdb6e, 0xe224, 0xee9f, 0x0265, 0x183f, 0x285a, 0x2d85, 0x2970, 0x2263,
0x1857, 0x070a, 0xf403, 0xe86b, 0xe510, 0xe627, 0xe899, 0xedfe, 0xf956, 0x0782, 0x11be, 0x16b9,
0x17b7, 0x13e9, 0x0d05, 0x0173, 0xeec6, 0xdcf1, 0xd4bf, 0xd1f2, 0xd261, 0xd857, 0xe47e, 0xf9fb,
0x126c, 0x23c5, 0x3079, 0x3c27, 0x3fd0, 0x35ac, 0x1fdf, 0x0816, 0xf88e, 0xef18, 0xe559, 0xdd82,
0xdcc9, 0xe3b3, 0xec92, 0xf40c, 0xfd97, 0x0b79, 0x193f, 0x1e0c, 0x1774, 0x0c4e, 0x030e, 0xfa0c,
0xeee8, 0xe68d, 0xe969, 0xf654, 0x00a0, 0x03fa, 0x09a4, 0x147e, 0x19e1, 0x146c, 0x0a53, 0x034c,
0x0075, 0xfa17, 0xedf0, 0xe7c7, 0xec78, 0xf50c, 0xfdf2, 0x066b, 0x102f, 0x1be9, 0x2015, 0x1691,
0x0978, 0xfff6, 0xf5fd, 0xe98f, 0xdca3, 0xd4d0, 0xd729, 0xdfe0, 0xea54, 0xf8e5, 0x0c22, 0x1c4e,
0x2475, 0x26c9, 0x2354, 0x1a25, 0x0da2, 0x002a, 0xf49e, 0xecde, 0xe8da, 0xe963, 0xee3b, 0xf552,
0xfeaa, 0x091c, 0x127d, 0x18c3, 0x1a03, 0x1623, 0x0ccb, 0xfd02, 0xe91a, 0xd936, 0xd10b, 0xceec,
0xd321, 0xdbab, 0xe883, 0xfb31, 0x0eb4, 0x1fd2, 0x3110, 0x3cb6, 0x3b2e, 0x2ea6, 0x1c4c, 0x0bf4,
0xfff0, 0xf382, 0xe832, 0xe2b2, 0xe318, 0xe6dd, 0xeaa7, 0xeebd, 0xf7f6, 0x06f2, 0x1401, 0x1634,
0x0fe0, 0x0b06, 0x0860, 0xffb6, 0xf2b2, 0xeb52, 0xef64, 0xfaf6, 0x0140, 0x0050, 0x0563, 0x11b9,
0x1623, 0x0ecb, 0x062c, 0x0574, 0x08a0, 0x014a, 0xf024, 0xe953, 0xf1c7, 0xfa06, 0xfc0d, 0xfebd,
0x08f0, 0x1635, 0x18a8, 0x0e2f, 0x03e8, 0x009b, 0xfd1e, 0xf0a8, 0xe004, 0xd9cb, 0xe199, 0xeaba,
0xee7c, 0xf5c4, 0x065b, 0x18cc, 0x21a6, 0x200b, 0x1afb, 0x16b2, 0x10a7, 0x04c7, 0xf64c, 0xecea,
0xebd8, 0xeee9, 0xf088, 0xf348, 0xfd1a, 0x0b64, 0x15d1, 0x1870, 0x1750, 0x14ec, 0x0d1b, 0xfd4c,
0xe8d5, 0xd810, 0xd31d, 0xd41a, 0xd317, 0xd675, 0xe2ea, 0xf68c, 0x0c1c, 0x1d11, 0x2af8, 0x385a,
0x3dcd, 0x35d5, 0x2449, 0x103d, 0x010c, 0xf7ed, 0xefa3, 0xe766, 0xe2c8, 0xe2b8, 0xe5b0, 0xe8e4,
0xeeb7, 0xfd87, 0x106b, 0x1a69, 0x18c7, 0x10f1, 0x08ac, 0x0202, 0xf7d9, 0xeb8e, 0xea03, 0xf478,
0xfcc4, 0xfe7a, 0x010a, 0x0acf, 0x1672, 0x1766, 0x0fb3, 0x0b59, 0x0afb, 0x04ec, 0xf617, 0xea0b,
0xea55, 0xf18e, 0xf682, 0xf904, 0x0152, 0x106d, 0x1990, 0x13b8, 0x0902, 0x0485, 0x01ae, 0xf89b,
0xeab8, 0xe19a, 0xe1f5, 0xe506, 0xe658, 0xedec, 0x003d, 0x135e, 0x1d9e, 0x1e75, 0x1b0c, 0x1889,
0x138a, 0x07db, 0xfa7e, 0xf24f, 0xef60, 0xee43, 0xee7f, 0xf2fb, 0xfd5d, 0x0964, 0x116c, 0x139a,
0x133e, 0x13e9, 0x1190, 0x061e, 0xf547, 0xe646, 0xdb7c, 0xd4ae, 0xd190, 0xd413, 0xdede, 0xed30,
0xf94d, 0x06eb, 0x1859, 0x2a28, 0x372e, 0x39f1, 0x30d6, 0x2233, 0x134e, 0x067b, 0xfce0, 0xf298,
0xe7ed, 0xe21b, 0xe230, 0xe4d5, 0xe8ba, 0xf15a, 0x008a, 0x0fcd, 0x15ef, 0x1233, 0x0cf9, 0x0a60,
0x060d, 0xf98e, 0xec3a, 0xeb57, 0xf41b, 0xfbd9, 0xff0b, 0x043f, 0x0f8f, 0x1a05, 0x1838, 0x0ed4,
0x0b49, 0x0c34, 0x06d4, 0xf7d4, 0xe8e4, 0xe5ff, 0xed11, 0xf215, 0xf32a, 0xf916, 0x0734, 0x132f,
0x1283, 0x0aef, 0x0935, 0x0a99, 0x02da, 0xf11a, 0xe2c3, 0xe1bb, 0xe894, 0xecb1, 0xee8b, 0xf72d,
0x06ea, 0x13f8, 0x17b3, 0x1677, 0x169a, 0x1783, 0x11d4, 0x0400, 0xf73b, 0xf387, 0xf550, 0xf504,
0xf2a4, 0xf452, 0xfdd0, 0x091a, 0x0ea2, 0x109e, 0x14b0, 0x165d, 0x0d91, 0xf9d8, 0xe596, 0xdb6e,
0xd9bd, 0xd77f, 0xd3a1, 0xd6b9, 0xe4c3, 0xf7a9, 0x06c5, 0x13f7, 0x267b, 0x3a9d, 0x4407, 0x3bec,
0x2927, 0x1854, 0x0ade, 0xfc6f, 0xed19, 0xe21a, 0xe093, 0xe4a9, 0xe536, 0xe2bb, 0xe7ac, 0xf74c,
0x0a49, 0x14e8, 0x1518, 0x12a1, 0x0f77, 0x0739, 0xf9bd, 0xee53, 0xef2e, 0xfa62, 0x015c, 0x00d2,
0x029f, 0x0c71, 0x176a, 0x1885, 0x101b, 0x0abe, 0x0b76, 0x0573, 0xf3d4, 0xe3dc, 0xe083, 0xe67b,
0xecd8, 0xefe9, 0xf839, 0x0a5a, 0x191a, 0x1a4c, 0x142d, 0x0f57, 0x0bdf, 0x02d1, 0xf33c, 0xe638,
0xe186, 0xe148, 0xe17d, 0xe597, 0xf1b6, 0x0371, 0x1394, 0x1cb8, 0x1f75, 0x1f44, 0x1c02, 0x14d8,
0x0ac8, 0xff04, 0xf518, 0xef3a, 0xeaec, 0xe9ed, 0xf039, 0xfa75, 0x061c, 0x0fc4, 0x13b2, 0x1506,
0x13bc, 0x0bf2, 0xfdf3, 0xed66, 0xde95, 0xd4cc, 0xd035, 0xd12f, 0xd804, 0xe355, 0xf2c7, 0x04a2,
0x17df, 0x2d65, 0x3eb8, 0x44bc, 0x3fdd, 0x30f0, 0x1b99, 0x07ea, 0xfa19, 0xf006, 0xe73b, 0xde31,
0xd74b, 0xd69f, 0xdbdd, 0xe4f3, 0xf457, 0x0990, 0x19c2, 0x1e9f, 0x1b58, 0x14c3, 0x0d3d, 0x0418,
0xf840, 0xf063, 0xf211, 0xf7eb, 0xfbbc, 0xff80, 0x08f4, 0x1468, 0x182c, 0x11ab, 0x097c, 0x06c1,
0x0235, 0xf3fa, 0xe645, 0xe36b, 0xe802, 0xedbf, 0xf2a8, 0xfc87, 0x0def, 0x1b9b, 0x1c7a, 0x1661,
0x109e, 0x0aa5, 0xff8f, 0xeea2, 0xdfcc, 0xda29, 0xdae5, 0xde17, 0xe62d, 0xf5bf, 0x088e, 0x17e9,
0x2104, 0x2471, 0x2478, 0x20f5, 0x1701, 0x07fa, 0xf9a7, 0xee93, 0xe7d8, 0xe56b, 0xe79a, 0xef0e,
0xf943, 0x02b7, 0x0970, 0x0e87, 0x145e, 0x1830, 0x1486, 0x0a2e, 0xfbe8, 0xec2b, 0xdecf, 0xd5ee,
0xd209, 0xd5c5, 0xdf99, 0xeab2, 0xf783, 0x0772, 0x19c0, 0x2d06, 0x3c9d, 0x4188, 0x3a22, 0x2ad3,
0x18cf, 0x0746, 0xf7a1, 0xe991, 0xde41, 0xd617, 0xd218, 0xd395, 0xda39, 0xe8bb, 0xfe27, 0x131e,
0x21f7, 0x29aa, 0x2a7c, 0x2500, 0x165b, 0x002f, 0xed53, 0xe54f, 0xe694, 0xebef, 0xf218, 0xfa75,
0x068f, 0x0ed8, 0x0f94, 0x0f85, 0x12ed, 0x14e0, 0x0c72, 0xfa0a, 0xeac0, 0xe62d, 0xe5dc, 0xe6c9,
0xedfc, 0xfbdb, 0x0b30, 0x1520, 0x15fc, 0x147c, 0x1523, 0x0fe0, 0x019d, 0xf1be, 0xe6bb, 0xe291,
0xe016, 0xdd44, 0xe289, 0xf398, 0x06de, 0x1456, 0x1e9c, 0x270d, 0x2a07, 0x2361, 0x12f1, 0x00ae,
0xf54d, 0xeee5, 0xe7ac, 0xe10d, 0xe206, 0xec3e, 0xf837, 0x0172, 0x0bb2, 0x18e9, 0x2290, 0x2283,
0x189d, 0x0a13, 0xfb6a, 0xea82, 0xd7f7, 0xcba7, 0xc983, 0xd04a, 0xdba9, 0xe770, 0xf77c, 0x0da7,
0x2358, 0x330f, 0x3e46, 0x44c7, 0x40dc, 0x2f6f, 0x1598, 0xfd16, 0xeaca, 0xdd12, 0xd2ec, 0xcf66,
0xd39d, 0xdca3, 0xe6a0, 0xf33c, 0x0769, 0x1eef, 0x2e2d, 0x2f65, 0x269e, 0x19cf, 0x096c, 0xf4fb,
0xe310, 0xdc93, 0xe080, 0xe7f2, 0xef60, 0xf899, 0x08d0, 0x1ab2, 0x22c3, 0x20d4, 0x1c2c, 0x161a,
0x09e2, 0xf649, 0xe390, 0xdc75, 0xdeca, 0xe10e, 0xe585, 0xf3ad, 0x0972, 0x1c53, 0x2306, 0x1ff8,
0x1c19, 0x1706, 0x089a, 0xf3d4, 0xe411, 0xdd1f, 0xda86, 0xd837, 0xdb49, 0xebd4, 0x049e, 0x1861,
0x22e8, 0x278b, 0x295f, 0x2676, 0x19ad, 0x055a, 0xf3f1, 0xe9d3, 0xe331, 0xddd3, 0xdd25, 0xe5cf,
0xf646, 0x075e, 0x12df, 0x199c, 0x1e4d, 0x1eac, 0x195b, 0x0e1a, 0xfe0c, 0xeeb3, 0xe19f, 0xd5fd,
0xcf5d, 0xd19e, 0xdc3b, 0xeb5c, 0xfa04, 0x064b, 0x12ca, 0x210c, 0x2edd, 0x3694, 0x34c2, 0x2a37,
0x18fd, 0x04a2, 0xf1a2, 0xe516, 0xe1ce, 0xe400, 0xe6b2, 0xeadb, 0xf170, 0xf8b1, 0x0155, 0x0b63,
0x14ee, 0x1b5d, 0x1aa4, 0x1208, 0x0652, 0xfacd, 0xee80, 0xe403, 0xe153, 0xe86d, 0xf5b1, 0x02ad,
0x0ce5, 0x17a4, 0x2176, 0x2381, 0x1c4e, 0x1073, 0x04d0, 0xf9a8, 0xeb76, 0xdd20, 0xd76b, 0xdb94,
0xe522, 0xf1bb, 0x013b, 0x132a, 0x2211, 0x26c2, 0x21b7, 0x18e8, 0x0e1a, 0x000d, 0xf098, 0xe2cf,
0xd982, 0xd608, 0xd88e, 0xe28b, 0xf43f, 0x08dc, 0x195a, 0x23c3, 0x283f, 0x2677, 0x1f76, 0x12fc,
0x025f, 0xf277, 0xe627, 0xdf00, 0xdf54, 0xe6dd, 0xf2a0, 0xffd5, 0x0b6a, 0x137a, 0x18c1, 0x1a73,
0x1761, 0x106b, 0x0781, 0xfcd3, 0xeedf, 0xe05c, 0xd752, 0xd768, 0xde92, 0xe8e3, 0xf471, 0xffe9,
0x0a5b, 0x11de, 0x16cd, 0x1ade, 0x1eb8, 0x21f1, 0x1f8a, 0x1466, 0x0637, 0xfc89, 0xf7a8, 0xf526,
0xf4be, 0xf57f, 0xf7fd, 0xfa1d, 0xf7b5, 0xf3d8, 0xf395, 0xf988, 0x0420, 0x0bfa, 0x0cc0, 0x0b4d,
0x08a7, 0x00e3, 0xf78d, 0xf291, 0xf584, 0xff13, 0x07b1, 0x0a69, 0x0a7e, 0x0b75, 0x0c94, 0x0b64,
0x064d, 0xffa8, 0xfb8f, 0xf6a0, 0xed4e, 0xe637, 0xe681, 0xed09, 0xf72a, 0x022b, 0x0c7b, 0x1669,
0x1c82, 0x1b5b, 0x1530, 0x0c4d, 0x012d, 0xf586, 0xea84, 0xe168, 0xdcbe, 0xdc92, 0xe228, 0xef53,
0x0084, 0x0ff9, 0x1b93, 0x22af, 0x250d, 0x2186, 0x16d1, 0x080a, 0xf9f3, 0xee0d, 0xe5c7, 0xe2df,
0xe587, 0xee29, 0xf994, 0x0383, 0x0b9b, 0x126c, 0x1647, 0x14e1, 0x0e60, 0x0710, 0x0216, 0xfd49,
0xf655, 0xf005, 0xed97, 0xedcb, 0xeec5, 0xf08c, 0xf550, 0xfa7c, 0xfbb7, 0xfb2b, 0xfc4e, 0x005d,
0x07b3, 0x1065, 0x16d5, 0x1b51, 0x1bf0, 0x16a1, 0x115b, 0x0d02, 0x060c, 0xfd1f, 0xf217, 0xe7f8,
0xe2ff, 0xe205, 0xe407, 0xecff, 0xfd5e, 0x0f2e, 0x1bc4, 0x1f06, 0x1d6a, 0x1847, 0x0bdb, 0xfc1a,
0xf0f0, 0xedaf, 0xef47, 0xf121, 0xf2b0, 0xf8d0, 0x044d, 0x0d84, 0x109d, 0x114e, 0x1095, 0x0b94,
0x0008, 0xf111, 0xe79c, 0xe6a0, 0xe83f, 0xebb2, 0xf4c9, 0x02fe, 0x1216, 0x1b77, 0x1c16, 0x171d,
0x1052, 0x06ce, 0xfa18, 0xecc2, 0xe271, 0xddf2, 0xdf13, 0xe5e9, 0xf2a7, 0x032d, 0x1386, 0x1f38,
0x244b, 0x236d, 0x1ceb, 0x1165, 0x02a6, 0xf3f0, 0xe7d1, 0xe09e, 0xdebe, 0xe28e, 0xee3a, 0xfdc5,
0x0b53, 0x1535, 0x1b31, 0x1d1c, 0x1a7e, 0x11f0, 0x0718, 0x004e, 0xfb1f, 0xf436, 0xeea3, 0xea99,
0xe87d, 0xeab4, 0xee29, 0xf1b5, 0xf6e2, 0xf963, 0xf84d, 0xf913, 0xfce3, 0x051d, 0x1189, 0x1bdb,
0x216e, 0x2356, 0x1f3c, 0x1587, 0x0b9b, 0x0278, 0xf925, 0xf046, 0xe828, 0xe396, 0xe43a, 0xe6a5,
0xed62, 0xfd2f, 0x1053, 0x1d74, 0x216d, 0x1d50, 0x1304, 0x04da, 0xf41a, 0xe68d, 0xe3ef, 0xebc2,
0xf564, 0xfc00, 0x03c5, 0x0f70, 0x1a53, 0x1d6a, 0x17ea, 0x0ea4, 0x03c5, 0xf4d6, 0xe378, 0xd6bc,
0xd3d8, 0xdbc4, 0xe89b, 0xf56a, 0x058e, 0x1909, 0x272b, 0x2b50, 0x28be, 0x211f, 0x145f, 0x02b9,
0xedd5, 0xdcd7, 0xd4d3, 0xd383, 0xd85a, 0xe598, 0xf78f, 0x0a88, 0x1ba7, 0x24f7, 0x2584, 0x1fe2,
0x15a4, 0x07bf, 0xf92e, 0xed52, 0xe709, 0xe755, 0xeb64, 0xf1ed, 0xfcee, 0x0b6c, 0x17f5, 0x1fe9,
0x20ca, 0x19e6, 0x0e96, 0x00a1, 0xf333, 0xeaff, 0xe823, 0xe716, 0xe77f, 0xe98d, 0xee85, 0xf7b1,
0xffba, 0x0474, 0x06ea, 0x05bd, 0x0139, 0xfced, 0xfcf3, 0x01b8, 0x0a9f, 0x12dd, 0x1617, 0x1566,
0x12f0, 0x0fec, 0x0c10, 0x066d, 0xfcca, 0xf2ff, 0xeb7d, 0xe4eb, 0xe1f5, 0xe504, 0xf02a, 0x00ce,
0x0f93, 0x166b, 0x184a, 0x1883, 0x13ce, 0x0a29, 0xfd49, 0xf308, 0xf1ca, 0xf5a0, 0xf706, 0xf8b0,
0xff36, 0x072f, 0x0bd2, 0x092b, 0x026b, 0xff1a, 0xfbd1, 0xf1ac, 0xe5e3, 0xe225, 0xe800, 0xf383,
0x004f, 0x0c16, 0x1943, 0x26b1, 0x2c2b, 0x26b4, 0x1c1b, 0x0f2c, 0xfee7, 0xebbc, 0xd834, 0xcb70,
0xcb16, 0xd402, 0xe0d2, 0xf150, 0x0497, 0x1831, 0x2853, 0x2e5f, 0x2a1c, 0x226f, 0x1753, 0x0645,
0xf554, 0xe9b7, 0xe4cd, 0xe6e7, 0xece2, 0xf59b, 0x0275, 0x0e83, 0x157c, 0x17a6, 0x131a, 0x0873,
0xfcbc, 0xf101, 0xe812, 0xe875, 0xefad, 0xf81e, 0x0027, 0x070f, 0x0b87, 0x0d59, 0x0b7a, 0x0598,
0xfdcd, 0xf365, 0xe78f, 0xdf3f, 0xdf1f, 0xe8b7, 0xfab6, 0x10a3, 0x228b, 0x2c77, 0x2d31, 0x2667,
0x1cb5, 0x109e, 0x01d7, 0xf1e6, 0xe39e, 0xd835, 0xd216, 0xd533, 0xe360, 0xfb37, 0x14d7, 0x2758,
0x2d00, 0x283e, 0x1cd8, 0x0c87, 0xf9eb, 0xe7f8, 0xddc2, 0xdd56, 0xe117, 0xe633, 0xf12b, 0x02a1,
0x1298, 0x1b88, 0x1e1a, 0x1c29, 0x1694, 0x0adc, 0xf90d, 0xe982, 0xe37f, 0xe4be, 0xe8f4, 0xf1af,
0x003e, 0x12cf, 0x2078, 0x21b9, 0x1ba1, 0x14a2, 0x0aa3, 0xfaff, 0xe866, 0xd946, 0xd41c, 0xd71f,
0xddfa, 0xea43, 0xfdbc, 0x1406, 0x2461, 0x2a3f, 0x294f, 0x24b2, 0x1b81, 0x0be7, 0xf9e6, 0xed33,
0xe759, 0xe513, 0xe6c3, 0xeec3, 0xfac4, 0x082a, 0x11b9, 0x13fd, 0x1223, 0x0ec8, 0x0624, 0xf8df,
0xeec2, 0xeb3f, 0xef08, 0xf638, 0xfe08, 0x075d, 0x0f71, 0x10c5, 0x0caf, 0x0844, 0x0051, 0xf432,
0xe797, 0xdc74, 0xd894, 0xddbb, 0xe8cc, 0xfa71, 0x1283, 0x27e3, 0x3364, 0x35d6, 0x2f3d, 0x23a6,
0x145c, 0x000c, 0xeb34, 0xdd01, 0xd704, 0xd518, 0xd7c2, 0xdff6, 0xf012, 0x0605, 0x173e, 0x1fda,
0x2396, 0x2136, 0x13f7, 0x00b2, 0xefbf, 0xe69e, 0xe700, 0xec30, 0xf399, 0xfee0, 0x0ce4, 0x1788,
0x1ad4, 0x17b0, 0x1154, 0x0980, 0xfcda, 0xeb6f, 0xde28, 0xdc20, 0xe137, 0xe92c, 0xf569, 0x05e8,
0x18bf, 0x276c, 0x2bca, 0x27b0, 0x1e99, 0x100e, 0xfd3e, 0xea35, 0xd9f7, 0xd120, 0xd153, 0xd6ed,
0xe1ea, 0xf31c, 0x066b, 0x1899, 0x280c, 0x2fc0, 0x2d84, 0x2537, 0x1855, 0x08ee, 0xfa06, 0xed39,
0xe583, 0xe396, 0xe5fe, 0xec7d, 0xf654, 0x00d7, 0x0a4a, 0x0f3b, 0x0de3, 0x08e9, 0x031d, 0xfe59,
0xf88d, 0xf341, 0xf400, 0xfa3d, 0x01c3, 0x081d, 0x0d57, 0x1095, 0x0fbc, 0x09ce, 0xff0f, 0xf3a9,
0xeb20, 0xe50e, 0xe18f, 0xe20e, 0xe90e, 0xf7ee, 0x0bf8, 0x1dbb, 0x2903, 0x2c16, 0x24ee, 0x1763,
0x0642, 0xf4b7, 0xe751, 0xde75, 0xdb30, 0xddd2, 0xe3aa, 0xec6c, 0xfb11, 0x0ea7, 0x2154, 0x2c5d,
0x2c9f, 0x2599, 0x1768, 0x01eb, 0xec3f, 0xdd8d, 0xdb0d, 0xe1e5, 0xea2c, 0xf2cd, 0xffb0, 0x0edc,
0x17fe, 0x17fe, 0x1327, 0x0ef7, 0x0a24, 0xfda8, 0xed06, 0xe48b, 0xe6e4, 0xedb2, 0xf5ed, 0x018a,
0x10a2, 0x204f, 0x2635, 0x1e29, 0x1230, 0x06b0, 0xfa66, 0xebaa, 0xdc4c, 0xd4a5, 0xd828, 0xe100,
0xec14, 0xfd0a, 0x12a6, 0x2679, 0x3241, 0x3181, 0x27df, 0x1a0f, 0x09b6, 0xf73d, 0xe5c9, 0xdba4,
0xd9a9, 0xde0a, 0xe4ed, 0xef61, 0xff34, 0x0f5c, 0x19f6, 0x1b19, 0x1502, 0x0c9f, 0x02e9, 0xf783,
0xedf4, 0xea2d, 0xee56, 0xf8af, 0x03f7, 0x0fec, 0x1e0a, 0x2874, 0x297b, 0x1dd0, 0x07d1, 0xf293,
0xe08e, 0xcf6e, 0xc358, 0xc0c7, 0xc923, 0xda08, 0xee11, 0x0489, 0x1f6e, 0x3694, 0x4036, 0x3b2a,
0x2ba6, 0x1aa1, 0x0b1d, 0xf8e4, 0xe64a, 0xdc1f, 0xdcf8, 0xe280, 0xe862, 0xf05e, 0xff6d, 0x131b,
0x1fa0, 0x1ff9, 0x1972, 0x10ae, 0x04d6, 0xf49a, 0xe3d9, 0xdc60, 0xe298, 0xeee6, 0xfa12, 0x0570,
0x13e1, 0x2157, 0x25c8, 0x1f10, 0x130c, 0x0754, 0xfb45, 0xec2c, 0xde55, 0xd992, 0xdeed, 0xe960,
0xf418, 0x0115, 0x12cb, 0x2221, 0x274a, 0x23bb, 0x1d11, 0x1378, 0x04cf, 0xf3c0, 0xe5b9, 0xdec2,
0xdf15, 0xe42d, 0xecc7, 0xf911, 0x06b1, 0x11a6, 0x1652, 0x14fa, 0x11d2, 0x0bfb, 0x0094, 0xf40e,
0xec57, 0xe947, 0xe9da, 0xef79, 0xfa8c, 0x0942, 0x171c, 0x1f75, 0x221a, 0x1f42, 0x16bc, 0x0a14,
0xf8e9, 0xe75a, 0xdd47, 0xdb48, 0xdde8, 0xe540, 0xf2b8, 0x04ac, 0x171e, 0x231a, 0x2639, 0x22b4,
0x162f, 0x0292, 0xed97, 0xdac0, 0xcfaa, 0xcea1, 0xd283, 0xdbb1, 0xeed1, 0x0754, 0x2033, 0x33e2,
0x3b39, 0x36db, 0x28b0, 0x1283, 0xf9c5, 0xe555, 0xd9d8, 0xd7a5, 0xdaed, 0xe09a, 0xea77, 0xf8e3,
0x0a1f, 0x1aca, 0x272a, 0x2c7e, 0x2821, 0x1c2e, 0x09b3, 0xf3f7, 0xe2bf, 0xd99e, 0xda34, 0xe2f6,
0xf101, 0x0246, 0x13b8, 0x20df, 0x25ef, 0x21ce, 0x1672, 0x07e3, 0xf82b, 0xe8fb, 0xddc1, 0xd977,
0xdddb, 0xe8c7, 0xf7d9, 0x0c7f, 0x2180, 0x309a, 0x365b, 0x2ff6, 0x20f1, 0x0cf3, 0xf5c2, 0xdf47,
0xcf2a, 0xc66f, 0xc4b7, 0xcacf, 0xd836, 0xee30, 0x08bd, 0x1ff4, 0x306d, 0x381a, 0x35c6, 0x2a97,
0x1a06, 0x06d8, 0xf53f, 0xe975, 0xe22c, 0xe0f6, 0xe6f8, 0xf1e0, 0xffe8, 0x0cc2, 0x13e3, 0x1484,
0x0f85, 0x03ff, 0xf548, 0xe838, 0xde08, 0xda66, 0xde84, 0xe7c7, 0xf569, 0x0720, 0x1b5e, 0x2de9,
0x3a6f, 0x3c8e, 0x339b, 0x2200, 0x086b, 0xecd2, 0xd548, 0xc3ed, 0xbbc8, 0xbdab, 0xc78a, 0xd82e,
0xee64, 0x06f1, 0x1f39, 0x3155, 0x3794, 0x333b, 0x250d, 0x10b0, 0xfbce, 0xeab0, 0xe244, 0xe269,
0xe937, 0xf412, 0x0097, 0x0de3, 0x19eb, 0x228c, 0x26a0, 0x2484, 0x19a5, 0x083e, 0xf341, 0xde6a,
0xd12c, 0xcde0, 0xd563, 0xe708, 0xfc83, 0x11cb, 0x2373, 0x2cf8, 0x2dd7, 0x2885, 0x1d7f, 0x0d20,
0xfa91, 0xe7f1, 0xd8ac, 0xd190, 0xd20c, 0xdaf9, 0xed52, 0x0271, 0x15cd, 0x2469, 0x2a1f, 0x27cd,
0x1f9e, 0x1092, 0xfe13, 0xedc5, 0xe091, 0xd930, 0xd938, 0xe008, 0xed33, 0xfd83, 0x0d9e, 0x1a27,
0x218c, 0x23b9, 0x1f3b, 0x1393, 0x0281, 0xf193, 0xe6b5, 0xe2bf, 0xe39f, 0xe9bd, 0xf4f8, 0x0141,
0x0b94, 0x1182, 0x1444, 0x151d, 0x10da, 0x06e6, 0xf902, 0xed53, 0xe822, 0xe6ca, 0xe8fd, 0xf0b6,
0xfd55, 0x0b25, 0x1694, 0x1e74, 0x241d, 0x2777, 0x234b, 0x15ed, 0x02f9, 0xedaf, 0xdb14, 0xcde7,
0xc5f6, 0xc627, 0xd02e, 0xddbb, 0xeabd, 0xf94b, 0x086b, 0x193f, 0x2909, 0x30f2, 0x31ec, 0x2cd6,
0x22bb, 0x161d, 0x08c4, 0xfeab, 0xf934, 0xf573, 0xf246, 0xf0fe, 0xf12d, 0xf41b, 0xf89b, 0xfcbb,
0x022a, 0x054a, 0x0528, 0x0325, 0xfd7b, 0xf77f, 0xf42a, 0xf33a, 0xf5ce, 0xfcc2, 0x0525, 0x0c55,
0x129f, 0x1593, 0x143f, 0x1141, 0x0c4e, 0x03ea, 0xf9a5, 0xef58, 0xe7e5, 0xe69e, 0xe947, 0xefaa,
0xfb5b, 0x07dd, 0x1254, 0x18fb, 0x1987, 0x1563, 0x0e4a, 0x03f2, 0xf65f, 0xea00, 0xe353, 0xe14f,
0xe269, 0xe6c0, 0xef85, 0xfc9c, 0x09a2, 0x1340, 0x1a67, 0x1fa3, 0x1f91, 0x1936, 0x0e76, 0x02ba,
0xfaf1, 0xf63d, 0xf281, 0xf11b, 0xf3b0, 0xf85b, 0xfc20, 0xfee0, 0x00c9, 0x0154, 0xffb7, 0xfaf1,
0xf383, 0xedeb, 0xecea, 0xeffd, 0xf5db, 0xfc08, 0x0327, 0x0bcc, 0x12e4, 0x16ea, 0x19d1, 0x1c00,
0x1a7d, 0x1353, 0x06d6, 0xf6ab, 0xe825, 0xdf70, 0xd954, 0xd787, 0xde78, 0xe96e, 0xf5f5, 0x0300,
0x0dd6, 0x1920, 0x23ea, 0x27fb, 0x24cf, 0x1c1b, 0x100a, 0x052e, 0xfb08, 0xf0b3, 0xe993, 0xe858,
0xeac0, 0xec61, 0xee6a, 0xf4d3, 0x0018, 0x0cac, 0x1591, 0x18fe, 0x1abc, 0x198f, 0x0fae, 0x0147,
0xf5dc, 0xeff1, 0xf0b8, 0xf4d3, 0xf8ad, 0xff3f, 0x07c2, 0x0b84, 0x0a0f, 0x06d8, 0x0343, 0x00b6,
0xfb7f, 0xf158, 0xe9b1, 0xe932, 0xec23, 0xefd6, 0xf64e, 0x00c6, 0x0db0, 0x1893, 0x1bbd, 0x18fe,
0x1552, 0x0ef8, 0x03ea, 0xf7ca, 0xef21, 0xeb93, 0xebc3, 0xeb69, 0xec00, 0xf2f4, 0xfd7a, 0x0650,
0x0cb7, 0x1133, 0x1329, 0x1203, 0x0c71, 0x02d7, 0xfb4b, 0xf92f, 0xf879, 0xf6ab, 0xf5a5, 0xf740,
0xfac0, 0xfd75, 0xfd4d, 0xfc92, 0xfe60, 0xfeb6, 0xfafa, 0xf71a, 0xf5bf, 0xf7c9, 0xfd1d, 0x025e,
0x06f9, 0x0dae, 0x1354, 0x14af, 0x1498, 0x14a8, 0x1342, 0x1135, 0x0dfc, 0x07e7, 0x00b7, 0xf780,
0xec48, 0xe3d0, 0xdd79, 0xd89d, 0xd91d, 0xddb9, 0xe3ee, 0xecca, 0xf89a, 0x0648, 0x152f, 0x221f,
0x2962, 0x2996, 0x2497, 0x1cf5, 0x12ad, 0x0790, 0xfe82, 0xf86c, 0xf480, 0xf107, 0xedb6, 0xef27,
0xf64a, 0xfe71, 0x062c, 0x0ae5, 0x0b0d, 0x08d4, 0x0165, 0xf554, 0xec07, 0xe8d7, 0xec1b, 0xf45b,
0xfdcc, 0x074a, 0x11ee, 0x1995, 0x1ad2, 0x1729, 0x1138, 0x0b59, 0x04b2, 0xfb7b, 0xf202, 0xec3e,
0xeb2c, 0xec77, 0xef0c, 0xf50f, 0xfe7a, 0x08da, 0x0ea9, 0x0d9d, 0x0a4b, 0x0717, 0x020d, 0xfa31,
0xf227, 0xedb3, 0xedcf, 0xef82, 0xf209, 0xf7b1, 0x00a1, 0x0a0d, 0x1122, 0x1466, 0x1509, 0x1417,
0x10ce, 0x0ad6, 0x022c, 0xfa9b, 0xf67e, 0xf289, 0xef45, 0xef08, 0xf0cf, 0xf4d0, 0xf98c, 0xfc58,
0xff13, 0x0270, 0x0393, 0x038e, 0x03db, 0x03bb, 0x0460, 0x0549, 0x04a7, 0x04b3, 0x0658, 0x06bc,
0x0724, 0x086d, 0x08ed, 0x0a02, 0x0c68, 0x0cff, 0x0ab5, 0x0631, 0xfd63, 0xf1da, 0xe746, 0xdd8d,
0xd7d3, 0xd82b, 0xdb6c, 0xe2d9, 0xef04, 0xfd9e, 0x0e80, 0x2013, 0x2dd8, 0x3569, 0x34a6, 0x29bd,
0x1836, 0x04ef, 0xf409, 0xe79d, 0xdfb8, 0xddad, 0xe109, 0xe76d, 0xf13e, 0xfdb1, 0x0b13, 0x189e,
0x2166, 0x2086, 0x1863, 0x0afb, 0xfb29, 0xef3e, 0xe81a, 0xe7b4, 0xefe2, 0xfbb3, 0x0701, 0x114b,
0x1743, 0x170e, 0x126c, 0x0872, 0xfb8f, 0xf112, 0xe86b, 0xe1a7, 0xe024, 0xe444, 0xed52, 0xfa5f,
0x0906, 0x16a9, 0x2161, 0x24b3, 0x1f4a, 0x150e, 0x0791, 0xf89f, 0xec84, 0xe55f, 0xe331, 0xe540,
0xea37, 0xf252, 0xfbf0, 0x05a4, 0x0e2c, 0x13b8, 0x15e0, 0x1426, 0x0e63, 0x0543, 0xfb8d, 0xf48b,
0xf111, 0xf04c, 0xf247, 0xf715, 0xfda9, 0x042b, 0x0929, 0x0b11, 0x09c0, 0x06df, 0x034a, 0xfea3,
0xfa2c, 0xf80c, 0xf75f, 0xf6de, 0xf742, 0xfa1e, 0xffd1, 0x0799, 0x0e8b, 0x12a5, 0x14af, 0x13db,
0x0f70, 0x08ec, 0x02fd, 0x0083, 0x003f, 0xfdc3, 0xf91e, 0xf426, 0xee11, 0xe869, 0xe417, 0xe065,
0xe12b, 0xe5bb, 0xead7, 0xf285, 0xfdd3, 0x0c9e, 0x1d46, 0x2a1f, 0x2faf, 0x2ef2, 0x2717, 0x18b8,
0x06e2, 0xf5f9, 0xea9f, 0xe3da, 0xdfb0, 0xe025, 0xe5fa, 0xf06b, 0xfca9, 0x07dc, 0x12ed, 0x1c9b,
0x2131, 0x1e17, 0x1356, 0x04cb, 0xf811, 0xee0f, 0xe881, 0xeacd, 0xf375, 0xff1f, 0x08c0, 0x0cb0,
0x0cc4, 0x0ba6, 0x081a, 0x00f7, 0xf890, 0xf1ee, 0xed3c, 0xeabd, 0xeadc, 0xef8f, 0xfa88, 0x0813,
0x12d7, 0x18d0, 0x1b40, 0x1a40, 0x143a, 0x08ce, 0xfb10, 0xeefb, 0xe6e7, 0xe185, 0xde7d, 0xe114,
0xe9b4, 0xf5aa, 0x028e, 0x0d2f, 0x153b, 0x1c4e, 0x1f2c, 0x1b41, 0x122c, 0x07ec, 0xfe64, 0xf656,
0xf09b, 0xedfd, 0xefdc, 0xf53a, 0xfa55, 0xfe12, 0x0240, 0x056b, 0x0675, 0x04d5, 0x00fd, 0xfdbe,
0xfbb5, 0xf990, 0xf8c7, 0xfa9b, 0xfe0d, 0x02e8, 0x0898, 0x0db2, 0x1171, 0x136c, 0x124f, 0x0eb8,
0x09ea, 0x048c, 0x0031, 0xfd3e, 0xfa90, 0xf7b9, 0xf42c, 0xee5d, 0xe7e1, 0xe3d4, 0xe15a, 0xe110,
0xe502, 0xeb55, 0xf3c3, 0xff18, 0x0c05, 0x19a2, 0x26d8, 0x2f16, 0x2f20, 0x26e7, 0x17fa, 0x0657,
0xf69e, 0xebff, 0xe6bb, 0xe6c0, 0xeabe, 0xf094, 0xf72f, 0xfe0f, 0x0585, 0x0e08, 0x14f6, 0x15c7,
0x1007, 0x05fe, 0xf961, 0xeebe, 0xe99e, 0xea00, 0xf15f, 0xfe12, 0x0a99, 0x1339, 0x1721, 0x15c2,
0x0feb, 0x073b, 0xfd04, 0xf3be, 0xedb0, 0xeacd, 0xea9c, 0xee96, 0xf661, 0x0048, 0x0b12, 0x1363,
0x163d, 0x14c1, 0x0e5f, 0x03ca, 0xf7a0, 0xebd6, 0xe53f, 0xe5a4, 0xe9e1, 0xf03e, 0xf87f, 0x0142,
0x0a1a, 0x11d4, 0x167d, 0x1747, 0x1554, 0x10ac, 0x081f, 0xfdf3, 0xf54f, 0xef86, 0xee4c, 0xf1a8,
0xf76b, 0xfeb0, 0x064c, 0x0be7, 0x0ce6, 0x0a06, 0x04c4, 0xfe58, 0xf83b, 0xf259, 0xed60, 0xeb56,
0xed02, 0xf198, 0xf92e, 0x0278, 0x0ccf, 0x17e3, 0x1fb9, 0x2193, 0x1e8b, 0x17cc, 0x0f70, 0x06d0,
0xfe49, 0xf749, 0xf303, 0xf1e0, 0xf21a, 0xf25c, 0xf2e8, 0xf289, 0xf0f5, 0xee36, 0xe889, 0xe46a,
0xe4e5, 0xe68c, 0xeb62, 0xf55d, 0x0321, 0x157b, 0x27f0, 0x32d9, 0x3532, 0x2f61, 0x21ed, 0x0f98,
0xfc67, 0xed76, 0xe4f4, 0xe167, 0xe176, 0xe487, 0xec58, 0xf894, 0x0658, 0x14e6, 0x2087, 0x2587,
0x22f4, 0x170a, 0x03ea, 0xf24d, 0xe55b, 0xdd5f, 0xdf22, 0xe837, 0xf49e, 0x0265, 0x0c1e, 0x1080,
0x1244, 0x10f9, 0x0bc6, 0x04e4, 0xfdae, 0xf7c7, 0xf3f1, 0xf072, 0xefa5, 0xf405, 0xfbbb, 0x02f1,
0x078a, 0x0b1d, 0x0c2e, 0x098f, 0x0448, 0xfc84, 0xf65e, 0xf403, 0xf27f, 0xf0fd, 0xf1dd, 0xf610,
0xfcbe, 0x037c, 0x0943, 0x0fdf, 0x15fb, 0x192d, 0x174a, 0x10b8, 0x0919, 0x0146, 0xf93a, 0xf317,
0xf000, 0xf108, 0xf586, 0xf83f, 0xf93d, 0xfb88, 0xfdec, 0x00e4, 0x03c2, 0x0403, 0x033d, 0x02d3,
0x01e1, 0xffc3, 0xfe60, 0xffc5, 0x0294, 0x04ad, 0x04fa, 0x04d3, 0x0520, 0x04d3, 0x02ff, 0x00c9,
0xff44, 0xfdae, 0xfe02, 0xfdf7, 0xfd08, 0xff02, 0xff9c, 0xfd97, 0xf913, 0xf204, 0xeca5, 0xe94d,
0xe825, 0xeae7, 0xf030, 0xf7b6, 0x03f2, 0x1072, 0x1add, 0x24f1, 0x297e, 0x269c, 0x1c98, 0x0b6a,
0xf95e, 0xec23, 0xe566, 0xe446, 0xe7b5, 0xefe8, 0xfa3c, 0x0327, 0x0aca, 0x1206, 0x17d3, 0x1b79,
0x193e, 0x1086, 0x04ff, 0xf74e, 0xeb4c, 0xe48c, 0xe225, 0xe759, 0xf48c, 0x0169, 0x0a0b, 0x0f68,
0x1071, 0x0d3d, 0x066d, 0xfc18, 0xf32c, 0xef2c, 0xee4e, 0xf000, 0xf535, 0xfd82, 0x071d, 0x0f6b,
0x13bb, 0x14be, 0x13c0, 0x0fb9, 0x07f7, 0xfe39, 0xf597, 0xefe3, 0xed99, 0xedd2, 0xef8d, 0xf3d5,
0xfab0, 0x0226, 0x0871, 0x0d95, 0x1205, 0x13d9, 0x11e7, 0x0ca4, 0x03b3, 0xfaaf, 0xf547, 0xf189,
0xf07a, 0xf2fa, 0xf728, 0xfcab, 0x0109, 0x027a, 0x04da, 0x0800, 0x07ec, 0x057e, 0x00de, 0xfa54,
0xf4d0, 0xf14a, 0xefbe, 0xf286, 0xfa1f, 0x0342, 0x0b0f, 0x10ea, 0x1417, 0x156e, 0x1516, 0x10f6,
0x0a8c, 0x02f7, 0xfb1a, 0xf53b, 0xf20c, 0xf19d, 0xf635, 0xfd5c, 0x017d, 0x032f, 0xfffe, 0xf7bd,
0xf00b, 0xe894, 0xe3c5, 0xe487, 0xe850, 0xf07c, 0xfd40, 0x0a85, 0x18ae, 0x2777, 0x2f76, 0x2f6b,
0x274b, 0x1562, 0x00a4, 0xef49, 0xe324, 0xde4a, 0xe0b1, 0xe749, 0xf080, 0xfb6f, 0x05a5, 0x0f15,
0x1847, 0x1d4b, 0x1b84, 0x12d3, 0x049f, 0xf533, 0xe9cc, 0xe3ca, 0xe39e, 0xeb3e, 0xf773, 0x03fa,
0x0d3d, 0x11b5, 0x1275, 0x101c, 0x0b13, 0x0323, 0xfa84, 0xf622, 0xf49c, 0xf312, 0xf3fe, 0xf892,
0xffbf, 0x07fb, 0x0e71, 0x1085, 0x1010, 0x0c5d, 0x037a, 0xf982, 0xf10d, 0xebe5, 0xeb6d, 0xecf9,
0xf04d, 0xf777, 0x00e0, 0x08b5, 0x0f07, 0x147c, 0x170e, 0x16be, 0x130c, 0x0b39, 0x0208, 0xfa62,
0xf374, 0xef32, 0xefcf, 0xf1dc, 0xf51b, 0xfa2b, 0xfe74, 0x0279, 0x0528, 0x0423, 0x014b, 0xfcfc,
0xf6d8, 0xf241, 0xf1f0, 0xf572, 0xfcfe, 0x05ac, 0x0cc6, 0x1311, 0x171c, 0x16ff, 0x1290, 0x0c6b,
0x0555, 0xfd6a, 0xf720, 0xf223, 0xef3f, 0xf10d, 0xf513, 0xf909, 0xffa0, 0x081f, 0x0e6a, 0x106a,
0x0b23, 0xff50, 0xf1fc, 0xe571, 0xdbd4, 0xda6a, 0xe193, 0xed46, 0xfc49, 0x0b62, 0x17ab, 0x22be,
0x2aba, 0x2aeb, 0x23d0, 0x1678, 0x05c3, 0xf4e1, 0xe7a6, 0xe2ca, 0xe55b, 0xed43, 0xf844, 0x0250,
0x09a5, 0x0f55, 0x107e, 0x0e7f, 0x0b91, 0x05ca, 0xfe87, 0xf6e8, 0xee8a, 0xe930, 0xe951, 0xec9e,
0xf50e, 0x01e3, 0x0dcd, 0x158d, 0x1810, 0x151d, 0x0eda, 0x0719, 0xfe40, 0xf75c, 0xf56c, 0xf650,
0xf7e7, 0xfa4b, 0xfd6e, 0x0213, 0x05e4, 0x072c, 0x0784, 0x0793, 0x05dc, 0x01df, 0xfaba, 0xf3e1,
0xf116, 0xf046, 0xf182, 0xf554, 0xfb09, 0x0212, 0x0875, 0x0c3c, 0x0f72, 0x1344, 0x14c7, 0x1183,
0x0afa, 0x01e5, 0xf80e, 0xefbc, 0xe8d2, 0xe68a, 0xe97e, 0xeeeb, 0xf585, 0xfc94, 0x0290, 0x07d4,
0x0b1d, 0x0a4e, 0x0816, 0x04bd, 0xffad, 0xfcad, 0xfb36, 0xfac9, 0xfea6, 0x0334, 0x0667, 0x0b07,
0x0e33, 0x0da0, 0x0d07, 0x0abe, 0x04dc, 0xffe8, 0xfbf8, 0xf802, 0xf741, 0xf926, 0xfac2, 0xfdfa,
0x028d, 0x0503, 0x0535, 0x0392, 0xfe0b, 0xf549, 0xed2d, 0xe5cf, 0xe202, 0xe6cb, 0xefa5, 0xf956,
0x0440, 0x0e07, 0x1503, 0x1a8b, 0x1d2b, 0x19e6, 0x13ab, 0x0a0e, 0xfdd8, 0xf3b9, 0xf001, 0xf225,
0xf72c, 0xfdd8, 0x01d5, 0x02ad, 0x02c6, 0x019f, 0x00ce, 0x03a1, 0x06ba, 0x07c1, 0x0722, 0x0270,
0xfc59, 0xf9b4, 0xf84c, 0xf8f5, 0xfe24, 0x03c8, 0x0763, 0x08e1, 0x0879, 0x063f, 0x0398, 0xff6f,
0xf8b2, 0xf3d7, 0xf1aa, 0xf145, 0xf3a7, 0xf833, 0xff4a, 0x07a4, 0x0e41, 0x108b, 0x115d, 0x10b0,
0x0b0a, 0x03bc, 0xfbae, 0xf4b3, 0xf0c3, 0xeeb0, 0xed60, 0xef69, 0xf5c4, 0xfcda, 0x0441, 0x0ae6,
0x0f1f, 0x10c8, 0x0e33, 0x05d2, 0xfccd, 0xf6d2, 0xf242, 0xf128, 0xf41f, 0xf896, 0xff44, 0x05ef,
0x0a3b, 0x0e43, 0x11da, 0x1211, 0x0d0f, 0x0491, 0xf945, 0xeefc, 0xe988, 0xe805, 0xeb85, 0xf3d4,
0xfd32, 0x056b, 0x0c27, 0x0ffa, 0x1119, 0x1091, 0x0d5c, 0x08a4, 0x044a, 0xff84, 0xfb4d, 0xf891,
0xf794, 0xf8cb, 0xfbd4, 0xffc0, 0x03c0, 0x0680, 0x07b1, 0x05a4, 0xfffa, 0xf960, 0xf072, 0xe80b,
0xe360, 0xe39d, 0xe997, 0xf2e7, 0xfce9, 0x0713, 0x11ee, 0x1aba, 0x2044, 0x21a3, 0x1d8c, 0x13b4,
0x06bc, 0xf96c, 0xef56, 0xedb7, 0xf1a9, 0xf642, 0xfba8, 0xfff9, 0x02f8, 0x0766, 0x09d4, 0x0b4b,
0x0d89, 0x0c52, 0x062c, 0xfbe1, 0xf0af, 0xea42, 0xe9d8, 0xed04, 0xf577, 0x00db, 0x0c5c, 0x1584,
0x1778, 0x14ab, 0x0fc5, 0x07a5, 0xfc6d, 0xf0e1, 0xe946, 0xe831, 0xec0f, 0xf253, 0xfba0, 0x0673,
0x0fc5, 0x14f4, 0x14f5, 0x1234, 0x0c65, 0x0462, 0xfbcd, 0xf39d, 0xeee2, 0xee55, 0xefcb, 0xf2fb,
0xf902, 0x0030, 0x06f1, 0x0c26, 0x0d64, 0x0add, 0x0670, 0xffc5, 0xf8da, 0xf42b, 0xf314, 0xf5b9,
0xfaa3, 0xffcf, 0x03e6, 0x0700, 0x0851, 0x083e, 0x0742, 0x05f0, 0x0253, 0xfd21, 0xf865, 0xf3a8,
0xf1fb, 0xf483, 0xf9c4, 0x0023, 0x0636, 0x0a3e, 0x0bf4, 0x0c3e, 0x0a0c, 0x061d, 0x0216, 0xfee0,
0xfd72, 0xfced, 0xfcdf, 0xfdc4, 0xff62, 0x0102, 0x0240, 0x02b5, 0x039b, 0x0464, 0x02d5, 0x00f3,
0xff5a, 0xfc4a, 0xf85d, 0xf304, 0xec60, 0xe9be, 0xead3, 0xeeb2, 0xf56a, 0xfc66, 0x0311, 0x0807,
0x0b9e, 0x0f55, 0x13f2, 0x16a8, 0x1674, 0x1199, 0x0a0c, 0x044d, 0x001a, 0xff01, 0x0038, 0x0138,
0x0066, 0xfce5, 0xf67d, 0xf1fc, 0xf25e, 0xf64e, 0xfb07, 0xffbd, 0x046d, 0x056e, 0x034b, 0xffc1,
0xfc8e, 0xfcd4, 0x0088, 0x04b2, 0x08d6, 0x0c8d, 0x0d7b, 0x0b2e, 0x05f7, 0xff94, 0xfb81, 0xf978,
0xf896, 0xf8aa, 0xf948, 0xfa5a, 0xfb9c, 0xfdc8, 0x0080, 0x0363, 0x05a1, 0x04f5, 0x0106, 0xfc8a,
0xf874, 0xf6ec, 0xf7c6, 0xf959, 0xfbbc, 0xfe05, 0xffdf, 0x0161, 0x02a3, 0x037b, 0x052c, 0x0561,
0x0436, 0x0216, 0xff57, 0xfe82, 0xfec6, 0xff81, 0x0074, 0x0168, 0x0189, 0x01b8, 0x01db, 0x0169,
0x00f9, 0xff81, 0xfc5e, 0xf8ca, 0xf57d, 0xf42a, 0xf5f8, 0xf974, 0xfe02, 0x02b7, 0x06be, 0x09d6,
0x0b95, 0x0b0c, 0x09a9, 0x0848, 0x059f, 0x02f5, 0x00f7, 0xfee1, 0xfdc6, 0xfdfe, 0xfe17, 0xfed6,
0x0087, 0x0033, 0xfe50, 0xfb97, 0xf8bc, 0xf883, 0xf91a, 0xf957, 0xf8eb, 0xf7b2, 0xf5c7, 0xf532,
0xf796, 0xfbae, 0x018c, 0x0612, 0x0863, 0x0989, 0x0a3b, 0x0be4, 0x0d6a, 0x0db5, 0x0bb8, 0x0715,
0x0185, 0xfca9, 0xfa9c, 0xfbbc, 0xfd3d, 0xfcdf, 0xfb5a, 0xf9fc, 0xf8ef, 0xfabb, 0xff2a, 0x0482,
0x0a03, 0x0d08, 0x0bef, 0x084e, 0x045e, 0xffc8, 0xfb22, 0xf80d, 0xf82b, 0xfb7e, 0x008e, 0x04fc,
0x0730, 0x07b8, 0x050f, 0xff5c, 0xf9bf, 0xf6b1, 0xf5e0, 0xf687, 0xf8cd, 0xfb27, 0xfe5f, 0x0220,
0x0409, 0x04e4, 0x054c, 0x03eb, 0x00f9, 0xfe9b, 0xfcb1, 0xfb90, 0xfbba, 0xfbe6, 0xfbfb, 0xfce3,
0xfdca, 0xfe20, 0xffd6, 0x0298, 0x0429, 0x0462, 0x047d, 0x03e2, 0x03fe, 0x0438, 0x0389, 0x0397,
0x01b4, 0xfda3, 0xf914, 0xf58b, 0xf50f, 0xf7d3, 0xfafe, 0xfe06, 0x019c, 0x034f, 0x0447, 0x04d9,
0x050a, 0x0693, 0x07db, 0x065f, 0x0383, 0x012f, 0xfdb9, 0xfaa0, 0xf8fb, 0xf777, 0xf905, 0xfce5,
0xffa9, 0x032b, 0x06e2, 0x085e, 0x0959, 0x091e, 0x060c, 0x0344, 0x00b8, 0xfc6c, 0xfaab, 0xfa07,
0xf71e, 0xf4b9, 0xf0a6, 0xec0b, 0xeae0, 0xed94, 0xf2cd, 0xfa0e, 0x016c, 0x0686, 0x0ceb, 0x129f,
0x187d, 0x1d1b, 0x1bef, 0x162e, 0x0b89, 0x008a, 0xf879, 0xf64e, 0xf8c3, 0xfcf4, 0xff96, 0xfde0,
0xfbb7, 0xf93c, 0xf8c0, 0xfb07, 0xfdde, 0x00c0, 0x034d, 0x03e2, 0x0146, 0xfede, 0xfd25, 0xfbc2,
0xfbd5, 0xfdbf, 0x0215, 0x0747, 0x0b9c, 0x0c04, 0x08e5, 0x03f6, 0xfd3b, 0xf840, 0xf611, 0xf6b8,
0xf9f9, 0xfe2f, 0x0189, 0x0446, 0x0674, 0x06e6, 0x0586, 0x01a5, 0xfbfc, 0xf6d6, 0xf438, 0xf441,
0xf632, 0xf99e, 0xfdba, 0x00b3, 0x020f, 0x01b5, 0x019c, 0x0316, 0x04be, 0x05ab, 0x0517, 0x047e,
0x0425, 0x03ec, 0x02b7, 0x006d, 0xff0e, 0xfd65, 0xfa99, 0xf7e6, 0xf757, 0xf9de, 0xfe58, 0x01b4,
0x0232, 0x0123, 0xff0d, 0xfcd5, 0xfb97, 0xfb1f, 0xfc88, 0xffaf, 0x0244, 0x03bd, 0x0560, 0x0727,
0x0834, 0x086e, 0x0735, 0x05a5, 0x0558, 0x04f6, 0x041c, 0x035d, 0x0190, 0xfff3, 0xfe74, 0xfb5e,
0xf985, 0xf977, 0xf93f, 0xf9cc, 0xfaf5, 0xfb0e, 0xfadc, 0xf914, 0xf4d3, 0xf1a3, 0xf134, 0xf469,
0xf9f8, 0xfeda, 0x027a, 0x05bf, 0x097e, 0x0ccf, 0x1084, 0x1351, 0x121a, 0x0bcc, 0x0314, 0xfc5f,
0xf9a6, 0xfd57, 0x03bb, 0x0845, 0x08c0, 0x0443, 0xfd87, 0xf841, 0xf6b4, 0xf7d5, 0xfb86, 0xffdc,
0x02cb, 0x03b4, 0x0291, 0xffee, 0xfcfc, 0xfb0b, 0xfac1, 0xfe1e, 0x03d2, 0x09b7, 0x0d5b, 0x0c58,
0x07c5, 0x0102, 0xfb3b, 0xf82e, 0xf86d, 0xfa9d, 0xfcb4, 0xfdb3, 0xfd1e, 0xfd9b, 0xfeb2, 0x0043,
0x008a, 0xfec3, 0xfcca, 0xfa57, 0xfa3e, 0xfc8b, 0xffbe, 0x02f5, 0x0395, 0x00f8, 0xfd87, 0xfc1b,
0xfcb7, 0xfefa, 0x0220, 0x0486, 0x0669, 0x0634, 0x042d, 0x0279, 0x00a6, 0xfe12, 0xfa17, 0xf660,
0xf543, 0xf801, 0xfc81, 0x018f, 0x072f, 0x0a2f, 0x0a95, 0x0814, 0x030d, 0xff0f, 0xfc8c, 0xfafa,
0xfa9d, 0xfb7e, 0xfd4b, 0x0035, 0x0264, 0x020a, 0x01b9, 0x0087, 0xfec0, 0xfee6, 0xff66, 0x0066,
0x0233, 0x02d9, 0x017b, 0x0053, 0xff9d, 0xff07, 0xff92, 0xff75, 0xff3a, 0x0092, 0x01fa, 0x036a,
0x0423, 0x020c, 0xfd1f, 0xf6a7, 0xf0f4, 0xee61, 0xf177, 0xf77f, 0xfd84, 0x0223, 0x04d1, 0x0770,
0x09dc, 0x0c8a, 0x0cf8, 0x0a77, 0x0582, 0xffaa, 0xfc99, 0xfd9f, 0x03f2, 0x0a6d, 0x0ba1, 0x06ee,
0xff24, 0xf94b, 0xf752, 0xf992, 0xfe15, 0x0348, 0x076b, 0x081f, 0x054b, 0xff92, 0xfa6f, 0xf739,
0xf599, 0xf6a9, 0xfb91, 0x03f8, 0x0afa, 0x0cf7, 0x0a17, 0x04fa, 0x004f, 0xfc7a, 0xf9fb, 0xf91c,
0xfa2e, 0xfc36, 0xfd53, 0xfe79, 0x00cc, 0x038c, 0x03d4, 0x0187, 0xfea8, 0xfc4e, 0xfc5e, 0xfd21,
0xfd7b, 0xfdc3, 0xfd6a, 0xfca0, 0xfb17, 0xf9cb, 0xf9dd, 0xfbe0, 0xfed4, 0x0161, 0x03c0, 0x0580,
0x0675, 0x05c3, 0x0315, 0xff8c, 0xfbcd, 0xf9d0, 0xfa42, 0xfc58, 0x0005, 0x0445, 0x0776, 0x0911,
0x09b6, 0x089d, 0x0534, 0x0133, 0xfdf5, 0xfbd7, 0xfa88, 0xfa7d, 0xfc11, 0xfdff, 0xfe98, 0xfcee,
0xfa88, 0xf887, 0xf82f, 0xf9ed, 0xfd16, 0x0185, 0x05b6, 0x08ba, 0x08d8, 0x0762, 0x05c9, 0x03b9,
0x01fb, 0x00fa, 0x0179, 0x025a, 0x04ae, 0x07ef, 0x0a00, 0x0a00, 0x0660, 0xff41, 0xf453, 0xe94d,
0xe2c1, 0xe2b8, 0xe8ab, 0xf045, 0xf71b, 0xfafd, 0xfe94, 0x0431, 0x0a3f, 0x107b, 0x14c6, 0x1669,
0x148c, 0x10ad, 0x0cd7, 0x0a82, 0x09ff, 0x0846, 0x047e, 0xfdd3, 0xf7ca, 0xf6e9, 0xf92f, 0xfbf6,
0xfdea, 0xff44, 0x0075, 0x002f, 0xfd69, 0xf8f0, 0xf554, 0xf3c5, 0xf524, 0xf972, 0xffad, 0x076b,
0x0d05, 0x0bf5, 0x05de, 0x005b, 0xfd15, 0xfc68, 0xfdbb, 0xff33, 0x012e, 0x0443, 0x065d, 0x0667,
0x05e2, 0x0457, 0x0194, 0xfd39, 0xf88e, 0xf673, 0xf775, 0xf8e2, 0xf908, 0xf8fc, 0xf808, 0xf79b,
0xf871, 0xf888, 0xf92f, 0xfc3a, 0x007a, 0x0527, 0x09bb, 0x0ca2, 0x0dd1, 0x0d29, 0x09a9, 0x0512,
0x00ff, 0xfdfa, 0xfda2, 0xfec6, 0xffdf, 0x0157, 0x0285, 0x025c, 0x0152, 0xff0b, 0xfb68, 0xf775,
0xf4dc, 0xf505, 0xf6f8, 0xf96b, 0xfc35, 0xff8e, 0x0277, 0x044e, 0x0597, 0x0629, 0x05df, 0x057e,
0x043f, 0x0237, 0x012b, 0x01a8, 0x02c5, 0x03a0, 0x044b, 0x0442, 0x034f, 0x021d, 0x0117, 0xff8e,
0xfe03, 0xfc2c, 0xf93c, 0xf70f, 0xf69e, 0xf6cb, 0xf77b, 0xf8e1, 0xfab0, 0xfdb3, 0x0131, 0x02f2,
0x0331, 0x0367, 0x026b, 0x01bf, 0x02ed, 0x04f2, 0x07f6, 0x0acf, 0x0add, 0x071b, 0x030d, 0x0018,
0xfdcd, 0xfd5a, 0xfdef, 0xfe47, 0xfd65, 0xfbd8, 0xfbaf, 0xfd0e, 0xff55, 0x01d4, 0x042c, 0x05e1,
0x05b9, 0x03ec, 0x00d2, 0xfef1, 0xffab, 0x01b5, 0x03c1, 0x042b, 0x032d, 0x00a3, 0xfd68, 0xfaf8,
0xfa3a, 0xfb19, 0xfc0d, 0xfcfa, 0xfdb2, 0xfe65, 0xff93, 0x007c, 0x0026, 0xfe18, 0xfbc8, 0xfa4c,
0xf9c8, 0xfb69, 0xfe99, 0x01ab, 0x03e7, 0x0582, 0x0639, 0x0644, 0x057e, 0x02a0, 0xff1c, 0xfc3b,
0xfac6, 0xfafd, 0xfc87, 0xfec4, 0x0060, 0x0211, 0x0279, 0x01ed, 0x01a2, 0x0080, 0xff29, 0xfd40,
0xfb1e, 0xf958, 0xf91e, 0xfb08, 0xfde2, 0x0153, 0x040c, 0x063d, 0x0789, 0x0707, 0x055e, 0x0231,
0xfe96, 0xfb6c, 0xf955, 0xf8c3, 0xf9a6, 0xfc3c, 0xfe6d, 0x0039, 0x0258, 0x04f9, 0x0747, 0x07ff,
0x06bf, 0x0326, 0x001a, 0xfde5, 0xfca3, 0xfd98, 0xff7f, 0x0137, 0x0186, 0x0082, 0xff6f, 0x0022,
0x0276, 0x049b, 0x0588, 0x0419, 0x00ba, 0xfcfa, 0xfa40, 0xf913, 0xf91c, 0xf9dc, 0xfae1, 0xfcb3,
0xfe77, 0x0059, 0x0225, 0x02ae, 0x0287, 0x0153, 0xfffc, 0xff3e, 0xfffc, 0x0140, 0x0206, 0x0318,
0x0320, 0x02c2, 0x025c, 0x01a7, 0x00fb, 0x009c, 0x00ff, 0x0161, 0x02c2, 0x0485, 0x04a3, 0x0387,
0x011d, 0xfe67, 0xfd42, 0xfe2a, 0xfedd, 0xff1a, 0xff44, 0xfe21, 0xfd60, 0xfd98, 0xfe8d, 0x006d,
0x02aa, 0x02d9, 0x00ad, 0xfe2e, 0xfc2f, 0xfb4f, 0xfba0, 0xfcc5, 0xfe4d, 0x0090, 0x0277, 0x03e0,
0x04af, 0x0401, 0x0297, 0x00e4, 0xff38, 0xfe01, 0xfd7d, 0xfdad, 0xfe1f, 0xfe5c, 0xfeb6, 0xfec7,
0xfdb9, 0xfc89, 0xfbf4, 0xfb60, 0xfb7b, 0xfc59, 0xfd4b, 0xff1f, 0x024b, 0x04db, 0x057f, 0x0568,
0x04d2, 0x039d, 0x0227, 0x0041, 0xfdf6, 0xfc11, 0xfb34, 0xfbad, 0xfd16, 0xfee2, 0x0107, 0x025d,
0x01aa, 0xff62, 0xfd20, 0xfbe1, 0xfb58, 0xfbe1, 0xfd81, 0xffd6, 0x0316, 0x0610, 0x083b, 0x0991,
0x09df, 0x0856, 0x045e, 0xffd2, 0xfc3b, 0xfa13, 0xf9df, 0xfb32, 0xfd35, 0xff79, 0x00c4, 0x00b8,
0x0045, 0x006c, 0x0134, 0x0282, 0x03d2, 0x03d5, 0x0336, 0x0218, 0xffe6, 0xfd39, 0xfac4, 0xf958,
0xf9c5, 0xfb4f, 0xfc6c, 0xfccd, 0xfc85, 0xfc83, 0xfe6c, 0x019e, 0x0569, 0x0897, 0x0902, 0x0693,
0x026f, 0xfeed, 0xfdd3, 0xffe8, 0x0379, 0x05e0, 0x05fa, 0x0480, 0x0303, 0x0242, 0x02ab, 0x02a9,
0x0189, 0xff13, 0xfb90, 0xf8a6, 0xf74e, 0xf8bb, 0xfbb2, 0xfde5, 0xff8e, 0x011d, 0x01d5, 0x0209,
0x0284, 0x0252, 0x0252, 0x034e, 0x0332, 0x01da, 0x0051, 0xfea4, 0xfc3d, 0xfa8d, 0xfada, 0xfc81,
0xff97, 0x01ba, 0x0155, 0xff85, 0xfcd4, 0xfa54, 0xf8e2, 0xf921, 0xfb20, 0xfdb3, 0xffd4, 0x0154,
0x0284, 0x03c3, 0x057b, 0x068d, 0x0649, 0x052c, 0x0375, 0x0185, 0xff5f, 0xfd73, 0xfc37, 0xfbc9,
0xfb3e, 0xf9f9, 0xf985, 0xfa87, 0xfc10, 0xfdae, 0xff1a, 0xffc2, 0xffd1, 0x0004, 0x0057, 0x0125,
0x02dc, 0x054d, 0x07ac, 0x0803, 0x0668, 0x048b, 0x02ab, 0x0063, 0xfe57, 0xfdd5, 0xfea6, 0xffd1,
0x00f7, 0x0133, 0x00b5, 0x0085, 0x0061, 0xfff2, 0xfffa, 0x00d6, 0x012f, 0x00bc, 0x0098, 0x0163,
0x02a2, 0x02ef, 0x0102, 0xfd29, 0xf902, 0xf64e, 0xf6ab, 0xf9cb, 0xfe8c, 0x0342, 0x0555, 0x043f,
0x00e2, 0xfdb7, 0xfcfb, 0xfe25, 0xff89, 0xffb6, 0xffb5, 0x0032, 0x011e, 0x0359, 0x06ce, 0x0a22,
0x0ba2, 0x09fb, 0x053c, 0x0001, 0xfc2a, 0xf993, 0xf8b9, 0xf9e5, 0xfc31, 0xff2a, 0x0204, 0x03e5,
0x045e, 0x03e2, 0x02e8, 0x007e, 0xfdba, 0xfca7, 0xfc83, 0xfc54, 0xfd77, 0xff51, 0x00d3, 0x02e1,
0x03ce, 0x01d5, 0xfe15, 0xfa73, 0xf836, 0xf7d8, 0xf97d, 0xfc27, 0xfe5a, 0xff51, 0xff15, 0xff3c,
0x0151, 0x057b, 0x091d, 0x0992, 0x0766, 0x0343, 0xff01, 0xfd01, 0xfcb0, 0xfcef, 0xfdcb, 0xfe6f,
0xfd9b, 0xfcf1, 0xfdec, 0xfefa, 0xfeee, 0xfe0b, 0xfcd7, 0xfc26, 0xfcae, 0xfd5f, 0xfd8d, 0xfe56,
0xff8d, 0x0021, 0x00d8, 0x0256, 0x03c6, 0x0480, 0x0403, 0x0285, 0x013e, 0x0141, 0x0228, 0x0249,
0x008e, 0xfe10, 0xfc0e, 0xfbbb, 0xfe7c, 0x030c, 0x06bb, 0x0849, 0x0706, 0x0337, 0xfefa, 0xfbc5,
0xfb10, 0xfbec, 0xfcb8, 0xfe5e, 0x00ab, 0x0261, 0x0348, 0x038f, 0x02ab, 0x01af, 0x00c1, 0xfeac,
0xfc79, 0xfb63, 0xfb66, 0xfc76, 0xfe65, 0xff9e, 0x0015, 0x00e0, 0x0088, 0xfede, 0xfeba, 0x0117,
0x047a, 0x06e2, 0x06ad, 0x03ba, 0xffbf, 0xfc8b, 0xfb0c, 0xfba0, 0xfd92, 0x0062, 0x0266, 0x0233,
0x023b, 0x03cf, 0x05f5, 0x087e, 0x095e, 0x06be, 0x0260, 0xfd43, 0xf830, 0xf652, 0xf7f3, 0xfb07,
0xfe4a, 0xffda, 0xffa6, 0xffab, 0xffec, 0xffb1, 0xff5a, 0xfe82, 0xfe1d, 0xfed8, 0xfe31, 0xfd2f,
0xfebf, 0x00f2, 0x0270, 0x036b, 0x02ea, 0x0225, 0x01f9, 0x00eb, 0xfead, 0xfcb7, 0xfbd1, 0xfbce,
0xfcc6, 0xfdc9, 0xfe2b, 0xfe98, 0xfee0, 0xff36, 0x0044, 0x0262, 0x0471, 0x0455, 0x027f, 0x0015,
0xfe2c, 0xfdc5, 0xfe64, 0xfecf, 0xfec6, 0xff54, 0xff32, 0xfd8d, 0xfd81, 0xffd1, 0x0208, 0x02dd,
0x01f7, 0x00a4, 0x00c6, 0x0187, 0x0156, 0x00fc, 0x0058, 0xfead, 0xfd10, 0xfbcd, 0xfbe3, 0xfec9,
0x0242, 0x0381, 0x0362, 0x0297, 0x014f, 0x0074, 0xff72, 0xfeb2, 0xff70, 0x00f0, 0x0280, 0x048b,
0x06c1, 0x080a, 0x06d4, 0x02d9, 0xfe2f, 0xfad6, 0xf9cf, 0xfa8f, 0xfbf7, 0xfdaa, 0xff62, 0x000d,
0xff8d, 0xff89, 0xfff3, 0xff99, 0xfe20, 0xfb32, 0xf81a, 0xf7af, 0xfa83, 0xfec3, 0x02b3, 0x04f1,
0x04bd, 0x0399, 0x0315, 0x02fc, 0x040d, 0x066d, 0x0805, 0x07bb, 0x0631, 0x03b6, 0x0105, 0xff49,
0xfe47, 0xfdb3, 0xfd9e, 0xfdcb, 0xfe79, 0xff33, 0xff89, 0xffae, 0xfec6, 0xfd51, 0xfc64, 0xfbc1,
0xfb44, 0xfb81, 0xfd0a, 0xff7d, 0x02b4, 0x05cf, 0x07a8, 0x0784, 0x05ab, 0x0344, 0x0085, 0xfe24,
0xfca0, 0xfbf9, 0xfc33, 0xfc76, 0xfbeb, 0xfaec, 0xfaaf, 0xfb99, 0xfcbc, 0xfdc2, 0xfeba, 0xff2e,
0x0034, 0x0266, 0x03ab, 0x037d, 0x021c, 0xffa5, 0xfdb7, 0xfcdc, 0xfd18, 0xfe40, 0xfff1, 0x01b8,
0x0345, 0x04cd, 0x0566, 0x0434, 0x01a4, 0xfed5, 0xfc6e, 0xfaec, 0xfb02, 0xfceb, 0xff28, 0x00a0,
0x01b4, 0x01d4, 0x01ac, 0x01ec, 0x0135, 0xff15, 0xfcb2, 0xfaa0, 0xfa2c, 0xfc71, 0x0064, 0x0403,
0x05d0, 0x05e2, 0x050b, 0x0442, 0x0327, 0x0279, 0x034f, 0x041e, 0x035b, 0x018c, 0xffb0, 0xfec3,
0xff4d, 0xff37, 0xfe9b, 0xfe88, 0xfe7e, 0xfef1, 0xff80, 0xffa1, 0xff12, 0xfd8c, 0xfb0c, 0xf89d,
0xf862, 0xfa33, 0xfc42, 0xfe29, 0x000e, 0x0195, 0x02b0, 0x03ee, 0x055f, 0x0662, 0x066b, 0x0500,
0x0194, 0xfdae, 0xfcc9, 0xfe30, 0xffc1, 0x01ab, 0x01dd, 0xffff, 0xfe34, 0xfd43, 0xfde4, 0x0060,
0x02fa, 0x03e2, 0x0367, 0x019b, 0xff6b, 0xfec1, 0xffd9, 0x01a8, 0x02f9, 0x0341, 0x037b, 0x0427,
0x0393, 0x01dd, 0x0059, 0xfe7a, 0xfce6, 0xfcb0, 0xfd20, 0xfd8c, 0xfcfe, 0xfb9f, 0xfaa9, 0xfa76,
0xfb4c, 0xfcdc, 0xfdc4, 0xfdf7, 0xfdfd, 0xfe25, 0xffaa, 0x0290, 0x057c, 0x06f6, 0x06ea, 0x04e6,
0x0190, 0xff3f, 0xfde5, 0xfd6c, 0xfdb3, 0xfdba, 0xfd56, 0xfddd, 0xff51, 0x0034, 0x00fa, 0x019e,
0x012c, 0xff8e, 0xfdfd, 0xfda2, 0xfe57, 0xff4f, 0xff62, 0xfea0, 0xfd99, 0xfcf1, 0xfd62, 0xfee6,
0x0125, 0x025e, 0x0215, 0x01ee, 0x01c8, 0x012c, 0x00ce, 0x00cc, 0x001c, 0xff01, 0xfed1, 0xff6f,
0x00f8, 0x0306, 0x04d8, 0x0649, 0x0616, 0x047e, 0x021f, 0xff01, 0xfc76, 0xfac5, 0xfa46, 0xfc07,
0xff41, 0x028e, 0x05af, 0x073e, 0x062e, 0x0387, 0x003b, 0xfd75, 0xfb9c, 0xfa39, 0xf960, 0xf94c,
0xf9e1, 0xfb8f, 0xfe67, 0x0240, 0x05f5, 0x06b5, 0x039e, 0xfe96, 0xfa6d, 0xf920, 0xfb82, 0xff5b,
0x0215, 0x0265, 0xff63, 0xfc51, 0xfcd3, 0x007a, 0x059b, 0x09aa, 0x0985, 0x05ae, 0x00fe, 0xfd43,
0xfcc3, 0xffc2, 0x02ad, 0x0426, 0x03f8, 0x0137, 0xfea3, 0xfebd, 0xfffe, 0x00cd, 0x00f1, 0xffb3,
0xfda7, 0xfc98, 0xfcad, 0xfd87, 0xfed8, 0xffc5, 0xffed, 0xff83, 0xff24, 0xff94, 0x004a, 0x0082,
0x0115, 0x01c0, 0x01be, 0x023c, 0x01fb, 0x000e, 0xfe61, 0xfcf4, 0xfc4d, 0xfdb7, 0x002a, 0x020c,
0x032b, 0x02db, 0x0117, 0xffd6, 0xff04, 0xfe68, 0xfe26, 0xfd4d, 0xfc2b, 0xfb56, 0xfa81, 0xfaed,
0xfd03, 0xfeb8, 0x0074, 0x0175, 0x00d4, 0x00bc, 0x012d, 0x0172, 0x01d2, 0x01b2, 0x00b4, 0xff98,
0xfe05, 0xfc5d, 0xfc3a, 0xfd62, 0xff1b, 0x00e0, 0x0242, 0x0339, 0x039e, 0x02e1, 0x01ae, 0x0124,
0x009f, 0x0061, 0x00af, 0x00d3, 0x012b, 0x022c, 0x03d8, 0x0569, 0x069a, 0x069e, 0x0498, 0x010b,
0xfd39, 0xfb2c, 0xfb20, 0xfcb3, 0xff52, 0x0159, 0x01e4, 0x0163, 0x0020, 0xfe03, 0xfca5, 0xfd11,
0xfde2, 0xfe4f, 0xfdb6, 0xfc2e, 0xfb63, 0xfbdf, 0xfd3a, 0xff5b, 0x01a8, 0x023e, 0x00ac, 0xfdee,
0xfc2f, 0xfd0b, 0x006b, 0x0509, 0x077c, 0x0655, 0x0288, 0xfe0f, 0xfb25, 0xfb72, 0xfe3e, 0x01cd,
0x04ad, 0x047b, 0x0298, 0x0181, 0x0153, 0x029d, 0x046b, 0x0538, 0x04a9, 0x0248, 0xfee9, 0xfcb3,
0xfc5b, 0xfc4e, 0xfc62, 0xfc61, 0xfbe5, 0xfc7c, 0xfdd4, 0xff6b, 0x0198, 0x0351, 0x03ec, 0x0404,
0x0394, 0x0254, 0x00ba, 0xff89, 0xff5d, 0xffce, 0xffbf, 0xff7e, 0xff83, 0xff3e, 0xfef8, 0xfed8,
0xff8b, 0x0117, 0x0225, 0x01c1, 0x0088, 0xffdc, 0xff64, 0xff31, 0xfe86, 0xfca4, 0xfb20, 0xfa23,
0xf96e, 0xfa12, 0xfbbe, 0xfd24, 0xfe12, 0xfeed, 0xff99, 0x0050, 0x010a, 0x00db, 0x008e, 0x00c2,
0x00a3, 0x0118, 0x01e3, 0x0160, 0x004f, 0xff4c, 0xfe22, 0xfdae, 0xfe46, 0xff85, 0x01b9, 0x036b,
0x0402, 0x04e4, 0x05a1, 0x0658, 0x065c, 0x047a, 0x0153, 0xfeef, 0xfde2, 0xfd84, 0xfe23, 0xfef5,
0xfffc, 0x008c, 0xffca, 0xfeee, 0xff2e, 0x0028, 0x0113, 0x0196, 0x0190, 0x0226, 0x02af, 0x0297,
0x030f, 0x02ed, 0x0164, 0xffc4, 0xfdb1, 0xfc0e, 0xfc68, 0xfda1, 0xfeb9, 0xff35, 0xfe7f, 0xfceb,
0xfc49, 0xfc6d, 0xfcc1, 0xfdf7, 0xff1e, 0xff50, 0xfea7, 0xfe0a, 0xff2d, 0x024c, 0x052b, 0x0609,
0x0486, 0x011d, 0xfde8, 0xfc86, 0xfc85, 0xfdc4, 0xff25, 0xfe89, 0xfc69, 0xfaa7, 0xfb15, 0xfe81,
0x0345, 0x06c0, 0x088b, 0x08b3, 0x0704, 0x04c4, 0x02eb, 0x0144, 0xffb4, 0xfe1f, 0xfbcb, 0xfa5d,
0xfae2, 0xfc20, 0xfe6a, 0x0182, 0x044c, 0x064a, 0x06e7, 0x05a9, 0x02f6, 0xffd7, 0xfd55, 0xfc14,
0xfc2d, 0xfd2c, 0xfe2f, 0xfefa, 0x000c, 0x0109, 0x01f0, 0x02da, 0x031c, 0x0214, 0xffaa, 0xfcd5,
0xfa5f, 0xf92d, 0xf927, 0xf9ff, 0xfb5d, 0xfc66, 0xfd72, 0xfe9b, 0x003c, 0x024d, 0x03a4, 0x03cf,
0x0317, 0x0180, 0xff04, 0xfd04, 0xfc9b, 0xfd59, 0xfec6, 0x0033, 0x00ee, 0x00b1, 0xfff6, 0x000f,
0x014c, 0x0285, 0x0334, 0x0371, 0x02ab, 0x0190, 0x010a, 0x00b7, 0x0088, 0x006c, 0x000b, 0xff56,
0xfe5b, 0xfe10, 0xff78, 0x0181, 0x028b, 0x0283, 0x01ab, 0x0000, 0xfe45, 0xfcd5, 0xfc33, 0xfd76,
0xffb3, 0x011e, 0x026c, 0x0408, 0x053b, 0x063c, 0x0607, 0x048d, 0x02bb, 0x007c, 0xfdbf, 0xfb6e,
0xfac1, 0xfc58, 0xff89, 0x01ac, 0x01c6, 0x0078, 0xfe92, 0xfd7d, 0xfd7a, 0xfdc8, 0xfdf8, 0xfddf,
0xfd0c, 0xfc05, 0xfbef, 0xfc9c, 0xfea8, 0x015c, 0x01d2, 0x0078, 0xff62, 0xff6e, 0x00d6, 0x0223,
0x01fb, 0x01ea, 0x026a, 0x022f, 0x0177, 0x003d, 0xff92, 0x0117, 0x0274, 0x02d4, 0x03e4, 0x0425,
0x02e0, 0x00c3, 0xfe62, 0xfd2d, 0xfd8a, 0xfda4, 0xfd35, 0xfe28, 0xff4e, 0xfff6, 0x0111, 0x0272,
0x0466, 0x04da, 0x0174, 0xfd1b, 0xfbc0, 0xfc9b, 0xfdd8, 0xff70, 0x00f3, 0x0236, 0x01ec, 0xffe9,
0xfead, 0xff19, 0xfff9, 0xffb2, 0xfe72, 0xfdff, 0xff41, 0x0021, 0xff13, 0xfdef, 0xfd74, 0xfce3,
0xfbc4, 0xfacb, 0xfafe, 0xfc6c, 0xfe3b, 0xff07, 0xff92, 0x00d9, 0x0222, 0x02d1, 0x02d1, 0x02f3,
0x0333, 0x0305, 0x036c, 0x0450, 0x0444, 0x0324, 0x01ad, 0x00c2, 0xffdf, 0xfe40, 0xfcd7, 0xfcb9,
0xfde2, 0xfe7b, 0xfde4, 0xfd80, 0xfe4d, 0xff61, 0xff3e, 0xfebf, 0xff7e, 0x0148, 0x02d0, 0x039f,
0x03bd, 0x0423, 0x040c, 0x02e1, 0x0206, 0x01b4, 0x0195, 0x013f, 0x00e5, 0x0052, 0xfff6, 0x0052,
0x00ef, 0x0196, 0x01a8, 0x00ed, 0xffac, 0xfd1f, 0xfa1d, 0xf8b0, 0xf9e1, 0xfd25, 0xff4c, 0xfe64,
0xfb8b, 0xfa3c, 0xfc13, 0xffa5, 0x02a2, 0x0387, 0x0309, 0x0125, 0xfe45, 0xfc80, 0xfe14, 0x02f2,
0x07e8, 0x07f1, 0x02d4, 0xfe70, 0xfde4, 0x001d, 0x0238, 0x02a5, 0x036d, 0x05f4, 0x0651, 0x029a,
0xfe80, 0xfbb0, 0xfa78, 0xfa18, 0xfa73, 0xfe90, 0x04cd, 0x06dd, 0x0322, 0xfd76, 0xfa51, 0xfa86,
0xfbca, 0xfcdb, 0xfec9, 0x020e, 0x042b, 0x0464, 0x049e, 0x0523, 0x04f1, 0x0285, 0xfdb1, 0xfae1,
0xfc71, 0x0027, 0x03aa, 0x0520, 0x049c, 0x0283, 0xfede, 0xfaf8, 0xf8e7, 0xf7c7, 0xf748, 0xf8af,
0xfb36, 0xfdde, 0xfff3, 0x0144, 0x01bb, 0x0126, 0xfe70, 0xfb9b, 0xfb7f, 0xfd88, 0x000a, 0x01b9,
0x02cb, 0x0327, 0x0306, 0x0248, 0x016f, 0x00f8, 0x0033, 0xffa9, 0xffef, 0x0230, 0x051d, 0x05a0,
0x03d8, 0x00d0, 0xfd53, 0xfa7d, 0xf8f5, 0xf9ce, 0xfcfc, 0x002a, 0x0191, 0x01be, 0x023a, 0x02b7,
0x0264, 0x0169, 0x00ca, 0x0166, 0x02dd, 0x049e, 0x0663, 0x0758, 0x0617, 0x02fc, 0xff82, 0xfd72,
0xfd77, 0xfe2b, 0xfee7, 0x0006, 0x0126, 0x01a7, 0x0101, 0xff26, 0xfced, 0xfb4d, 0xfaf5, 0xfba2,
0xfe15, 0x025c, 0x06c8, 0x092e, 0x077d, 0x024b, 0xfba4, 0xf6db, 0xf666, 0xf949, 0xfc72, 0xfd3d,
0xfc3f, 0xfc1b, 0xfdc8, 0x0049, 0x0333, 0x0519, 0x044b, 0x00d0, 0xfc8f, 0xfaed, 0xfe2a, 0x046b,
0x087b, 0x0773, 0x0145, 0xf95c, 0xf5c1, 0xf7ce, 0xfcfd, 0x0245, 0x05f5, 0x084d, 0x08ec, 0x0743,
0x02da, 0xfe18, 0xfad4, 0xf8da, 0xf9d4, 0xfda8, 0x0325, 0x07fc, 0x0941, 0x064f, 0x010d, 0xfc8d,
0xfaf4, 0xfc02, 0xfe24, 0x0071, 0x01ab, 0x01a3, 0x017f, 0x01ed, 0x012a, 0xfead, 0xfc31, 0xfaa8,
0xfb69, 0xfe82, 0x0226, 0x048e, 0x04b7, 0x0248, 0xfe21, 0xfa11, 0xf872, 0xf9e5, 0xfca2, 0xff20,
0x0131, 0x02df, 0x03e2, 0x03bb, 0x0218, 0x002d, 0xfdf4, 0xfb25, 0xf9a3, 0xfacd, 0xfe0f, 0x0181,
0x0302, 0x0231, 0x0075, 0xfeae, 0xfccc, 0xfbef, 0xfcb4, 0xfe2a, 0x0091, 0x0352, 0x0540, 0x057f,
0x03ef, 0x0185, 0xfffa, 0xffac, 0xffba, 0x010a, 0x03ac, 0x0651, 0x06f9, 0x0535, 0x02c9, 0x0093,
0xfe5c, 0xfc95, 0xfbf0, 0xfc93, 0xfe8b, 0x0157, 0x03a6, 0x04cb, 0x0484, 0x01c0, 0xfdca, 0xfb96,
0xfb7b, 0xfc9e, 0xff42, 0x028c, 0x058b, 0x073b, 0x05a8, 0x01f4, 0xfe72, 0xfbf5, 0xfb2e, 0xfb4d,
0xfbd2, 0xfd60, 0xff9f, 0x0268, 0x04a2, 0x0550, 0x03c1, 0xff7c, 0xf9ae, 0xf4bb, 0xf370, 0xf661,
0xfb7d, 0xff8e, 0xffab, 0xfd6c, 0xfca2, 0xfe4f, 0x0154, 0x0368, 0x03d2, 0x02d2, 0x005e, 0xfd7a,
0xfda5, 0x0242, 0x0795, 0x08e2, 0x04e0, 0xff76, 0xfd5b, 0xff0f, 0x01f7, 0x04a6, 0x06ea, 0x088f,
0x086c, 0x056a, 0xffcb, 0xfa4f, 0xf74b, 0xf6f4, 0xf8f0, 0xfc55, 0x0149, 0x068e, 0x0841, 0x0498,
0xfe4c, 0xf9d4, 0xf998, 0xfbf1, 0xfe9e, 0x0120, 0x036f, 0x054f, 0x0654, 0x05de, 0x0338, 0xff56,
0xfc92, 0xfb0b, 0xfb2e, 0xfdd1, 0x00ff, 0x029c, 0x017c, 0xfe42, 0xf9de, 0xf5b4, 0xf411, 0xf5ab,
0xf987, 0xfe62, 0x02b7, 0x05e9, 0x07b4, 0x076b, 0x050d, 0x00dc, 0xfc8f, 0xf9dc, 0xf9e4, 0xfd04,
0x01c4, 0x0625, 0x0889, 0x07a9, 0x050e, 0x0269, 0xff83, 0xfd6d, 0xfce7, 0xfd9e, 0xfeac, 0xffd7,
0x007a, 0x0085, 0x003f, 0xfefe, 0xfd4b, 0xfc43, 0xfcbe, 0xfea8, 0x0180, 0x0494, 0x06e0, 0x06ff,
0x0540, 0x02b0, 0xfff4, 0xfe58, 0xfe5a, 0xffc2, 0x01f0, 0x0476, 0x0643, 0x0637, 0x0435, 0x0020,
0xfbff, 0xf9cd, 0xf907, 0xf9aa, 0xfbcf, 0xfe8d, 0x0096, 0x0190, 0x0140, 0xfff7, 0xfe58, 0xfcf7,
0xfcfc, 0xfdd3, 0xff67, 0x0206, 0x04e4, 0x0786, 0x08f7, 0x07c2, 0x0373, 0xfca8, 0xf5d0, 0xf28e,
0xf450, 0xf8c2, 0xfc39, 0xfcdf, 0xfa7d, 0xf852, 0xf9a3, 0xfdc1, 0x02a0, 0x0617, 0x06c7, 0x04e6,
0x021b, 0x0163, 0x0411, 0x08d4, 0x0be8, 0x09ab, 0x0272, 0xfb14, 0xf9a8, 0xfd6e, 0x0268, 0x05fa,
0x078d, 0x077e, 0x0541, 0x002e, 0xfa2e, 0xf5ed, 0xf3c6, 0xf518, 0xf9e5, 0x007d, 0x0707, 0x0abe,
0x08df, 0x021a, 0xfb2d, 0xf8cd, 0xfabe, 0xfe25, 0x0169, 0x0371, 0x03e7, 0x0359, 0x0286, 0x0112,
0xfe7d, 0xfb39, 0xf8ed, 0xf89f, 0xfae6, 0xfff6, 0x0627, 0x0a10, 0x0931, 0x045a, 0xfe07, 0xf870,
0xf618, 0xf7d9, 0xfbb7, 0xffeb, 0x0331, 0x04af, 0x0428, 0x0286, 0xffe5, 0xfd11, 0xfb04, 0xf991,
0xfa44, 0xfcb7, 0xffd2, 0x037a, 0x0629, 0x0651, 0x0437, 0x0160, 0xfea2, 0xfd3b, 0xfe29, 0x0020,
0x019c, 0x0241, 0x027c, 0x0274, 0x0180, 0xffc2, 0xfd1e, 0xfaba, 0xfad0, 0xfcfa, 0xffc3, 0x0296,
0x0574, 0x0772, 0x0783, 0x05f1, 0x03f4, 0x022f, 0x00e5, 0x00b5, 0x018f, 0x0247, 0x028f, 0x02b0,
0x019d, 0xff04, 0xfbda, 0xf963, 0xf83d, 0xf908, 0xfbf1, 0xffd1, 0x0298, 0x0309, 0x01ca, 0xff1b,
0xfc40, 0xfaf2, 0xfbaf, 0xfe22, 0x00e4, 0x03b0, 0x0630, 0x0791, 0x06e2, 0x0324, 0xfcf0, 0xf635,
0xf2d4, 0xf438, 0xf82e, 0xfc16, 0xfe4b, 0xff38, 0xff87, 0x0093, 0x02a4, 0x03fe, 0x0471, 0x0414,
0x01eb, 0xff83, 0x0030, 0x04d8, 0x0a49, 0x0ba7, 0x0736, 0xff78, 0xf92b, 0xf77a, 0xfabe, 0x00c1,
0x0658, 0x0951, 0x08a3, 0x0452, 0xfdf4, 0xf847, 0xf4e8, 0xf441, 0xf60e, 0xfa1f, 0xffe1, 0x05bc,
0x0922, 0x086d, 0x0444, 0xff42, 0xfc06, 0xfbfd, 0xfec5, 0x0244, 0x04e4, 0x060a, 0x05a8, 0x0410,
0x0217, 0x0060, 0xff13, 0xfce8, 0xfa92, 0xf9f9, 0xfb6d, 0xfe6e, 0x0159, 0x01f6, 0xfede, 0xfa5e,
0xf736, 0xf6af, 0xf8e5, 0xfd59, 0x02bb, 0x0611, 0x062c, 0x0498, 0x0273, 0x006e, 0xfee7, 0xfd94,
0xfccf, 0xfcd4, 0xfebe, 0x0279, 0x05c5, 0x070f, 0x069d, 0x04e0, 0x0233, 0xffa7, 0xfe3d, 0xfea9,
0xff0e, 0xfe50, 0xfdf3, 0xfdf0, 0xfe26, 0xff3a, 0xffd9, 0xfeea, 0xfdad, 0xfdef, 0xffc2, 0x01ad,
0x0328, 0x0416, 0x044e, 0x03c7, 0x0344, 0x02ce, 0x0190, 0x005b, 0x0060, 0x0172, 0x0237, 0x0211,
0x014d, 0x0064, 0xff1c, 0xfd42, 0xfb54, 0xf9f4, 0xfa89, 0xfd09, 0xff2f, 0xff7d, 0xfecd, 0xfe76,
0xfe41, 0xfdc2, 0xfd79, 0xfe42, 0x007f, 0x037c, 0x0576, 0x0466, 0x0139, 0xfe87, 0xfd01, 0xfc98,
0xfd21, 0xfdb9, 0xfd58, 0xfc10, 0xfb8a, 0xfcde, 0x0000, 0x0470, 0x078a, 0x0725, 0x0392, 0xff17,
0xfccc, 0xfd4e, 0xffe0, 0x0305, 0x040b, 0x0238, 0xff6f, 0xfd8d, 0xfd16, 0xfe82, 0x016d, 0x042c,
0x059d, 0x054a, 0x03cc, 0x017e, 0xff27, 0xfd72, 0xfc9f, 0xfdc8, 0x0097, 0x036b, 0x0450, 0x0345,
0x0167, 0xfe86, 0xfc05, 0xfb8f, 0xfcf7, 0xff9b, 0x015c, 0x00eb, 0xfedb, 0xfcf7, 0xfd57, 0xfef8,
0xffd3, 0xfeba, 0xfdfa, 0xff1d, 0x0017, 0x00d7, 0x00ce, 0x0026, 0xff88, 0xfdde, 0xfbbd, 0xf9cb,
0xf947, 0xfb65, 0xfe12, 0xffd4, 0x00db, 0x0278, 0x04f5, 0x05e5, 0x04a2, 0x01c9, 0xfeca, 0xfe1c,
0xffac, 0x01db, 0x0304, 0x0329, 0x0366, 0x02fa, 0x019f, 0x0021, 0xfeef, 0xfe34, 0xfe18, 0xfe83,
0xff12, 0xffda, 0x014b, 0x0293, 0x0279, 0x017d, 0x005b, 0xffe3, 0x0049, 0x0181, 0x0349, 0x03cb,
0x0322, 0x022f, 0x0090, 0xfefa, 0xfd9a, 0xfca3, 0xfc79, 0xfc71, 0xfdce, 0x00ab, 0x0275, 0x02d6,
0x0295, 0x01cb, 0x005c, 0xfefb, 0xfe39, 0xfd2f, 0xfcab, 0xfd32, 0xfd76, 0xfd5f, 0xfd83, 0xfe35,
0xfee2, 0xfebe, 0xfd88, 0xfbe2, 0xfc06, 0xfdf8, 0xffdb, 0x00d3, 0x0070, 0xfff6, 0xfff5, 0xff9c,
0xff81, 0x0068, 0x0255, 0x049f, 0x05e0, 0x0519, 0x02d2, 0x00c3, 0xff9f, 0xfe82, 0xfd9d, 0xfe38,
0xffcb, 0x0176, 0x02c2, 0x02db, 0x020a, 0x00cf, 0x007a, 0x0160, 0x020f, 0x0290, 0x02dc, 0x0275,
0x00dc, 0xff1d, 0xfebf, 0xff3b, 0x000c, 0x00a3, 0x00c9, 0x0051, 0xff73, 0xffd6, 0x0040, 0xff38,
0xfe40, 0xfd47, 0xfc5c, 0xfc2f, 0xfd2b, 0xff44, 0x00bd, 0x011d, 0x0015, 0xfe57, 0xfdab, 0xfde4,
0xfef0, 0xffbe, 0xff3a, 0xfea0, 0xfe16, 0xfdff, 0xfec0, 0xff73, 0x0029, 0x0072, 0xffc3, 0xfec8,
0xfefb, 0x0036, 0x0137, 0x00f1, 0xff62, 0xfe67, 0xfe88, 0xff9b, 0x0148, 0x0291, 0x0310, 0x0330,
0x0300, 0x0217, 0x00f6, 0xffe6, 0xfef1, 0xfe90, 0xfed0, 0x000c, 0x020c, 0x034a, 0x0324, 0x01c2,
0x0020, 0xfff1, 0x0100, 0x0222, 0x0268, 0x01ee, 0x008b, 0xfe88, 0xfe56, 0xfff5, 0x027c, 0x0428,
0x02ea, 0x000c, 0xfd82, 0xfd13, 0xfe70, 0xfffa, 0x00cc, 0xffb5, 0xfda7, 0xfc96, 0xfc8d, 0xfd6e,
0xfea9, 0xffc4, 0x0059, 0xffa4, 0xfee6, 0xff10, 0x0005, 0x011b, 0x0076, 0xfe11, 0xfc08, 0xfb65,
0xfbe7, 0xfcc4, 0xfd1f, 0xfd2b, 0xfddd, 0x0035, 0x0365, 0x05be, 0x069d, 0x05a6, 0x0359, 0x00da,
0xff72, 0xffbf, 0x0143, 0x02a2, 0x0247, 0x00c4, 0xff42, 0xfe0c, 0xfe7c, 0x000e, 0x00f8, 0x012d,
0x00fc, 0x00d1, 0x015e, 0x0286, 0x028d, 0x00ef, 0xfea7, 0xfcb5, 0xfc77, 0xfe60, 0x013f, 0x039c,
0x0410, 0x0245, 0x0058, 0xfec8, 0xfdf6, 0xfe74, 0xfec2, 0xfea3, 0xfdd3, 0xfd8e, 0xff53, 0x013c,
0x01c6, 0x0150, 0xffc8, 0xfdb2, 0xfcd3, 0xfd07, 0xfdbd, 0xfec9, 0xff22, 0xff4b, 0xff8a, 0xff39,
0xff17, 0xff13, 0xff2f, 0xff2c, 0xfe99, 0xff17, 0x0065, 0x0192, 0x0217, 0x00c5, 0xfe98, 0xfd43,
0xfd6c, 0xfec8, 0x0135, 0x02c9, 0x029e, 0x0221, 0x0128, 0x005d, 0x0036, 0x009b, 0x0168, 0x0220,
0x0264, 0x0200, 0x01c4, 0x029a, 0x0370, 0x0276, 0x004e, 0xfe45, 0xfd60, 0xfeb1, 0x0181, 0x030f,
0x02d5, 0x01cc, 0x004d, 0xff6e, 0xfe9b, 0xfd74, 0xfd22, 0xfd4c, 0xfd5a, 0xfdd6, 0xfeb0, 0x0011,
0x0198, 0x01dd, 0x010f, 0xfff7, 0xff34, 0xfef1, 0xfeec, 0xff1b, 0xff05, 0xfe7f, 0xfe20, 0xfece,
0xff92, 0x001b, 0x0136, 0x0168, 0x0127, 0x0090, 0xff89, 0xff4e, 0xfec2, 0xfd6a, 0xfc5e, 0xfc82,
0xfd6f, 0xfec6, 0x005e, 0x01d9, 0x0344, 0x03a9, 0x038a, 0x03fc, 0x03c2, 0x030a, 0x01ee, 0xffeb,
0xfe3f, 0xfde0, 0xff44, 0x013f, 0x021b, 0x022b, 0x0223, 0x0171, 0x00c6, 0x0049, 0xff82, 0xffc7,
0x003b, 0xffd7, 0xff6e, 0xffa8, 0x008e, 0x0148, 0x009c, 0xff0c, 0xfde4, 0xfd98, 0xfe6b, 0xff23,
0xff39, 0xff3e, 0xff35, 0xfeec, 0xfe81, 0xfe2c, 0xfe32, 0xff38, 0x000e, 0xff74, 0xfe95, 0xfe68,
0xfeb1, 0xfeee, 0xff1a, 0xff85, 0xffc2, 0xff81, 0xff60, 0xff65, 0xff9d, 0x00b1, 0x019f, 0x0148,
0x0011, 0xfe93, 0xfdd7, 0xfda4, 0xfd34, 0xfd81, 0xfeed, 0x00fc, 0x0297, 0x0327, 0x027c, 0x014b,
0x00e3, 0x00d6, 0x013c, 0x01cc, 0x0246, 0x023d, 0x013b, 0x0030, 0xfff9, 0x00d8, 0x01bb, 0x0200,
0x01bd, 0x0173, 0x00f6, 0x006d, 0x0093, 0x009a, 0x0074, 0x004d, 0xffb5, 0xfeea, 0xff00, 0xffd7,
0x00cd, 0x017c, 0x0123, 0x00f9, 0x00f0, 0x000e, 0xff27, 0xfe43, 0xfdb4, 0xfdaf, 0xfd43, 0xfc5d,
0xfc50, 0xfd8a, 0xff04, 0x00ae, 0x01c2, 0x01e3, 0x022b, 0x0252, 0x01aa, 0x0014, 0xfdcf, 0xfc4e,
0xfd14, 0xff12, 0x0083, 0x00ae, 0xffd8, 0xff8c, 0xffce, 0x0020, 0x0136, 0x01f3, 0x01ba, 0x0140,
0x0019, 0xfe98, 0xfdb1, 0xfe03, 0xff28, 0x0021, 0x0067, 0x0073, 0x0120, 0x023c, 0x032d, 0x0386,
0x0339, 0x0249, 0x0111, 0x0009, 0xff2d, 0xfe89, 0xfe94, 0xffae, 0x0109, 0x018b, 0x00f9, 0xffe4,
0xff36, 0xfebf, 0xfe32, 0xfe35, 0xfe97, 0xff1a, 0xffb9, 0xffe7, 0xff5f, 0xfeac, 0xfe9c, 0xff33,
0x003a, 0x010e, 0x009d, 0xff1c, 0xfd68, 0xfc98, 0xfcbc, 0xfdcb, 0xffb2, 0x00f1, 0x0166, 0x00ff,
0x0041, 0x0023, 0x003e, 0x0059, 0xffdb, 0xfe50, 0xfcd6, 0xfc9f, 0xfdd5, 0xffcc, 0x0165, 0x0270,
0x028a, 0x024a, 0x0256, 0x0207, 0x0122, 0xffc1, 0xff0b, 0xfefb, 0xff20, 0xff59, 0xff8d, 0x007a,
0x01c9, 0x0273, 0x022f, 0x019c, 0x0149, 0x01c7, 0x0247, 0x018a, 0xfffd, 0xfec0, 0xfea6, 0xff79,
0x0080, 0x0146, 0x01f2, 0x025c, 0x02a1, 0x0300, 0x02ef, 0x0203, 0x00b6, 0xff3a, 0xfdb0, 0xfc9d,
0xfc74, 0xfd54, 0xfe17, 0xfe62, 0xfdec, 0xfdc0, 0xfed1, 0x00ca, 0x02cb, 0x030a, 0x01d2, 0xff8b,
0xfda4, 0xfd2a, 0xfd8e, 0xfeb2, 0xff4b, 0xfee7, 0xfe64, 0xfe7a, 0xff3c, 0x0036, 0x011b, 0x015d,
0x00d9, 0x0036, 0xffb3, 0xff80, 0x0006, 0x005a, 0xff29, 0xfd6f, 0xfcf3, 0xfe01, 0x000c, 0x01fa,
0x0277, 0x0137, 0xffbc, 0xffa2, 0x00dc, 0x0227, 0x029a, 0x024b, 0x011a, 0xff9a, 0xff0b, 0xffb1,
0x013a, 0x0306, 0x03c8, 0x0250, 0xffcd, 0xfe62, 0xfedc, 0x0073, 0x01ac, 0x0199, 0x001c, 0xfed6,
0xfe88, 0xfeae, 0xff40, 0xffb9, 0xffef, 0xffdf, 0xff72, 0xff1e, 0xff66, 0xffd7, 0xff6e, 0xff0e,
0xff34, 0xff7f, 0x0039, 0x0083, 0x0036, 0xfeee, 0xfd62, 0xfd57, 0xfe75, 0x0010, 0x0119, 0x0104,
0xff67, 0xfd2a, 0xfc75, 0xfd44, 0xfee8, 0x0076, 0x00b3, 0x005c, 0x0008, 0xff60, 0xff84, 0x002c,
0x006e, 0x0095, 0x0063, 0x0059, 0x0113, 0x0227, 0x030b, 0x02dc, 0x0185, 0x0032, 0xff71, 0xff7e,
0x0051, 0x00f4, 0x0092, 0xffb8, 0xff9b, 0x0070, 0x01c8, 0x028a, 0x021a, 0x014e, 0x00c8, 0x005f,
0x004a, 0x00ad, 0x00d6, 0x00a4, 0xffd7, 0xfe96, 0xfdf8, 0xfeac, 0x0057, 0x0198, 0x01dc, 0x015e,
0x00b4, 0x0088, 0x00db, 0x0101, 0x0041, 0xfea3, 0xfd4c, 0xfcf2, 0xfd5e, 0xfebe, 0x0013, 0x008d,
0x0060, 0xff8a, 0xfef0, 0xfef3, 0xff43, 0xff6a, 0xff30, 0xfebd, 0xfe4d, 0xfe86, 0xff3b, 0x000e,
0x003a, 0xff88, 0xfefa, 0xfedc, 0xff7c, 0x00e7, 0x018e, 0x00b6, 0xffb9, 0xff0d, 0xfefe, 0xffe7,
0x00cf, 0x00eb, 0x002b, 0xff74, 0xffb8, 0x00f1, 0x027d, 0x0399, 0x03ad, 0x01f8, 0xff79, 0xfdb4,
0xfcf8, 0xfe0e, 0xffa0, 0x004d, 0x000c, 0xff4e, 0xffc8, 0x0117, 0x01cd, 0x01cf, 0x013c, 0x003e,
0xffe7, 0xffee, 0x0030, 0x013f, 0x01d8, 0x0163, 0x0058, 0xff20, 0xfe70, 0xff62, 0x00a2, 0x009c,
0x0012, 0xff81, 0xff4e, 0xff26, 0xfe58, 0xfd84, 0xfd21, 0xfd21, 0xfd79, 0xfdff, 0xffaf, 0x0190,
0x01eb, 0x01a2, 0x0102, 0x0033, 0x0018, 0x004c, 0x0016, 0xff96, 0xfeed, 0xfea7, 0xfee2, 0xff3e,
0xffca, 0x00e1, 0x015d, 0x0138, 0x0160, 0x0112, 0x0138, 0x0160, 0x004f, 0xfefc, 0xfe41, 0xfe5d,
0xff2d, 0xfffb, 0x0046, 0x00a1, 0x00f4, 0x00e0, 0x0084, 0x0055, 0x00b0, 0x0118, 0x0117, 0x00e8,
0x00b0, 0x00e7, 0x020b, 0x02ed, 0x028a, 0x01a9, 0x00ec, 0x007f, 0x0058, 0xffa4, 0xff14, 0xfee8,
0xfe47, 0xfdc6, 0xfd73, 0xfd64, 0xfdfc, 0xff1b, 0xffbb, 0xffc4, 0xffa6, 0xff5c, 0xff9c, 0x0014,
0x00a7, 0x014f, 0x017f, 0x011d, 0x007a, 0xff9e, 0xff65, 0xffe5, 0xff8b, 0xfeeb, 0xfeb5, 0xfe37,
0xfda3, 0xfd80, 0xfdb7, 0xfe73, 0xff4a, 0x000e, 0x002d, 0xff81, 0xffc8, 0x007a, 0x00f9, 0x01c0,
0x0201, 0x01d5, 0x01de, 0x013e, 0x0046, 0x002d, 0x00a7, 0x0120, 0x0186, 0x0185, 0x00d1, 0x0040,
0xffd6, 0xff8a, 0xffa2, 0xff89, 0xff9a, 0xff89, 0xff68, 0xfffe, 0x0033, 0xffe4, 0xff6e, 0xfec1,
0xfedf, 0xff79, 0xffb6, 0x0001, 0x00cc, 0x0166, 0x0150, 0x00b7, 0xffd7, 0xffe2, 0x0074, 0x00d4,
0x0129, 0x010d, 0x011f, 0x0165, 0x00cb, 0xff74, 0xfe5a, 0xfd4e, 0xfcf0, 0xfd8f, 0xfdc5, 0xfe09,
0xfea6, 0xfebf, 0xfeff, 0xff95, 0xffaf, 0xffff, 0x0057, 0x0057, 0x00b4, 0x00fe, 0x0124, 0x0194,
0x01bc, 0x0112, 0x0087, 0x0000, 0xffaa, 0x0017, 0x0074, 0x0103, 0x011e, 0x0080, 0x0002, 0xff64,
0xff05, 0xfef2, 0xfebd, 0xfebd, 0xff16, 0xffaf, 0x00c0, 0x01e4, 0x0266, 0x02cb, 0x02cd, 0x01a1,
0x006b, 0xffbc, 0xff3c, 0xff88, 0xfffb, 0x001b, 0x00a1, 0x00e6, 0x0109, 0x0101, 0x005e, 0xffb5,
0xff6c, 0xff2c, 0xfe8a, 0xfe20, 0xfe0d, 0xfe7d, 0xff34, 0xff61, 0xff3f, 0xff30, 0xff54, 0xff82,
0xffb8, 0x0052, 0x00f7, 0x0126, 0x0127, 0x00e1, 0x0035, 0x0003, 0x002b, 0xffc1, 0xff77, 0xff82,
0xff6b, 0xff46, 0xff4d, 0xffbf, 0xffe9, 0xff9a, 0xff05, 0xfde7, 0xfcf3, 0xfd26, 0xfe13, 0xfedf,
0xffa7, 0x00af, 0x01ec, 0x02df, 0x02cf, 0x0238, 0x01e9, 0x0189, 0x0148, 0x011b, 0x00da, 0x0107,
0x015d, 0x0140, 0x008b, 0x000b, 0xffa1, 0xff11, 0xfed0, 0xfe96, 0xfe9e, 0xff28, 0xffc0, 0xfff5,
0xffe1, 0x000b, 0x002f, 0x0008, 0xfff4, 0x0014, 0x0061, 0x0086, 0x0086, 0x0046, 0xffd0, 0xffa2,
0x0008, 0x00cb, 0x00aa, 0x0018, 0xffd3, 0xff7b, 0xff35, 0xfee8, 0xff13, 0xff78, 0xff80, 0xff50,
0xfeef, 0xfea1, 0xfe87, 0xfe9d, 0xfe7a, 0xfe6a, 0xfe89, 0xfed1, 0xff9f, 0x006c, 0x00dd, 0x0128,
0x01df, 0x0290, 0x02f0, 0x0338, 0x02de, 0x0220, 0x0167, 0x00aa, 0x002b, 0x0017, 0x0040, 0x003c,
0xffcc, 0xff83, 0xff60, 0xfed2, 0xfe9f, 0xfee9, 0xfee8, 0xfecc, 0xfeca, 0xff0f, 0xffb8, 0x009f,
0x016f, 0x0211, 0x0247, 0x0219, 0x0256, 0x0243, 0x01cd, 0x011b, 0xffb1, 0xfeb0, 0xfe65, 0xfe27,
0xfded, 0xfdf0, 0xfe58, 0xfe86, 0xfe61, 0xfe60, 0xfe6e, 0xfe98, 0xfec8, 0xff1f, 0xff9c, 0xffbd,
0xffb9, 0x0044, 0x00bc, 0x008e, 0x0031, 0x000e, 0x0064, 0x00b3, 0x00e0, 0x00f5, 0x00f5, 0x00c8,
0x0028, 0xffcb, 0xffb3, 0xff6f, 0xff4a, 0xff0c, 0xfec5, 0xfe92, 0xfec2, 0xff90, 0x003b, 0x0071,
0x00b0, 0x014b, 0x017b, 0x0188, 0x01fe, 0x01fe, 0x01a9, 0x0130, 0x003f, 0xffd5, 0xfffe, 0xffe8,
0xffe3, 0x002c, 0x0072, 0x00a7, 0x00cd, 0x00b3, 0x00be, 0x007c, 0x0004, 0xffa1, 0xff0b, 0xfe80,
0xfe3f, 0xfe52, 0xfe38, 0xfe3a, 0xfe94, 0xff5f, 0x0049, 0x0101, 0x0154, 0x00d0, 0x000d, 0xff70,
0xff27, 0xff41, 0xffc2, 0x007b, 0x0096, 0x009b, 0x00d1, 0x0082, 0x0068, 0x005e, 0xffdb, 0xff4f,
0xff1e, 0xfefd, 0xfe91, 0xfe79, 0xfed5, 0xff3d, 0xff87, 0xffd7, 0xffce, 0xffd3, 0x006a, 0x00d9,
0x0133, 0x0156, 0x018a, 0x01e8, 0x01e5, 0x01b3, 0x014e, 0x00af, 0x0002, 0xff81, 0xff59, 0xff8b,
0xffad, 0xffaa, 0xffe6, 0x002d, 0x0020, 0xffc6, 0xff88, 0xff4c, 0xff49, 0xff7e, 0xff70, 0xff97,
0xfff0, 0x0032, 0x0099, 0x0136, 0x0177, 0x0146, 0x00f3, 0x0072, 0xffe1, 0xff57, 0xfeec, 0xfec2,
0xff01, 0xff7c, 0xffe6, 0x0003, 0xfff1, 0xffcc, 0xff62, 0xfebc, 0xfe51, 0xfe5e, 0xfebb, 0xff44,
0xffb8, 0x0039, 0x00ab, 0x013f, 0x01c5, 0x01dd, 0x01aa, 0x016f, 0x0101, 0x0055, 0x0017, 0xffae,
0xff1b, 0xfedf, 0xfee2, 0xfe9f, 0xfe39, 0xfe87, 0xff49, 0xffff, 0x004a, 0x0055, 0x006f, 0x0094,
0x0077, 0x0026, 0x003d, 0x0045, 0x0000, 0x0077, 0x0103, 0x00f3, 0x0108, 0x0105, 0x00bd, 0x0097,
0x00b6, 0x00ba, 0x008d, 0x0045, 0xffa9, 0xff00, 0xfe8f, 0xfe50, 0xfe37, 0xfe81, 0xff1c, 0xffa4,
0x003a, 0x0073, 0x0051, 0x003d, 0xfff4, 0x0004, 0x007d, 0x0110, 0x0179, 0x0169, 0x00f8, 0x0030,
0xff92, 0xff2c, 0xff0f, 0xff43, 0xff78, 0xffc5, 0x0024, 0x0062, 0x0082, 0x0062, 0x0018, 0xffc0,
0xff97, 0xff4e, 0xfed1, 0xfefb, 0xff45, 0xff8d, 0xffe3, 0x0059, 0x0104, 0x013b, 0x0129, 0x00f8,
0x00b3, 0x0051, 0xfffd, 0xffc4, 0xffe0, 0x0041, 0x0021, 0xffe4, 0xffbf, 0xffbd, 0xfffe, 0x000b,
0xfff6, 0xfffe, 0x000c, 0x0018, 0x0016, 0x0014, 0xfff7, 0xffb7, 0xffb0, 0xff5d, 0xff10, 0xfef1,
0xfebd, 0xff13, 0xff49, 0xffbb, 0x0094, 0x00f8, 0x00bb, 0x0096, 0x0123, 0x0147, 0x00fc, 0x008c,
0xffc9, 0xff45, 0xff43, 0xffc5, 0x0037, 0x005b, 0x0063, 0x0013, 0xffa9, 0xff3e, 0xff02, 0xfef6,
0xff03, 0xff26, 0xff28, 0xff6a, 0xfff1, 0x0087, 0x0101, 0x0141, 0x0111, 0x00c4, 0x00c5, 0x0105,
0x012d, 0x00a9, 0x003d, 0x0034, 0x000a, 0xffef, 0xffe9, 0xffd4, 0xfff0, 0xffd8, 0xff8c, 0xff80,
0xff1c, 0xfeb4, 0xfefe, 0xff93, 0xffda, 0x0004, 0x0035, 0xffec, 0xffd9, 0x0007, 0xffbd, 0xffc0,
0x001d, 0x004a, 0x0015, 0x001d, 0x009f, 0x00d9, 0x00c9, 0x0051, 0xff83, 0xfef1, 0xff07, 0xff5e,
0xffab, 0x0012, 0x005a, 0x0088, 0x00a3, 0x00bc, 0x00ad, 0x006d, 0x0066, 0x0057, 0xffe1, 0xffc7,
0xffe5, 0xffec, 0xffd6, 0xff5d, 0xff4d, 0xffaf, 0xfffc, 0x0045, 0x00b2, 0x00e3, 0x0096, 0x0048,
0xffff, 0xffaf, 0xff9f, 0xff88, 0xff5d, 0xff58, 0xffb0, 0x0073, 0x00ce, 0x0101, 0x010f, 0x0086,
0xfff8, 0xff67, 0xff06, 0xfedf, 0xfec0, 0xfeec, 0xff32, 0xff4c, 0xffc4, 0x004f, 0x006f, 0x00a0,
0x009b, 0x0066, 0x0074, 0x0087, 0x005e, 0x001c, 0xffaf, 0xff5c, 0xff36, 0xff57, 0x0008, 0x008b,
0x011d, 0x016e, 0x012a, 0x00d5, 0x0034, 0xffa3, 0xff47, 0xff23, 0xff3b, 0xff89, 0xffcd, 0xffff,
0x005b, 0x0065, 0x0051, 0x004a, 0xffda, 0xffac, 0xffcc, 0xffe3, 0x0019, 0x0034, 0x0043, 0xffd9,
0xff8d, 0xff8a, 0xff5e, 0xffa0, 0xffff, 0x0016, 0x0041, 0x0090, 0x008e, 0x009d, 0x00cd, 0x0095,
0xfffd, 0xff54, 0xfed8, 0xfea9, 0xfee9, 0xff3f, 0xffb8, 0x0069, 0x00ba, 0x0090, 0x0081, 0x0078,
0x0000, 0xff6b, 0xff0a, 0xff1d, 0xff6e, 0xffbb, 0x005b, 0x00f2, 0x012e, 0x0111, 0x00ee, 0x00c7,
0x0033, 0xffd0, 0xffc5, 0xffcf, 0xffe5, 0xffd8, 0xffa1, 0xff99, 0xffa1, 0xff92, 0xfff0, 0x0054,
0x0058, 0x007c, 0x0089, 0x007d, 0x008b, 0x006f, 0x0046, 0xfff2, 0xff95, 0xff85, 0xffb3, 0xffee,
0x001a, 0x0068, 0x008b, 0x004f, 0x000a, 0xff8b, 0xff13, 0xfed6, 0xfec9, 0xfeee, 0xff20, 0xffc8,
0x001e, 0xfffa, 0xfff4, 0xffd7, 0xffde, 0x0025, 0x0115, 0x01ce, 0x01cf, 0x01ac, 0x00e2, 0xffef,
0xff5e, 0xfed6, 0xfeb7, 0xff27, 0xff7f, 0xffde, 0x0052, 0x0086, 0x0044, 0xfff7, 0xffbd, 0xff3c,
0xfef1, 0xfec1, 0xfef1, 0xff90, 0x0042, 0x00d3, 0x0128, 0x014e, 0x010e, 0x00f5, 0x00af, 0x003f,
0x002c, 0x0024, 0x0028, 0x003b, 0xffd6, 0xff47, 0xff4a, 0xff11, 0xfed7, 0xff42, 0xffb7, 0x0012,
0x0083, 0x00e0, 0x00e4, 0x0098, 0x0022, 0xffb0, 0xff4a, 0xff1d, 0xff42, 0xffc1, 0x0089, 0x00ac,
0x0074, 0x00a2, 0x00a2, 0x00a0, 0x0041, 0xffb0, 0xff8c, 0xff6f, 0xff81, 0xffc3, 0xfff1, 0xffa1,
0xff8c, 0xfff1, 0x0010, 0x000f, 0x001f, 0x0057, 0x0053, 0x0051, 0x00a8, 0x00a5, 0x003b, 0xffe6,
0xff89, 0xff45, 0xff66, 0xff7c, 0xffa3, 0x0000, 0x0061, 0x00d3, 0x00de, 0x0081, 0x0054, 0x0008,
0xff47, 0xfebe, 0xfec7, 0xff00, 0xff60, 0xffd7, 0xfffb, 0xfffc, 0x0042, 0x0053, 0x0044, 0x0087,
0x00cf, 0x0105, 0x011a, 0x00ba, 0x0036, 0xffec, 0xff77, 0xff08, 0xff23, 0xffa3, 0x0000, 0x0031,
0x0048, 0x0062, 0x0088, 0x003d, 0xffc8, 0xff5a, 0xfef9, 0xff27, 0xff94, 0xffda, 0x0079, 0x011a,
0x0137, 0x010f, 0x00cc, 0x0036, 0xff88, 0xff63, 0xff68, 0xffa0, 0xfff3, 0x0060, 0x009e, 0x007d,
0x007f, 0x002d, 0xff75, 0xfef2, 0xff3b, 0x000f, 0x00a3, 0x00d3, 0x00ea, 0x0088, 0xffd3, 0xff2d,
0xfea0, 0xfe74, 0xfeb7, 0xff4a, 0xffc9, 0x0058, 0x0081, 0x009c, 0x00da, 0x0088, 0x0027, 0x001c,
0x0003, 0xffae, 0xffc1, 0xffd4, 0xffd3, 0x0017, 0x006f, 0x0073, 0x0011, 0x000e, 0x0042, 0x0017,
0xff82, 0xff07, 0xfecb, 0xff01, 0xff47, 0xff57, 0xffa9, 0xffd6, 0x0024, 0x00b6, 0x013f, 0x0192,
0x019c, 0x01a4, 0x0123, 0x003d, 0xffa2, 0xff31, 0xfedd, 0xfef4, 0xff6e, 0xffe7, 0x003c, 0x004f,
0x004d, 0x0036, 0x000c, 0xffee, 0xffd1, 0x000e, 0x0036, 0x0007, 0xfffb, 0xfffa, 0x0056, 0x00d3,
0x00de, 0x00d1, 0x0095, 0x004d, 0xffe1, 0xff43, 0xfee1, 0xfead, 0xff04, 0xff61, 0xff47, 0xff16,
0xfefc, 0xff18, 0xff68, 0xfffa, 0x00ac, 0x0191, 0x01ee, 0x018c, 0x0108, 0x0051, 0xff88, 0xfefb,
0xfee2, 0xfeed, 0xff46, 0xffd5, 0x0054, 0x0083, 0x005e, 0x0080, 0x008e, 0x00d0, 0x00e1, 0x006c,
0x005e, 0x0031, 0xffc2, 0xff97, 0xff76, 0xff76, 0xff8f, 0xff94, 0xffa2, 0xff98, 0xffb8, 0x000a,
0x0068, 0x00c2, 0x008d, 0xfff0, 0xff44, 0xfeb6, 0xfea2, 0xff1a, 0xfff0, 0x008f, 0x0177, 0x0258,
0x0254, 0x0221, 0x0174, 0x005f, 0xff61, 0xfe82, 0xfe33, 0xfe33, 0xfe7d, 0xff1c, 0xff75, 0xffa3,
0xffc1, 0xffdb, 0x001d, 0x0035, 0x002d, 0x0023, 0x002e, 0x0021, 0xffe6, 0xffcf, 0xfffa, 0x005d,
0x006d, 0x008e, 0x00a9, 0x003f, 0x005c, 0x009f, 0x007f, 0x003c, 0x000f, 0x0010, 0xff98, 0xff2a,
0xff18, 0xfeed, 0xfec8, 0xfebb, 0xff39, 0xfffa, 0x005a, 0x00b1, 0x00e9, 0x00f4, 0x00dc, 0x00bf,
0x007b, 0x0029, 0x0016, 0xffe1, 0xffc2, 0xffae, 0xff63, 0xff62, 0xffc6, 0x000c, 0x0076, 0x010a,
0x0115, 0x0083, 0x0015, 0xfff0, 0xff8a, 0xff53, 0xff4c, 0xff35, 0xff7a, 0xffcd, 0x0031, 0x00b1,
0x00f5, 0x0135, 0x0128, 0x0091, 0xffdb, 0xff55, 0xfecd, 0xfe72, 0xfeb7, 0xff77, 0x004d, 0x0085,
0x0088, 0x00e2, 0x00a9, 0x001c, 0xffff, 0x003d, 0x0079, 0x0040, 0xffcf, 0xff51, 0xff1a, 0xfee9,
0xfec1, 0xff0a, 0xff63, 0xffc9, 0x001a, 0x0076, 0x00dc, 0x013a, 0x011e, 0x00be, 0x009e, 0x0077,
0x007c, 0x0063, 0xfffe, 0x0005, 0x0008, 0xffb9, 0xffc3, 0xffd4, 0xffc8, 0xff81, 0xff37, 0xff0f,
0xff28, 0xff68, 0xff72, 0xffb3, 0xfffe, 0x0004, 0xffe3, 0x0002, 0x003e, 0x007c, 0x00a2, 0x0103,
0x0196, 0x01a8, 0x012c, 0x007c, 0xfffc, 0xffb1, 0xff63, 0xff01, 0xff26, 0xff37, 0xff11, 0xff54,
0xffa7, 0xff9f, 0xff8b, 0xffbc, 0xff92, 0xff86, 0xff96, 0xffc2, 0x0005, 0xfff2, 0x004c, 0x008e,
0x00b8, 0x0104, 0x00e8, 0x00df, 0x00cc, 0x0088, 0x0056, 0x0037, 0x002f, 0x000d, 0x001e, 0x001d,
0xff83, 0xff57, 0xff54, 0xff3b, 0xff3d, 0xff66, 0xfff6, 0xfffd, 0x001d, 0x0022, 0xffd3, 0xffbc,
0xffe5, 0x0049, 0x0040, 0x008a, 0x00c8, 0x00bd, 0x007a, 0x0019, 0x0031, 0xffe3, 0xffbc, 0xffe7,
0xfff1, 0x001b, 0x002a, 0x001e, 0x0021, 0x0015, 0xffdc, 0xff76, 0xfeff, 0xfef7, 0xff1c, 0xff3f,
0xffa0, 0x0005, 0x0039, 0x0035, 0x0031, 0x0013, 0xffd2, 0xffc9, 0x0001, 0x0027, 0x003b, 0x00ce,
0x015c, 0x0147, 0x0130, 0x00ab, 0xffc9, 0xff9e, 0xff98, 0xff6e, 0xff4b, 0xff75, 0xffc3, 0xffab,
0xffbd, 0xffab, 0xff7b, 0xff8e, 0x0000, 0x0067, 0x0048, 0x0077, 0x00b3, 0x00a7, 0x0079, 0x0028,
0xffdb, 0xffc6, 0xffe7, 0xfff0, 0xffdf, 0x000f, 0x0057, 0x0047, 0x001b, 0xfffd, 0xffae, 0xff4d,
0xff78, 0xffad, 0xffc6, 0xffd8, 0xffa0, 0xff8a, 0xff89, 0xffe4, 0x002f, 0x0005, 0x0003, 0x0030,
0x0056, 0x0043, 0x0029, 0x0051, 0x0075, 0x0070, 0x004f, 0x0019, 0xfff1, 0x0029, 0x0045, 0x002e,
0x0060, 0x0044, 0x0025, 0x000b, 0xffbb, 0xff55, 0xfeda, 0xfeea, 0xff18, 0xff4a, 0xffc8, 0x0019,
0x0051, 0x009a, 0x00c7, 0x00cf, 0x00df, 0x00ad, 0x0050, 0x002e, 0x0002, 0xfff2, 0xfffc, 0xffd9,
0xffbd, 0xffe2, 0xffe7, 0xff68, 0xff54, 0xffb2, 0xffc5, 0xffd8, 0x0012, 0x0033, 0xfffb, 0xff9c,
0xff50, 0xff53, 0xffe1, 0x0032, 0x0035, 0x007c, 0x00a4, 0x009b, 0x0071, 0x005c, 0x0070, 0x004f,
0x0020, 0x001e, 0x0025, 0x0007, 0xffde, 0xffca, 0xffdc, 0x0017, 0x002f, 0x0028, 0xffe3, 0xff9b,
0xffa2, 0xff9b, 0xff94, 0xff86, 0xfff6, 0x0040, 0xffd5, 0xffbf, 0xffc9, 0xffee, 0x0004, 0x001d,
0x004c, 0x0027, 0x005f, 0x0090, 0x0033, 0x001a, 0xffe2, 0xff7f, 0xff77, 0xff5b, 0xff9b, 0xfffa,
0xfffe, 0x002d, 0x0041, 0x0035, 0x0034, 0x0024, 0x0014, 0xfff5, 0x002b, 0x0066, 0x005a, 0x0063,
0x00a0, 0x00b1, 0x0049, 0x000b, 0xffef, 0xfff3, 0x0011, 0x0038, 0x007e, 0x0066, 0x0004, 0xffd6,
0xffd5, 0xff59, 0xfee6, 0xfee9, 0xfeef, 0xff34, 0xff8d, 0xffe0, 0x003e, 0x007d, 0x005c, 0xffe1,
0xff9c, 0xffb9, 0x0010, 0x000f, 0x0021, 0x0054, 0x0035, 0x0045, 0x003a, 0x0020, 0xffee, 0xffc3,
0xffbe, 0xffd3, 0x004c, 0x0060, 0x003a, 0x004a, 0xfffe, 0xffbd, 0xffba, 0xff7b, 0xff8b, 0xffdd,
0x000a, 0x002f, 0x007b, 0x0090, 0x008e, 0x00b1, 0x0053, 0x000e, 0xffe5, 0xffbf, 0xffaa, 0xff96,
0xffd2, 0xffdf, 0xffcd, 0xfff6, 0x0007, 0x0006, 0x0026, 0x0083, 0x00c7, 0x0073, 0x0014, 0xffab,
0xff69, 0xff56, 0xff68, 0xff50, 
};

/* OTHER (bad) : 16000 probek */
static const u16 audio_other_bad[16000] = {
0xfff6, 0xffc9, 0xffd5, 0x004e, 0xfff4, 0xff93, 0xffaa, 0x0007, 0x0019, 0xffaf, 0xffcc, 0xff94,
0xffb8, 0x0026, 0x0010, 0xff7e, 0xff6c, 0x0017, 0xfff8, 0xffc9, 0xffa2, 0xff70, 0xffcb, 0x0050,
0xfffc, 0xff52, 0xff4d, 0xffe4, 0x007f, 0x0002, 0xff61, 0xff86, 0xfffb, 0x0025, 0xffa7, 0xff5f,
0xfff2, 0x0055, 0x0011, 0xff85, 0xff65, 0x0026, 0x0055, 0x000d, 0xffd5, 0xffe4, 0x007f, 0x00b0,
0x008c, 0x001a, 0xffe6, 0xffff, 0x0050, 0x00ac, 0x0042, 0x0011, 0x0051, 0x0031, 0x0004, 0x0043,
0x000f, 0x002e, 0x00a4, 0x004c, 0x0008, 0x002e, 0x0069, 0x0066, 0x0054, 0x0067, 0x002a, 0xffd9,
0x0056, 0x003d, 0xffe3, 0xffdf, 0xffc5, 0x002a, 0x0088, 0x0066, 0xffc5, 0xffe2, 0x0022, 0x0040,
0x0049, 0x0001, 0x0004, 0x000a, 0x0016, 0x000a, 0xffa4, 0xffa7, 0x005b, 0x0002, 0xff6d, 0xffb2,
0xfffe, 0xfff2, 0xffb1, 0xffb6, 0xff9c, 0xff9e, 0x000d, 0x003b, 0xffb5, 0xff15, 0xff94, 0x0049,
0x000e, 0xff86, 0xff29, 0xff97, 0x0041, 0x000f, 0xff68, 0xff9a, 0xffde, 0xfff9, 0xfffd, 0xff70,
0xff97, 0xffde, 0xffdd, 0xffc1, 0xffb9, 0xffba, 0x000e, 0x0053, 0x000b, 0x0004, 0xffda, 0xffea,
0x006e, 0x0074, 0xffd5, 0xffb8, 0xffe5, 0x002b, 0x004f, 0xffe3, 0x0002, 0x006c, 0x004d, 0x0052,
0x003f, 0x0008, 0x0059, 0x001e, 0x0034, 0x0084, 0x0065, 0x0035, 0x0023, 0x0058, 0x0012, 0x008e,
0x0079, 0xffe3, 0x00ba, 0x0073, 0xffae, 0xfff1, 0x0053, 0x0065, 0x0053, 0x004f, 0x0012, 0x0021,
0x0025, 0x003c, 0x004a, 0x002c, 0x0031, 0xffee, 0xffba, 0x001a, 0x003d, 0xfffa, 0xffe5, 0xff8e,
0xff9e, 0xffcf, 0xfff1, 0xffd6, 0xffa6, 0xffac, 0xff97, 0x002c, 0x0034, 0xff9e, 0xff6e, 0xff91,
0xffd9, 0xffc8, 0xffb7, 0xffb4, 0xff90, 0xff90, 0xff90, 0xff8a, 0xffa2, 0xffb7, 0xffe2, 0xffb2,
0xff86, 0xffcb, 0xffb3, 0xffc1, 0x000c, 0xfffb, 0xff7e, 0xff80, 0x004c, 0x006f, 0xffe2, 0xffa1,
0x0006, 0x002d, 0xffe3, 0x001c, 0x006b, 0x002b, 0x0001, 0x0047, 0x0061, 0x002a, 0x0026, 0x0019,
0x0019, 0x0062, 0x0044, 0x0065, 0x0088, 0x001e, 0x0004, 0x0045, 0x0058, 0x004f, 0x0057, 0x001c,
0x0029, 0x007a, 0x003f, 0x0043, 0x007e, 0xffff, 0x0038, 0x006c, 0xfffd, 0x0006, 0xffff, 0x0042,
0x008a, 0x002f, 0xfffb, 0x005d, 0x0046, 0x002f, 0x0016, 0xffc5, 0xffc8, 0xfff9, 0x001b, 0xffbb,
0xffc0, 0xffcc, 0x001f, 0x006c, 0xfff9, 0xffe4, 0xffce, 0xffeb, 0xffd1, 0xff7d, 0xffa6, 0xff9f,
0xffc2, 0xff9c, 0xffa2, 0xffe3, 0xff8d, 0xffcd, 0xffef, 0xff63, 0xff7b, 0xffe6, 0xffc1, 0xffe7,
0xffe4, 0xff8d, 0xff97, 0xff83, 0xffec, 0x0010, 0xffaf, 0xff9d, 0xfff0, 0xfff5, 0xff60, 0xffd0,
0x0017, 0xffc4, 0xffeb, 0xffbe, 0xffb9, 0x0040, 0x0064, 0x0009, 0xfff2, 0x0003, 0xfff4, 0x0052,
0x0096, 0x0055, 0x0023, 0x0008, 0x003d, 0x0050, 0x004c, 0x0035, 0x0009, 0x0083, 0x00a1, 0x0000,
0x0007, 0x00aa, 0x006d, 0xfff7, 0x001f, 0x0004, 0x0026, 0x0096, 0x0083, 0x0027, 0xffe4, 0x0059,
0x006f, 0xfffd, 0x002c, 0x0035, 0x0037, 0x003c, 0x0003, 0xffba, 0xffd6, 0x0021, 0x005d, 0x005f,
0x0025, 0xfff3, 0x0005, 0x0050, 0xffbc, 0xffae, 0xffdf, 0xffec, 0x0037, 0xffee, 0xffbe, 0xffe4,
0xffe7, 0xffce, 0x0037, 0xffec, 0xff9f, 0x0009, 0xffd9, 0xff9d, 0xff95, 0xff52, 0xff74, 0x000d,
0x0004, 0xff89, 0xffc2, 0x0008, 0xffdf, 0x000a, 0xff92, 0xff5d, 0xfff0, 0xffc3, 0xff75, 0xff95,
0xfffb, 0xfffe, 0xffc8, 0xffe9, 0xffb9, 0xffcd, 0x0027, 0x001a, 0xffb5, 0xff94, 0xffe2, 0xffdd,
0x0018, 0x004f, 0xffea, 0xffa9, 0x0030, 0x0056, 0x0010, 0x001a, 0x0025, 0x0061, 0x0048, 0x0013,
0x0024, 0x0072, 0x0065, 0x0016, 0x003a, 0x005e, 0x002f, 0x0016, 0x0061, 0x0055, 0xffeb, 0x001b,
0x0074, 0x007f, 0x007f, 0x001e, 0x0034, 0x005b, 0x004f, 0x0038, 0xffc6, 0x0017, 0x0032, 0x004a,
0x0047, 0xfff8, 0x0042, 0x0043, 0x001a, 0xffa7, 0xffd2, 0x001c, 0xfff0, 0xfffd, 0xfff4, 0xfff8,
0xffe2, 0xffff, 0xffe8, 0xffb5, 0xff95, 0xffc9, 0xffd7, 0xff89, 0xffad, 0xff9a, 0xff83, 0x0010,
0x0022, 0xff39, 0xff67, 0xffcf, 0xffd3, 0x0000, 0xffa4, 0xffca, 0x001f, 0x0005, 0x000a, 0x000e,
0xffba, 0xffce, 0x002e, 0x0007, 0xffed, 0xffee, 0x000a, 0x0046, 0x0005, 0xfff8, 0xffe6, 0xfff5,
0x003c, 0xffe4, 0xfff3, 0xfffa, 0x0006, 0x0008, 0xffe8, 0x005d, 0x0044, 0xffda, 0xffe7, 0x0020,
0xffe5, 0xffa0, 0x002e, 0x0068, 0x003a, 0xfff2, 0x000a, 0x0077, 0x0031, 0x002e, 0x0022, 0xfff5,
0xfffd, 0x004a, 0x003e, 0xffdd, 0xffe6, 0xffd8, 0x0047, 0x0081, 0x003a, 0x0032, 0x004e, 0x0064,
0x0042, 0x000c, 0x0001, 0xfff6, 0x0024, 0x0022, 0xffdd, 0xffd4, 0xffd1, 0x0017, 0x001a, 0xffd2,
0xffb6, 0xffec, 0x0013, 0xffe3, 0xffee, 0xffd3, 0xff7c, 0xfff3, 0x0002, 0xff80, 0xffcb, 0xffa7,
0xfff5, 0x0070, 0xffd5, 0xff92, 0xffc0, 0xffdc, 0x001a, 0x0036, 0xffba, 0xff9f, 0x0000, 0xffe0,
0xff8f, 0xffaa, 0x002b, 0x006b, 0xffe1, 0xff94, 0xffcb, 0x0020, 0x0024, 0xffbf, 0x000a, 0x0034,
0x0055, 0x0005, 0xffb4, 0x0029, 0xffc7, 0xffee, 0x006f, 0x004a, 0x0021, 0xffda, 0x0015, 0x0080,
0x0043, 0x001a, 0x000b, 0x0019, 0x0062, 0x0031, 0xffc0, 0x002f, 0x0090, 0x002a, 0x0035, 0xfff9,
0x0000, 0x005b, 0x0058, 0xffbd, 0xffd3, 0x0071, 0xfffb, 0x0003, 0xfffa, 0xffd0, 0x0003, 0x002a,
0xffe0, 0xfffd, 0x0070, 0x0013, 0x0013, 0xffe5, 0xff87, 0xffdd, 0x0039, 0x0017, 0xffff, 0x0007,
0xffc6, 0xffbc, 0xffb9, 0xffd7, 0xfff8, 0xff6e, 0xffc9, 0x0016, 0xfffc, 0x0006, 0xff98, 0xffa4,
0xffcb, 0x0005, 0xffaa, 0xffc8, 0x0023, 0xffcc, 0x002f, 0x0016, 0xff65, 0xff92, 0x0042, 0x0025,
0x0004, 0xfff0, 0xff75, 0xffdb, 0x0039, 0x0018, 0xffc4, 0xff9c, 0x0042, 0x0087, 0x0046, 0xffcb,
0xffb9, 0x0042, 0x00ad, 0x0034, 0xff70, 0xffc0, 0x002f, 0x0082, 0x004c, 0xffda, 0x0025, 0x008c,
0x0094, 0x000e, 0xffb2, 0x003d, 0x008e, 0x003f, 0x0010, 0xffec, 0xfff4, 0xfffd, 0x0030, 0x0002,
0xffdd, 0x0059, 0x004d, 0x0059, 0x0032, 0xffc0, 0xffd4, 0x0010, 0x0060, 0x0038, 0xffd0, 0xff90,
0xffdf, 0x002b, 0xffc4, 0xffbd, 0x0000, 0x0056, 0x0014, 0xff7c, 0xff77, 0xffbb, 0x0041, 0x003d,
0xffae, 0xffbd, 0xffde, 0xffdd, 0x0005, 0xffca, 0xfff0, 0x000d, 0x0036, 0x0063, 0xffdd, 0xffd0,
0xffed, 0xffd7, 0xffe7, 0xfffe, 0xff80, 0xff8a, 0x005f, 0x0022, 0xffc6, 0xffc2, 0xffc1, 0x002f,
0x005b, 0x0011, 0xffd9, 0xff9e, 0xffc2, 0x0013, 0xffc4, 0xffe8, 0x002c, 0xffe0, 0x0043, 0x00b0,
0x0022, 0xffba, 0x001c, 0x003a, 0xfff1, 0x000d, 0xfffd, 0xffba, 0xffea, 0x000e, 0x001d, 0x0002,
0xffc5, 0x0017, 0x005c, 0xffe3, 0xfffb, 0x0086, 0x0047, 0xffe8, 0x0012, 0x0008, 0xfffc, 0x0077,
0x001c, 0xffc8, 0xfff3, 0x0058, 0x0076, 0x0041, 0x0021, 0xffef, 0x0052, 0x0015, 0x0003, 0x0002,
0x0011, 0x000b, 0x0014, 0x004a, 0xffe5, 0xfffb, 0xffe3, 0x004d, 0x0026, 0xffca, 0xffdc, 0xff80,
0xff98, 0x0000, 0x003d, 0xffc4, 0xffc1, 0xffda, 0xffc5, 0xfff2, 0xffdc, 0xffc7, 0xffc8, 0x000a,
0x0023, 0xffc6, 0xff81, 0xfff0, 0x0063, 0xffe3, 0xffcc, 0x0018, 0xffed, 0xffb0, 0xffc4, 0xffdc,
0xffa9, 0x0007, 0x0021, 0xffce, 0xffb0, 0xffc9, 0x003c, 0x003f, 0xfff7, 0xffad, 0xffe5, 0x0052,
0x0041, 0x0038, 0xffcf, 0xffdb, 0x0072, 0x0030, 0xffb4, 0xffbc, 0x0068, 0x0071, 0xffdd, 0xffc8,
0xffe8, 0x003d, 0x0026, 0x001c, 0x0000, 0xfffd, 0x00cb, 0x008c, 0x000f, 0x0003, 0xffc7, 0x0024,
0x0083, 0x004b, 0xfff2, 0x001a, 0x0040, 0x000b, 0xfff1, 0x0004, 0x0059, 0x0052, 0xffff, 0xfffc,
0xffe6, 0x0008, 0x003d, 0xffef, 0xff68, 0xffc2, 0x009a, 0x0000, 0xffc3, 0x0010, 0xff99, 0xffc0,
0x0038, 0x001f, 0xff78, 0xff7b, 0x0008, 0x001a, 0xffc3, 0xffc5, 0x0038, 0xfffc, 0xff83, 0xff87,
0x000e, 0x0027, 0xffdc, 0xffc8, 0xffac, 0xffeb, 0x000f, 0xffac, 0xff89, 0xffaa, 0x001a, 0x006f,
0xffac, 0xffbd, 0x000b, 0xfffe, 0x0054, 0xffd4, 0xfffd, 0x0071, 0x0029, 0x000d, 0xfff9, 0xfff0,
0x000f, 0xfff6, 0xffe2, 0xffdb, 0xffe7, 0x0032, 0x0038, 0x0008, 0xffb4, 0x000f, 0x0069, 0x004a,
0x0031, 0x000d, 0x007a, 0x0073, 0x003f, 0x0051, 0xffee, 0xffd2, 0x005d, 0x0091, 0xfff3, 0xffe3,
0x003d, 0xfff5, 0x0005, 0x0048, 0x0046, 0x000f, 0xfff6, 0xffe7, 0xffcd, 0x003d, 0x0024, 0xffb4,
0xff9b, 0xffdb, 0x0004, 0xffe6, 0x000f, 0xfff3, 0xffd2, 0x0012, 0x000e, 0xffe8, 0xffd2, 0xff8d,
0x0001, 0x0020, 0xffe3, 0x001e, 0x000a, 0x0000, 0xffd5, 0xffc6, 0xfff2, 0x001c, 0x0014, 0xffc4,
0xff78, 0xffc5, 0x0075, 0x0008, 0xffb3, 0xffda, 0xffb8, 0x0008, 0xffd9, 0xffbc, 0xffd3, 0xffce,
0x0028, 0x0013, 0x0014, 0xffff, 0xffda, 0xffe4, 0xffdf, 0x0017, 0xfffd, 0x0001, 0x003f, 0x0030,
0xfff3, 0xffe0, 0x002c, 0xffce, 0xffa0, 0x0006, 0x003e, 0x003e, 0xffd5, 0x000e, 0x0058, 0xfffe,
0x001c, 0x0046, 0x0014, 0x000e, 0xffdf, 0xffef, 0x001e, 0x0019, 0xfff7, 0x0055, 0x007d, 0xffb8,
0xfffa, 0x00b2, 0x006c, 0xffa6, 0xffe6, 0x0053, 0x0038, 0x0030, 0x0037, 0x0001, 0xffbd, 0x0082,
0x005f, 0xffbc, 0x000a, 0x0063, 0x0043, 0xffce, 0x0000, 0x0039, 0x0002, 0xffeb, 0xfff0, 0xffcb,
0xff9d, 0xfff3, 0x000f, 0xff8b, 0xff77, 0xfff3, 0x0052, 0xffe3, 0xff9f, 0xffc5, 0xffe8, 0x001c,
0xffd3, 0xff7f, 0xffb8, 0xffee, 0xffc4, 0xffd6, 0xfffa, 0xfff0, 0xffc3, 0x0025, 0x0044, 0xffad,
0xffc8, 0xffed, 0xffd5, 0xfffe, 0xffe3, 0xffd3, 0x0035, 0x0018, 0x0011, 0x0002, 0x0004, 0x0045,
0x0004, 0x0026, 0x0009, 0x000f, 0x000d, 0xffac, 0xffda, 0x000f, 0xfffc, 0xfff3, 0x0025, 0xffdd,
0xffe4, 0x001e, 0x0013, 0x0010, 0x004f, 0x005a, 0xffe2, 0xfff6, 0x0021, 0x0039, 0x0023, 0xffe9,
0x0035, 0x00b9, 0x0033, 0xffce, 0x001e, 0xfff8, 0xfff0, 0x0014, 0x0027, 0x0028, 0x003e, 0x0027,
0x0003, 0x000e, 0x0061, 0x0027, 0xffd5, 0x0018, 0xffdf, 0x0001, 0x000c, 0xfffb, 0x0040, 0xfffc,
0xffbe, 0xffc1, 0xffff, 0x0051, 0x0009, 0xff9d, 0xff86, 0xffdf, 0x0033, 0xffd5, 0xffa4, 0xffed,
0xffda, 0xffce, 0x0006, 0xffdd, 0xffee, 0x003a, 0xffe3, 0xff74, 0xffad, 0x002b, 0x0046, 0xffe5,
0xff97, 0xffcf, 0x002c, 0xfffe, 0xffb7, 0xffe1, 0xffe0, 0x0035, 0x0059, 0x0001, 0xfffc, 0xfff8,
0xfff5, 0xffec, 0xfffe, 0x0011, 0x002c, 0x0023, 0xffe2, 0xffd3, 0xffd1, 0x0032, 0x0080, 0xffea,
0xffa3, 0x0022, 0x0018, 0x000f, 0x0028, 0x0000, 0xfff6, 0x0007, 0x004a, 0x0012, 0x0005, 0x0051,
0xffee, 0xffa2, 0x0024, 0x000e, 0xfffc, 0x0082, 0x0029, 0xfff8, 0xffd6, 0x0003, 0x004c, 0xffd2,
0xffdd, 0x0036, 0xfffd, 0xffdc, 0x0025, 0xffdd, 0xfff9, 0x0046, 0xffd2, 0xffd1, 0x0023, 0x0018,
0x002c, 0xffe6, 0xff7b, 0xfff4, 0x002a, 0x000d, 0xffff, 0x0022, 0x0027, 0x000e, 0x001c, 0xffa8,
0xffdd, 0x004d, 0x0003, 0xffeb, 0xffbf, 0xffbb, 0x004f, 0x0004, 0xffba, 0xfffc, 0x001d, 0x0046,
0xffea, 0xffcf, 0xffef, 0x0020, 0x0022, 0xffd2, 0xffef, 0xffe3, 0xffd8, 0x002b, 0x000e, 0xffd9,
0xffef, 0xffea, 0xffe9, 0xffda, 0xfff0, 0xffd7, 0x000c, 0x0031, 0xffd3, 0xfffa, 0x0032, 0x002c,
0xffe3, 0xffba, 0x0011, 0x00a0, 0x003b, 0xffc2, 0xffd4, 0xffc6, 0x0016, 0x0001, 0x0017, 0x000f,
0xfff2, 0x003b, 0x0029, 0xffd0, 0xff94, 0x004d, 0x0049, 0xffba, 0x0007, 0xffed, 0xfff8, 0xffc2,
0xffaa, 0x007b, 0x0083, 0x0012, 0xfff4, 0xffd3, 0xffd5, 0xfffe, 0xffed, 0xffed, 0xfff9, 0x0019,
0x0005, 0x000e, 0x000e, 0xfff6, 0x0050, 0xffc6, 0xffb8, 0x0015, 0xffef, 0x0045, 0x005b, 0x0017,
0xffad, 0xffae, 0x0069, 0x0092, 0x0025, 0xffa8, 0xffba, 0x005f, 0x002e, 0xffe7, 0x0064, 0x0043,
0xffae, 0xfffe, 0x0004, 0xffdf, 0xfff6, 0x000d, 0x001f, 0xff85, 0xffbc, 0x002f, 0x0011, 0x0002,
0xffba, 0xffad, 0x0002, 0x002c, 0xfff8, 0x0009, 0x0047, 0x0027, 0xfff2, 0xffa7, 0xffc3, 0x0055,
0x0020, 0xff86, 0xffbf, 0x0043, 0x004f, 0xfff4, 0xffa6, 0xfff3, 0xfffe, 0xfff5, 0x0033, 0x0001,
0xffab, 0xffdf, 0x001b, 0xffcb, 0xfffa, 0x0006, 0x000f, 0x004a, 0xffcf, 0x0013, 0x0068, 0x000c,
0xffaf, 0xff4d, 0xff9c, 0x002c, 0x008c, 0x0000, 0xff92, 0x0037, 0x0000, 0xffac, 0x0018, 0x008c,
0x004a, 0x003d, 0x004d, 0xffaa, 0xffe4, 0x0060, 0x003c, 0x0005, 0xfff9, 0xfff0, 0x0039, 0x0057,
0xfffc, 0xffc3, 0xffae, 0x000c, 0x0019, 0xffd1, 0xfff0, 0x000a, 0xfffe, 0x0007, 0x0025, 0xffed,
0x0045, 0x007e, 0xff80, 0xffa4, 0xfff9, 0xffd5, 0x0005, 0xfff7, 0xfffb, 0xffe2, 0xfff6, 0xffef,
0xffed, 0x0007, 0xffc3, 0xffc5, 0x0029, 0x0010, 0xffd2, 0xfff4, 0x0030, 0x003b, 0xffee, 0xfff7,
0x0061, 0x004d, 0xffc0, 0x0001, 0x0077, 0x000f, 0xff74, 0xffad, 0x0076, 0x006e, 0x0023, 0xfffb,
0xffe8, 0x0004, 0xffe1, 0x0001, 0x0010, 0xffd6, 0xffb8, 0xffc7, 0xffe5, 0xfff8, 0x000e, 0xffff,
0x0040, 0x0039, 0xffdc, 0xff88, 0x0019, 0x00c6, 0x0016, 0xffc7, 0xfffb, 0x002c, 0xffd7, 0xffbf,
0x0038, 0x003d, 0x0021, 0xffc8, 0xffeb, 0x003d, 0x002b, 0xfff9, 0xff90, 0xffbd, 0x0030, 0x0001,
0xffbf, 0x0021, 0x002a, 0xffc4, 0xffd8, 0x001c, 0x0047, 0x0001, 0xfffc, 0x001a, 0xffd2, 0xffac,
0xffed, 0x0046, 0xffef, 0xffd6, 0x0015, 0xffe9, 0xffff, 0xffeb, 0xffc4, 0x0001, 0x0021, 0x000f,
0xfff4, 0x0018, 0x0009, 0x0002, 0x0011, 0x0038, 0x004d, 0xfff8, 0xffb8, 0xffce, 0x001d, 0x000b,
0x002d, 0xffc2, 0xffa5, 0x0012, 0x0013, 0x0033, 0xffec, 0x0004, 0xffc1, 0xffc9, 0x0060, 0xfff4,
0xffed, 0x0028, 0xff9f, 0xffcb, 0x0018, 0x0000, 0x0029, 0x001f, 0xffe9, 0xffca, 0x0018, 0x0039,
0x0024, 0xffde, 0xffd1, 0x0008, 0x0014, 0x0002, 0xffbc, 0x0011, 0x0046, 0xfff8, 0xfffe, 0x0019,
0x002b, 0xffec, 0xfff0, 0x0011, 0xffc5, 0x0008, 0x0015, 0x0015, 0x0041, 0x0014, 0x001c, 0x003e,
0x0030, 0xffff, 0x0019, 0x0020, 0x0014, 0xfff1, 0xffd0, 0x0013, 0xfff6, 0xffe5, 0x001f, 0xfff7,
0x0015, 0x001e, 0xffef, 0x0006, 0x0000, 0x0018, 0x0013, 0x0015, 0x0026, 0x0023, 0x001d, 0xfff8,
0x0007, 0xffbd, 0xffa3, 0x0016, 0xffdc, 0xffa8, 0x000f, 0xffe0, 0xff8d, 0xffe7, 0x000e, 0xffca,
0x0001, 0x0018, 0xffc1, 0xffe3, 0x0009, 0xffff, 0xffdf, 0xffc8, 0xffe6, 0x0007, 0xffef, 0xffb6,
0x001e, 0x0043, 0xffc8, 0xffff, 0x001d, 0xffd2, 0xfff7, 0x0038, 0x000c, 0xffe0, 0x0036, 0xfffc,
0xfff9, 0x0060, 0x0012, 0xfffe, 0x0020, 0xffd9, 0xffea, 0x002c, 0xffcf, 0x0000, 0x001a, 0xfff4,
0x0025, 0x0013, 0x0038, 0x0019, 0xffee, 0xfff0, 0x0018, 0x0040, 0xffef, 0xffb6, 0xffbd, 0xffd6,
0x000f, 0x003b, 0x0010, 0xfff1, 0x0002, 0x0000, 0xfffa, 0xffc9, 0xffd4, 0x001f, 0xfffc, 0x001b,
0x0080, 0x003b, 0xfff3, 0x002d, 0x0022, 0xffed, 0x0013, 0x0043, 0x0008, 0xffec, 0x0066, 0x000f,
0xff86, 0xfffa, 0x005d, 0x0002, 0xffa2, 0x0016, 0x000b, 0xffb9, 0xffcf, 0xffb5, 0xffc8, 0xffbb,
0xffc1, 0x0006, 0x0040, 0x0004, 0xffca, 0x0009, 0x001e, 0x000d, 0x0019, 0x001c, 0xffd4, 0xffee,
0x0031, 0x0019, 0xfff3, 0x002f, 0x0021, 0xffd0, 0x0038, 0x0081, 0x0029, 0xfff1, 0x0021, 0x000d,
0xffe8, 0xfff7, 0xfffd, 0xffd7, 0xffd9, 0xffee, 0x0024, 0x0024, 0xffee, 0x0014, 0x0003, 0x000b,
0xff9a, 0xffbb, 0x004e, 0x0000, 0xffea, 0xffbf, 0xffed, 0x001c, 0xffdd, 0xffdc, 0xffc5, 0x0015,
0x0013, 0xffb9, 0xffdf, 0xfff9, 0x0018, 0xfff3, 0x0009, 0xfffc, 0xffef, 0x0009, 0xffb9, 0x0010,
0x0013, 0xffef, 0xfff8, 0xffba, 0x000d, 0x0044, 0xffe7, 0xffad, 0xffec, 0x0021, 0xffdf, 0xffea,
0x0020, 0x0003, 0xffee, 0xfff4, 0x0013, 0x0011, 0x004b, 0x0052, 0x0010, 0x0027, 0xfffc, 0x001d,
0x0063, 0x0037, 0x0039, 0x0024, 0x0009, 0x0026, 0x002d, 0x0040, 0x0015, 0xffec, 0xfff5, 0xfff1,
0x0030, 0x0007, 0xffee, 0x001e, 0xffee, 0xffbc, 0xffe5, 0xffe5, 0xff92, 0xffde, 0x0005, 0xffc2,
0xffac, 0xffa7, 0xffcc, 0x0024, 0x0016, 0xffc4, 0xffb2, 0xffee, 0x001d, 0xffff, 0x0034, 0xfff2,
0xfffe, 0x0041, 0xfffa, 0x0002, 0x0009, 0x000a, 0x0011, 0x0015, 0x002a, 0x003f, 0x003c, 0x005b,
0x004a, 0x000c, 0x0015, 0x000e, 0xffe2, 0x000a, 0x000d, 0x001a, 0x000d, 0xffb0, 0xffcb, 0xffe9,
0x000b, 0x0017, 0x000c, 0xffbb, 0xffb6, 0xffc2, 0xffde, 0x003e, 0xfff3, 0xffec, 0xffdb, 0x0009,
0xfffc, 0xfff5, 0x0066, 0xfff0, 0xfff9, 0x0015, 0xffc2, 0xffe7, 0x0013, 0x0028, 0x0029, 0x0031,
0xffe2, 0xff98, 0xffe7, 0x0027, 0xfffa, 0xfff2, 0x005e, 0xffff, 0xffaf, 0x000f, 0x0010, 0xffdc,
0xff8d, 0xffe7, 0xffef, 0xffb3, 0x001b, 0x0017, 0xfff9, 0xffe5, 0x0016, 0x002f, 0xffc2, 0xffdb,
0x0025, 0x004e, 0x000d, 0xffb7, 0xffe0, 0xffde, 0x001a, 0x005e, 0xffe6, 0xffb8, 0x002a, 0x0009,
0xfff0, 0x0013, 0xffdc, 0x0008, 0xfff8, 0x0015, 0x0052, 0x0023, 0x0051, 0x0040, 0x001b, 0xffa7,
0xffbf, 0x002d, 0xffcd, 0x0038, 0x006a, 0xfff8, 0xffec, 0x000c, 0x0041, 0x004c, 0x0026, 0x002d,
0x0002, 0xffd7, 0xffec, 0xffe4, 0x000d, 0x0012, 0x0031, 0xffae, 0xffb2, 0x0036, 0xffd4, 0x0014,
0x003f, 0x004b, 0xffef, 0xffbf, 0xffef, 0xffd6, 0x0015, 0x0025, 0x003d, 0x0022, 0xffce, 0xffba,
0x002a, 0x004d, 0xffd6, 0xffb2, 0x001f, 0xffe5, 0xff6d, 0xffde, 0x0010, 0xffee, 0xffbd, 0xfff3,
0x001f, 0x0010, 0x0039, 0x001a, 0xffe1, 0xff8e, 0xff83, 0xfff7, 0x003d, 0x0047, 0xffc3, 0xff7c,
0x0009, 0x0000, 0xffd8, 0xfff1, 0x0074, 0x0056, 0xffae, 0xffbc, 0x0015, 0x0027, 0xffe3, 0x007d,
0x001a, 0xff98, 0xffd2, 0xfffd, 0x0057, 0xffe9, 0xffe3, 0xffe2, 0xffed, 0xffd7, 0xffa8, 0x0057,
0x0066, 0x0037, 0x0032, 0xffe3, 0x0003, 0x0019, 0x002c, 0x0045, 0xffeb, 0xfff0, 0xffe1, 0x0015,
0x0066, 0xfff7, 0x0019, 0x002d, 0xfff6, 0x0028, 0x0005, 0x0005, 0x003f, 0x003b, 0xfff4, 0xfff2,
0x0014, 0xffd7, 0xfffc, 0x002a, 0x006c, 0x004f, 0xffb7, 0xffb4, 0xffc0, 0xffdf, 0x000d, 0xffc8,
0xffa1, 0xffa9, 0xffa0, 0xffb9, 0x0011, 0x0040, 0xfff2, 0x0000, 0xffdc, 0xffc4, 0x0029, 0x0022,
0x000c, 0xffe8, 0xffbd, 0xffca, 0xffcc, 0x0034, 0x0069, 0xffa4, 0xffbc, 0x0027, 0x0028, 0x0008,
0x0062, 0x00bd, 0x0005, 0xffd8, 0x0002, 0x000e, 0xffd2, 0x001b, 0x00a0, 0x0027, 0xffac, 0xffcd,
0xffe2, 0x0015, 0x0041, 0xffe3, 0x0021, 0xfffc, 0xffc2, 0x0008, 0xffec, 0xffdb, 0xffd9, 0xffdb,
0x000d, 0x0026, 0xffda, 0xffaf, 0xfffc, 0x003e, 0xffe4, 0xffd9, 0xfffe, 0x001f, 0x0060, 0x0008,
0xffd4, 0xffea, 0xffe4, 0xffe6, 0x008c, 0x007e, 0xffcb, 0x000b, 0xfffe, 0xffe5, 0xfffb, 0x0063,
0x007c, 0xffa5, 0xff86, 0x001e, 0x001c, 0xff96, 0xffcb, 0xffda, 0xffdc, 0xffde, 0xffef, 0x006a,
0x0004, 0xffe2, 0xffea, 0xffe8, 0xffe0, 0xffcd, 0x0017, 0x001c, 0xffe3, 0xff98, 0xffe5, 0xffc0,
0xfff1, 0x005e, 0xfff2, 0x000c, 0x000f, 0x0006, 0xffd9, 0xfff6, 0x0065, 0x0054, 0x0022, 0x0005,
0x000a, 0x0036, 0x005d, 0xffec, 0xfff3, 0x0040, 0x0019, 0xfff6, 0x0012, 0x0045, 0xffee, 0xfffe,
0x0047, 0xfff5, 0xffe2, 0x0031, 0x0020, 0xffc6, 0xfffc, 0xfffa, 0xffde, 0x0053, 0x0004, 0xffe4,
0x001a, 0x000c, 0x0032, 0x0001, 0x001a, 0x0031, 0x0024, 0x0041, 0xffdc, 0xffdc, 0x0031, 0x002e,
0x003a, 0x0008, 0xffa3, 0xff82, 0xffb3, 0x0005, 0xfff9, 0xffa6, 0xffdd, 0xffc5, 0xff6d, 0xffa7,
0xffac, 0xffe8, 0xffcb, 0xff66, 0xff7a, 0xffb9, 0x002c, 0xffdd, 0xff4c, 0xffb0, 0xffde, 0xffd4,
0x000c, 0xffdd, 0xfff9, 0x0014, 0xffff, 0x0006, 0x0010, 0x0043, 0x001f, 0xffd5, 0xffd5, 0x0023,
0x006f, 0x0080, 0x0048, 0x003a, 0x009c, 0x008b, 0x0052, 0x0052, 0x004f, 0x0087, 0x004b, 0x009d,
0x0120, 0x001f, 0xffe0, 0x008b, 0x003a, 0x000e, 0x0074, 0x0038, 0xffe3, 0x0048, 0x0045, 0xffd7,
0xffec, 0xffc0, 0xffda, 0x0037, 0xfff2, 0x0003, 0xffec, 0xff9c, 0xffc7, 0x002c, 0x002e, 0xffdf,
0xffd7, 0xffd1, 0xffdf, 0xff9c, 0xff8c, 0xffdf, 0xfff1, 0xffe4, 0xffde, 0xffd9, 0xffd7, 0xffcd,
0xff71, 0xff71, 0xffa7, 0xffdd, 0x0002, 0xffbc, 0xff06, 0xff41, 0xffb2, 0xff6f, 0xfff4, 0xffca,
0xffb4, 0x0004, 0xffaf, 0xff96, 0xff81, 0xff86, 0xff8b, 0xff81, 0xfffa, 0x0044, 0xffc7, 0xff6e,
0xff9a, 0xffd9, 0xffc8, 0xffda, 0x002a, 0x002d, 0xfff4, 0x0003, 0x007b, 0x00be, 0x0070, 0x0028,
0x008f, 0x00c3, 0x007c, 0x00d7, 0x013d, 0x00c3, 0x0045, 0x00c3, 0x012b, 0x00e2, 0x00ba, 0x0055,
0x00ee, 0x0144, 0x00c2, 0x00da, 0x008a, 0x008e, 0x009a, 0x008b, 0x0086, 0x0060, 0x000a, 0xffcf,
0x003a, 0x0087, 0x0034, 0xffc7, 0xffce, 0xffc9, 0x001d, 0x002d, 0x0001, 0xffca, 0xff52, 0xff5f,
0xff68, 0xffd7, 0xffec, 0xff2c, 0xff20, 0xff64, 0xff4f, 0xff43, 0xff3d, 0xfede, 0xff0c, 0xff56,
0xff06, 0xff71, 0xff51, 0xff19, 0xffc7, 0xff9b, 0xff17, 0xff58, 0xffbf, 0xff33, 0xff0b, 0xff5a,
0xff40, 0xff70, 0xff4a, 0xff2d, 0xfefc, 0xfef3, 0xff62, 0xff75, 0xffcb, 0x0012, 0xffca, 0xff9d,
0xffc4, 0xffa9, 0xffed, 0x0048, 0x001f, 0x0097, 0x00ae, 0x0012, 0x001f, 0x007e, 0x00c2, 0x012e,
0x01b7, 0x019b, 0x0107, 0x010e, 0x0123, 0x0128, 0x017f, 0x0190, 0x0132, 0x016f, 0x01a6, 0x0150,
0x0127, 0x00bd, 0x00f0, 0x0114, 0x010f, 0x016a, 0x0100, 0x006b, 0x0087, 0x00e9, 0x00c6, 0x0092,
0x009d, 0x005e, 0xffcf, 0xff86, 0xffa2, 0x0000, 0xffdb, 0xff16, 0xff30, 0xff7b, 0xff54, 0xff75,
0xff77, 0xff4c, 0xff3f, 0xff7b, 0xff38, 0xfeb5, 0xfeea, 0xff19, 0xff3a, 0xff1e, 0xff21, 0xff23,
0xff0e, 0xff3d, 0xff2c, 0xff20, 0xff1b, 0xff21, 0xff14, 0xfeee, 0xff32, 0xff5e, 0xff0f, 0xfedd,
0xfeb5, 0xff0b, 0xff3f, 0xff55, 0xffee, 0xffd6, 0xff90, 0xfef6, 0xfeb3, 0xff3b, 0xff5f, 0xfff1,
0x0052, 0xffd6, 0xff9d, 0xffa2, 0xff8a, 0xff47, 0xff9a, 0x0061, 0x00e2, 0x0125, 0x0046, 0xff7d,
0xff81, 0x000f, 0x00f9, 0x00f0, 0x0109, 0x01b3, 0x020b, 0x01a2, 0x016b, 0x0205, 0x0246, 0x02c6,
0x02de, 0x023c, 0x01ec, 0x00e6, 0x007d, 0x0160, 0x014c, 0x0131, 0x0140, 0x006b, 0x00ae, 0x017c,
0x017c, 0x018a, 0x0163, 0x00cc, 0xfffd, 0xffb0, 0xff7f, 0xff1f, 0xff6a, 0xffb7, 0xff82, 0xff7b,
0xff32, 0xfee0, 0xff34, 0xff44, 0xffab, 0xffc0, 0xff49, 0xff3d, 0xff14, 0xff2f, 0xff5e, 0xff36,
0xff77, 0xff76, 0xfeed, 0xff50, 0xff15, 0xfe5b, 0xfe41, 0xfe17, 0xfe56, 0xfec3, 0xff14, 0xff1c,
0xff19, 0xff22, 0xff33, 0xffb9, 0xffee, 0xff6e, 0xff70, 0xff62, 0xfeb3, 0xff07, 0xff42, 0xff05,
0xff71, 0xff7c, 0xffa0, 0xffea, 0x0049, 0x00ca, 0x0039, 0xfff8, 0x001b, 0xffad, 0xff82, 0xff31,
0xff43, 0xfff5, 0x003d, 0xfff3, 0xff7d, 0xff68, 0xff57, 0xffb4, 0x0099, 0x00ee, 0x019f, 0x01d9,
0x00e2, 0x0059, 0xffd7, 0xffd1, 0x006b, 0x0121, 0x01c6, 0x01b2, 0x0119, 0x00bd, 0x012d, 0x0162,
0x022a, 0x034e, 0x034a, 0x031c, 0x0223, 0x0138, 0x0121, 0x00e1, 0x0107, 0x0161, 0x0148, 0x00ce,
0x00b9, 0x00d1, 0x008c, 0x0094, 0x00fa, 0x00c3, 0x0064, 0x0000, 0xff5e, 0xff41, 0xff19, 0xff36,
0xffa4, 0xffdf, 0xff69, 0xff43, 0xff9c, 0xff49, 0xff4e, 0xfeea, 0xfe86, 0xfea5, 0xfee1, 0xfebf,
0xfe59, 0xfe70, 0xfe76, 0xfec6, 0xfe8f, 0xfeb6, 0xff56, 0xfec6, 0xfdfe, 0xfe27, 0xfe66, 0xfe45,
0xfe9c, 0xfec1, 0xfed9, 0xfec3, 0xfecc, 0xff40, 0xff72, 0xff95, 0xff9c, 0xff82, 0xff71, 0xff84,
0xff15, 0xff0e, 0xffc2, 0xffeb, 0x0010, 0x00d0, 0x00e4, 0x0075, 0x0092, 0x0051, 0x004a, 0x00ba,
0x0078, 0xffb1, 0xff4f, 0xff44, 0xffaf, 0x0045, 0x0029, 0x0007, 0xffed, 0xffc7, 0x003d, 0x0129,
0x0234, 0x02c2, 0x01d0, 0x0080, 0xff9c, 0xff24, 0xffe0, 0x011b, 0x029c, 0x0323, 0x01e5, 0x00a7,
0x0010, 0x011c, 0x02d0, 0x03c5, 0x048c, 0x03ef, 0x01cd, 0x002b, 0xff92, 0xffad, 0x0086, 0x0139,
0x015d, 0x0114, 0x0060, 0xffc0, 0x003a, 0x010a, 0x010b, 0x00f4, 0x0043, 0xff71, 0xff2f, 0xfe84,
0xfde5, 0xfe5d, 0xff19, 0xff31, 0xff0e, 0xff2c, 0xff5f, 0xfedd, 0xfe01, 0xfe17, 0xfeeb, 0xff1a,
0xfec6, 0xfec3, 0xfea6, 0xfe42, 0xfe93, 0xff48, 0xffb8, 0x0007, 0xff65, 0xfe7e, 0xfe40, 0xfe0a,
0xfdc4, 0xfe42, 0xfece, 0xff22, 0xff9f, 0xff6f, 0xff8f, 0x0085, 0x009c, 0xfffe, 0x0088, 0x00bc,
0x002b, 0xff7e, 0xfe33, 0xfe59, 0xffb0, 0xffe0, 0x004f, 0x013d, 0x00d9, 0x005c, 0xffe9, 0x0054,
0x013d, 0x00bc, 0xffc9, 0xfefa, 0xfecb, 0xfec9, 0xff13, 0xffb4, 0xff98, 0xff04, 0xfec4, 0xfef8,
0x0002, 0x0177, 0x0245, 0x0299, 0x01b8, 0x006f, 0xff44, 0xfe71, 0xfff5, 0x01d1, 0x0259, 0x0248,
0x01ca, 0x0116, 0x0054, 0x009e, 0x0254, 0x046d, 0x051c, 0x042b, 0x0294, 0x00fc, 0x0024, 0xff8a,
0xff8f, 0x00e6, 0x0218, 0x017a, 0x0077, 0x0073, 0x004b, 0x0088, 0x0117, 0x0186, 0x016b, 0xffd2,
0xfed5, 0xfe75, 0xfe6c, 0xff0d, 0xff46, 0xfffb, 0xffcd, 0xff46, 0xff33, 0xfe4a, 0xfe7a, 0xff0f,
0xfedf, 0xfed4, 0xfe72, 0xfe33, 0xfda4, 0xfd11, 0xfeae, 0x000b, 0xff45, 0xff3b, 0xff38, 0xfe64,
0xfe81, 0xfde4, 0xfdf3, 0xfef1, 0xfec9, 0xfee9, 0xfeca, 0xff02, 0xffd4, 0xfff1, 0x0052, 0x00fd,
0x00e3, 0x0027, 0xff5e, 0xff2c, 0xfea2, 0xfe70, 0xff34, 0xffd1, 0x00cc, 0x00aa, 0xffdc, 0x0057,
0x008f, 0x0033, 0x0043, 0x003f, 0x003e, 0xff71, 0xfe66, 0xfe9f, 0xff41, 0xff9e, 0xff9d, 0xff7b,
0xff52, 0xff4d, 0xff64, 0x00cb, 0x02a7, 0x033a, 0x024e, 0x005d, 0xfeed, 0xfe56, 0xff96, 0x014e,
0x02b3, 0x0398, 0x01a2, 0xffd4, 0x004e, 0x00db, 0x02c3, 0x0559, 0x05e5, 0x050c, 0x0316, 0x006c,
0xff09, 0x000d, 0x017c, 0x01c2, 0x01fc, 0x0158, 0x0022, 0x0001, 0xffb5, 0x0121, 0x02d4, 0x01cb,
0x00dc, 0xff81, 0xfe4c, 0xfe60, 0xfe20, 0xfe69, 0xff78, 0xffa4, 0xff27, 0xff03, 0xfeea, 0xff07,
0xfee6, 0xfe8e, 0xfead, 0xfeb6, 0xfe02, 0xfd9b, 0xfe21, 0xfe22, 0xfe3e, 0xfec3, 0xfef1, 0xff80,
0xff44, 0xfe1d, 0xfdf2, 0xfdd4, 0xfd86, 0xfe7c, 0xff01, 0xfef3, 0xff60, 0xfed3, 0xfe97, 0xff5c,
0x006a, 0x00ac, 0xfff6, 0x0043, 0xffdd, 0xfedc, 0xfe88, 0xfe92, 0xffcc, 0x009e, 0x00e2, 0x0096,
0x0046, 0x010b, 0x007f, 0x003c, 0x00c8, 0x003e, 0xff96, 0xff19, 0xfed1, 0xfebf, 0xff69, 0x0048,
0x0027, 0xffea, 0xff4e, 0xfe9d, 0xffdc, 0x016c, 0x02b6, 0x03e5, 0x027d, 0x0069, 0xff2b, 0xfdcb,
0xffa6, 0x0247, 0x023b, 0x027e, 0x0180, 0xffa0, 0xffd6, 0x0134, 0x034e, 0x05db, 0x0631, 0x04c3,
0x027f, 0x0063, 0x0093, 0x0102, 0x015d, 0x020d, 0x021f, 0x00b6, 0xffd7, 0x0091, 0x00c1, 0x0184,
0x0256, 0x01ba, 0x008a, 0xff84, 0xfec0, 0xfe4b, 0xfe5c, 0xfe77, 0xfea1, 0xff45, 0xff54, 0xfeb8,
0xfe6c, 0xfe08, 0xfe10, 0xfde3, 0xfda5, 0xfe03, 0xfd9d, 0xfdc0, 0xfd50, 0xfd0d, 0xfe9d, 0xff73,
0xffba, 0xff6a, 0xfed3, 0xfdea, 0xfd5e, 0xfda9, 0xfde8, 0xfec5, 0xfebc, 0xfe87, 0xfef4, 0xfec7,
0xff41, 0xffe4, 0x002d, 0x002a, 0xffdb, 0xffa1, 0xff75, 0xffb6, 0xff1d, 0xff37, 0xffb5, 0xffc5,
0x00e3, 0x00c7, 0x00a2, 0x0136, 0x00a7, 0x001b, 0x0035, 0xffc2, 0xffa5, 0xff87, 0xfe8f, 0xff55,
0x008a, 0x00f5, 0x00c6, 0xffb3, 0xff12, 0xff2e, 0x005d, 0x0221, 0x0399, 0x0385, 0x014e, 0xff89,
0xfe90, 0xfeeb, 0x01a8, 0x02c8, 0x02d2, 0x02c7, 0x0085, 0xff97, 0x012a, 0x02f3, 0x0502, 0x0600,
0x04e4, 0x0412, 0x026b, 0x0025, 0x00c3, 0x019b, 0x0159, 0x017d, 0x00f2, 0x00c6, 0x00f1, 0x0084,
0x00f5, 0x0144, 0x0162, 0x0117, 0x000d, 0xff79, 0xfea5, 0xfdb6, 0xfd8c, 0xfdf2, 0xfe62, 0xfecd,
0xfea5, 0xfe5e, 0xfe11, 0xfe11, 0xfe5e, 0xfd8f, 0xfda7, 0xfdc5, 0xfcea, 0xfd46, 0xfd76, 0xfd7f,
0xfe7a, 0xfe8d, 0xfe69, 0xfeec, 0xfe13, 0xfdb0, 0xfe1e, 0xfe13, 0xfe7e, 0xfe8f, 0xfeb0, 0xfef7,
0xff0f, 0xff12, 0xff13, 0xffb0, 0x0001, 0xffbf, 0x003d, 0xffd5, 0xff2c, 0xffef, 0xff63, 0xffec,
0x00f8, 0x00bd, 0x0131, 0x00b0, 0x0098, 0x0113, 0x00b9, 0x0052, 0xffb6, 0xff33, 0xff21, 0xff16,
0x0018, 0x015c, 0x0106, 0x00d2, 0x0032, 0xff3d, 0xffa9, 0x0147, 0x02f4, 0x033a, 0x027a, 0x00e9,
0xff0b, 0xfebc, 0xffbf, 0x010f, 0x030e, 0x0305, 0x01a1, 0x00eb, 0xff94, 0x0098, 0x0372, 0x0548,
0x0656, 0x056b, 0x033c, 0x0154, 0x008f, 0x0116, 0x0158, 0x0186, 0x0144, 0x00d7, 0x005f, 0x0060,
0x016d, 0x0171, 0x01b7, 0x020a, 0x01b2, 0x0175, 0x0059, 0xfec4, 0xfd95, 0xfcfe, 0xfd6f, 0xfe5f,
0xfea1, 0xfe79, 0xfe5a, 0xfdac, 0xfcff, 0xfd6b, 0xfdf2, 0xfea7, 0xfe22, 0xfcab, 0xfbec, 0xfbb6,
0xfc5d, 0xfd34, 0xfe41, 0xfe28, 0xfd7e, 0xfd31, 0xfd0a, 0xfdca, 0xfeaa, 0xfe9a, 0xfe20, 0xfe76,
0xfeb6, 0xfed2, 0xffdb, 0x005a, 0xffe2, 0xff53, 0xff0a, 0x0043, 0x00a7, 0x0053, 0x0053, 0x000e,
0x003a, 0x0051, 0x0123, 0x0243, 0x0268, 0x012a, 0xffe4, 0xfea8, 0xfe86, 0xff5f, 0xfff6, 0x00f7,
0x00ba, 0xff70, 0xfe43, 0xfe7c, 0xff4d, 0x00be, 0x0303, 0x0465, 0x0440, 0x022f, 0xff53, 0xfd5f,
0xfdc9, 0xfff2, 0x02c4, 0x057a, 0x0535, 0x0205, 0xff6e, 0xfea5, 0x0103, 0x0536, 0x0892, 0x0930,
0x0616, 0x02a3, 0x0027, 0xffa6, 0x018c, 0x038e, 0x0411, 0x0241, 0xffe9, 0xfe91, 0xfeb5, 0x012b,
0x02d5, 0x02dc, 0x0272, 0x00b2, 0xff55, 0xff09, 0xff64, 0xff86, 0xfee2, 0xfde8, 0xfd1c, 0xfd24,
0xfd18, 0xfd58, 0xfdc6, 0xfcfa, 0xfd0d, 0xfdca, 0xfe00, 0xfe04, 0xfcea, 0xfc25, 0xfc08, 0xfca7,
0xfd7c, 0xfe06, 0xfdcc, 0xfcb4, 0xfc54, 0xfbba, 0xfc1d, 0xfd5a, 0xfe43, 0xff3b, 0xfecc, 0xfe4a,
0xfe6b, 0xfed5, 0x0016, 0x00aa, 0x00f1, 0x0043, 0xff79, 0xff79, 0xff1f, 0xffbe, 0xfff0, 0x0045,
0x00b9, 0x00e3, 0x0151, 0x00e3, 0x0044, 0xff84, 0xff30, 0xffb4, 0x0061, 0x002d, 0xffbc, 0xff2a,
0xfd79, 0xfcce, 0xfe27, 0x009a, 0x038b, 0x04ff, 0x0436, 0x01db, 0xfec0, 0xfdea, 0xffed, 0x030d,
0x05c8, 0x0641, 0x0451, 0x00cb, 0xff02, 0x0050, 0x034f, 0x07ec, 0x09f9, 0x0819, 0x04ed, 0x0145,
0xffdb, 0x0126, 0x03d5, 0x0600, 0x0556, 0x023a, 0xfeaa, 0xfcfb, 0xfdcc, 0x00b0, 0x0353, 0x0312,
0x017a, 0xffd4, 0xfe02, 0xfdbb, 0xfee6, 0x0063, 0x00c0, 0xff79, 0xfe0c, 0xfd0c, 0xfcb1, 0xfcee,
0xfd75, 0xfd61, 0xfcea, 0xfc73, 0xfcc5, 0xfd95, 0xfe1b, 0xfeb0, 0xfe5c, 0xfdf5, 0xfdd0, 0xfdcc,
0xfdca, 0xfce8, 0xfbea, 0xfb2c, 0xfb16, 0xfc27, 0xfcdd, 0xfd66, 0xfe09, 0xfd95, 0xfdb0, 0xfecf,
0x0000, 0x0169, 0x0231, 0x017f, 0xff8d, 0xfdf5, 0xfdb2, 0xfe42, 0x0007, 0x0185, 0x010e, 0xffee,
0xfe79, 0xfd66, 0xfdbf, 0xfeeb, 0x0149, 0x0337, 0x02db, 0x00de, 0xfd9b, 0xfbbf, 0xfbf6, 0xfe17,
0x0228, 0x04ec, 0x04ba, 0x01d7, 0xfe10, 0xfb67, 0xfcac, 0x016b, 0x05e2, 0x0886, 0x07a0, 0x033c,
0xff4b, 0xfef5, 0x0162, 0x05f4, 0x0a14, 0x0a7e, 0x06f9, 0x01ec, 0xff16, 0xff1f, 0x0256, 0x0614,
0x0728, 0x059f, 0x022f, 0xff04, 0xfe60, 0xfff4, 0x01e4, 0x0406, 0x03b2, 0x011f, 0xfea0, 0xfcaf,
0xfd4d, 0xfed9, 0x007c, 0x01b2, 0x014e, 0x000c, 0xfe30, 0xfd35, 0xfd57, 0xfd9e, 0xfe2c, 0xfe24,
0xfd01, 0xfc68, 0xfbef, 0xfba5, 0xfd84, 0xff06, 0xff5c, 0x0003, 0xff55, 0xfdc2, 0xfc10, 0xfb23,
0xfb6a, 0xfb13, 0xfb72, 0xfc7d, 0xfc58, 0xfc53, 0xfcbf, 0xfd6b, 0xfe85, 0xffc7, 0x00d7, 0x0130,
0x00ba, 0xff83, 0xfe69, 0xfe4d, 0xfe94, 0xff2f, 0x005f, 0x004d, 0xff07, 0xfd6b, 0xfc5b, 0xfcf4,
0xff15, 0x017b, 0x020c, 0x012b, 0xfe5d, 0xfbe3, 0xfc45, 0xff4c, 0x043c, 0x06f9, 0x05f9, 0x023e,
0xfcd2, 0xf95a, 0xfb3b, 0x003a, 0x04d9, 0x0724, 0x0527, 0x0135, 0xff6c, 0x0077, 0x04e8, 0x0a6b,
0x0c9e, 0x0ad7, 0x0679, 0x01e6, 0xff56, 0xffdb, 0x020a, 0x0429, 0x0494, 0x031b, 0x0158, 0x0027,
0x0065, 0x01fe, 0x0375, 0x041c, 0x0470, 0x02e7, 0x004c, 0xfe8e, 0xfd1f, 0xfc87, 0xfe04, 0x0016,
0x0119, 0x00cc, 0xfec3, 0xfcbc, 0xfbce, 0xfca0, 0xfedc, 0x0082, 0x0068, 0xfe40, 0xfbc7, 0xfb44,
0xfcf4, 0xff27, 0x009c, 0x00e0, 0xff25, 0xfc90, 0xfb35, 0xfb39, 0xfbe4, 0xfcfd, 0xfd68, 0xfc39,
0xfc21, 0xfc69, 0xfd2c, 0xfee3, 0xff10, 0xff32, 0xfef2, 0xfea1, 0xfeec, 0xfece, 0xfe57, 0xfe3f,
0xfebf, 0xff07, 0xff4c, 0xfef3, 0xfdcf, 0xfcf8, 0xfd57, 0xfeb2, 0xffdc, 0x00c0, 0xffb3, 0xfcd8,
0xfafe, 0xfb98, 0xffab, 0x04a2, 0x07ad, 0x06ce, 0x0239, 0xfcf7, 0xfa95, 0xfcbf, 0x0166, 0x0645,
0x0678, 0x0265, 0xfde8, 0xfc18, 0xff70, 0x058c, 0x0bc4, 0x0da7, 0x0a98, 0x05c0, 0x01b8, 0x00d1,
0x02a9, 0x04b7, 0x04a2, 0x0326, 0x00ee, 0xff27, 0xff92, 0x0161, 0x02ba, 0x03e0, 0x03ad, 0x0217,
0x019e, 0x00fe, 0x006f, 0x0000, 0xfede, 0xfdfe, 0xfe02, 0xfe5b, 0xfeaa, 0xfed7, 0xfe3c, 0xfdc7,
0xfd78, 0xfdb5, 0xfea7, 0xff17, 0xfe5b, 0xfd6d, 0xfd92, 0xfee2, 0x0092, 0x0197, 0x015a, 0xff8e,
0xfd99, 0xfc10, 0xfc1c, 0xfd40, 0xfda0, 0xfd54, 0xfc6e, 0xfbcc, 0xfbe4, 0xfd20, 0xff39, 0x0098,
0x0107, 0x0128, 0xff9b, 0xfdcf, 0xfd5b, 0xfd25, 0xfded, 0xfefb, 0xff39, 0xfe52, 0xfc96, 0xfb2d,
0xfbdc, 0xfe36, 0xffe4, 0x0072, 0xff81, 0xfd17, 0xfac4, 0xfb0f, 0xfdc6, 0x0233, 0x063a, 0x062f,
0x02c2, 0xfd9d, 0xf9e5, 0xfb2d, 0x0057, 0x04fe, 0x05ce, 0x0288, 0xfdc9, 0xfb8b, 0xfe72, 0x05a1,
0x0cbd, 0x0f4e, 0x0bc1, 0x0618, 0x01a4, 0x0037, 0x0360, 0x0607, 0x0600, 0x03b2, 0xff65, 0xfd5d,
0xfe73, 0x019a, 0x04a1, 0x054f, 0x044f, 0x0207, 0x0000, 0xffd2, 0x004a, 0x0034, 0xfff1, 0xff34,
0xfddc, 0xfd5b, 0xfdb9, 0xfd83, 0xfd61, 0xfd6b, 0xfd4b, 0xfdca, 0xfe41, 0xfe04, 0xfd26, 0xfd11,
0xfe10, 0xfff5, 0x0287, 0x0394, 0x02d2, 0xffb1, 0xfc8a, 0xfc2a, 0xfc8f, 0xfd7a, 0xfe7e, 0xfe08,
0xfcc4, 0xfc47, 0xfc94, 0xfe52, 0x00e9, 0x024b, 0x026c, 0x0170, 0xffed, 0xfec6, 0xfe0f, 0xfda2,
0xfe4b, 0xfecc, 0xfe30, 0xfdce, 0xfd94, 0xfcf9, 0xfcae, 0xfd11, 0xfdb6, 0xfe4c, 0xfd4a, 0xfb3e,
0xfaa9, 0xfc29, 0xff27, 0x0351, 0x0597, 0x03e0, 0x003f, 0xfc7c, 0xfbea, 0xfec7, 0x0293, 0x0459,
0x01f5, 0xfdb5, 0xfb45, 0xfd52, 0x0377, 0x0aad, 0x0dfb, 0x0c53, 0x083f, 0x040f, 0x027d, 0x043e,
0x06d4, 0x0691, 0x03e0, 0xffca, 0xfcbf, 0xfda0, 0x0096, 0x03a5, 0x0496, 0x0298, 0xffee, 0xfe81,
0xff8f, 0x0191, 0x028e, 0x024d, 0x0000, 0xfdc3, 0xfd18, 0xfd4c, 0xfde1, 0xfde5, 0xfcb7, 0xfb55,
0xfb44, 0xfbe0, 0xfc66, 0xfcf7, 0xfd92, 0xfe5f, 0x00d5, 0x034c, 0x0455, 0x03ad, 0x0058, 0xfd49,
0xfbf8, 0xfbe3, 0xfd56, 0xfe96, 0xfde5, 0xfc63, 0xfb67, 0xfbe0, 0xfe14, 0x016c, 0x0470, 0x0574,
0x0405, 0x0104, 0xfeef, 0xfeb8, 0xfed3, 0xff24, 0xff48, 0xfd63, 0xfb43, 0xfad3, 0xfbe8, 0xfe07,
0xffba, 0xffa9, 0xfdb7, 0xfbc0, 0xfb37, 0xfc45, 0xff59, 0x02f9, 0x04e2, 0x0356, 0xff3d, 0xfb88,
0xf97f, 0xfc80, 0x01f7, 0x0522, 0x0512, 0x0092, 0xfb64, 0xfa32, 0xff5e, 0x0804, 0x0e4c, 0x0ed5,
0x0949, 0x02df, 0xffb0, 0x0173, 0x06ad, 0x091e, 0x06c3, 0x0125, 0xfc89, 0xfc77, 0xff94, 0x04b3,
0x075e, 0x0509, 0x011c, 0xfe03, 0xfdf5, 0x00d2, 0x0319, 0x02bb, 0x005e, 0xfce0, 0xfaa1, 0xfbe6,
0xfe6a, 0x0022, 0xff38, 0xfbcc, 0xf97f, 0xf9fc, 0xfc2d, 0xfde8, 0xff0b, 0xff06, 0xfdfe, 0xfeb4,
0x00be, 0x0259, 0x0245, 0x0028, 0xfd9d, 0xfbc7, 0xfbe7, 0xfd53, 0xfe40, 0xfdd8, 0xfc6b, 0xfbb1,
0xfc87, 0xff5c, 0x0316, 0x0581, 0x0547, 0x02ad, 0x0030, 0xff55, 0xff6a, 0x004d, 0x00af, 0xff22,
0xfbf9, 0xf9b7, 0xfae1, 0xfdb2, 0x0022, 0x006a, 0xfe1e, 0xfb6e, 0xfb7b, 0xfe33, 0x0178, 0x04b4,
0x0520, 0x023b, 0xfd9f, 0xfa20, 0xfabb, 0xfdd2, 0x01b5, 0x0488, 0x02e5, 0xfdbb, 0xf9ab, 0xfa51,
0x00b5, 0x0907, 0x0e41, 0x0e68, 0x0949, 0x02c2, 0x0032, 0x0221, 0x0633, 0x085c, 0x0674, 0x01c1,
0xfcac, 0xfb2e, 0xfdcc, 0x0265, 0x0677, 0x070f, 0x0400, 0xfff2, 0xfe7a, 0xfff9, 0x0196, 0x0231,
0x01a5, 0xff41, 0xfc37, 0xfba3, 0xfdb0, 0xff26, 0xfe51, 0xfb64, 0xf911, 0xf90b, 0xfb56, 0xfe30,
0xff94, 0xff55, 0xfd91, 0xfd9d, 0xff6f, 0x01c8, 0x032d, 0x01ab, 0xfe8c, 0xfb20, 0xf9f5, 0xfac4,
0xfc4d, 0xfd49, 0xfcf5, 0xfc45, 0xfc58, 0xfe68, 0x01a3, 0x0483, 0x0540, 0x03c1, 0x0154, 0xffac,
0xff35, 0xff61, 0xffd7, 0xfee3, 0xfd44, 0xfcb9, 0xfcd6, 0xfd24, 0xfd32, 0xfc7c, 0xfb74, 0xfc17,
0xff30, 0x0333, 0x0606, 0x0640, 0x0383, 0xff1a, 0xfc85, 0xfd34, 0x00f8, 0x0488, 0x0479, 0x0139,
0xfbe2, 0xf880, 0xfa89, 0x01fc, 0x0afd, 0x104c, 0x0f27, 0x0901, 0x0275, 0xfff5, 0x02c7, 0x07f4,
0x0ad9, 0x080d, 0x01cf, 0xfb95, 0xf99d, 0xfce9, 0x01ab, 0x0597, 0x05bf, 0x0287, 0xfe97, 0xfca0,
0xfdd8, 0x0108, 0x032b, 0x01d0, 0xfefe, 0xfc93, 0xfb23, 0xfbcc, 0xfdd9, 0xfd55, 0xfa73, 0xf825,
0xf73a, 0xf8cf, 0xfc3a, 0xfee0, 0xff11, 0xfea4, 0xfebd, 0xff6c, 0x00af, 0x0188, 0x0152, 0xfee1,
0xfbf6, 0xfa54, 0xfa74, 0xfbd6, 0xfc29, 0xfc56, 0xfc59, 0xfc47, 0xfe0e, 0x006d, 0x030d, 0x0462,
0x036d, 0x021f, 0x000c, 0xfe60, 0xfe40, 0xff17, 0xffec, 0xffed, 0xff2d, 0xfd56, 0xfbb1, 0xfb18,
0xfbdf, 0xfe31, 0x0134, 0x0473, 0x0631, 0x05c9, 0x0350, 0xffbf, 0xfe2e, 0xff61, 0x02a0, 0x05ce,
0x0602, 0x023c, 0xfd50, 0xfab1, 0xfbd5, 0x017d, 0x08b7, 0x0d7e, 0x0de1, 0x0a36, 0x04d4, 0x0233,
0x03e8, 0x0777, 0x0a67, 0x09b7, 0x04c4, 0xfdfa, 0xfa23, 0xfb15, 0xff22, 0x0358, 0x0473, 0x027b,
0xfeb7, 0xfc47, 0xfc9d, 0xfe9e, 0x015e, 0x0219, 0x001c, 0xfcd3, 0xf9b5, 0xf926, 0xfb46, 0xfd50,
0xfd2d, 0xfafc, 0xf7d8, 0xf5f0, 0xf712, 0xfadb, 0xff1a, 0x0147, 0x0112, 0xffa6, 0xfe91, 0xff27,
0x00de, 0x01f0, 0x0124, 0xfe74, 0xfb70, 0xfa68, 0xfc0f, 0xfeca, 0xfffc, 0xff93, 0xffa2, 0x00a0,
0x02d8, 0x059d, 0x063d, 0x030a, 0xfc55, 0xf557, 0xf22b, 0xf40c, 0xf7ee, 0xf8f6, 0xf665, 0xf05f,
0xeb2f, 0xee1e, 0xf766, 0x0372, 0x0e01, 0x117b, 0x0efb, 0x0b1b, 0x0944, 0x0d7b, 0x1567, 0x19a2,
0x183a, 0x103d, 0x0682, 0x006e, 0xfe1f, 0xff49, 0x01a2, 0x038f, 0x04ec, 0x051d, 0x0354, 0x0179,
0x002e, 0x0078, 0x01a6, 0x00de, 0xfe75, 0xfa26, 0xf610, 0xf3a6, 0xf1b5, 0xf144, 0xf3cb, 0xf98b,
0x0138, 0x0630, 0x05ed, 0x0478, 0x053b, 0x098e, 0x0f46, 0x1102, 0x0e07, 0x0806, 0x01af, 0xfd01,
0xf8e5, 0xf62c, 0xf54e, 0xf448, 0xf34f, 0xf1e2, 0xf054, 0xf32b, 0xfa19, 0x0095, 0x031c, 0x01d1,
0x0088, 0x01a3, 0x03f6, 0x04bf, 0x039c, 0x0167, 0xffd5, 0x002b, 0x00c2, 0x006d, 0xff8b, 0xff9f,
0x015f, 0x01e6, 0x0040, 0xfe8d, 0xfbe8, 0xf7ee, 0xf391, 0xf01e, 0xf0b9, 0xf2ca, 0xf268, 0xef62,
0xea18, 0xe8ae, 0xefc0, 0xfc63, 0x0b69, 0x173c, 0x1bda, 0x1cd1, 0x1ca5, 0x1d09, 0x20b6, 0x22ce,
0x1e4b, 0x158b, 0x0902, 0xfcf5, 0xf5bd, 0xf0dd, 0xee98, 0xef4d, 0xf412, 0xfc89, 0x038d, 0x04ec,
0x00dd, 0xfaec, 0xf76c, 0xf76f, 0xf771, 0xf5e4, 0xf411, 0xf2d8, 0xf166, 0xf134, 0xf5b8, 0x0012,
0x0f2c, 0x1c2f, 0x1f0c, 0x1979, 0x129e, 0x10c0, 0x1463, 0x1564, 0x0dd0, 0x00c2, 0xf534, 0xeec7,
0xed63, 0xecd2, 0xea8f, 0xe9df, 0xec03, 0xefb0, 0xf35e, 0xf6bc, 0xfbcc, 0x0316, 0x09c9, 0x0d23,
0x0d01, 0x0b1b, 0x0952, 0x087c, 0x06eb, 0x0312, 0x0014, 0xff16, 0xfe93, 0xfdac, 0xfa5d, 0xf6fd,
0xf5f7, 0xf656, 0xf584, 0xf2cd, 0xeed0, 0xebc9, 0xee46, 0xf142, 0xf0fb, 0xeeb9, 0xeb87, 0xee6d,
0xf98c, 0x06bf, 0x1352, 0x1d30, 0x2219, 0x250b, 0x2388, 0x1e05, 0x1bb0, 0x1a0d, 0x1484, 0x0883,
0xf710, 0xebcf, 0xec0e, 0xf02e, 0xf0dd, 0xedfa, 0xf05a, 0xfcd7, 0x0c10, 0x1264, 0x0c79, 0x0349,
0xfdc8, 0xfaaf, 0xf6b7, 0xf0d3, 0xedec, 0xf139, 0xf494, 0xf48c, 0xf72c, 0x01f8, 0x148d, 0x2555,
0x27b1, 0x1f48, 0x18b2, 0x16bf, 0x1527, 0x0d8f, 0xffc3, 0xf44e, 0xeee9, 0xeb85, 0xe783, 0xe4c4,
0xe5d5, 0xebed, 0xf2a5, 0xf417, 0xf391, 0xf84f, 0x0389, 0x0e21, 0x1080, 0x0c48, 0x0b0e, 0x0f28,
0x110c, 0x0d19, 0x0627, 0x01c6, 0x0223, 0x01c1, 0xfc4b, 0xf5ec, 0xf3fe, 0xf63b, 0xf655, 0xeeeb,
0xe3d2, 0xdf92, 0xe436, 0xebde, 0xf091, 0xee22, 0xeab7, 0xecb7, 0xf561, 0x0413, 0x13e4, 0x1f97,
0x26db, 0x29f7, 0x2801, 0x2379, 0x1d65, 0x16e6, 0x11e7, 0x0970, 0xf943, 0xe7f0, 0xde7b, 0xe1dc,
0xecbb, 0xf336, 0xf33e, 0xf5f2, 0x0181, 0x10ab, 0x18db, 0x13c6, 0x0909, 0x027a, 0xfdb1, 0xf5bc,
0xed2d, 0xe961, 0xed4f, 0xf506, 0xf8f5, 0xfaee, 0x0351, 0x13b0, 0x234a, 0x2883, 0x221e, 0x1981,
0x13ea, 0x0e7f, 0x05e0, 0xf901, 0xed76, 0xe9c2, 0xece5, 0xee4c, 0xeb93, 0xe958, 0xedea, 0xf8da,
0xff4c, 0xfe08, 0xfbef, 0xff5e, 0x0936, 0x1169, 0x0f39, 0x0811, 0x063b, 0x0a8c, 0x0e34, 0x0b0c,
0x0418, 0x00bf, 0x0251, 0x017f, 0xfa64, 0xf342, 0xf093, 0xf07b, 0xedfe, 0xe68c, 0xdfe3, 0xe0ba,
0xe7c5, 0xed2c, 0xebc8, 0xe796, 0xec08, 0xff0e, 0x1686, 0x2848, 0x3002, 0x2d95, 0x2914, 0x26dd,
0x23ad, 0x1c71, 0x1002, 0x0012, 0xf099, 0xe1b9, 0xd795, 0xd998, 0xe4fc, 0xefe1, 0xf693, 0xfc5d,
0x05e7, 0x14a5, 0x1e81, 0x1b3a, 0x0efc, 0x0191, 0xf863, 0xf2dc, 0xeb68, 0xe4c3, 0xe6c2, 0xedcf,
0xf405, 0xfadf, 0x0541, 0x1431, 0x2358, 0x2875, 0x22c0, 0x1a57, 0x132b, 0x0f0e, 0x097d, 0xfc1d,
0xed6f, 0xe6af, 0xe8c0, 0xef1d, 0xf22f, 0xefb0, 0xeeba, 0xf33b, 0xfa61, 0x0183, 0x03f6, 0x03ad,
0x0767, 0x0c46, 0x0e57, 0x0d79, 0x0b13, 0x0b9b, 0x0dd1, 0x0b58, 0x045e, 0xfec5, 0xfd13, 0xfc91,
0xfaba, 0xf5f7, 0xf003, 0xec8a, 0xeb91, 0xea53, 0xe758, 0xe571, 0xe588, 0xe5a0, 0xe661, 0xe8bf,
0xf16e, 0x01ca, 0x1537, 0x29aa, 0x3638, 0x358b, 0x2e79, 0x27bc, 0x23f6, 0x1f57, 0x1083, 0xf6ec,
0xe039, 0xd4f1, 0xd4c4, 0xdcf3, 0xe47d, 0xe9e3, 0xf502, 0x0426, 0x12fe, 0x1dd4, 0x1eca, 0x184b,
0x0ff9, 0x03f5, 0xf57c, 0xeb06, 0xe49a, 0xe4dd, 0xe9ae, 0xeb9a, 0xeee8, 0xf8c6, 0x085e, 0x1abd,
0x2728, 0x2612, 0x1f6d, 0x1a2a, 0x14aa, 0x1037, 0x077c, 0xf86c, 0xeced, 0xe90e, 0xeaa0, 0xefbd,
0xf295, 0xf0ac, 0xf093, 0xf40d, 0xfa5f, 0x024d, 0x0560, 0x0519, 0x0727, 0x09ff, 0x0b95, 0x0c4f,
0x0be1, 0x0c3c, 0x0d96, 0x0b91, 0x04f0, 0xfe51, 0xfc08, 0xfcb3, 0xfc46, 0xf77d, 0xef99, 0xea02,
0xe824, 0xe7d5, 0xe90a, 0xe958, 0xe696, 0xe4db, 0xe5ce, 0xeb0e, 0xf8f1, 0x0b01, 0x1c0d, 0x2c63,
0x35f5, 0x34f9, 0x2d92, 0x245a, 0x1ffc, 0x1cc3, 0x0bf3, 0xef22, 0xd5b0, 0xc9af, 0xd0b9, 0xe013,
0xe60b, 0xea02, 0xf746, 0x0a58, 0x1e08, 0x26b1, 0x1f24, 0x15d8, 0x0f15, 0x0354, 0xf55b, 0xe7b1,
0xdf8d, 0xe453, 0xeb95, 0xecee, 0xf09d, 0xfabc, 0x0c2a, 0x203a, 0x27d5, 0x2278, 0x1aae, 0x1403,
0x0f9a, 0x0b56, 0x0114, 0xf3d6, 0xed22, 0xec36, 0xef20, 0xf1fe, 0xef57, 0xed75, 0xf18e, 0xf9bd,
0x010d, 0x0409, 0x0236, 0x009d, 0x055b, 0x0b95, 0x0eca, 0x0fcc, 0x0f40, 0x0e92, 0x0d5f, 0x078b,
0x008e, 0xff10, 0xfff9, 0x003a, 0xfcc5, 0xf313, 0xe9bb, 0xe8e2, 0xeb86, 0xed40, 0xee89, 0xe8e1,
0xe18c, 0xe02b, 0xe363, 0xf17b, 0x0676, 0x15ea, 0x23df, 0x2f2e, 0x315d, 0x30ac, 0x2c82, 0x2482,
0x1f28, 0x1290, 0xf872, 0xde35, 0xcdec, 0xce50, 0xdc4e, 0xe3ac, 0xe4bb, 0xefb6, 0x0454, 0x1bde,
0x298e, 0x2394, 0x1785, 0x117f, 0x0919, 0xfc3c, 0xf01e, 0xe6d7, 0xe62f, 0xe8e8, 0xe5d5, 0xe7a3,
0xf575, 0x068a, 0x166d, 0x1d96, 0x1aca, 0x18ec, 0x1623, 0x0f78, 0x0aed, 0x05a0, 0xfc87, 0xf3c6,
0xec63, 0xec2e, 0xf430, 0xf780, 0xf27a, 0xee00, 0xf090, 0xfb4c, 0x056d, 0x04f6, 0xffa8, 0x0095,
0x08cc, 0x1214, 0x14e8, 0x0f26, 0x0a68, 0x0b59, 0x0a76, 0x03ef, 0xfb25, 0xf6cc, 0xf866, 0xf8ab,
0xef72, 0xe4f0, 0xe626, 0xef34, 0xf969, 0xfa78, 0xf03d, 0xe888, 0xe826, 0xee80, 0xfb77, 0x0ac1,
0x19a8, 0x25ff, 0x288b, 0x246a, 0x23bd, 0x2576, 0x2755, 0x2130, 0x0afe, 0xf003, 0xdc64, 0xd2fc,
0xd6c6, 0xdfab, 0xe340, 0xe7e5, 0xf1b8, 0x0232, 0x1941, 0x26e7, 0x23c3, 0x1902, 0x0c8a, 0x0326,
0xfc6d, 0xf3b5, 0xed5c, 0xebf9, 0xea26, 0xe7e7, 0xeb22, 0xf6de, 0x090e, 0x1821, 0x1ad1, 0x14e3,
0x107f, 0x1011, 0x10b8, 0x0df4, 0x0407, 0xf8fb, 0xf1a8, 0xee43, 0xf04b, 0xf4da, 0xf64b, 0xf3ac,
0xef14, 0xec53, 0xf466, 0x02d6, 0x0a28, 0x0ab9, 0x077a, 0x0530, 0x0bc1, 0x12e9, 0x1119, 0x0d8f,
0x0a4f, 0x050f, 0x000c, 0xf804, 0xf0af, 0xf1da, 0xf2ea, 0xebe2, 0xe488, 0xe32a, 0xeb9b, 0xfafe,
0xfe3c, 0xf37e, 0xe99f, 0xe800, 0xf3cb, 0x0870, 0x19c2, 0x2600, 0x2d64, 0x2a44, 0x24bf, 0x230d,
0x222c, 0x2365, 0x1b3e, 0x0114, 0xe53e, 0xd4df, 0xcff4, 0xd7dd, 0xdfe7, 0xe2db, 0xeeae, 0x0072,
0x11ad, 0x201d, 0x2236, 0x1c07, 0x15f1, 0x0ae5, 0xff6d, 0xf8b9, 0xf19f, 0xecf1, 0xe974, 0xe4eb,
0xe98b, 0xf65f, 0x02a8, 0x0da3, 0x131a, 0x124a, 0x1101, 0x0f4f, 0x0d1e, 0x0c55, 0x09f6, 0x0365,
0xfa80, 0xf313, 0xf1fa, 0xf59f, 0xf7ce, 0xf58d, 0xf10d, 0xef55, 0xf1ce, 0xf7dc, 0xfdca, 0x0232,
0x072d, 0x0b61, 0x0d71, 0x0f0f, 0x1017, 0x0f60, 0x0eea, 0x0b77, 0x036c, 0xfae1, 0xf429, 0xf111,
0xef22, 0xe88f, 0xe0d6, 0xdf82, 0xe751, 0xf4f6, 0xfb1f, 0xf538, 0xece2, 0xeaf7, 0xf464, 0x06c7,
0x1718, 0x2288, 0x2b00, 0x2bc0, 0x2855, 0x234d, 0x1daa, 0x1c5b, 0x171f, 0x05d1, 0xee5b, 0xd982,
0xd220, 0xda9c, 0xe2d5, 0xe4e6, 0xebbf, 0xfbf3, 0x13f6, 0x2631, 0x2406, 0x1975, 0x152a, 0x119d,
0x08b6, 0xfaed, 0xecca, 0xe94d, 0xec7e, 0xe9bd, 0xe8a4, 0xf148, 0xfeac, 0x0dbe, 0x14bd, 0x0f3b,
0x0c68, 0x0de3, 0x0c75, 0x0978, 0x02b3, 0xfbf4, 0xfc41, 0xfb2a, 0xf642, 0xf50b, 0xf485, 0xf62c,
0xfb3a, 0xfbb9, 0xf9e4, 0xfbcc, 0xfdf2, 0x003e, 0x036d, 0x0494, 0x079d, 0x0b28, 0x0a20, 0x0791,
0x06cf, 0x07cf, 0x0640, 0xff00, 0xf635, 0xf164, 0xf0d1, 0xef93, 0xea27, 0xe542, 0xe907, 0xf15a,
0xf42b, 0xf024, 0xe935, 0xe9b5, 0xf774, 0x092f, 0x17fa, 0x2355, 0x2948, 0x2b45, 0x29b3, 0x241b,
0x222b, 0x20b6, 0x12df, 0xfce0, 0xe646, 0xd46e, 0xd165, 0xd661, 0xd87d, 0xddd9, 0xeb4b, 0xfee3,
0x1492, 0x22bb, 0x2381, 0x20c1, 0x1fd4, 0x19d2, 0x104b, 0x0376, 0xf59f, 0xf0d6, 0xee30, 0xe72f,
0xe7a6, 0xf0ed, 0xffe3, 0x1155, 0x1494, 0x0cdb, 0x0b37, 0x0d33, 0x0d79, 0x0a1f, 0xff26, 0xf598,
0xf452, 0xf18c, 0xeead, 0xf136, 0xf3ef, 0xf7a0, 0xfaee, 0xfa3a, 0xfdbc, 0x06d4, 0x0c60, 0x0ca0,
0x0971, 0x066c, 0x0b2d, 0x1056, 0x0980, 0xfe43, 0xf906, 0xfc19, 0x0058, 0xfa24, 0xeda9, 0xea24,
0xef28, 0xf0ba, 0xeca9, 0xe868, 0xefd2, 0xfecb, 0xff78, 0xf030, 0xe0e6, 0xe3b4, 0xfc25, 0x1389,
0x1bf9, 0x1ff9, 0x257e, 0x2aa4, 0x2a6b, 0x20fb, 0x1c2c, 0x2050, 0x173a, 0xfba7, 0xdccc, 0xc9b5,
0xcee8, 0xdcb7, 0xdcea, 0xdb57, 0xe8a8, 0x02d3, 0x1dab, 0x252c, 0x197e, 0x144e, 0x1939, 0x1b87,
0x1474, 0x02c9, 0xf49f, 0xf3a9, 0xf2df, 0xed83, 0xeedc, 0xf821, 0x0728, 0x1375, 0x1075, 0x074b,
0x07ab, 0x0f27, 0x124e, 0x09c4, 0xf9a8, 0xf0d1, 0xf28e, 0xf312, 0xed37, 0xe747, 0xe88f, 0xf3e9,
0x003d, 0x0180, 0xff5a, 0x05fa, 0x135e, 0x1c7b, 0x1874, 0x0f10, 0x0fbd, 0x166d, 0x12e5, 0x02c0,
0xf10c, 0xec87, 0xf2c3, 0xf200, 0xe637, 0xdaa6, 0xdb6b, 0xe6e2, 0xf018, 0xf269, 0xf4e3, 0xfa7d,
0xfe20, 0xf95b, 0xf037, 0xf40d, 0x06f5, 0x1bb6, 0x278a, 0x240e, 0x1ca0, 0x1d95, 0x22b7, 0x280b,
0x278b, 0x186e, 0xfe3e, 0xe423, 0xd36c, 0xd3b4, 0xda92, 0xd7f7, 0xd5fe, 0xe05f, 0xf688, 0x101e,
0x1b61, 0x1819, 0x165a, 0x1868, 0x15da, 0x0de8, 0x03ac, 0xfe60, 0xfe82, 0xf62b, 0xe9c3, 0xeb38,
0xfd45, 0x131d, 0x1a44, 0x0eb7, 0x04d7, 0x0aa1, 0x1404, 0x137a, 0x07e9, 0xfa35, 0xf56e, 0xf53a,
0xeef9, 0xe6cf, 0xe456, 0xe805, 0xeec1, 0xf40c, 0xf723, 0xfe68, 0x0a0e, 0x140f, 0x1aed, 0x1bd3,
0x1ac6, 0x1dcc, 0x1fe6, 0x1941, 0x0a03, 0xfb61, 0xf53d, 0xf567, 0xf0bf, 0xe2ed, 0xd598, 0xd2c8,
0xda14, 0xe4ff, 0xeed5, 0xf42c, 0xf5f7, 0xf748, 0xf54a, 0xf4bd, 0xfed4, 0x0f72, 0x1f3e, 0x27b3,
0x2500, 0x1f77, 0x1d31, 0x1d4b, 0x2322, 0x26c4, 0x1944, 0xfe72, 0xe3ec, 0xd6d4, 0xdaa0, 0xde65,
0xd6e7, 0xd316, 0xdf79, 0xf5d8, 0x0a78, 0x1069, 0x0d22, 0x104a, 0x14f4, 0x1265, 0x0935, 0xffcd,
0xfe28, 0x014e, 0xfbec, 0xef56, 0xecfd, 0xf9f1, 0x0f34, 0x1d68, 0x1a42, 0x1243, 0x1099, 0x12d7,
0x136a, 0x0d23, 0x01c2, 0xf89c, 0xf174, 0xe83e, 0xe0c2, 0xe032, 0xe4f4, 0xe94a, 0xea22, 0xeb89,
0xf507, 0x0775, 0x19bc, 0x21ce, 0x1ee2, 0x1a61, 0x1e21, 0x26d4, 0x276a, 0x1a4d, 0x0781, 0xf928,
0xf094, 0xe93a, 0xe054, 0xd9e9, 0xd830, 0xd879, 0xdc43, 0xe531, 0xf06c, 0xfa4a, 0xfbee, 0xf41d,
0xf2a0, 0x004a, 0x1450, 0x2449, 0x2645, 0x1dc0, 0x1aaa, 0x1d57, 0x2148, 0x2623, 0x2327, 0x14a8,
0xfee6, 0xe60e, 0xd72c, 0xd975, 0xdd85, 0xdd46, 0xde39, 0xe35a, 0xf401, 0x0737, 0x0e52, 0x0e6f,
0x0edb, 0x0e06, 0x0a1f, 0x01ef, 0xfa9f, 0xfc0b, 0xfdb8, 0xf6cf, 0xef14, 0xf078, 0xfd72, 0x0f5d,
0x195a, 0x179e, 0x146e, 0x14d8, 0x170e, 0x1820, 0x10d3, 0x051e, 0xfe37, 0xf879, 0xef61, 0xe34d,
0xd8bb, 0xd826, 0xe236, 0xec20, 0xee62, 0xeeb4, 0xf7f3, 0x0e8d, 0x24ec, 0x2a3a, 0x22f5, 0x1ef2,
0x22cf, 0x2392, 0x18d6, 0x08c5, 0xfe0b, 0xf6e1, 0xe94d, 0xd6c1, 0xcda3, 0xd4fc, 0xe354, 0xee61,
0xf0fc, 0xef00, 0xf31e, 0xfa2c, 0xfdda, 0x04da, 0x0d33, 0x1395, 0x1b0f, 0x1cb0, 0x1a2e, 0x19cc,
0x1756, 0x1947, 0x2339, 0x220a, 0x0ef3, 0xf438, 0xdfad, 0xe196, 0xeae9, 0xe3af, 0xd81c, 0xda85,
0xecea, 0x05e4, 0x0e30, 0x033b, 0x0121, 0x0cdc, 0x139d, 0x0bc0, 0xf9f3, 0xf1f0, 0xfadf, 0xfe95,
0xf2e6, 0xe97c, 0xf107, 0x0609, 0x15c7, 0x12e9, 0x0b6c, 0x10df, 0x1afe, 0x1cba, 0x14f1, 0x0a5e,
0x07ab, 0x0716, 0xfa24, 0xe7cf, 0xe02d, 0xe21e, 0xe382, 0xe087, 0xdd75, 0xe3c4, 0xf4db, 0x0787,
0x1596, 0x1e34, 0x221e, 0x25c8, 0x2973, 0x2644, 0x1c9b, 0x1081, 0x03f7, 0xf90b, 0xec6b, 0xdd49,
0xd403, 0xd2fe, 0xd6e9, 0xe2fe, 0xf0a3, 0xf70c, 0xfb84, 0xfbed, 0xf9da, 0x023a, 0x12dd, 0x2041,
0x24c9, 0x1db5, 0x1220, 0x0d96, 0x0ccd, 0x1032, 0x1af0, 0x1eb1, 0x130a, 0xfaf0, 0xe244, 0xdf76,
0xed8b, 0xf28b, 0xec26, 0xe4e6, 0xe5d9, 0xf553, 0x0455, 0x065e, 0x083d, 0x0cf6, 0x0d6c, 0x07f4,
0xfcb1, 0xf99c, 0x03a2, 0x04c3, 0xf631, 0xe9ed, 0xec69, 0xfeae, 0x1016, 0x0df9, 0x0494, 0x0371,
0x0859, 0x10f8, 0x1576, 0x11f5, 0x1063, 0x0f66, 0x0471, 0xf424, 0xe888, 0xe443, 0xe675, 0xe5f2,
0xdfd7, 0xddfc, 0xe4d1, 0xf49d, 0x0b1e, 0x1dd1, 0x2713, 0x2bd4, 0x2c5b, 0x28b8, 0x2247, 0x1649,
0x07f3, 0xfabf, 0xe95c, 0xd621, 0xcba2, 0xcb13, 0xd3bf, 0xe35e, 0xee3c, 0xf348, 0xfb18, 0x0301,
0x0ac5, 0x1338, 0x188b, 0x1e99, 0x2306, 0x1dee, 0x159c, 0x0ef2, 0x0797, 0x082a, 0x0fe1, 0x12bd,
0x0d6e, 0xfc22, 0xe866, 0xe667, 0xefdf, 0xf4d3, 0xf371, 0xed04, 0xea5e, 0xf45b, 0xfe14, 0xfdbd,
0xfbba, 0xfc95, 0x0471, 0x0c08, 0x05b3, 0xfcfe, 0x02b5, 0x0e3b, 0x0f10, 0x0159, 0xf03e, 0xf3c0,
0x0848, 0x1230, 0x0b0a, 0xfd17, 0xf827, 0x03df, 0x0e99, 0x0bd5, 0x09ac, 0x0fe8, 0x12d4, 0x0831,
0xf0ba, 0xdd36, 0xe0a3, 0xec9b, 0xeb70, 0xdf11, 0xd783, 0xe5d3, 0x048c, 0x1cab, 0x23f5, 0x26f4,
0x2e2c, 0x33e6, 0x2de0, 0x19fc, 0x083a, 0xfe8d, 0xeedb, 0xd513, 0xbe7a, 0xb8ca, 0xc907, 0xe24e,
0xef38, 0xf015, 0xf433, 0xff7d, 0x0fd2, 0x1f9a, 0x281d, 0x2df7, 0x2db8, 0x2059, 0x0fce, 0x0487,
0x0124, 0x077d, 0x0d15, 0x0804, 0xfe2a, 0xf12a, 0xe8ce, 0xefcd, 0xf93b, 0xfcfd, 0xff3c, 0xfe49,
0xfc16, 0xfc85, 0xf807, 0xf169, 0xf1d0, 0xf346, 0xf45a, 0xf45a, 0xf3b3, 0xfc70, 0x0a13, 0x0f67,
0x0e0f, 0x0c30, 0x0de2, 0x1350, 0x139e, 0x0c90, 0x06ed, 0x027d, 0xfbe1, 0xf801, 0xf963, 0xfd65,
0x019a, 0x05ac, 0x0590, 0x0344, 0xff8f, 0xf5e3, 0xedcd, 0xec65, 0xedfb, 0xedc7, 0xead5, 0xea72,
0xf3c9, 0x05da, 0x1730, 0x233a, 0x2b1a, 0x2e6b, 0x2968, 0x1bc4, 0x0bda, 0xfec3, 0xf268, 0xe12a,
0xcde0, 0xc38c, 0xc6cc, 0xd585, 0xe62c, 0xf017, 0xf5dd, 0xfd0c, 0x094e, 0x1ab8, 0x2dda, 0x39cf,
0x371a, 0x26b4, 0x110c, 0x0237, 0x00b2, 0x04e5, 0x02e8, 0xfa18, 0xecfb, 0xe00c, 0xdda3, 0xe746,
0xf83a, 0x0b81, 0x1434, 0x1073, 0x0ab0, 0x05cc, 0x015f, 0xfd50, 0xf7cb, 0xf1e3, 0xeca0, 0xe4a7,
0xe141, 0xeb8b, 0xfd6e, 0x0c39, 0x0f90, 0x0c70, 0x10cd, 0x1c15, 0x1f84, 0x1451, 0x078d, 0x02ff,
0x040c, 0x01ed, 0xf689, 0xf065, 0xfb3e, 0x0733, 0x0384, 0xf747, 0xef42, 0xf2dc, 0xfa90, 0xf66d,
0xeb7e, 0xe8b3, 0xf0fd, 0xfc9c, 0x04fb, 0x0bae, 0x157b, 0x2194, 0x2806, 0x233e, 0x1ab9, 0x125c,
0x073d, 0xf77f, 0xe206, 0xd171, 0xce82, 0xd3d2, 0xd9fd, 0xdf85, 0xe4ea, 0xef9e, 0xffdb, 0x0e59,
0x1b71, 0x2897, 0x3203, 0x30e9, 0x264f, 0x1a7f, 0x103c, 0x092b, 0x0453, 0xfdef, 0xf9b0, 0xf410,
0xe411, 0xd675, 0xd938, 0xe61c, 0xf802, 0x05b3, 0x090c, 0x0e7a, 0x1651, 0x15c1, 0x0c9f, 0xfffc,
0xf877, 0xf9ae, 0xf75d, 0xec13, 0xe496, 0xe8ce, 0xf4eb, 0x02e6, 0x09ce, 0x0c5f, 0x13cc, 0x1858,
0x157a, 0x121e, 0x0e39, 0x0704, 0x00d0, 0xfa18, 0xf55c, 0xf9d0, 0xfd76, 0xfa80, 0xf712, 0xf48b,
0xf4a7, 0xf832, 0xf9b2, 0xf93b, 0xf99a, 0xf876, 0xf7d5, 0xfd4b, 0x0972, 0x16d4, 0x1b71, 0x1711,
0x156b, 0x1886, 0x152c, 0x0746, 0xf46c, 0xe2ee, 0xda9b, 0xd713, 0xd3d5, 0xd8df, 0xe46b, 0xee4f,
0xf1b2, 0xf21d, 0xff9a, 0x1a51, 0x2fd0, 0x37bd, 0x3106, 0x2358, 0x1b6e, 0x140f, 0x0c8b, 0x0d27,
0x09c2, 0x0076, 0xf6b7, 0xe41d, 0xd490, 0xd4ba, 0xdcf8, 0xec8c, 0xfd0c, 0x02aa, 0x0565, 0x0865,
0x0773, 0x08f0, 0x0a74, 0x070f, 0x036b, 0xfdae, 0xf761, 0xf69f, 0xf7cc, 0xf8b2, 0xfd3e, 0x04ee,
0x09a8, 0x0e37, 0x1166, 0x0df9, 0x0c09, 0x0c1c, 0x086e, 0x04b2, 0xff89, 0xf767, 0xf5e5, 0xf90b,
0xf700, 0xf147, 0xe9e0, 0xe5f0, 0xee1c, 0xf88d, 0xfb17, 0xfcf4, 0x03b1, 0x0e84, 0x171d, 0x17f9,
0x1794, 0x1cdc, 0x1f98, 0x1681, 0x0638, 0xf941, 0xf4a8, 0xf1ba, 0xe637, 0xd5c8, 0xcf82, 0xd919,
0xe7ac, 0xf090, 0xf30d, 0xf2f0, 0xf949, 0x07d9, 0x153b, 0x22f3, 0x307c, 0x2e79, 0x2013, 0x10dc,
0x04ce, 0x0953, 0x1767, 0x19cf, 0x11df, 0x0167, 0xebf1, 0xe0dd, 0xdc92, 0xdaa9, 0xe53d, 0xf39a,
0xfbb4, 0xfed4, 0xf9b5, 0xf62a, 0xfd55, 0x03ee, 0x05f0, 0x06ad, 0x04a5, 0x0332, 0x0431, 0x01f5,
0xfe35, 0x0153, 0x0815, 0x0bfa, 0x0eec, 0x0d08, 0x0664, 0x0496, 0x03b5, 0x0512, 0x0c24, 0x0b5d,
0x02a2, 0xfb69, 0xf644, 0xf47b, 0xf041, 0xe482, 0xddd3, 0xe086, 0xe51c, 0xea09, 0xef46, 0xf9de,
0x0fa6, 0x2694, 0x2f72, 0x2ccb, 0x29c6, 0x2a35, 0x276c, 0x1664, 0xf89c, 0xdf8f, 0xd682, 0xd3b0,
0xcdf3, 0xc90e, 0xce86, 0xe330, 0xf871, 0x0007, 0xfe6b, 0x00d6, 0x1012, 0x21e7, 0x2aa9, 0x2c36,
0x284a, 0x1f9c, 0x1110, 0xfeb3, 0xf8bb, 0x04cc, 0x152e, 0x1cd1, 0x1048, 0xf839, 0xe9ba, 0xe37f,
0xe207, 0xe988, 0xf55f, 0x0186, 0x0483, 0xf4ea, 0xe314, 0xe20c, 0xef7f, 0xfda1, 0x010c, 0xfed7,
0x04a8, 0x0ebd, 0x0f5c, 0x0951, 0x091b, 0x0ffe, 0x1534, 0x1128, 0x05af, 0xff6a, 0x02c5, 0x03f5,
0x00cf, 0x0045, 0x03ce, 0x0c36, 0x1030, 0x064f, 0xf680, 0xeaae, 0xe4a1, 0xe230, 0xe06c, 0xdf1b,
0xe199, 0xe8e6, 0xf405, 0x0472, 0x1858, 0x2a28, 0x3608, 0x3771, 0x2e40, 0x21b7, 0x137a, 0x00df,
0xec5f, 0xd831, 0xc9db, 0xc867, 0xcf38, 0xd8c5, 0xe370, 0xecba, 0xf5cc, 0xff46, 0x0a26, 0x16b3,
0x212e, 0x2899, 0x2ada, 0x24af, 0x189d, 0x0a16, 0xff04, 0xffed, 0x0760, 0x0eb9, 0x12e0, 0x0caa,
0x0213, 0xf586, 0xe842, 0xe6a9, 0xf048, 0xfcdc, 0x05bf, 0x0212, 0xf38e, 0xe7f2, 0xe461, 0xe685,
0xed7e, 0xf493, 0xfb9c, 0x04e3, 0x0c20, 0x0e40, 0x0d64, 0x0eec, 0x12f2, 0x1842, 0x181c, 0x0bc7,
0xfe8e, 0xf8ec, 0xf9cf, 0xff85, 0x0357, 0x0364, 0x08d4, 0x0ebb, 0x0a99, 0xfed6, 0xec42, 0xdd0a,
0xdc7c, 0xe146, 0xe50e, 0xeb24, 0xf113, 0xfa63, 0x0ab3, 0x19a8, 0x2629, 0x31b8, 0x333e, 0x2b50,
0x1d37, 0x0654, 0xeebf, 0xdc5d, 0xcfa8, 0xca2e, 0xccc1, 0xd73e, 0xe69f, 0xf76b, 0xff48, 0xfd01,
0x0026, 0x0b8c, 0x1cff, 0x2fab, 0x309b, 0x2173, 0x123e, 0x028a, 0xfb89, 0x0102, 0x02fc, 0x08c6,
0x11bc, 0x0d81, 0x05e8, 0xfc42, 0xede5, 0xeb31, 0xf219, 0xfa4e, 0x048c, 0x05e5, 0xfc3a, 0xf1b5,
0xe78c, 0xe15f, 0xe3d3, 0xeaca, 0xf51f, 0x01f2, 0x0a5b, 0x09d2, 0x07f3, 0x0ad0, 0x0f57, 0x1846,
0x1e04, 0x1918, 0x11f5, 0x074e, 0xfa2e, 0xf5ed, 0xf810, 0xfcd3, 0x066a, 0x0ba4, 0x08e5, 0x01f6,
0xf33a, 0xe403, 0xdea2, 0xdd28, 0xdcd9, 0xe35e, 0xefe8, 0x0065, 0x125f, 0x1d45, 0x2545, 0x30fb,
0x34f7, 0x2de1, 0x2060, 0x0ca1, 0xf705, 0xdf87, 0xc78b, 0xbc1e, 0xc254, 0xd1cc, 0xe138, 0xee9f,
0xfc18, 0x06c7, 0x0dd5, 0x10e9, 0x139f, 0x2194, 0x3000, 0x2eb1, 0x20de, 0x06f2, 0xf3e4, 0xf861,
0xffd8, 0x05ae, 0x0da7, 0x0da9, 0x0ccb, 0x073b, 0xf3bc, 0xe8fa, 0xee3f, 0xf8cc, 0x0666, 0x0899,
0xffbf, 0xf945, 0xef46, 0xe2b2, 0xdced, 0xdf38, 0xebbf, 0xfd9e, 0x08af, 0x0cc5, 0x0df6, 0x0ad3,
0x060b, 0x07a7, 0x0faf, 0x17fb, 0x1bb0, 0x155f, 0x0abe, 0x053e, 0x0187, 0xfd05, 0xfd94, 0x03ff,
0x0ae8, 0x0959, 0xf7c6, 0xe046, 0xd28c, 0xd15f, 0xd7f1, 0xdffd, 0xe8b1, 0xfa08, 0x129d, 0x23f9,
0x2abd, 0x2dd5, 0x306d, 0x332a, 0x2dad, 0x1885, 0xfe9c, 0xe7ee, 0xd3bf, 0xc5d8, 0xc02b, 0xc463,
0xd4dd, 0xe940, 0xf677, 0xfeca, 0x0675, 0x0d29, 0x15bb, 0x1e7b, 0x21a9, 0x2298, 0x202e, 0x1465,
0x07b9, 0xfe37, 0xf8e5, 0x017c, 0x0dca, 0x11bc, 0x1368, 0x0ad8, 0xfa27, 0xf1fa, 0xed12, 0xedf4,
0xfa3e, 0x02ca, 0x055d, 0x0536, 0xf9cd, 0xebe5, 0xe4d0, 0xe108, 0xe716, 0xf363, 0xfb6f, 0x05d4,
0x1080, 0x0f77, 0x07c8, 0x013b, 0xfe7d, 0x06fe, 0x1351, 0x15e2, 0x1617, 0x1673, 0x10ee, 0x09e6,
0x0112, 0xfb4c, 0x011e, 0x05b3, 0xfd11, 0xecb7, 0xdaa0, 0xcdd9, 0xcf06, 0xd884, 0xe44d, 0xf5c4,
0x08c9, 0x1a67, 0x2c15, 0x347e, 0x2fac, 0x26c5, 0x1d4e, 0x1498, 0x091e, 0xf3e1, 0xdf51, 0xd955,
0xdace, 0xd996, 0xd7ac, 0xdb9c, 0xea21, 0xfda7, 0x08bf, 0x08ba, 0x0d57, 0x1a2f, 0x2124, 0x1b63,
0x0ac4, 0xff6b, 0x0722, 0x0f3e, 0x0ace, 0x0695, 0x04ed, 0x0a4c, 0x1297, 0x0881, 0xf751, 0xf393,
0xf74d, 0xfd58, 0xff5c, 0xf860, 0xf70a, 0xfc5e, 0xfbed, 0xf5e9, 0xec25, 0xe545, 0xed48, 0xfbd3,
0x0249, 0x06b2, 0x0b2c, 0x0b60, 0x097a, 0x03b6, 0xfc74, 0xfdc9, 0x04e4, 0x0bf3, 0x13f3, 0x1580,
0x128a, 0x1189, 0x0ce5, 0x074a, 0x029b, 0xf9da, 0xf1a5, 0xead7, 0xe285, 0xda4c, 0xd3bf, 0xd49d,
0xe1c7, 0xf7d0, 0x0df6, 0x1e49, 0x2665, 0x28c5, 0x27ef, 0x2148, 0x14c9, 0x0518, 0xf733, 0xed6b,
0xe74d, 0xe4b4, 0xe597, 0xeb1e, 0xf1f5, 0xf5cd, 0xf53b, 0xf482, 0xfaf1, 0x074d, 0x1232, 0x15d3,
0x127e, 0x0d53, 0x0808, 0x020b, 0xfe91, 0x0124, 0x0aa8, 0x168d, 0x1907, 0x1144, 0x07af, 0xfed7,
0xf833, 0xf0c7, 0xebbf, 0xf02e, 0xfa5f, 0x02d3, 0x0293, 0xfbe7, 0xf83f, 0xf84e, 0xf5e7, 0xf2e8,
0xf3a9, 0xf8ad, 0x01c4, 0x0827, 0x077f, 0x046d, 0x00e5, 0xfc56, 0xf97a, 0xf990, 0xfe36, 0x0b1c,
0x1908, 0x2128, 0x24d6, 0x1ef3, 0x1130, 0x04ff, 0xfa7e, 0xf1dc, 0xecb2, 0xe4a8, 0xdbfb, 0xd8eb,
0xd88c, 0xdd18, 0xe80e, 0xf738, 0x0d6b, 0x24d3, 0x2fc6, 0x2d25, 0x2237, 0x1399, 0x06b8, 0xf900,
0xe9c7, 0xe2d1, 0xe5ff, 0xed37, 0xf302, 0xf393, 0xf522, 0xfc8d, 0x03b1, 0x03e8, 0x0076, 0x027e,
0x0b27, 0x1167, 0x0f0e, 0x086b, 0x02c0, 0x0062, 0xff2b, 0xfed8, 0x05ef, 0x1484, 0x211f, 0x216c,
0x1243, 0xfd24, 0xef39, 0xe95a, 0xe7ec, 0xeab5, 0xf008, 0xf76f, 0xfdf1, 0xfe82, 0xfb3c, 0xf868,
0xf685, 0xf7da, 0xfcaa, 0x02e3, 0x0a7a, 0x0f40, 0x0d12, 0x0673, 0xfe52, 0xf536, 0xef06, 0xef19,
0xf755, 0x0558, 0x10f0, 0x1a5b, 0x22dc, 0x266c, 0x21e0, 0x134b, 0xfebc, 0xedfb, 0xe493, 0xdf3a,
0xdb98, 0xd90e, 0xdc33, 0xe56a, 0xed38, 0xf51d, 0x054d, 0x1c54, 0x2f08, 0x30c3, 0x230f, 0x13e8,
0x0623, 0xf506, 0xe37e, 0xda94, 0xdffb, 0xeea4, 0xf8e6, 0xf987, 0xfb31, 0x0302, 0x08eb, 0x0833,
0x0465, 0x072e, 0x11b7, 0x1504, 0x0c74, 0x02b6, 0xfee5, 0xff24, 0xfda6, 0xfb29, 0x013b, 0x136f,
0x2320, 0x22f2, 0x16f2, 0x086a, 0xfbcc, 0xef5f, 0xe303, 0xdf36, 0xe888, 0xf380, 0xf691, 0xf3dc,
0xf09f, 0xf266, 0xf6a2, 0xf890, 0xfcc6, 0x07b0, 0x1522, 0x1b95, 0x1643, 0x0bd6, 0x02bc, 0xf9ca,
0xef5c, 0xe895, 0xede3, 0xfc31, 0x0a73, 0x15d3, 0x1d82, 0x220a, 0x20e9, 0x148d, 0x0072, 0xeee8,
0xe42a, 0xdeb7, 0xdca6, 0xde2b, 0xe64b, 0xf10f, 0xf8c2, 0xffc4, 0x09a9, 0x1611, 0x1f22, 0x208b,
0x1a41, 0x0e87, 0xffa0, 0xeea7, 0xe1e6, 0xde9b, 0xe53e, 0xf116, 0xf97e, 0xfe37, 0x02f3, 0x05f2,
0x061d, 0x050a, 0x072c, 0x0fd5, 0x1637, 0x142c, 0x0e96, 0x05ea, 0xfd4a, 0xf9cd, 0xf921, 0xfd27,
0x048e, 0x0b41, 0x13d5, 0x1a5e, 0x19b9, 0x121b, 0x04ef, 0xf726, 0xedeb, 0xe7f7, 0xe449, 0xe703,
0xeebf, 0xf4b2, 0xf3dc, 0xecfb, 0xe975, 0xf1c6, 0x00d5, 0x0cbe, 0x141f, 0x1920, 0x1a86, 0x155f,
0x0756, 0xf63f, 0xef79, 0xf3f9, 0xfa34, 0xff1b, 0x06b4, 0x145f, 0x2146, 0x2257, 0x174e, 0x075e,
0xf863, 0xeb82, 0xdf14, 0xd53e, 0xd418, 0xdfc0, 0xf00f, 0xfa62, 0x013a, 0x0b53, 0x17f8, 0x1ebb,
0x1b1f, 0x1375, 0x0ef7, 0x0981, 0xfc43, 0xeb3a, 0xe08f, 0xe35e, 0xee57, 0xf59b, 0xf7bc, 0xfb61,
0x0093, 0x0188, 0xfe29, 0xff37, 0x0b73, 0x18cb, 0x1a59, 0x1396, 0x0e6a, 0x0d8b, 0x0b10, 0x0204,
0xf733, 0xf645, 0xffa3, 0x072b, 0x07b1, 0x0655, 0x0a08, 0x0f9d, 0x0db7, 0x0297, 0xf7a3, 0xf474,
0xf45f, 0xf2c9, 0xedf9, 0xe939, 0xe9d2, 0xec88, 0xee0f, 0xeebf, 0xf2c6, 0xff5e, 0x0f31, 0x1863,
0x187a, 0x128a, 0x0adb, 0x0367, 0xfcd8, 0xf9c2, 0xfe52, 0x0a44, 0x15c1, 0x1916, 0x14cf, 0x0f2c,
0x097c, 0x0024, 0xf2b1, 0xe54a, 0xdbd3, 0xd842, 0xdcfb, 0xe8aa, 0xf5e6, 0x01b5, 0x0a78, 0x1067,
0x130f, 0x1085, 0x0afc, 0x051a, 0x000f, 0xfbc1, 0xf732, 0xf1f7, 0xf0f4, 0xf96a, 0x0459, 0x0820,
0x04bf, 0x00c3, 0xff98, 0xfcc7, 0xf7ea, 0xf7f1, 0xff01, 0x072b, 0x0a4b, 0x0ab9, 0x0cf3, 0x10ad,
0x11f1, 0x0e4a, 0x0b40, 0x0d56, 0x0fa9, 0x0c1b, 0x02fc, 0xf9c9, 0xf600, 0xf56b, 0xf2bc, 0xf1ce,
0xf52e, 0xf907, 0xfba5, 0xfabb, 0xf85e, 0xfa30, 0xfea9, 0xff2c, 0xfbbf, 0xf8b7, 0xf8d5, 0xfd0b,
0x0052, 0x00c9, 0x0009, 0xfe20, 0xfbb7, 0xfb66, 0xfebd, 0x050f, 0x0f7b, 0x1b91, 0x2503, 0x2764,
0x1f4b, 0x1034, 0xfe30, 0xeb22, 0xdcfa, 0xd675, 0xd4fd, 0xda5e, 0xe5c9, 0xf37d, 0x01d8, 0x0e14,
0x162d, 0x1959, 0x1731, 0x0f52, 0x01b0, 0xf091, 0xe417, 0xe2da, 0xe8ca, 0xf0cc, 0xfa01, 0x0360,
0x0b4b, 0x1135, 0x14a6, 0x1558, 0x129c, 0x0b27, 0x02e4, 0xfd77, 0xfbac, 0xfd67, 0xfe1e, 0xfb8d,
0xf946, 0xfc56, 0x033b, 0x08d1, 0x0e4d, 0x171c, 0x1fc2, 0x1f24, 0x1365, 0x03ea, 0xf989, 0xf5e4,
0xf15b, 0xe84e, 0xe0b4, 0xe156, 0xe961, 0xf0b4, 0xf341, 0xf667, 0xfec3, 0x0911, 0x0fd9, 0x1317,
0x1456, 0x1141, 0x08b1, 0xfc8b, 0xf1d4, 0xed16, 0xee9e, 0xf3cd, 0xf919, 0x0162, 0x0f73, 0x1e69,
0x275f, 0x2667, 0x1d15, 0x0f2a, 0xfefe, 0xecbd, 0xdc0c, 0xd45e, 0xd813, 0xe38e, 0xeec8, 0xf717,
0x021d, 0x0f0f, 0x1704, 0x14d0, 0x0b30, 0x01f2, 0xfb11, 0xf39a, 0xe9de, 0xe443, 0xe7c6, 0xf131,
0xfc85, 0x0451, 0x0903, 0x0e93, 0x128c, 0x1284, 0x116b, 0x1103, 0x0e75, 0x0a74, 0x06d6, 0x03c4,
0xff59, 0xf8e4, 0xf57b, 0xf7dd, 0xfcf7, 0x00af, 0x03ff, 0x097a, 0x115a, 0x1821, 0x17f6, 0x0fc8,
0x04c4, 0xfbd9, 0xf5a9, 0xf064, 0xeb06, 0xe7c2, 0xe778, 0xe8c0, 0xea5d, 0xee3d, 0xf5df, 0x0012,
0x0b06, 0x11ea, 0x13a4, 0x1395, 0x116a, 0x09e3, 0xfce6, 0xf0c0, 0xee1c, 0xf64d, 0x00fa, 0x0839,
0x0f3a, 0x17aa, 0x1df3, 0x1b5b, 0x0d82, 0xfdf8, 0xf3d2, 0xed46, 0xe7cf, 0xe499, 0xe753, 0xef25,
0xf7a9, 0xffa2, 0x06fb, 0x0b4d, 0x0887, 0x00d1, 0xfbf0, 0xf936, 0xf4d9, 0xeeec, 0xecc4, 0xf3fc,
0xfd73, 0x0036, 0xfe45, 0xff8c, 0x07bf, 0x0f61, 0x0db0, 0x07fc, 0x082c, 0x0d8d, 0x1124, 0x0f97,
0x0bd9, 0x0932, 0x06b2, 0x0210, 0xfc95, 0xfa26, 0xfca4, 0x008d, 0x0246, 0x023e, 0x0350, 0x084b,
0x0c37, 0x0a16, 0x0378, 0xfb67, 0xf53f, 0xf1e5, 0xf06f, 0xef14, 0xee84, 0xf07b, 0xf3a6, 0xf6b2,
0xf984, 0xfebb, 0x06aa, 0x0c58, 0x0cd6, 0x0a64, 0x0709, 0x0278, 0xfcff, 0xf741, 0xf523, 0xfa7b,
0x04c6, 0x0fcb, 0x17ef, 0x1a8e, 0x1879, 0x113c, 0x0481, 0xf6ba, 0xec50, 0xe811, 0xebaf, 0xf33a,
0xf955, 0xfd0c, 0xfedd, 0x01c8, 0x0444, 0x004e, 0xf701, 0xef9f, 0xec7b, 0xea96, 0xeb24, 0xef34,
0xf7fc, 0x040b, 0x0bf3, 0x0d22, 0x0b5e, 0x0a1b, 0x09f9, 0x08e4, 0x06a4, 0x0788, 0x0b90, 0x0de5,
0x0d60, 0x0c17, 0x0b13, 0x09ec, 0x070e, 0x03b2, 0x023b, 0x0286, 0x01bb, 0xfdb3, 0xfa63, 0xfad3,
0xfee2, 0x0284, 0x0266, 0x0146, 0x0009, 0xfe13, 0xfa66, 0xf506, 0xf0d6, 0xef8b, 0xf04d, 0xf20e,
0xf570, 0xfb70, 0x0375, 0x0937, 0x0961, 0x07f9, 0x09cb, 0x0c6a, 0x0964, 0x0064, 0xf826, 0xf542,
0xf6a2, 0xf92d, 0xfd1a, 0x044a, 0x0cfb, 0x107c, 0x0c0b, 0x04a9, 0x0028, 0x001d, 0xfe9d, 0xfac1,
0xfb35, 0x0079, 0x051f, 0x04d2, 0x0098, 0xfc28, 0xf741, 0xeeb0, 0xe4b6, 0xe055, 0xe3a7, 0xeab5,
0xf1b2, 0xf820, 0x01bf, 0x0db4, 0x13c5, 0x1104, 0x0b2f, 0x0791, 0x068f, 0x0557, 0x01fc, 0x036e,
0x0c3d, 0x137b, 0x1443, 0x10c1, 0x0e9b, 0x1038, 0x0f7c, 0x08aa, 0x0388, 0x04a6, 0x048d, 0xfc99,
0xf0dd, 0xec2c, 0xf10a, 0xf62c, 0xf57d, 0xf562, 0xfc57, 0x044f, 0x0474, 0xfc6f, 0xf665, 0xf986,
0xfd68, 0xfa71, 0xf632, 0xf912, 0x01d2, 0x0615, 0x01f6, 0xff47, 0x04bb, 0x0c44, 0x0d4a, 0x086a,
0x04d2, 0x0590, 0x06ad, 0x018e, 0xfa82, 0xf8bc, 0xf9c9, 0xf775, 0xf02f, 0xec62, 0xf1ff, 0xfd97,
0x0792, 0x0f54, 0x1983, 0x210b, 0x1e92, 0x122b, 0x01db, 0xf398, 0xe644, 0xd78a, 0xcdda, 0xd02f,
0xdbe3, 0xe9e4, 0xf513, 0xff7c, 0x0cc2, 0x1880, 0x1afd, 0x13f1, 0x0c67, 0x0a7f, 0x0b2f, 0x0798,
0x00ba, 0x00c4, 0x08cc, 0x0fe4, 0x116f, 0x1015, 0x1105, 0x140b, 0x1297, 0x0b8d, 0x05a2, 0x03e3,
0x0241, 0xfca1, 0xf34f, 0xeb38, 0xe8e8, 0xe9b9, 0xeb7b, 0xf01c, 0xf633, 0xfb28, 0xfd7a, 0xfd96,
0xff38, 0x02a3, 0x036f, 0x02d9, 0x0442, 0x056a, 0x03c4, 0xffd3, 0xfced, 0xff60, 0x053d, 0x08cd,
0x0b18, 0x0d4c, 0x0d69, 0x0a30, 0x0495, 0xfe82, 0xf887, 0xf2cb, 0xec76, 0xe763, 0xe63d, 0xeafa,
0xf45e, 0xfedb, 0x0af0, 0x1a19, 0x27c7, 0x2adc, 0x2036, 0x0dfa, 0xfbef, 0xec4a, 0xdd77, 0xd13e,
0xcf47, 0xd97b, 0xe8ac, 0xf5ab, 0xfe52, 0x0605, 0x0dd2, 0x103f, 0x0c2d, 0x0983, 0x0ab6, 0x0a70,
0x0723, 0x03c1, 0x05b3, 0x0c9e, 0x0f86, 0x0cfc, 0x0ddc, 0x14cf, 0x1996, 0x17c4, 0x11c8, 0x0d7b,
0x0d1f, 0x086e, 0xfd2f, 0xf2ea, 0xed9c, 0xeae2, 0xe66d, 0xe149, 0xe21d, 0xe9da, 0xf109, 0xf491,
0xf917, 0x006c, 0x0687, 0x0627, 0x02c9, 0x04ef, 0x0a0e, 0x093e, 0x0125, 0xfba3, 0xfffc, 0x09ab,
0x0f4e, 0x0f58, 0x10da, 0x14b2, 0x148b, 0x0aaa, 0xfabe, 0xee17, 0xe82f, 0xe4da, 0xdf47, 0xdca7,
0xe3e2, 0xf219, 0x006a, 0x0c34, 0x1858, 0x25b2, 0x2b5e, 0x2332, 0x12f0, 0x01ba, 0xf005, 0xdd6d,
0xd0ce, 0xd2bd, 0xe20f, 0xf1b4, 0xfaee, 0x026e, 0x0b31, 0x10cd, 0x0d59, 0x040b, 0xfefe, 0x01ea,
0x04e9, 0x028c, 0x0063, 0x053c, 0x0e05, 0x1192, 0x0e16, 0x0c4d, 0x12a3, 0x19f2, 0x18fd, 0x1326,
0x108e, 0x1256, 0x11a1, 0x08be, 0xfb8c, 0xf12e, 0xea66, 0xe4df, 0xdf96, 0xdbfa, 0xdf47, 0xe7ee,
0xf0a3, 0xf69c, 0xfb02, 0x012b, 0x0683, 0x0831, 0x066d, 0x0547, 0x05ad, 0x036d, 0xffe5, 0xff85,
0x0372, 0x0b48, 0x134d, 0x18a3, 0x1cd6, 0x1d4a, 0x169e, 0x089c, 0xf64a, 0xe622, 0xdbbb, 0xd63f,
0xd526, 0xdbed, 0xeada, 0xfba3, 0x0a17, 0x1551, 0x1e0a, 0x233b, 0x1f74, 0x12f0, 0x0345, 0xf2c1,
0xe41c, 0xdacd, 0xdaa0, 0xe509, 0xf3a9, 0xff68, 0x0757, 0x0d38, 0x0f65, 0x0b45, 0x0354, 0xfe9e,
0xff58, 0x013f, 0x01bb, 0x024f, 0x063f, 0x0af0, 0x0c91, 0x0c52, 0x0ca2, 0x0ee5, 0x1072, 0x0fc9,
0x1008, 0x134a, 0x16dc, 0x168f, 0x11cc, 0x0abb, 0x0220, 0xf73e, 0xeae8, 0xe0bd, 0xdbe2, 0xdab3,
0xdb53, 0xdf0f, 0xe755, 0xf247, 0xfc04, 0x0200, 0x0674, 0x0ace, 0x0ba7, 0x09d9, 0x0695, 0x0490,
0x05b9, 0x0710, 0x0999, 0x0f69, 0x1798, 0x1d57, 0x1c0f, 0x138a, 0x08ce, 0xfeb0, 0xf18e, 0xe283,
0xd7c4, 0xd6f5, 0xdfd5, 0xeadb, 0xf3b7, 0xfecd, 0x0dcd, 0x1904, 0x1845, 0x0d16, 0x0237, 0xfc9c,
0xf71e, 0xed9f, 0xe540, 0xe70e, 0xf299, 0xfe6b, 0x047c, 0x07c1, 0x0c94, 0x0f91, 0x0a8f, 0x0012,
0xf91d, 0xfb36, 0x025c, 0x0713, 0x082c, 0x09a7, 0x0dd7, 0x0fae, 0x0b49, 0x04e7, 0x02ef, 0x05ed,
0x0936, 0x0a4e, 0x09e7, 0x0ca9, 0x1208, 0x1539, 0x1468, 0x0f11, 0x07bd, 0xff32, 0xf563, 0xe9f4,
0xdf44, 0xda73, 0xdbf9, 0xe115, 0xe65a, 0xeb7a, 0xf28d, 0xfa79, 0x0048, 0x04e6, 0x07b7, 0x0741,
0x06f2, 0x087c, 0x0c14, 0x10c2, 0x1523, 0x1ad4, 0x2036, 0x2177, 0x1aac, 0x0c78, 0xfe14, 0xf28c,
0xe778, 0xdc50, 0xd7a9, 0xdde9, 0xeb49, 0xf735, 0xfec5, 0x0618, 0x0cd6, 0x0f3b, 0x0998, 0xff27,
0xf4ca, 0xed68, 0xe9ab, 0xe891, 0xedce, 0xf89a, 0x0306, 0x08e0, 0x097e, 0x07f2, 0x06b9, 0x04a8,
0x0207, 0x0086, 0x018b, 0x0575, 0x0a16, 0x0ef5, 0x135d, 0x151a, 0x121a, 0x0af3, 0x02f0, 0xfd8d,
0xfcd7, 0xfe7d, 0x011f, 0x05e5, 0x0bcd, 0x103d, 0x1101, 0x0eb4, 0x0c0e, 0x09fc, 0x053b, 0xfc6a,
0xf1b4, 0xe984, 0xe7a0, 0xe888, 0xe8ba, 0xe9d9, 0xef79, 0xf6fe, 0xfa34, 0xf7ac, 0xf488, 0xf61c,
0xf9d9, 0xfcaa, 0xfe12, 0x02e3, 0x0cfa, 0x1681, 0x1bb9, 0x1eee, 0x2378, 0x2444, 0x1c1c, 0x0bf0,
0xfb45, 0xefc7, 0xe762, 0xe0f4, 0xdeb6, 0xe38d, 0xee0f, 0xf9f3, 0x0235, 0x068a, 0x07b7, 0x0402,
0xfd47, 0xf536, 0xeec2, 0xec8b, 0xef21, 0xf4c2, 0xfb14, 0x0139, 0x0518, 0x05db, 0x03de, 0x0099,
0xfd98, 0xfbd1, 0xfc86, 0x00a8, 0x0804, 0x11c8, 0x19b5, 0x1c1f, 0x1a6e, 0x1605, 0x0f73, 0x05ad,
0xfb80, 0xf65f, 0xf7ce, 0xfceb, 0x0226, 0x07db, 0x0e73, 0x13ac, 0x132d, 0x0c7c, 0x048a, 0xfee4,
0xfa3c, 0xf381, 0xebae, 0xe6cc, 0xe737, 0xea66, 0xee0c, 0xf3ac, 0xfb96, 0x01a7, 0x01e1, 0xfdc7,
0xf962, 0xf81b, 0xf7db, 0xf738, 0xfa40, 0x01f3, 0x0b4e, 0x115d, 0x1410, 0x17c3, 0x1ba8, 0x1c09,
0x15df, 0x0a56, 0x0015, 0xf936, 0xf2e3, 0xed06, 0xeb2b, 0xef3d, 0xf6a9, 0xfb1d, 0xf99f, 0xf673,
0xf4a1, 0xf2ee, 0xee4e, 0xea70, 0xed9b, 0xf78a, 0x0298, 0x081d, 0x09c8, 0x0b62, 0x0bc8, 0x07d0,
0xfebd, 0xf6dd, 0xf5af, 0xf8a7, 0xfb20, 0xff5e, 0x093d, 0x15d3, 0x1d97, 0x1d4b, 0x1940, 0x13e6,
0x0d09, 0x0372, 0xf973, 0xf60d, 0xf8b2, 0xfd71, 0x02f8, 0x0827, 0x0caa, 0x0e12, 0x0c9b, 0x0984,
0x0422, 0xfd25, 0xf478, 0xed7a, 0xeaa5, 0xeba3, 0xedd4, 0xef57, 0xf2d2, 0xf77d, 0xfc10, 0xfe3a,
0xfd56, 0xfce4, 0xfdf7, 0xff49, 0xfed4, 0xfdf9, 0xffaf, 0x04db, 0x0af3, 0x0e4e, 0x0e00, 0x0d0e,
0x0d87, 0x0c65, 0x07d5, 0x0270, 0x00d6, 0x01bc, 0x0015, 0xfbb0, 0xfa29, 0xfcf6, 0xfe5e, 0xfaac,
0xf256, 0xeaa5, 0xe63d, 0xe2c0, 0xe066, 0xe49e, 0xf177, 0x013d, 0x0c09, 0x1070, 0x1313, 0x1387,
0x0f84, 0x04cc, 0xf8ed, 0xf471, 0xf6af, 0xfb6f, 0xfedb, 0x0558, 0x10c2, 0x19a3, 0x1c19, 0x19cd,
0x152b, 0x0f8b, 0x0856, 0xff12, 0xf854, 0xf7eb, 0xfc5f, 0x0214, 0x06a9, 0x098b, 0x0af4, 0x0a0e,
0x06b5, 0x028c, 0xfd7e, 0xf81f, 0xf328, 0xef5c, 0xed9a, 0xee26, 0xf17d, 0xf623, 0xf963, 0xf9cc,
0xf93f, 0xf997, 0xfa23, 0xfa74, 0xfb5a, 0xfed8, 0x0403, 0x0813, 0x0a92, 0x0b65, 0x0ba5, 0x0ba4,
0x0a10, 0x0685, 0x01cc, 0xfda3, 0xfbff, 0xfe4f, 0x018d, 0x025d, 0x02bf, 0x04f2, 0x07af, 0x06ea,
0xff73, 0xf50a, 0xedc4, 0xe848, 0xe252, 0xddbb, 0xdf0b, 0xe91a, 0xf76c, 0x042a, 0x0c61, 0x10f0,
0x12a7, 0x1062, 0x08c6, 0xfdfc, 0xf7c8, 0xf88f, 0xfd02, 0x0254, 0x07b6, 0x0e89, 0x1598, 0x18ea,
0x170a, 0x11d3, 0x0c9b, 0x08c3, 0x0446, 0xff00, 0xfba0, 0xfc7c, 0x01c2, 0x079d, 0x0a3e, 0x09cb,
0x07be, 0x04db, 0x001e, 0xf9bd, 0xf44f, 0xf1d7, 0xf1e4, 0xf2cf, 0xf399, 0xf3f2, 0xf5f5, 0xf9a8,
0xfc37, 0xfc1a, 0xf8ed, 0xf54a, 0xf5cf, 0xfa32, 0xfdfc, 0x00b4, 0x05af, 0x0e64, 0x15d0, 0x14fc,
0x0c06, 0x0382, 0x0159, 0x0054, 0xfba3, 0xf62b, 0xf69c, 0xfe38, 0x0599, 0x0743, 0x06ff, 0x09ee,
0x0c19, 0x07dd, 0xfc9d, 0xf123, 0xeae8, 0xe695, 0xe225, 0xe009, 0xe4ec, 0xf0d2, 0xfd2e, 0x05e5,
0x0b7c, 0x0e9e, 0x0f45, 0x0a51, 0x0131, 0xfa65, 0xf915, 0xfdb5, 0x0315, 0x07d0, 0x0d9a, 0x13b0,
0x16cc, 0x1335, 0x0c70, 0x0767, 0x0515, 0x02ed, 0xffa0, 0xfdf0, 0x0079, 0x050f, 0x0851, 0x0a4d,
0x0c62, 0x0dc3, 0x0a34, 0x01c5, 0xf99a, 0xf422, 0xf0c9, 0xee49, 0xedf0, 0xf228, 0xf943, 0xfdc4,
0xfd91, 0xfc9b, 0xfc80, 0xfb07, 0xf6d6, 0xf261, 0xf1ad, 0xf576, 0xfa61, 0x002c, 0x083e, 0x1076,
0x15dc, 0x1575, 0x10cf, 0x0ab9, 0x0346, 0xfb2e, 0xf558, 0xf3dd, 0xf784, 0xfcb5, 0xffb2, 0x0282,
0x0609, 0x0919, 0x077c, 0x0179, 0xfb8e, 0xf6b5, 0xf1ba, 0xec2a, 0xe92a, 0xeb0a, 0xf14b, 0xf8cf,
0xfec8, 0x03fc, 0x07f9, 0x0870, 0x05c5, 0xffe3, 0xf9c0, 0xf7df, 0xf963, 0xfde1, 0x0492, 0x0ca5,
0x1488, 0x187f, 0x16e2, 0x1168, 0x0c6e, 0x0777, 0x00e6, 0xfb14, 0xf952, 0xfd19, 0x0230, 0x058e,
0x08dc, 0x0e19, 0x1271, 0x1187, 0x0b46, 0x03a9, 0xfe5c, 0xf917, 0xf1d5, 0xec61, 0xed82, 0xf322,
0xf7a8, 0xf978, 0xfb46, 0xfe33, 0xfe8e, 0xfa13, 0xf3f9, 0xf2ab, 0xf64e, 0xf967, 0xfb02, 0xfee4,
0x069d, 0x0e47, 0x10b7, 0x0e44, 0x0b78, 0x0815, 0x0229, 0xfb84, 0xf6a1, 0xf5a8, 0xf84d, 0xfbfa,
0x0025, 0x03c6, 0x05ae, 0x058a, 0x02f7, 0xfec6, 0xfa51, 0xf7e5, 0xf594, 0xf2df, 0xf264, 0xf48c,
0xf95f, 0xfdd7, 0x016d, 0x057a, 0x08fa, 0x08ab, 0x0345, 0xfbd2, 0xf614, 0xf46e, 0xf462, 0xf5cd,
0xfab1, 0x02e5, 0x0cbc, 0x1275, 0x12cb, 0x1153, 0x0f04, 0x0b11, 0x0436, 0xfd7d, 0xfbbe, 0xfe9e,
0x02ee, 0x0606, 0x0a19, 0x0f89, 0x1189, 0x1058, 0x0d45, 0x0908, 0x03c9, 0xfcb9, 0xf671, 0xf33f,
0xf2cc, 0xf322, 0xf3d9, 0xf632, 0xf999, 0xfb59, 0xfbb5, 0xfc31, 0xfc45, 0xfb9c, 0xfa54, 0xf903,
0xf966, 0xfcf5, 0x0093, 0x0232, 0x0373, 0x067a, 0x099f, 0x098f, 0x05ef, 0x0095, 0xfcff, 0xfb15,
0xf9fb, 0xf8c1, 0xf906, 0xfbe4, 0xff4f, 0x01bf, 0x0158, 0x008e, 0x0090, 0x0062, 0xfe96, 0xfbbe,
0xfaaf, 0xfb94, 0xfde7, 0x0040, 0x02b5, 0x05be, 0x0760, 0x0625, 0x02d6, 0xff76, 0xfd22, 0xfa5b,
0xf5ad, 0xf272, 0xf481, 0xf95f, 0xfcaf, 0xfe2e, 0x013a, 0x06bf, 0x0a3b, 0x0846, 0x048d, 0x033e,
0x03eb, 0x040f, 0x0233, 0x02f5, 0x0898, 0x0e14, 0x0e96, 0x0b6d, 0x09c5, 0x0c42, 0x0e76, 0x0b40,
0x057f, 0x0107, 0xfe78, 0xfa9b, 0xf4db, 0xeffa, 0xeed3, 0xf1b6, 0xf4c1, 0xf6b2, 0xf9f1, 0x00ef,
0x06e3, 0x07c2, 0x03af, 0xfd14, 0xf8f4, 0xf701, 0xf592, 0xf4e0, 0xf77f, 0xfe82, 0x05e1, 0x0a63,
0x0b5b, 0x09bf, 0x06ad, 0x0194, 0xfb1e, 0xf699, 0xf596, 0xf6ed, 0xf8e0, 0xf9c7, 0xfaab, 0xfdc6,
0x01d6, 0x0571, 0x08a2, 0x09e1, 0x0964, 0x08b9, 0x07d4, 0x0677, 0x03bb, 0xfffb, 0xfd16, 0xfc26,
0xfd82, 0xff11, 0xfe4e, 0xfd71, 0xfdfa, 0xfe27, 0xfd7f, 0xfaf6, 0xf7f3, 0xf611, 0xf441, 0xf21f,
0xf185, 0xf626, 0xff31, 0x07e0, 0x0cef, 0x0e5e, 0x0e27, 0x0d1e, 0x0a33, 0x0632, 0x0372, 0x0259,
0x02ae, 0x04ae, 0x07cd, 0x0b7b, 0x0e2e, 0x0cc2, 0x073d, 0x001c, 0xfab7, 0xf8ec, 0xf86a, 0xf7c8,
0xf904, 0xfcd0, 0x00d0, 0x0245, 0x00a3, 0xfe39, 0xfc4e, 0xf956, 0xf49c, 0xf139, 0xf1eb, 0xf5c9,
0xfa02, 0xfd2e, 0x0126, 0x0528, 0x0757, 0x06f0, 0x03fb, 0x00eb, 0xfe74, 0xfc7e, 0xfa33, 0xf883,
0xf999, 0xfbd4, 0xfcdd, 0xfd99, 0x0120, 0x082c, 0x0f00, 0x1108, 0x0ea2, 0x0ae6, 0x07aa, 0x03c2,
0xfe35, 0xf8ba, 0xf647, 0xf7e4, 0xfb5a, 0xfeb3, 0x0170, 0x051e, 0x0936, 0x09e5, 0x04c2, 0xfd07,
0xf7b8, 0xf4e9, 0xf253, 0xefd8, 0xf09c, 0xf668, 0xfd6c, 0x0195, 0x02fc, 0x04ec, 0x07f1, 0x0885,
0x06ae, 0x046a, 0x041a, 0x045a, 0x025b, 0xffc8, 0xfdad, 0xfd68, 0xfed4, 0x0020, 0x0088, 0x024e,
0x0659, 0x0aab, 0x0ebe, 0x0fc0, 0x0d0d, 0x08cd, 0x0382, 0xfd5a, 0xf6f5, 0xf2db, 0xf25d, 0xf3e8,
0xf61b, 0xf7ce, 0xf9fe, 0xfe9b, 0x0369, 0x04b3, 0x01af, 0xfd72, 0xfaa9, 0xf874, 0xf55d, 0xf34a,
0xf550, 0xfa9d, 0x0043, 0x037f, 0x04eb, 0x0704, 0x0952, 0x0b18, 0x0b63, 0x0a06, 0x0829, 0x052b,
0x0150, 0xfd6a, 0xf99a, 0xf802, 0xf9f4, 0xfe48, 0x0241, 0x04de, 0x07a2, 0x0926, 0x07be, 0x03ac,
0xfe94, 0xfa29, 0xf7c6, 0xf6a7, 0xf682, 0xf9fe, 0xff1b, 0x03f4, 0x065c, 0x05f5, 0x0520, 0x0570,
0x05d8, 0x0297, 0xff27, 0xfdb7, 0xfd2b, 0xfbde, 0xf847, 0xf489, 0xf268, 0xf24a, 0xf359, 0xf656,
0xfb7f, 0x013b, 0x06a8, 0x0b49, 0x0e6c, 0x0f11, 0x0cec, 0x0922, 0x0439, 0xfed0, 0xfaa6, 0xf7e3,
0xf7d1, 0xfa5b, 0xfe24, 0x02db, 0x06cc, 0x0954, 0x09f1, 0x097e, 0x0760, 0x02b8, 0xfc59, 0xf517,
0xf0e8, 0xf0ad, 0xf23f, 0xf5b5, 0xfc4a, 0x0432, 0x0a56, 0x0bfd, 0x09bb, 0x07df, 0x065f, 0x0434,
0x0141, 0xfed1, 0xfedc, 0xff45, 0xfe23, 0xfbf3, 0xfc00, 0xffb7, 0x0362, 0x047a, 0x02ef, 0x01c2,
0x016f, 0xff1a, 0xfb84, 0xf973, 0xfab5, 0xfd93, 0xff55, 0xff1f, 0xffc5, 0x032e, 0x0628, 0x0691,
0x0531, 0x043f, 0x058e, 0x0735, 0x060e, 0x0350, 0x00db, 0xfe99, 0xfb65, 0xf67e, 0xf1cf, 0xf07d,
0xf36c, 0xf73d, 0xfa4c, 0xfdb8, 0x0210, 0x0564, 0x04c9, 0x01b8, 0xfeca, 0xfcf1, 0xfb1d, 0xf8eb,
0xf718, 0xf6ff, 0xfa5a, 0xfda3, 0xffc9, 0x0256, 0x049a, 0x05cd, 0x0566, 0x03db, 0x020f, 0x020f,
0x017d, 0x0078, 0x00ce, 0x00d6, 0x020b, 0x03f9, 0x0610, 0x088a, 0x09e8, 0x09e7, 0x09b0, 0x09d5,
0x0900, 0x060d, 0x0171, 0xfd97, 0xfc3f, 0xfae1, 0xf963, 0xfa05, 0xfca7, 0xffec, 0x00ec, 0xffdb,
0xfecc, 0xff0c, 0xfec7, 0xfcc0, 0xfb5c, 0xfbe7, 0xfe67, 0x002e, 0xffea, 0xff67, 0x00ff, 0x0312,
0x0430, 0x04a6, 0x044c, 0x057e, 0x05c6, 0x044b, 0x036a, 0x02c0, 0x02e6, 0x0237, 0xff31, 0xfbc1,
0xf967, 0xf897, 0xf7dd, 0xf6c9, 0xf764, 0xf9d4, 0xfcbc, 0xfdda, 0xfdca, 0xfe9e, 0xfe81, 0xfca9,
0xfb2f, 0xfae8, 0xfc0f, 0xfed8, 0x00e9, 0x018f, 0x0186, 0xffe1, 0xfd21, 0xfa88, 0xf96d, 0xfa0a,
0xfb2c, 0xfbc3, 0xfc94, 0xff32, 0x0118, 0x0043, 0xfdef, 0xfd15, 0xfff3, 0x0327, 0x04f0, 0x06f9,
0x0aaf, 0x0ebd, 0x0e9e, 0x0a27, 0x04ff, 0x02f1, 0x02fb, 0x0183, 0xff52, 0xff0f, 0x0123, 0x03aa,
0x04fd, 0x054b, 0x0625, 0x072a, 0x06a8, 0x03f0, 0xffef, 0xfc90, 0xfa4d, 0xf868, 0xf7b0, 0xf8fc,
0xfc20, 0x00bd, 0x0574, 0x0875, 0x0939, 0x08cb, 0x06f1, 0x045c, 0x0156, 0xfd3c, 0xfa3f, 0xf8d1,
0xf7bf, 0xf84e, 0xf979, 0xfacd, 0xfd52, 0xff9e, 0x0176, 0x016b, 0x00b4, 0x0076, 0xff0e, 0xfd1b,
0xfab3, 0xf956, 0xf9ec, 0xfaec, 0xfcb3, 0xfebd, 0xffd5, 0x014c, 0x02de, 0x0217, 0xffb6, 0xfcd2,
0xf8ee, 0xf6a0, 0xf5ff, 0xf718, 0xfa73, 0xfd16, 0xffbd, 0x02aa, 0x0411, 0x0416, 0x0397, 0x0330,
0x0371, 0x0492, 0x04a3, 0x03ba, 0x041b, 0x051d, 0x04a9, 0x02ea, 0x0089, 0xfe2f, 0xfd22, 0xfbe7,
0xfaab, 0xfaf9, 0xfcca, 0x0025, 0x0312, 0x0443, 0x058d, 0x06f0, 0x064b, 0x038d, 0xffd0, 0xfd3e,
0xfd45, 0xfe51, 0xffd9, 0x03a9, 0x0904, 0x0d8e, 0x0f68, 0x0d67, 0x09bd, 0x067f, 0x01f8, 0xfc70,
0xf842, 0xf6ee, 0xf922, 0xfcd4, 0xff90, 0x00b5, 0x00e2, 0xff7f, 0xfdb9, 0xfb04, 0xf7e8, 0xf79f,
0xf945, 0xfbc5, 0xfcd5, 0xfdad, 0xff3c, 0x00ed, 0x0241, 0x0167, 0x00d2, 0x00fc, 0x00f8, 0xfff5,
0xfd92, 0xfaae, 0xf860, 0xf7fc, 0xf8c3, 0xfaac, 0xfd10, 0xff9f, 0x0410, 0x0623, 0x04b5, 0x02ea,
0x0042, 0xfee3, 0xfe74, 0xfdf6, 0xfe95, 0x00c3, 0x02e1, 0x0393, 0x042d, 0x04bf, 0x0467, 0x0243,
0xff50, 0xfcbb, 0xfb7b, 0xfb8f, 0xfc5b, 0xfe24, 0x0117, 0x040b, 0x0633, 0x0699, 0x0423, 0x00e2,
0xfdcb, 0xfbb7, 0xfa9f, 0xfad3, 0xfd9b, 0x0205, 0x064a, 0x08bc, 0x09ab, 0x0906, 0x0731, 0x0424,
0x000b, 0xfc2c, 0xf8cf, 0xf7fa, 0xf901, 0xfb6b, 0xff34, 0x023b, 0x042f, 0x043c, 0x02db, 0xfff1,
0xfcac, 0xfa87, 0xf992, 0xfabd, 0xfc2a, 0xfe3b, 0x0108, 0x038a, 0x05c9, 0x0663, 0x0558, 0x0474,
0x04a8, 0x02f6, 0xff7e, 0xfca2, 0xf972, 0xf76e, 0xf6a6, 0xf615, 0xf868, 0xfda5, 0x02c1, 0x0605,
0x076e, 0x05c9, 0x0303, 0x008e, 0xfca0, 0xfaf4, 0xfbbd, 0xfd73, 0x0096, 0x03ba, 0x05ce, 0x06b0,
0x06d9, 0x0487, 0x00db, 0xfd75, 0xfaa0, 0xf9d4, 0xfb87, 0xfe78, 0x0160, 0x04a6, 0x0612, 0x045c,
0x0205, 0xff99, 0xfcfb, 0xfbd1, 0xfc67, 0xfe3a, 0x00d7, 0x02ae, 0x047b, 0x0769, 0x0823, 0x05f2,
0x02cb, 0xfddc, 0xfa57, 0xf965, 0xf7fc, 0xf859, 0xfb1b, 0xfef7, 0x01ab, 0x024b, 0x0272, 0x01c2,
0xfff3, 0xfd26, 0xfa5c, 0xf882, 0xf915, 0xf9d6, 0xfb86, 0xff3e, 0x022c, 0x0518, 0x05d4, 0x05b0,
0x06a3, 0x05d0, 0x0384, 0x010a, 0xff6e, 0xfd60, 0xf9de, 0xf724, 0xf6c0, 0xf967, 0xfd16, 0x0083,
0x0305, 0x04af, 0x0582, 0x04fa, 0x03e5, 0x0145, 0xffb2, 0xffdf, 0x0089, 0x0150, 0x01c8, 0x03cf,
0x0608, 0x0652, 0x0409, 0x00ed, 0x003e, 0xff91, 0xfcea, 0xfb28, 0xfb7b, 0xff03, 0x033c, 0x042b,
0x03f2, 0x0493, 0x0458, 0x025e, 0xfef6, 0xfc00, 0xfd8b, 0x0102, 0x0391, 0x0523, 0x04b2, 0x04cf,
0x0440, 0x0136, 0xfcb2, 0xf867, 0xf75f, 0xf903, 0xfaeb, 0xfcb2, 0xff7f, 0x0274, 0x0394, 0x0163,
0xfcf2, 0xfa61, 0xf994, 0xf9d5, 0xfa09, 0xf94f, 0xfa9e, 0xfd8a, 0xff8d, 0x0109, 0x0313, 0x0496,
0x0633, 0x064d, 0x03fc, 0x0184, 0xfddd, 0xfbf7, 0xfc88, 0xfcc3, 0xfe37, 0xff50, 0xfefa, 0xff25,
0xff44, 0xff70, 0x000f, 0x0075, 0xff42, 0xfd2d, 0xfaef, 0xfac1, 0xfd77, 0xfff1, 0x0366, 0x0730,
0x09db, 0x09bd, 0x0621, 0x02d5, 0x012e, 0xffa1, 0xfdb5, 0xfbd0, 0xfaa5, 0xfc01, 0xfe6a, 0xff12,
0xff9d, 0x025f, 0x058a, 0x056a, 0x0267, 0x014e, 0x024b, 0x038c, 0x04e9, 0x0573, 0x06aa, 0x080b,
0x073c, 0x03be, 0xff96, 0xfdaf, 0xfd43, 0xfc42, 0xfad4, 0xfa6a, 0xfc23, 0xfeb2, 0xffec, 0xffc8,
0xfed9, 0xfea7, 0xff3d, 0xfe27, 0xfc39, 0xfb26, 0xfbc6, 0xfd60, 0xfc63, 0xfbe9, 0xff11, 0x02d7,
0x04d3, 0x0383, 0x0291, 0x0366, 0x032a, 0x0196, 0xfec0, 0xfca6, 0xfccb, 0xfcf4, 0xfc00, 0xfcb4,
0xff1d, 0x0133, 0x0293, 0x00e2, 0xfe29, 0xfd6a, 0xfc36, 0xfbbd, 0xfb21, 0xfa20, 0xfc1f, 0xfec8,
0x0174, 0x0432, 0x06f2, 0x0967, 0x08f6, 0x0585, 0x011b, 0xff08, 0xfd7c, 0xfb09, 0xfa36, 0xfbc3,
0xfecd, 0xffc1, 0xfec8, 0xff38, 0x0085, 0x0042, 0xff7a, 0xff8b, 0x0043, 0x0326, 0x06db, 0x09b6,
0x0aee, 0x08bf, 0x061e, 0x0446, 0x0162, 0xfe48, 0xfaff, 0xf948, 0xfa36, 0xfaf5, 0xfb3b, 0xfc87,
0xfe41, 0x0020, 0x00eb, 0xff83, 0xfdc8, 0xfc86, 0xfce5, 0xfde9, 0xfd3c, 0xfccc, 0xfd40, 0xfe70,
0xff83, 0xffb0, 0x0187, 0x0518, 0x0735, 0x0562, 0x01d5, 0xffa3, 0xff31, 0xfeda, 0xfd54, 0xfd5f,
0xff37, 0x01dd, 0x037e, 0x02f9, 0x01f5, 0x01b6, 0x02ae, 0x01ef, 0xff3d, 0xfc27, 0xfafb, 0xfc97,
0xfdb1, 0xfe83, 0xff99, 0x022d, 0x0674, 0x073f, 0x052b, 0x03b5, 0x026a, 0x00e2, 0xfdc1, 0xfada,
0xfba4, 0xfe70, 0xfef6, 0xfdda, 0xfd5e, 0xfdc5, 0xff61, 0xff0f, 0xfea1, 0x001b, 0x01cb, 0x04ab,
0x0647, 0x061a, 0x05bd, 0x0421, 0x0216, 0x0114, 0xff90, 0xfef0, 0xffee, 0xff4b, 0xff51, 0xff34,
0xfd2b, 0xfb5b, 0xf9ae, 0xf92a, 0xf955, 0xf8f1, 0xf8bc, 0xfa1b, 0xfc75, 0xff07, 0x01c4, 0x03af,
0x04e3, 0x0493, 0x0372, 0x01ef, 0xff94, 0xfe89, 0xfe3e, 0xfea7, 0xffaa, 0xff0e, 0xfea0, 0xff0c,
0xff83, 0xff96, 0x008e, 0x0271, 0x02c5, 0x02af, 0x01e3, 0x010c, 0x00d6, 0xfff5, 0xff39, 0xfefc,
0xfe7f, 0xfdaa, 0xfd60, 0xfd63, 0xfeda, 0x0195, 0x03be, 0x05a7, 0x05ee, 0x047b, 0x0301, 0x013d,
0xfeb5, 0xfc64, 0xfbd0, 0xfd77, 0xfeb8, 0xfd4c, 0xfc98, 0xfe0d, 0x000e, 0x0281, 0x046f, 0x0641,
0x0845, 0x0821, 0x06ae, 0x0557, 0x0367, 0x017c, 0xffe5, 0xfff5, 0x0141, 0x0146, 0x011e, 0x0100,
0x008a, 0x0062, 0xfef8, 0xfca2, 0xf9c0, 0xf76f, 0xf69c, 0xf5cd, 0xf651, 0xf8f5, 0xfc28, 0xfe14,
0xff1f, 0x0043, 0x0266, 0x0493, 0x04b7, 0x0430, 0x0401, 0x03e9, 0x02fd, 0x0078, 0xfee0, 0xff67,
0xffce, 0xff88, 0xfdff, 0xfc5a, 0xfc80, 0xfda3, 0xff16, 0x0093, 0x00ef, 0x0071, 0x0051, 0x0029,
0xffc8, 0xfe42, 0xfdd8, 0xff30, 0xff55, 0xfe95, 0xfe54, 0xffa2, 0x0249, 0x03cf, 0x03f7, 0x05a3,
0x0597, 0x0300, 0x00b1, 0xff0b, 0xfee3, 0xfcfd, 0xfaa3, 0xfb11, 0xfc2f, 0xfcf9, 0xfdc0, 0xffa2,
0x02ea, 0x055a, 0x0521, 0x03ad, 0x0409, 0x0572, 0x04d9, 0x02a2, 0x0021, 0xfea6, 0xfe9b, 0xff10,
0xfeef, 0xfeee, 0xfff5, 0xffda, 0xfef2, 0xfd66, 0xfc71, 0xfd5b, 0xfd25, 0xfbe0, 0xfb23, 0xfbb1,
0xfd22, 0xfd93, 0xfd63, 0xfec2, 0x01f5, 0x049e, 0x04bb, 0x0332, 0x0266, 0x0325, 0x038a, 0x02d0,
0x0262, 0x0324, 0x0434, 0x0362, 0x0169, 0xff7a, 0xfdad, 0xfdad, 0xfed4, 0xff18, 0xfff0, 0x00ac,
0xff94, 0xfeec, 0xff69, 0xffb4, 0xffab, 0xffa5, 0xffbc, 0x0049, 0xff9f, 0xfdf4, 0xfd4b, 0xfdf4,
0xfff7, 0x01b9, 0x0337, 0x0416, 0x02e2, 0x0090, 0xfdd4, 0xfbb0, 0xfb19, 0xfbe6, 0xfde6, 0x00c6,
0x0213, 0x01b3, 0x0200, 0x0224, 0x01ce, 0x00a9, 0xffd8, 0x00f0, 0x0147, 0x008c, 0x00b4, 0x0089,
0x01a2, 0x02e7, 0x0059, 0xfe37, 0xfd07, 0xfa8b, 0xf9b5, 0xfaba, 0xfbcb, 0xfd88, 0xfe84, 0xfe09,
0xfded, 0xfe28, 0xfef6, 0xff88, 0xffed, 0x0110, 0x013e, 0xffdc, 0xfe7c, 0xfdb3, 0xfd70, 0xfd38,
0xfd88, 0xfed2, 0x010f, 0x03ce, 0x0597, 0x0667, 0x063b, 0x04e7, 0x01c3, 0xfe02, 0xfbf5, 0xfc87,
0xff37, 0x01db, 0x0390, 0x0549, 0x061c, 0x048c, 0x01e8, 0xffda, 0x0019, 0x010b, 0x01f5, 0x02bc,
0x01e5, 0x016f, 0x0089, 0xff92, 0xfff9, 0x0067, 0x00e7, 0x0160, 0x009a, 0xff5f, 0xff2f, 0xff28,
0x001d, 0x0214, 0x02bf, 0x02ca, 0x02aa, 0x00c4, 0xfe8d, 0xfd95, 0xfd8e, 0xfea0, 0x0020, 0x010d,
0x0115, 0x0061, 0x0011, 0x011a, 0x00b2, 0xfdda, 0xfbf9, 0xfb1b, 0xf945, 0xf751, 0xf66f, 0xf7c4,
0xfb34, 0xfe08, 0xff1d, 0x0111, 0x03d7, 0x04a9, 0x04ad, 0x0407, 0x024f, 0xff27, 0xfb9e, 0xf999,
0xf7fd, 0xf7df, 0xf9ce, 0xfd4c, 0x0134, 0x0362, 0x03cf, 0x03cf, 0x03b2, 0x01c2, 0xfea2, 0xfd45,
0xfd50, 0xfe71, 0x005c, 0x01a9, 0x0403, 0x06bd, 0x0742, 0x05eb, 0x0421, 0x01e9, 0x008c, 0x0050,
0x0105, 0x02a3, 0x03a6, 0x0477, 0x034a, 0xffe2, 0xfc35, 0xfa4c, 0xfa22, 0xfa4c, 0xfba3, 0xfe31,
0x0100, 0x02bf, 0x0298, 0x0103, 0x012c, 0x0375, 0x0560, 0x05b5, 0x0495, 0x03a0, 0x023a, 0xff2c,
0xfd07, 0xfddd, 0x00c0, 0x03e5, 0x05d1, 0x05d6, 0x03db, 0x0147, 0xfe85, 0xfc10, 0xfb6c, 0xfc44,
0xfc35, 0xfaa9, 0xf988, 0xf967, 0xfb65, 0xffab, 0x0455, 0x0854, 0x0986, 0x072f, 0x028a, 0xfd3e,
0xf88c, 0xf596, 0xf600, 0xf7bc, 0xf990, 0xfb33, 0xfdd1, 0x0146, 0x0266, 0x02d5, 0x033c, 0x01c8,
0xfe4a, 0xfaed, 0xf9cf, 0xfad2, 0xfd48, 0x001e, 0x02a7, 0x04f0, 0x0520, 0x02f4, 0x01e1, 0x0216,
0x0273, 0x029b, 0x01e1, 0x021d, 0x02c1, 0x01e2, 0xff86, 0xfdb8, 0xfd93, 0xfcef, 0xfcf9, 0xfda5,
0xfe8d, 0x00d0, 0x034f, 0x0470, 0x0423, 0x03e8, 0x038c, 0x0367, 0x02d5, 0x0126, 0x0099, 0x014d,
0x0150, 0x006c, 0xfffd, 0x003a, 0x008b, 0x00e0, 0x0024, 0xff3e, 0xffd3, 0x0063, 0xff1a, 0xfcd9,
0xfaa8, 0xf923, 0xf961, 0xf9aa, 0xfad5, 0xfd78, 0xffed, 0x011d, 0x00d6, 0x01b1, 0x0386, 0x04dd,
0x044b, 0x028d, 0x0013, 0xfbd6, 0xf8e9, 0xf8a1, 0xfb69, 0x0079, 0x054d, 0x085a, 0x07a9, 0x0456,
0x008a, 0xfe67, 0xff3c, 0x013e, 0x0383, 0x046c, 0x034b, 0x011e, 0xfe33, 0xfd1b, 0xff45, 0x02d7,
0x046c, 0x03cc, 0x01f3, 0xff65, 0xfdb8, 0xfd1c, 0xfdb3, 0xfdbd, 0xfc18, 0xf94d, 0xf68f, 0xf583,
0xf76d, 0xfbb9, 0x0187, 0x06f9, 0x0820, 0x05f8, 0x0358, 0x01d8, 0x00e0, 0x0019, 0x0128, 0x0378,
0x043c, 0x02e6, 0x0180, 0x00a3, 0x01dc, 0x02cc, 0x00f3, 0xffda, 0xfeb0, 0xfc26, 0xfac9, 0xfaf5,
0xfc26, 0xfe24, 0xff46, 0xfd9d, 0xfb9a, 0xfb50, 0xfc99, 0x003c, 0x0406, 0x060e, 0x073d, 0x07bd,
0x067e, 0x03f6, 0x0134, 0xfe80, 0xfbd9, 0xf9e0, 0xf91e, 0xf9d7, 0xfba8, 0xfe16, 0x0065, 0x0119,
0x01b6, 0x0210, 0x0140, 0x003f, 0xfff8, 0x0021, 0xffbb, 0xffa2, 0xffa3, 0x001c, 0x0134, 0x00b5,
0xfecd, 0xfce4, 0xfb9a, 0xfcee, 0x0100, 0x06bf, 0x0aaa, 0x09fe, 0x050c, 0xfc4c, 0xf5c4, 0xf3e2,
0xf5eb, 0xfc2d, 0x0305, 0x070f, 0x0687, 0x03f5, 0x0264, 0x0256, 0x041e, 0x0705, 0x0941, 0x08b8,
0x0525, 0xffb3, 0xfc0b, 0xfd3a, 0x017a, 0x058a, 0x05ce, 0x020e, 0xfd3f, 0xf91c, 0xf661, 0xf5d2,
0xf807, 0xfaff, 0xfb7b, 0xf8b1, 0xf466, 0xf28f, 0xf6d9, 0xfe51, 0x04f7, 0x08b1, 0x08bd, 0x07f1,
0x06e1, 0x0544, 0x048e, 0x0546, 0x05a3, 0x03e8, 0x000a, 0xfc5e, 0xfb46, 0xfcfe, 0x0017, 0x0277,
0x0371, 0x01cd, 0xfe4a, 0xfa91, 0xf7ac, 0xf88a, 0xfcd0, 0x00ad, 0x0356, 0x03dc, 0x01c3, 0x0029,
0xff51, 0xff2d, 0xffc6, 0xffaf, 0xff7c, 0xfef8, 0xff47, 0x0137, 0x0361, 0x04f6, 0x052a, 0x042b,
0x010f, 0xfd69, 0xfb76, 0xfb07, 0xfd14, 0x000d, 0x020d, 0x02cd, 0x0223, 0x0128, 0x00f4, 0x01a6,
0x01b6, 0x012b, 0x009f, 0xff67, 0xff7e, 0xffe6, 0xfda5, 0xf9b1, 0xf666, 0xf6c1, 0xfb69, 0x0228,
0x07ab, 0x090a, 0x04c7, 0xfbb0, 0xf36a, 0xf104, 0xf63d, 0x0055, 0x0746, 0x07ae, 0x045a, 0x00a9,
0xffee, 0x03c0, 0x0a3e, 0x1077, 0x134c, 0x0f9b, 0x06bd, 0xfdca, 0xf8bb, 0xfa9a, 0x0097, 0x044f,
0x03ff, 0xff4c, 0xf95c, 0xf6d7, 0xf68b, 0xf7ea, 0xfb4e, 0xfcc0, 0xfbcb, 0xfa55, 0xf880, 0xf884,
0xfc07, 0x0191, 0x057e, 0x0461, 0xff19, 0xfb88, 0xfcc8, 0x0023, 0x0392, 0x0637, 0x06b2, 0x05cf,
0x03ba, 0xff51, 0xfc07, 0xfe11, 0x0340, 0x0748, 0x06c9, 0x01ef, 0xfdda, 0xfcbd, 0xfd16, 0xfe77,
0x013d, 0x034a, 0x03e2, 0x01e8, 0xfd43, 0xfb47, 0xfd5e, 0x00ec, 0x0280, 0x0127, 0xfe01, 0xfbd1,
0xfb53, 0xfb37, 0xfdc0, 0x00af, 0x0216, 0x01a3, 0xfe12, 0xfa75, 0xfa8b, 0xfd6a, 0xfff9, 0x0185,
0x0266, 0x0245, 0x00a6, 0xff86, 0xffe4, 0x0157, 0x0282, 0x025f, 0x012b, 0x007f, 0x01b9, 0x00a8,
0xfbc0, 0xf461, 0xefaf, 0xf310, 0xfd07, 0x08cc, 0x0ed6, 0x0c47, 0x02f7, 0xf7f1, 0xf215, 0xf6c7,
0x05ac, 0x1528, 0x1a5a, 0x125e, 0x03d3, 0xf96a, 0xf9f9, 0x027b, 0x0b3d, 0x0f58, 0x0d98, 0x04cf,
0xf94e, 0xf144, 0xf0a7, 0xf9f4, 0x04bd, 0x07c8, 0x0091, 0xf671, 0xf35b, 0xf812, 0xff12, 0x014b,
0xfddf, 0xf6c9, 0xf0dc, 0xefbb, 0xf291, 0xfc0a, 0x0a29, 0x12b1, 0x0e6d, 0x0248, 0xf85e, 0xf7f5,
0x01a0, 0x0b64, 0x0ec6, 0x0b7b, 0x03ee, 0xfd11, 0xf959, 0xfa65, 0x0042, 0x07f8, 0x0b01, 0x0645,
0xfd96, 0xf85b, 0xfa71, 0xffa7, 0x025c, 0x00f5, 0xfc08, 0xf668, 0xf53a, 0xf81c, 0xfcd8, 0x0266,
0x0577, 0x0280, 0xfbe1, 0xf738, 0xf7f2, 0xfd97, 0x027c, 0x0394, 0x00d7, 0xfd47, 0xfc1e, 0xfdfc,
0x018c, 0x0518, 0x083c, 0x07db, 0x0550, 0x0424, 0x049b, 0x06ae, 0x070a, 0x03fc, 0xfe69, 0xf836,
0xf52d, 0xf67b, 0xfb55, 0x0082, 0x0197, 0xfbe8, 0xf0c9, 0xe7be, 0xeac2, 0xfbd6, 0x10ba, 0x1e87,
0x1cd0, 0x0aff, 0xf476, 0xe6e0, 0xec8a, 0x036c, 0x1bf0, 0x25d4, 0x1aed, 0x03c3, 0xf270, 0xf380,
0x0310, 0x11f2, 0x1681, 0x0f77, 0x017d, 0xf59b, 0xf081, 0xf403, 0xfe88, 0x066e, 0x02ea, 0xf6a2,
0xea2b, 0xe9e1, 0xf86d, 0x07cd, 0x0b2c, 0xff77, 0xed6d, 0xe279, 0xe659, 0xf39b, 0x02c9, 0x1012,
0x1412, 0x0c1f, 0xfdaa, 0xf2f9, 0xf5e9, 0x0559, 0x1381, 0x143b, 0x08c6, 0xfb99, 0xf60d, 0xfbb6,
0x04b5, 0x09bd, 0x0bd4, 0x082a, 0x00d2, 0xfc6c, 0xfcf3, 0x02c0, 0x0a53, 0x09c2, 0xfeb7, 0xf3d8,
0xef5c, 0xf355, 0xfc93, 0x02cc, 0x0424, 0x0013, 0xf74e, 0xf021, 0xf0a5, 0xf77e, 0x00a4, 0x073d,
0x0622, 0x026b, 0x0180, 0x02ff, 0x0592, 0x0622, 0x056d, 0x0487, 0x02c5, 0x014e, 0x04fa, 0x0c62,
0x0ece, 0x0989, 0xfe46, 0xf5b6, 0xf552, 0xf9f6, 0xfef1, 0x0041, 0xfe35, 0xfac3, 0xf9c0, 0xf897,
0xf351, 0xee49, 0xed08, 0xf320, 0x01ae, 0x0fa6, 0x170d, 0x1536, 0x06e3, 0xf2d8, 0xe689, 0xed31,
0x0515, 0x1f63, 0x2997, 0x1daa, 0x0711, 0xf618, 0xf4eb, 0xff78, 0x0a58, 0x0dfa, 0x0bfb, 0x057f,
0xfbbf, 0xf6aa, 0xf789, 0xfcb7, 0x0047, 0xf868, 0xecb4, 0xec25, 0xf7ab, 0x051c, 0x0b1b, 0x0393,
0xf426, 0xea13, 0xe6c3, 0xec63, 0xfb72, 0x0a46, 0x12ed, 0x10d5, 0x041d, 0xf8a6, 0xf93e, 0x032e,
0x0ca6, 0x0f70, 0x0aa8, 0x030b, 0xfe7d, 0xfe01, 0x0091, 0x02f8, 0x00f7, 0xfd5e, 0xfc72, 0xfd36,
0x011a, 0x0756, 0x08ee, 0x042a, 0xfb06, 0xeffb, 0xebde, 0xf3f2, 0x002d, 0x0837, 0x0961, 0x037b,
0xfdc5, 0xfc37, 0xfcae, 0x004f, 0x03fc, 0x050b, 0x0395, 0x0160, 0x00d4, 0x0299, 0x0513, 0x01df,
0xfb2b, 0xf782, 0xf900, 0xfee1, 0x0651, 0x0bfa, 0x0dd0, 0x0991, 0xfd41, 0xf1c7, 0xf137, 0xfb05,
0x075c, 0x0ad3, 0x0151, 0xf633, 0xf29a, 0xf5dc, 0xfd02, 0x009d, 0xfd9a, 0xf901, 0xf5d8, 0xf678,
0x01e7, 0x11f3, 0x1984, 0x12f3, 0xfd30, 0xe806, 0xe48f, 0xf423, 0x0d47, 0x21c8, 0x23d0, 0x1272,
0xfbef, 0xedcf, 0xf0c6, 0x011d, 0x103c, 0x1438, 0x0dda, 0x01f7, 0xf8ed, 0xf93d, 0xfd13, 0xfcff,
0xf73e, 0xef3a, 0xeeac, 0xf918, 0x0616, 0x0d87, 0x09c3, 0xfc6f, 0xedfd, 0xe5f9, 0xe815, 0xf55d,
0x09ac, 0x1634, 0x13e8, 0x07f7, 0xfc9c, 0xfc57, 0x0383, 0x0736, 0x0552, 0x0338, 0x02cb, 0x0299,
0x00cb, 0xfa63, 0xf5dc, 0xf5e1, 0xf4ce, 0xf5f2, 0xfbe7, 0x0575, 0x0e24, 0x0f24, 0x05c7, 0xf997,
0xf456, 0xf4b7, 0xfa6e, 0x0470, 0x0adf, 0x0b21, 0x0631, 0xfe52, 0xfab0, 0xfbf9, 0xfe48, 0x00a7,
0x016d, 0x0241, 0x05f4, 0x0a06, 0x09eb, 0x057a, 0xfdc9, 0xf3e9, 0xef61, 0xf4b2, 0xfe28, 0x06e0,
0x0a99, 0x06d2, 0xff60, 0xf7c2, 0xf44e, 0xf92b, 0x03ce, 0x0d5d, 0x1142, 0x0cfd, 0x011a, 0xf738,
0xf3a0, 0xf3ee, 0xf8f6, 0xfead, 0x0223, 0x006c, 0xf9c3, 0xf500, 0xf67a, 0xff3c, 0x06fd, 0x072e,
0x0110, 0xf86c, 0xf46d, 0xf5dd, 0xfc11, 0x0a56, 0x1b4b, 0x2191, 0x1668, 0xffa1, 0xefbe, 0xf54e,
0x069f, 0x1229, 0x0fa7, 0x048f, 0xfc55, 0xf9ec, 0xfa28, 0xf910, 0xf788, 0xf7fd, 0xfacf, 0xfcc5,
0xfc70, 0xfd62, 0xffb1, 0xff4d, 0xf8e2, 0xf041, 0xee15, 0xf7bc, 0x067f, 0x0f5f, 0x0e64, 0x073f,
0x01e1, 0x00f8, 0x025b, 0x0330, 0x0530, 0x08f5, 0x0995, 0x0665, 0x0112, 0xfc36, 0xf9cf, 0xf7e1,
0xf4c9, 0xf372, 0xf772, 0xfd94, 0x01ec, 0x020d, 0xfe99, 0xfc13, 0xfa71, 0xf8f9, 0xf94b, 0xfe79,
0x07e8, 0x0e3c, 0x0c4e, 0x0442, 0xfe81, 0xfe40, 0xfeaa, 0xfe55, 0x0013, 0x05c1, 0x0cd9, 0x0e0d,
0x05c2, 0xfb12, 0xf5c3, 0xf57b, 0xf693, 0xfa4e, 0x02dc, 0x0bae, 0x0ce2, 0x0349, 0xf7fe, 0xf5e9,
0xfb17, 0x0053, 0x01cd, 0x000c, 0x0219, 0x07e8, 0x0765, 0xfe50, 0xf39c, 0xedbd, 0xf00b, 0xf8af,
0x0237, 0x0b52, 0x0e43, 0x03dc, 0xf124, 0xe4c5, 0xea18, 0xfd85, 0x106c, 0x1675, 0x103a, 0x0515,
0xfb72, 0xf866, 0x004f, 0x10c5, 0x1cee, 0x188a, 0x03a4, 0xeef4, 0xed9b, 0xffb3, 0x11a5, 0x1313,
0x0706, 0xfb82, 0xf971, 0xfd0c, 0xfdfe, 0xfa82, 0xf570, 0xf324, 0xf439, 0xf61c, 0xf9ed, 0xff44,
0x0182, 0xfdf1, 0xf71d, 0xf31a, 0xf8db, 0x067c, 0x11fa, 0x1387, 0x0b5d, 0x030d, 0x0271, 0x061c,
0x05eb, 0x0289, 0x00f7, 0x0175, 0x00e2, 0xfe55, 0xfb8d, 0xf931, 0xf69b, 0xf36e, 0xf2b7, 0xf5e0,
0xfbf9, 0x021e, 0x02b0, 0xfe73, 0xfb7a, 0xfba1, 0xfcf2, 0xff65, 0x043b, 0x0acc, 0x0e75, 0x0aba,
0x0375, 0xff31, 0xff19, 0x0085, 0x0082, 0xff0a, 0xffa5, 0x04b0, 0x07fd, 0x0416, 0xfd47, 0xf84f,
0xf682, 0xf858, 0xfcaf, 0x0156, 0x061c, 0x07e7, 0x0360, 0xfc0a, 0xf7ff, 0xf98a, 0xfd04, 0xff00,
0xffd4, 0x0390, 0x0a79, 0x0e14, 0x09e3, 0x00ad, 0xf9c4, 0xf8b4, 0xfbc9, 0xfe9f, 0xfff2, 0x0108,
0x01bd, 0xfffa, 0xf7ae, 0xeb94, 0xe4c8, 0xe87a, 0xf6d6, 0x0a19, 0x1770, 0x18cf, 0x0dd3, 0xfb19,
0xec69, 0xece0, 0xfe4a, 0x16cb, 0x24cc, 0x1cec, 0x07d5, 0xf6bd, 0xf52c, 0x006d, 0x0922, 0x084d,
0x0323, 0x029e, 0x04b8, 0x01f3, 0xfc2a, 0xf672, 0xf2ea, 0xf01f, 0xedbb, 0xf19c, 0x0037, 0x118a,
0x15c7, 0x08f8, 0xf732, 0xf096, 0xf5b0, 0xfc68, 0x0148, 0x0593, 0x094e, 0x09a0, 0x0613, 0x00a1,
0xfc2d, 0xfaee, 0xf94d, 0xf7fa, 0xfbd9, 0x02ff, 0x0788, 0x0441, 0xf9fc, 0xf0a6, 0xef0c, 0xf441,
0xfd08, 0x05df, 0x09e5, 0x0904, 0x0532, 0x0191, 0x0173, 0x0547, 0x0985, 0x0985, 0x075e, 0x0447,
0x0215, 0x01f9, 0x008e, 0xfd79, 0xf9c0, 0xf809, 0xfa39, 0xfe29, 0xffaa, 0xfe58, 0xfcad, 0xfc37,
0xfccf, 0xfd2c, 0xfd27, 0xfdab, 0xfed8, 0xfd9d, 0xfac5, 0xfbeb, 0x02f2, 0x0bb7, 0x0d16, 0x045a,
0xfb9e, 0xfc2d, 0x0485, 0x0a55, 0x0797, 0x015c, 0xfea9, 0xfe9b, 0xfbac, 0xf677, 0xf4f7, 0xf9ea,
0x00e0, 0x045e, 0x02f7, 0xfdbf, 0xf66f, 0xee8b, 0xeb52, 0xf4c3, 0x0845, 0x17a1, 0x15ef, 0x031c,
0xef51, 0xec04, 0xfc55, 0x157e, 0x24d5, 0x1f70, 0x0bbf, 0xf80c, 0xf1b3, 0xfb0b, 0x09f6, 0x110a,
0x0c52, 0x0367, 0xfb1c, 0xf669, 0xf83a, 0xfdac, 0x0029, 0xfa66, 0xef62, 0xeaed, 0xf5d9, 0x0877,
0x1028, 0x0596, 0xf4f5, 0xecc5, 0xf02c, 0xf905, 0x01b3, 0x0a20, 0x0e0e, 0x08bc, 0xfe0c, 0xf755,
0xfb43, 0x04b9, 0x098d, 0x0693, 0x011f, 0xff1e, 0xffcc, 0x0145, 0x0178, 0xff03, 0xfab7, 0xf687,
0xf877, 0x019e, 0x09eb, 0x0a74, 0x0461, 0xfe03, 0xfb8f, 0xfbf9, 0xfc35, 0xfdd2, 0x02ec, 0x0767,
0x0650, 0xff9b, 0xf978, 0xf847, 0xfa70, 0xfce6, 0xffe4, 0x04d0, 0x084f, 0x07a5, 0x0154, 0xf967,
0xf750, 0xfac7, 0xfe0e, 0xfeb0, 0x000a, 0x02d6, 0x0416, 0x02dc, 0x0119, 0x0124, 0x011b, 0xfea7,
0xfbf9, 0xfe26, 0x06ed, 0x0ed3, 0x0d65, 0x0217, 0xf79c, 0xf5ea, 0xf923, 0xfe1f, 0x0269, 0x0429,
0x02d1, 0xfd5b, 0xf80e, 0xf714, 0xfa11, 0xfc58, 0xf75c, 0xef49, 0xed92, 0xf626, 0x04bd, 0x10ca,
0x1466, 0x0f5c, 0x04f7, 0xf91a, 0xf3dd, 0xfb50, 0x0d9b, 0x1f4a, 0x2326, 0x159e, 0xff8d, 0xf090,
0xf0e1, 0xfd03, 0x07da, 0x0881, 0x02f5, 0xfe69, 0xfd1a, 0xf9ec, 0xf1a5, 0xe9cc, 0xe972, 0xf047,
0xf86d, 0xfe5c, 0x0400, 0x08d6, 0x06df, 0xfbae, 0xef49, 0xefbc, 0xfe67, 0x0f1f, 0x171d, 0x15be,
0x1113, 0x0c65, 0x05d6, 0xfe34, 0xfbb3, 0xfddb, 0x00fe, 0x04bd, 0x08a0, 0x0978, 0x02dc, 0xf604,
0xeac9, 0xe8ec, 0xf161, 0xfd52, 0x058a, 0x07ee, 0x048b, 0xfe1c, 0xf7c1, 0xf591, 0xf987, 0xff63,
0x03f7, 0x082a, 0x0ba3, 0x0b45, 0x0729, 0x0123, 0xfc7d, 0xfa8b, 0xfa61, 0xfc87, 0x00ee, 0x056d,
0x0628, 0x03ec, 0xffa2, 0xf966, 0xf4f4, 0xf4f5, 0xf831, 0xfcd5, 0x0215, 0x05ee, 0x079a, 0x0775,
0x031d, 0xfa95, 0xf4e7, 0xf7db, 0x0239, 0x0c2a, 0x0ec6, 0x0b29, 0x052d, 0xff73, 0xfc17, 0xfd07,
0x0261, 0x0762, 0x0778, 0x02dc, 0xfda3, 0xfc87, 0xfc84, 0xf91f, 0xf3d5, 0xf04a, 0xf0dc, 0xf43b,
0xf685, 0xf5fa, 0xf5e6, 0xf8e9, 0x0110, 0x0cef, 0x15c3, 0x137c, 0x04c1, 0xf4f2, 0xf161, 0xffee,
0x15df, 0x2092, 0x16d2, 0x0185, 0xf385, 0xf50e, 0x0037, 0x0738, 0x0514, 0x00cd, 0x002b, 0x00fe,
0xfe1a, 0xf85d, 0xf441, 0xf41e, 0xf4f8, 0xf572, 0xfb47, 0x0866, 0x1356, 0x0f91, 0xff89, 0xf25f,
0xf2b7, 0xfdc5, 0x0769, 0x0b02, 0x0ab3, 0x089b, 0x0586, 0x01e1, 0x00d2, 0x026c, 0x0252, 0xff4b,
0xfe53, 0x0287, 0x0600, 0x021e, 0xf937, 0xf17c, 0xefbc, 0xf314, 0xf87f, 0xff34, 0x04cc, 0x0593,
0x005b, 0xf9da, 0xf8fc, 0xff30, 0x0503, 0x061e, 0x0388, 0xffbf, 0xfeeb, 0x00f3, 0x0330, 0x0279,
0xfd75, 0xf768, 0xf6b5, 0xfe20, 0x08d5, 0x0e69, 0x0a40, 0xfe3c, 0xf38b, 0xf201, 0xf68d, 0xfd17,
0x0382, 0x071a, 0x0687, 0x02da, 0xff73, 0xffc0, 0x01fc, 0x02fd, 0x01c3, 0x0006, 0x01c9, 0x0653,
0x0bcd, 0x0cfe, 0x0677, 0xfd59, 0xf92b, 0xfc3a, 0x01f1, 0x05d5, 0x0388, 0xfd7f, 0xf930, 0xf7ef,
0xf908, 0xf8cc, 0xf569, 0xf107, 0xee76, 0xefb1, 0xf6da, 0xff95, 0x01a5, 0xfb7c, 0xf29c, 0xf0eb,
0xfd4b, 0x1284, 0x2251, 0x21a4, 0x1076, 0xfb87, 0xf0c6, 0xf671, 0x09bf, 0x1da9, 0x2205, 0x101a,
0xf54b, 0xe6a2, 0xeffc, 0x083d, 0x15f8, 0x0c52, 0xf68a, 0xeb6a, 0xf2d4, 0xffbb, 0x03bf, 0xfe8b,
0xf8df, 0xf707, 0xf906, 0xff0f, 0x09c5, 0x121b, 0x0dd5, 0xfd45, 0xeecc, 0xf100, 0xffb5, 0x0c76,
0x0ebc, 0x0913, 0x0294, 0xff85, 0x00b2, 0x02d1, 0x0352, 0x017a, 0xfdf4, 0xfd31, 0x00e0, 0x02b0,
0xfc60, 0xf137, 0xeaad, 0xecb6, 0xf2b1, 0xf883, 0xff64, 0x0598, 0x071b, 0x0365, 0xfb86, 0xf58b,
0xf6db, 0xfe16, 0x0619, 0x0b22, 0x0cf0, 0x0b4f, 0x06a7, 0xfff8, 0xfb2f, 0xfc12, 0x00ff, 0x05c9,
0x08f4, 0x0a8a, 0x08ab, 0x03e0, 0xfea6, 0xf9be, 0xf76b, 0xf956, 0xfd46, 0x0135, 0x02c4, 0x01f1,
0x0013, 0xfd0b, 0xfa39, 0xf96a, 0xfb3b, 0xfdb8, 0xffe7, 0x0295, 0x04a1, 0x03a1, 0xff63, 0xfb1f,
0xf9b7, 0xfbd3, 0x0087, 0x05a4, 0x0880, 0x08e8, 0x0871, 0x056c, 0xff4c, 0xf8e0, 0xf583, 0xf713,
0xf9fc, 0xfa23, 0xf82e, 0xf633, 0xf772, 0xfcfc, 0xffe4, 0xfd05, 0xf8dd, 0xf8ae, 0xfd11, 0x0460,
0x0e97, 0x1609, 0x1365, 0x0542, 0xf65b, 0xf4ec, 0x0408, 0x18a0, 0x2144, 0x161d, 0x004e, 0xf204,
0xf42b, 0x001c, 0x098f, 0x0ab7, 0x05c0, 0x01d9, 0x0157, 0xff82, 0xfb8e, 0xf722, 0xf3fe, 0xf362,
0xf50b, 0xf9b6, 0x01cc, 0x0914, 0x0768, 0xfcb9, 0xf295, 0xf15c, 0xfa68, 0x0409, 0x06b4, 0x04f8,
0x0340, 0x02d4, 0x019c, 0xff7f, 0xfdbf, 0xff1d, 0x02c4, 0x0558, 0x05ff, 0x02eb, 0xfc9d, 0xf51b,
0xf006, 0xf014, 0xf43f, 0xf979, 0xfeec, 0x050a, 0x0776, 0x0522, 0x0195, 0xff18, 0xff66, 0x0260,
0x0552, 0x075b, 0x083d, 0x072e, 0x0491, 0x00ce, 0xfe56, 0xfeee, 0x0009, 0xff27, 0xff29, 0x0107,
0x00d2, 0xfd03, 0xf76d, 0xf423, 0xf649, 0xfb92, 0xff69, 0x00a5, 0x0006, 0xfea1, 0xfc77, 0xfb0c,
0xfd2e, 0x01f9, 0x068b, 0x07c6, 0x0667, 0x054c, 0x0693, 0x09d8, 0x0a42, 0x054d, 0xff4c, 0xfe97,
0x0216, 0x046d, 0x01d5, 0xfbc5, 0xf8fb, 0xfa28, 0xfa99, 0xf803, 0xf58a, 0xf723, 0xfab9, 0xfca6,
0xfd18, 0xfe04, 0xff58, 0xfd56, 0xf840, 0xf714, 0xfb2a, 0x0186, 0x078e, 0x0b71, 0x10e9, 0x1678,
0x1473, 0x0a00, 0xfe99, 0xfb0b, 0x010e, 0x0b5e, 0x1234, 0x11ad, 0x0931, 0xfb17, 0xefe1, 0xedde,
0xf447, 0xfe18, 0x0391, 0x02d3, 0x0177, 0x00c9, 0xfe1b, 0xf84c, 0xf29c, 0xf131, 0xf5c9, 0xfe09,
0x0507, 0x0951, 0x087e, 0x02be, 0xfac7, 0xf4c7, 0xf6c3, 0x0120, 0x0d8c, 0x11ee, 0x0ad7, 0x000a,
0xfbb3, 0xfe3a, 0x001e, 0xfe2f, 0xfb0c, 0xfafe, 0xfee5, 0x023b, 0x00f5, 0xfc2a, 0xf805, 0xf636,
0xf5c6, 0xf784, 0xfc8d, 0x0260, 0x0429, 0x00a2, 0xfb2f, 0xf996, 0xfcc2, 0x0106, 0x047c, 0x065e,
0x06e3, 0x05e6, 0x049a, 0x03e6, 0x0453, 0x04df, 0x028f, 0xfef6, 0xfe5e, 0x00c5, 0x01d8, 0xfeff,
0xf97a, 0xf662, 0xf7b5, 0xfacd, 0xfeae, 0x026a, 0x04d1, 0x04d6, 0x0068, 0xf917, 0xf5d2, 0xfa9d,
0x0452, 0x0aef, 0x08ec, 0x021d, 0xfeb5, 0x012d, 0x0485, 0x047c, 0x0296, 0x0287, 0x04f1, 0x06db,
0x05b8, 0x02e5, 0x0038, 0xfb4a, 0xf4f1, 0xf1ee, 0xf651, 0x01a1, 0x0779, 0x0279, 0xfa41, 0xf533,
0xf76b, 0xfcda, 0x0069, 0x0131, 0xfdfe, 0xf9ec, 0xf9ab, 0xffe5, 0x0aa7, 0x117b, 0x0f45, 0x070e,
0xfe4a, 0xfbcb, 0x03b1, 0x10e0, 0x19cb, 0x16a2, 0x0696, 0xf449, 0xec52, 0xf27c, 0xff7f, 0x0685,
0x02ce, 0xfb00, 0xf747, 0xfa5e, 0xff4d, 0x0078, 0xfd08, 0xf752, 0xf607, 0xfbe9, 0x04c5, 0x0b05,
0x099f, 0xfff5, 0xf55a, 0xf2a9, 0xf8ef, 0x0274, 0x085c, 0x0923, 0x067d, 0x030d, 0x023e, 0x034e,
0x035f, 0xffd5, 0xfa08, 0xf73c, 0xf910, 0xfd58, 0xfe57, 0xf9e8, 0xf520, 0xf3ee, 0xf734, 0xfbf2,
0xfff4, 0x02c1, 0x03b9, 0x035e, 0x002f, 0xfc28, 0xfc2d, 0x0078, 0x054b, 0x06cb, 0x0635, 0x060c,
0x06a9, 0x071b, 0x056f, 0x024e, 0xff25, 0xfe05, 0xfef2, 0x0092, 0x01b4, 0xffdb, 0xfb76, 0xf689,
0xf547, 0xf8fc, 0xfebe, 0x0375, 0x0428, 0x01f4, 0xfe75, 0xfbb6, 0xfd55, 0x0271, 0x066b, 0x05b0,
0x00ac, 0xfc73, 0xfdc8, 0x03b0, 0x0864, 0x0800, 0x047d, 0x01ac, 0x009d, 0x00bb, 0x0261, 0x04cc,
0x0495, 0x005f, 0xfafb, 0xf95f, 0xfbef, 0xfe0b, 0xfd14, 0xf912, 0xf6b7, 0xf89a, 0xfb91, 0xfdf5,
0x0021, 0x01a4, 0x00dd, 0xfda4, 0xfa41, 0xfaf5, 0x006a, 0x0682, 0x0b17, 0x0deb, 0x0e27, 0x0973,
0x0117, 0xfddb, 0x035d, 0x0bb9, 0x0dfe, 0x0761, 0xfe40, 0xfa0f, 0xfc48, 0xfe78, 0xfeaa, 0xfd9e,
0xfae4, 0xf863, 0xf830, 0xfbae, 0x00f8, 0x0370, 0xffc5, 0xf9ff, 0xf805, 0xfbbc, 0x00f5, 0x02b7,
0x0117, 0xfe88, 0xfeb1, 0x0178, 0x0350, 0x024a, 0x007b, 0x006e, 0x017d, 0x0132, 0xff40, 0xfd81,
0xfcf6, 0xfd85, 0xff3f, 0x0008, 0xfe20, 0xfa50, 0xf6da, 0xf89e, 0xfd3d, 0xff93, 0xfed2, 0xfdfc,
0xffe4, 0x028f, 0x03c1, 0x025f, 0x0128, 0x033a, 0x05d5, 0x0547, 0x02c6, 0x00f4, 0x0225, 0x04b6,
0x055b, 0x0351, 0xfef6, 0xfa81, 0xf7d1, 0xf827, 0xfa72, 0xfe81, 0x02fa, 0x0310, 0xfd6d, 0xf754,
0xf75a, 0xfc68, 0x01c1, 0x046d, 0x03b3, 0x013d, 0xfeb5, 0xfe74, 0x0173, 0x05a9, 0x07f5, 0x06c6,
0x02ce, 0xfeeb, 0x005b, 0x066c, 0x0a39, 0x079f, 0x0127, 0xfc4a, 0xfb30, 0xfd9c, 0x00f1, 0x0244,
0x0033, 0xf9e7, 0xf3d6, 0xf521, 0xfcf6, 0x040a, 0x03df, 0xfd99, 0xf96c, 0xfbab, 0x006a, 0x01e9,
0x0197, 0x0276, 0x0279, 0xffa5, 0xfaae, 0xf8bc, 0xfe5b, 0x06e4, 0x0c1f, 0x0b72, 0x064d, 0x02c3,
0x01c3, 0x010f, 0x0078, 0x0124, 0x0485, 0x07fd, 0x05f6, 0xfef2, 0xf8f5, 0xf750, 0xfb50, 0x00b8,
0x041f, 0x05ca, 0x04a7, 0x0114, 0xfad7, 0xf517, 0xf480, 0xf98f, 0x008a, 0x0482, 0x0409, 0x0320,
0x0313, 0x0065, 0xfc19, 0xf81f, 0xf738, 0xfb47, 0x02a0, 0x09fc, 0x0c41, 0x0728, 0xfec3, 0xf897,
0xf797, 0xfc6c, 0x0239, 0x04f4, 0x0628, 0x059c, 0x021c, 0xfcb6, 0xf66b, 0xf40d, 0xf7fd, 0xfd20,
0xffd8, 0x006a, 0x007e, 0x004c, 0xff3e, 0xfd4d, 0xfc84, 0xfce1, 0xfd5d, 0xffa1, 0x03f0, 0x08f5,
0x09ea, 0x04a5, 0xfcc9, 0xf888, 0xfaf4, 0xffe4, 0x031e, 0x0394, 0x020b, 0xff91, 0xfe2c, 0xfe0f,
0xfde1, 0xfcfd, 0xfba5, 0xfc25, 0xfed0, 0x01df, 0x03fa, 0x049d, 0x0221, 0xfcd0, 0xfa0f, 0xfdf9,
0x05a9, 0x09ec, 0x0762, 0x01bb, 0xfec5, 0xffe8, 0x01b0, 0x02f5, 0x0435, 0x03a3, 0x00d6, 0xfea7,
0xffc5, 0x03a6, 0x06db, 0x0488, 0xfe46, 0xfa52, 0xfb50, 0xfeeb, 0x0050, 0xfe2e, 0xfb6d, 0xfa96,
0xfa21, 0xf94d, 0xf9e3, 0xfd75, 0x016a, 0xff6e, 0xf8ca, 0xf5c9, 0xfb96, 0x081e, 0x1131, 0x0f46,
0x0653, 0xfd84, 0xf9f2, 0xfd5f, 0x0529, 0x0bf0, 0x0c96, 0x0635, 0xfd5d, 0xf9a9, 0xfebc, 0x0705,
0x0a1e, 0x0494, 0xfb0f, 0xf6fe, 0xf9e0, 0xfe87, 0x002e, 0xfe61, 0xfc0d, 0xfa34, 0xfa1a, 0xfcf3,
0x02c4, 0x0673, 0x039f, 0xfdb7, 0xfa51, 0xfca9, 0x012e, 0x027c, 0x01ae, 0x02cc, 0x056a, 0x05ff,
0x02ae, 0xfece, 0xfeb7, 0x003e, 0x0035, 0xff8c, 0xff74, 0xfde8, 0xf84a, 0xf0eb, 0xefa1, 0xf73b,
0x002b, 0x0329, 0xff96, 0xfb8c, 0xfc99, 0x007a, 0x0348, 0x0499, 0x0593, 0x04b0, 0x00db, 0xfd42,
0xfcff, 0x006f, 0x0415, 0x050a, 0x02c3, 0xfe1f, 0xfb19, 0xfb4e, 0xfe6a, 0x020d, 0x02c2, 0x0184,
0xff29, 0xfcb7, 0xfbbd, 0xfd29, 0x00c8, 0x031c, 0x00e0, 0xfd61, 0xfea5, 0x041e, 0x090a, 0x088e,
0x0415, 0x00d1, 0x0105, 0x043d, 0x06ba, 0x06e2, 0x0580, 0x01da, 0xfcb0, 0xfa57, 0xfd4d, 0x0370,
0x05fb, 0x0116, 0xfa92, 0xf97e, 0xfe2b, 0x008a, 0xfcbd, 0xf8c7, 0xf8d0, 0xfb7e, 0xfc0a, 0xf864,
0xf6b2, 0xfbe6, 0x03a0, 0x0642, 0x023c, 0xfb4a, 0xf661, 0xf8d8, 0x0121, 0x0a74, 0x102f, 0x0e45,
0x06b0, 0xfe40, 0xf99e, 0xfb49, 0x02ec, 0x0c68, 0x1200, 0x0f7b, 0x05fb, 0xfd11, 0xf9fe, 0xfc79,
0xffda, 0xfff1, 0xff0b, 0xffcd, 0x0177, 0x01e8, 0xfdc0, 0xf761, 0xf4c1, 0xf809, 0xff1d, 0x0422,
0x04fc, 0x03f6, 0x0294, 0x0088, 0xfc0e, 0xf77d, 0xf79b, 0xfc25, 0x017f, 0x0572, 0x071a, 0x06a6,
0x0506, 0x005a, 0xfa7f, 0xf865, 0xfae8, 0x014f, 0x05b0, 0x0265, 0xfa86, 0xf462, 0xf31e, 0xf54e,
0xf7c7, 0xf9d1, 0xfca4, 0x017f, 0x05cd, 0x0690, 0x049d, 0x010a, 0xfe8b, 0xfbac, 0xf9d0, 0xfdf1,
0x068f, 0x0e17, 0x0df4, 0x06d5, 0xfe21, 0xf879, 0xf7c7, 0xfb2d, 0x00f9, 0x066b, 0x08ec, 0x066a,
0xff63, 0xf8b1, 0xf699, 0xf84b, 0xfa5a, 0xfc6f, 0x0075, 0x05d6, 0x09f9, 0x093c, 0x0575, 0x0166,
0xfd4a, 0xf9ef, 0xf90d, 0xff2c, 0x09be, 0x0f02, 0x096a, 0xffa7, 0xfb65, 0xfd15, 0xffc7, 0xffdd,
0xffa6, 0x028e, 0x05d1, 0x051f, 0x0132, 0xfdf1, 0xfcbc, 0xfa8d, 0xf6e0, 0xf635, 0xfb91, 0x0393,
0x077a, 0x033f, 0xfb1b, 0xf611, 0xf5de, 0xfa8b, 0xffe8, 0x016c, 0xfe5d, 0xf82a, 0xf67b, 0xfe35,
0x0ae6, 0x12b5, 0x0e4a, 0x02f1, 0xfafb, 0xfbe3, 0x04cc, 0x0fb3, 0x160c, 0x12a4, 0x051d, 0xf566,
0xefc1, 0xf84b, 0x0604, 0x0c9f, 0x0767, 0xfd97, 0xf8b1, 0xfa03, 0xfd39, 0xfc9d, 0xf895, 0xf66f,
0xf8db, 0xfed9, 0x030f, 0x02b5, 0xfdda, 0xf6a7, 0xf2de, 0xf4dd, 0xfccc, 0x08a3, 0x114a, 0x0fac,
0x0479, 0xfa4b, 0xfa39, 0x01e8, 0x071a, 0x03d0, 0xfdc1, 0xfc9a, 0xffbc, 0x016f, 0xfef9, 0xf9d7,
0xf4dc, 0xf1aa, 0xf168, 0xf735, 0x027a, 0x0ace, 0x0821, 0xfdc6, 0xf629, 0xf79f, 0xff60, 0x053c,
0x0695, 0x0777, 0x0951, 0x0870, 0x04e1, 0x01a9, 0xff16, 0xfce6, 0xfacd, 0xfb7c, 0x00ed, 0x06f4,
0x0776, 0x0060, 0xf824, 0xf56d, 0xf7ab, 0xfb93, 0x0005, 0x04ce, 0x07a3, 0x0652, 0x029b, 0x0031,
0xff7a, 0xff39, 0xfe63, 0xfe34, 0x015d, 0x069b, 0x0a45, 0x0a1f, 0x05f5, 0x0131, 0xff41, 0x0057,
0x02ff, 0x04c7, 0x0373, 0xfebc, 0xf991, 0xf694, 0xf765, 0xfa1e, 0xfbc8, 0xfaf9, 0xf86e, 0xf8c6,
0xfd07, 0x0174, 0x01b8, 0xfe55, 0xfa73, 0xf96f, 0xfcb2, 0x01bb, 0x06cc, 0x081c, 0x03f3, 0xfe04,
0xfa48, 0xfc16, 0x03ac, 0x0d89, 0x142b, 0x11fb, 0x074d, 0xfba7, 0xf647, 0xfa96, 0x0507, 0x0bde,
0x095b, 0xfff5, 0xf7c6, 0xf61f, 0xf9d4, 0xfe80, 0x0108, 0x0137, 0xffd1, 0xff70, 0x016f, 0x03ca,
0x0289, 0xfd25, 0xf7f9, 0xf799, 0xfdb7, 0x061d, 0x0a54, 0x089f, 0x0224, 0xfbb7, 0xfa96, 0xfcc7,
0xff8d, 0x010f, 0xffa4, 0xfe8e, 0x00a6, 0x01a9, 0xfec9, 0xfab0, 0xf75b, 0xf6ce, 0xf8c7, 0xfbe1,
0x010c, 0x055c, 0x03b9, 0xfb7f, 0xf313, 0xf27f, 0xf872, 0xfdc8, 0xfff5, 0x01eb, 0x05e7, 0x0a28,
0x09f0, 0x0493, 0xff79, 0xfe54, 0x0081, 0x035b, 0x05eb, 0x0833, 0x0833, 0x0368, 0xfc30, 0xf797,
0xf86e, 0xfdbc, 0x0203, 0x0215, 0xffad, 0xfd75, 0xfcc4, 0xfd46, 0xfdbd, 0xfd21, 0xfc7c, 0xfcad,
0xfe1c, 0x00ad, 0x0365, 0x0530, 0x036f, 0x000b, 0xfec7, 0x010a, 0x0560, 0x0857, 0x0927, 0x076e,
0x04b7, 0x025d, 0x0089, 0xff88, 0x001d, 0x00c9, 0xff85, 0xff91, 0x00f1, 0x01f6, 0x0128, 0xfd01,
0xf802, 0xf4a2, 0xf5aa, 0xfaf0, 0x010e, 0x0507, 0x044f, 0xff08, 0xf8e8, 0xf6c3, 0xf8e7, 0xfd9d,
0x0200, 0x049a, 0x06d9, 0x071a, 0x0301, 0xfcbb, 0xfa08, 0xfd88, 0x0612, 0x0d0a, 0x0c70, 0x06a0,
0x0105, 0xfeb9, 0x0026, 0x0481, 0x0863, 0x078e, 0x00b4, 0xf95f, 0xf7c9, 0xfd36, 0x0524, 0x0732,
0x0118, 0xf8f4, 0xf5ff, 0xf9ad, 0xff7f, 0x014c, 0xff33, 0xfc12, 0xfaa0, 0xfc4c, 0xff20, 0x0229,
0x0281, 0xff53, 0xfbf1, 0xfbf9, 0x0003, 0x056b, 0x07bf, 0x0415, 0xfe1b, 0xfaf1, 0xfc01, 0xfe82,
0x0170, 0x0404, 0x02cb, 0xfe79, 0xf9ce, 0xf810, 0xfa1f, 0xfc08, 0xfaf2, 0xf785, 0xf65b, 0xf994,
0xffac, 0x04c6, 0x0587, 0x0352, 0xff36, 0xfde8, 0x01a0, 0x068b, 0x09f0, 0x0826, 0x0293, 0xff45,
0xfec5, 0xfff7, 0x0297, 0x035f, 0x01fb, 0x003d, 0xfec7, 0xfe4f, 0xfedc, 0xfeb6, 0xfd4a, 0xfbab,
0xfad5, 0xfd3f, 0x010a, 0x0323, 0x02ee, 0x00bd, 0xfeb7, 0xfece, 0x00d3, 0x039f, 0x05c4, 0x0502,
0x034e, 0x01de, 0x00a8, 0x01c1, 0x0384, 0x037f, 0x01f6, 0x00ee, 0x019f, 0x0259, 0x014f, 0xfee5,
0xfd92, 0xfd77, 0xfde6, 0xff1f, 0xff04, 0xfd91, 0xfbbf, 0xfa1f, 0xfa7d, 0xfd47, 0x0023, 0x00ff,
0x0032, 0xfef6, 0xff39, 0x00ba, 0x018a, 0x0247, 0x0266, 0x0087, 0xfd71, 0xfaeb, 0xfbdd, 0x0021,
0x0436, 0x05cd, 0x05ef, 0x0494, 0x011b, 0xfd7d, 0xfc57, 0xff53, 0x03fc, 0x0661, 0x0502, 0x00e6,
0xfd10, 0xfdbe, 0x01b8, 0x0379, 0x0282, 0x003b, 0xfe2e, 0xff7c, 0x0248, 0x033a, 0x0217, 0xff5f,
0xfde1, 0xfe35, 0xfe42, 0xfebe, 0xff63, 0xfdf8, 0xfbab, 0xfa60, 0xfb20, 0xfd79, 0xfe89, 0xfcf6,
0xfac8, 0xfb19, 0xfdda, 0x0122, 0x0345, 0x034c, 0x020c, 0x00a4, 0xfef9, 0xfd35, 0xfd82, 0x007b,
0x035d, 0x03d7, 0x0212, 0xfedd, 0xfb45, 0xfb00, 0xfe43, 0x0242, 0x03f1, 0x0186, 0xfe4e, 0xfcb9,
0xfe1a, 0x006e, 0x011a, 0x002c, 0xfe60, 0xfd7e, 0xfcfa, 0xfe37, 0x01c9, 0x03fa, 0x033a, 0xffd3,
0xfd1f, 0xfeb0, 0x01dd, 0x0386, 0x0371, 0x01fe, 0x00f5, 0x0152, 0x01af, 0x0094, 0xfe92, 0xfe36,
0xffca, 0x0269, 0x04bd, 0x0644, 0x0509, 0xffb7, 0xfb6b, 0xfa2b, 0xfd0f, 0x0277, 0x0435, 0x0261,
0x018e, 0x0173, 0xffb6, 0xfde1, 0xfc9d, 0xfdda, 0x01b2, 0x032e, 0x0081, 0xfdff, 0xfe02, 0xfe3b,
0xfd94, 0xfca8, 0xfe3d, 0x01ee, 0x03ed, 0x0363, 0x00ec, 0xff9b, 0xffe4, 0xfefd, 0xfe48, 0xfeb5,
0xffa2, 0x00f5, 0x01bf, 0x0075, 0xfe85, 0xfe98, 0xffbd, 0x0065, 0x0053, 0x0011, 0xffcc, 0xff87,
0xff83, 0xffc1, 0xffcc, 0x00a6, 0x010f, 0x0037, 0x0120, 0x02e7, 0x03a2, 0x02bf, 0x0141, 0x01af,
0x050f, 0x082c, 0x06b6, 0x020e, 0xfe96, 0xfd38, 0xfc86, 0xfcf6, 0xfee7, 0x0082, 0xff7c, 0xfc43,
0xf895, 0xf7b4, 0xfb2a, 0xfe66, 0xff0b, 0xfee5, 0xfedc, 0xff22, 0xff95, 0xffc2, 0x0020, 0x011c,
0x011e, 0x001c, 0xffb0, 0xff9b, 0xff57, 0xfee4, 0xfe76, 0xfe40, 0xfdd9, 0xfced, 0xfc67, 0xfc72,
0xfea6, 0x02ac, 0x038e, 0x0133, 0xffad, 0xff32, 0xfdea, 0xfd0d, 0xfe06, 0x0096, 0x023e, 0x012d,
0xfe80, 0xfe4c, 0x0184, 0x02d4, 0x0094, 0xfdf1, 0xff04, 0x025e, 0x04be, 0x0535, 0x03b5, 0x020a,
0x003d, 0xfe0d, 0xfd5a, 0xff92, 0x0221, 0x02b6, 0x01b9, 0x0168, 0x0199, 0x0073, 0xfdbf, 0xfae7,
0xfbad, 0xff18, 0x02bc, 0x0519, 0x055e, 0x048d, 0x0221, 0xfefc, 0xfd99, 0xff62, 0x039d, 0x061a,
0x0353, 0xfede, 0xfde3, 0x0088, 0x030c, 0x01fb, 0xfed3, 0xfce9, 0xfd69, 0xff89, 0x00d8, 0x0122,
0x00bf, 0xfe80, 0xfb9f, 0xf99a, 0xfabb, 0xfef2, 0x0181, 0x0011, 0xfbf9, 0xf8d1, 0xf996, 0xfde5,
0x0296, 0x0425, 0x0333, 0x01f1, 0x01af, 0x022c, 0x012b, 0x007c, 0x00c4, 0x014f, 0x02f9, 0x0435,
0x0448, 0x0316, 0x0167, 0x010e, 0x015f, 0x0153, 0x019e, 0x01c4, 0x012d, 0xffa3, 0xfddb, 0xfd90,
0xff11, 0x0069, 0xff30, 0xfcb3, 0xfc1b, 0xfead, 0x023c, 0x0369, 0x01e2, 0xfff1, 0xfe7a, 0xfd5a,
0xfd3f, 0xfe37, 0x003d, 0x0261, 0x01f9, 0xffe7, 0xfed0, 0xff29, 0xffd1, 0xff06, 0xfd8b, 0xfc31,
0xfb4f, 0xfa2e, 0xf978, 0xfb20, 0xfed7, 0x022a, 0x00d2, 0xfcad, 0xfad0, 0xfc64, 0xfea3, 0xfed0,
0xfe35, 0xff0c, 0x00f9, 0x01b6, 0x0190, 0x01f8, 0x0260, 0x00fb, 0xfde2, 0xfc68, 0xff81, 0x051f,
0x0821, 0x06b0, 0x02c6, 0xffc1, 0xff63, 0x013c, 0x0375, 0x03e8, 0x01c7, 0xfeba, 0xfe1d, 0xffed,
0x00e6, 0xff35, 0xfcf3, 0xfc60, 0xfd99, 0xff96, 0x00e1, 0x02a8, 0x03e3, 0x031d, 0x01a1, 0x00c3,
0x01b4, 0x02dc, 0x0307, 0x025a, 0x0207, 0x0288, 0x0295, 0x01fd, 0x01ec, 0x0251, 0x017a, 0x004a,
0xff50, 0xfe32, 0xfd0e, 0xfbe0, 0xfc49, 0xfe15, 0xfe07, 0xfcdf, 0xfda3, 0xff87, 0x0094, 0xff91,
0xfd9d, 0xfd0d, 0xfed0, 0x00a8, 0x0095, 0x00ef, 0x026a, 0x035b, 0x0275, 0xff99, 0xfe48, 0xffce,
0x0126, 0x0189, 0x01c5, 0x023f, 0x0262, 0x0125, 0xff7e, 0xff6f, 0x003f, 0x00dd, 0x00d1, 0xff95,
0xfe56, 0xfeb0, 0xfffc, 0x00fd, 0x0278, 0x02ad, 0x0215, 0x0139, 0xff04, 0xfca7, 0xfb97, 0xfd4a,
0xff65, 0x005a, 0xfff5, 0xfee1, 0xfea6, 0xff12, 0xfed3, 0xfdba, 0xfe09, 0xff05, 0xff29, 0xfe79,
0xfe04, 0xff56, 0x007e, 0xfe36, 0xf97f, 0xf69b, 0xf926, 0xff6d, 0x0359, 0x025a, 0xffa0, 0xfede,
0xff66, 0xff90, 0xff98, 0xff7d, 0xfe96, 0xfd42, 0xfd16, 0x0043, 0x055f, 0x073c, 0x044b, 0xff17,
0xfbbe, 0xfd03, 0x0263, 0x0767, 0x0799, 0x0402, 0x0012, 0xfe81, 0xff79, 0x0112, 0x01e3, 0x0177,
0x0078, 0xfee4, 0xfd30, 0xfd91, 0x0062, 0x01ff, 0x002d, 0xfd75, 0xfc21, 0xfdd1, 0x0136, 0x032a,
0x03cb, 0x02ed, 0x0145, 0x0123, 0x0216, 0x031b, 0x0486, 0x0558, 0x0527, 0x0490, 0x0328, 0x0147,
0x0003, 0xff13, 0xfe60, 0xfde2, 0xfd7a, 0xfe32, 0x004f, 0x0351, 0x0426, 0x0007, 0xf9c2, 0xf6fc,
0xfa37, 0x001e, 0x038d, 0x0303, 0x0033, 0xfc4f, 0xf8f6, 0xf79f, 0xf9c5, 0xfeba, 0x0355, 0x058c,
0x03c0, 0x0090, 0xfe5e, 0xfd0d, 0xfd6d, 0xfeaf, 0xff9a, 0x00ab, 0x0204, 0x0250, 0x0268, 0x0261,
0x01ee, 0x01b4, 0x00fc, 0x011f, 0x0277, 0x02dc, 0x01c9, 0x007c, 0x0121, 0x0394, 0x03c0, 0x0097,
0xfd36, 0xfbdd, 0xfc1f, 0xfc80, 0xfd72, 0x0007, 0x036e, 0x03f3, 0xffda, 0xfb80, 0xfad9, 0xfd0a,
0xffa3, 0x00ec, 0x0059, 0xff63, 0xfee7, 0xfe6f, 0xfe6d, 0xfe80, 0xfe17, 0xfd36, 0xfc2b, 0xfbb6,
0xfce4, 0x0031, 0x0280, 0x00d2, 0xfd95, 0xfc0d, 0xfcea, 0xff81, 0x0188, 0x0125, 0x002d, 0x00bb,
0x020f, 0x0309, 0x028f, 0x00e4, 0xfe58, 0xfc09, 0xfc79, 0xff5a, 0x02de, 0x0470, 0x0446, 0x024c,
0xfded, 0xfbd6, 0xfe21, 0x021d, 0x042c, 0x0376, 0x01d7, 0xffa6, 0xfe4b, 0xff34, 0x012b, 0x02d2,
0x02dc, 0x00a4, 0xfe50, 0xff7a, 0x0315, 0x055d, 0x056f, 0x0311, 0x0044, 0xff6b, 0xfff9, 0x00d6,
0x01a3, 0x0187, 0x0040, 0xfee2, 0xfd89, 0xfd63, 0xffda, 0x0268, 0x00de, 0xfdd8, 0xfe5f, 0x0173,
0x03c8, 0x02ac, 0xfeed, 0xfcb2, 0xfe90, 0x0189, 0x02ef, 0x0386, 0x0210, 0xff48, 0xfd7a, 0xfd6d,
0xfdc2, 0xfd72, 0xfcaf, 0xfb41, 0xfc0f, 0xfe20, 0xff45, 0xffd5, 0xfe52, 0xfbf3, 0xfbd4, 0xfee0,
0x020d, 0x039b, 0x034c, 0x0141, 0xff1a, 0xfeba, 0x01b1, 0x057e, 0x072b, 0x056b, 0x017d, 0xfe79,
0xfee5, 0x01e5, 0x04ae, 0x05a5, 0x033b, 0xfed0, 0xfaef, 0xfad5, 0xfe21, 0x010d, 0x00f9, 0xfebb,
0xfdb3, 0xfd3e, 0xfbf0, 0xfa61, 0xfb49, 0xfdf1, 0xffb9, 0x005b, 0xffb4, 0xff68, 0xffd9, 0xff97,
0xfd86, 0xfb00, 0xfb91, 0xffb8, 0x02e5, 0x0261, 0xffe6, 0xfe22, 0xfebe, 0xffaa, 0xff97, 0xffe6,
0x00de, 0x01e5, 0x015e, 0xfffb, 0x0170, 0x03da, 0x0343, 0xffa9, 0xfbd6, 0xfb94, 0xfe54, 0x0166,
0x02ef, 0x0261, 0x0036, 0xfcf4, 0xfafe, 0xfcaa, 0x007f, 0x032e, 0x03b9, 0x024c, 0x001a, 0xffb5,
0x0074, 0x0092, 0x00c2, 0x0095, 0x0013, 0x0089, 0x01b7, 0x022b, 0x028b, 0x0324, 0x016a, 0xfede,
0xfea0, 0x0075, 0x0326, 0x0456, 0x02c8, 0x00e3, 0x005c, 0x000b, 0x002b, 0x017b, 0x02e6, 0x02f4,
0x0170, 0x0048, 0x00a8, 0x018d, 0x010e, 0xffdb, 0x0015, 0xfff8, 0xfea2, 0xfeba, 0x00f4, 0x024e,
0x0071, 0xfd08, 0xfb3a, 0xfcc0, 0xff59, 0xff9d, 0xfd36, 0xfad9, 0xfac5, 0xfc89, 0xff3a, 0xffa8,
0xfdc6, 0xfd2a, 0xfcaa, 0xfc57, 0xfec0, 0x0213, 0x0477, 0x053d, 0x02db, 0xfe93, 0xfd36, 0x00bf,
0x0461, 0x05bd, 0x04e1, 0x0255, 0x006b, 0xffb1, 0x003c, 0x00fb, 0x016b, 0x0103, 0xff61, 0xfd44,
0xfb49, 0xfb62, 0xfdf8, 0x0008, 0xffb8, 0xfe83, 0xfd7b, 0xfd79, 0xfef7, 0x00a8, 0x017c, 0x01e7,
0x01db, 0x00d0, 0xffe9, 0x000c, 0x00a8, 0x0132, 0x01f6, 0x0164, 0x0077, 0x003f, 0xfee1, 0xfd1a,
0xfc3e, 0xfdfa, 0x008e, 0x0215, 0x029f, 0x0135, 0xfe33, 0xfb1e, 0xf9fd, 0xfc02, 0x0080, 0x026f,
0x0088, 0xfdf8, 0xfc09, 0xfcc2, 0xfece, 0x003d, 0x00e9, 0x00d5, 0x0107, 0x0120, 0x018d, 0x0274,
0x02d8, 0x01d2, 0xffc9, 0xfe12, 0xfd8b, 0xfee6, 0x0112, 0x02f5, 0x02b9, 0x00f8, 0x005e, 0x00b7,
0x00e0, 0x0103, 0x0104, 0x0037, 0x007f, 0x0289, 0x0410, 0x03fd, 0x0253, 0xffcf, 0xfeb4, 0xfeaf,
0xff3a, 0x008b, 0x0224, 0x02aa, 0x00ce, 0xfe86, 0xfddf, 0xfff3, 0x02b6, 0x03f3, 0x0332, 0x01e9,
0x0220, 0x0258, 0x01db, 0x008b, 0xfefa, 0xfdf7, 0xfccb, 0xfc8d, 0xfdcb, 0xff23, 0xff2f, 0xfd97,
0xfadd, 0xf89e, 0xf92f, 0xfbbf, 0xfefc, 0x00e7, 0x0108, 0x008d, 0xff61, 0xfecf, 0xfff1, 0x0214,
0x02f4, 0x027f, 0x0163, 0x010c, 0x01f3, 0x02a6, 0x03f0, 0x0424, 0x01d7, 0xffb0, 0xff07, 0xff5b,
0x0044, 0x00e4, 0x0086, 0xff74, 0xfe1e, 0xfdae, 0xfe73, 0xfef5, 0xfef1, 0xfefd, 0xffbb, 0x0093,
0x00e3, 0x007e, 0xfff8, 0xffbb, 0xfeb6, 0xfef3, 0x00ed, 0x031f, 0x038b, 0x0141, 0xff0c, 0xfdf7,
0xfdde, 0xfe66, 0xff20, 0xff5d, 0xfe2f, 0xfc3b, 0xfb7a, 0xfc5b, 0xfd7f, 0xfea1, 0xfee5, 0xfe1b,
0xfdf1, 0xff7d, 0x0262, 0x03a1, 0x0187, 0xfe9a, 0xfcd7, 0xfd4c, 0xff72, 0x0145, 0x0356, 0x03fe,
0x015d, 0xfe24, 0xfc95, 0xfdc5, 0xffda, 0x008c, 0x0028, 0xff71, 0xff96, 0x0042, 0x01a2, 0x02b7,
0x01f4, 0xffd0, 0xfdfd, 0xfec1, 0x0093, 0x02e7, 0x045c, 0x0416, 0x0382, 0x01b8, 0x0139, 0x0326,
0x04aa, 0x043d, 0x02d6, 0x0124, 0xffc4, 0x0050, 0x010a, 0x014f, 0x0196, 0x0023, 0xfda8, 0xfd06,
0xff26, 0x0107, 0x0198, 0x00d1, 0xff06, 0xff57, 0x0075, 0x006e, 0xffc1, 0xfeac, 0xfdc8, 0xfe11,
0xff86, 0x00f4, 0x0158, 0x007b, 0xff1d, 0xfd8e, 0xfca6, 0xfcef, 0xfdee, 0xff16, 0xff46, 0xfe7e,
0xff59, 0x0168, 0x01ed, 0x005a, 0xfd65, 0xfb06, 0xfb27, 0xfd8d, 0x003e, 0x0268, 0x0306, 0x00f1,
0xfcf1, 0xfa6a, 0xfb93, 0xffa9, 0x041a, 0x065d, 0x059f, 0x01fc, 0xfe9f, 0xfe39, 0x0068, 0x0254,
0x031a, 0x02a4, 0x00f2, 0xffdb, 0xff8a, 0x00c3, 0x02ad, 0x0334, 0x016a, 0xfe7e, 0xfd4c, 0xfe68,
0x0037, 0x0123, 0x0133, 0x00db, 0xff81, 0xfd21, 0xfbb5, 0xfccd, 0xfe22, 0xfe18, 0xfe93, 0xfff4,
0x00a8, 0xff7a, 0xfd60, 0xfc19, 0xfcdd, 0xff12, 0x0101, 0x0225, 0x0231, 0x0102, 0xff2e, 0xfdf9,
0xfdf7, 0xfed7, 0x0088, 0x01fc, 0x019f, 0x0065, 0xfecd, 0xfdc7, 0xfdeb, 0xfd8d, 0xfdc1, 0xffdc,
0x024e, 0x0341, 0x02e3, 0x01e1, 0x006c, 0xff5f, 0xff31, 0xffe1, 0x014f, 0x025f, 0x025d, 0x01d8,
0x0131, 0x0038, 0xff27, 0xff00, 0xffd0, 0x00a0, 0x0206, 0x034e, 0x0391, 0x0305, 0x01bb, 0x0100,
0x001f, 0x0053, 0x017e, 0x0235, 0x0328, 0x02fa, 0x01de, 0x0091, 0xff85, 0xff09, 0xfeb4, 0xfe90,
0xff25, 0x006d, 0x01d7, 0x0234, 0x007b, 0xfdea, 0xfcdd, 0xfd15, 0xfce3, 0xfce7, 0xfe67, 0x0050,
0x00a2, 0xff2c, 0xfd93, 0xfd9e, 0xfdec, 0xfe23, 0xfdea, 0xfdc2, 0xfec3, 0xff7a, 0x002a, 0xffda,
0xff2a, 0xfe45, 0xfd50, 0xfdd6, 0xff0d, 0x0078, 0x0230, 0x036a, 0x0238, 0xff1b, 0xfcbf, 0xfd5d,
0x0031, 0x02ef, 0x038a, 0x02e5, 0x0290, 0x017f, 0x00ae, 0x00f0, 0x0230, 0x036e, 0x0362, 0x01ba,
0xffc4, 0xff2d, 0x0059, 0x0122, 0xffe2, 0xff5b, 0xffa3, 0xffb3, 0xff76, 0xfea4, 0xfe3c, 0xff3d,
0x0071, 0x0039, 0xff4b, 0xff0e, 0xfff8, 0x000a, 0xff1f, 0xfde7, 0xfdb0, 0xfef3, 0xfe8f, 0xfcc4,
0xfca1, 0xfe89, 0xffe4, 0x000e, 0xffa3, 0xffcb, 0x009c, 0xffdf, 0xfe50, 0xfdaf, 0xfe8d, 0xffd3,
0x003b, 0x00b5, 0x017f, 0x0160, 0x0033, 0xfedc, 0xfe61, 0xff08, 0x00b9, 0x021b, 0x0231, 0x0199,
0x0026, 0xfed9, 0xfe3d, 0xfe67, 0xff60, 0x00ba, 0x010f, 0x0054, 0x00c5, 0x01dd, 0x02e1, 0x0269,
0x00bf, 0xff34, 0xff23, 0x00ed, 0x0279, 0x045b, 0x0589, 0x04eb, 0x026f, 0xffa7, 0xfecf, 0x0058,
0x02c3, 0x02cc, 0x01f3, 0x01ec, 0x01a3, 0x012e, 0x0075, 0xfeb6, 0xfd26, 0xfd03, 0xfe23, 0x0043,
0x01d4, 0x01e6, 0x00ac, 0xfe0e, 0xfbd2, 0xfb8d, 0xfd91, 0x002c, 0x004c, 0xff66, 0xfec5, 0xfefe,
0xfe51, 0xfc42, 0xfbf5, 0xfcac, 0xfdd8, 0xfe42, 0xfe6d, 0xff7a, 0x00a0, 0x0045, 0xfd21, 0xfab9,
0xfc02, 0xff6d, 0x0259, 0x03a8, 0x0343, 0x023a, 0x015e, 0x0000, 0xfecf, 0xffac, 0x015b, 0x036b,
0x0501, 0x0437, 0x0337, 0x0260, 0x0106, 0xff9f, 0xff48, 0x006d, 0x020d, 0x0378, 0x031a, 0x0038,
0xfcfe, 0xfbbe, 0xfc9f, 0xfec9, 0xffe1, 0xff80, 0xfed7, 0xfec0, 0xff58, 0xff51, 0xff78, 0xfff7,
0x0090, 0x005a, 0xff0e, 0xfe9f, 0x0001, 0x0255, 0x0224, 0xff9c, 0xfdc5, 0xfdae, 0xfeb2, 0xffbd,
0x003c, 0x0025, 0x000b, 0xff42, 0xfe0b, 0xfd38, 0xfe58, 0x003d, 0x001b, 0xff13, 0xfd6b, 0xfcd1,
0xfe33, 0xff96, 0x003b, 0x0039, 0x00c7, 0x0100, 0x0094, 0x0022, 0xfffc, 0x00c7, 0x0167, 0x0197,
0x01a5, 0x0254, 0x02ee, 0x029e, 0x0158, 0xffdf, 0x0013, 0x00ce, 0x0186, 0x0295, 0x02c9, 0x024f,
0x0140, 0xfff0, 0xffd5, 0x0090, 0x00e8, 0x00c9, 0x010c, 0x009e, 0x0088, 0x015a, 0x016d, 0x00ed,
0xff75, 0xfe49, 0xfe8e, 0x0043, 0x0199, 0x0182, 0x0081, 0xff5a, 0xfeab, 0xfe76, 0xfe87, 0xfea0,
0xffd5, 0xfff9, 0xff80, 0xff88, 0xfea5, 0xfe3d, 0xfe34, 0xfd6a, 0xfc35, 0xfc66, 0xfe2d, 0xffda,
0x0048, 0xfece, 0xfd01, 0xfc59, 0xfcf7, 0xfebc, 0x002d, 0x00ba, 0x0119, 0x0180, 0x0090, 0xff3f,
0xffb0, 0x011a, 0x0303, 0x0399, 0x0302, 0x0295, 0x01bf, 0x0124, 0x00b4, 0x00ad, 0x013b, 0x01e0,
0x0225, 0x019c, 0x0092, 0xff63, 0xff47, 0xffd6, 0xffdf, 0xffe1, 0x0003, 0xffdc, 0xff53, 0xfedb,
0xfe2c, 0xfea0, 0x005c, 0x0107, 0x00c3, 0x005e, 0x004c, 0xff9c, 0xfefb, 0xff70, 0x0007, 0x0159,
0x01e2, 0x00c2, 0xfeb5, 0xfcb4, 0xfc86, 0xfe33, 0x0049, 0x0067, 0xff45, 0xfe35, 0xfd2b, 0xfd07,
0xfde1, 0xff1b, 0x008d, 0x0108, 0xff4e, 0xfd8c, 0xfdb6, 0xff92, 0x011b, 0x00ee, 0xffe9, 0xff7a,
0xfff2, 0x00cd, 0x01ce, 0x01e4, 0x00b8, 0xffcf, 0x0061, 0x00eb, 0x0112, 0x013f, 0x0149, 0x00e2,
0xff8c, 0xfeca, 0xffc3, 0x01d8, 0x02f0, 0x01c5, 0xfff5, 0xffe0, 0x014d, 0x02d1, 0x0299, 0x012c,
0x0124, 0x022d, 0x025f, 0x01a4, 0x01ff, 0x021c, 0x010b, 0xffe6, 0xff08, 0xff6a, 0x0051, 0x00c1,
0x0043, 0xfe91, 0xfd76, 0xfe57, 0xff79, 0xffb9, 0xff49, 0xfe8a, 0xfe35, 0xfeb3, 0xff5b, 0xff3d,
0xffae, 0x0075, 0x0034, 0xff33, 0xfe62, 0xfed6, 0xff5b, 0xfeca, 0xfe13, 0xff3b, 0x00bb, 0xffbe,
0xfe0a, 0xfccc, 0xfc6c, 0xfd6c, 0xfef1, 0xffb0, 0x0046, 0x0083, 0xff82, 0xfea4, 0xfe5f, 0xfefa,
0x0045, 0x0183, 0x01ac, 0x00bf, 0x002b, 0x0072, 0x0115, 0x0164, 0x0107, 0x00d3, 0x016f, 0x01d6,
0x01ac, 0x01c7, 0x0243, 0x0276, 0x01a8, 0x0077, 0x0002, 0x005d, 0x0109, 0x010a, 0x0172, 0x01e2,
0x01e8, 0x0189, 0x0094, 0x0027, 0xffdc, 0xff86, 0xff36, 0x0007, 0x0116, 0x006f, 0xfe7e, 0xfd17,
0xfc06, 0xfbb5, 0xfd84, 0xff72, 0x0069, 0x0039, 0xffa6, 0xfe7d, 0xfd55, 0xfdcc, 0xfef7, 0x008d,
0x01cf, 0x01a5, 0x002f, 0xfea5, 0xfea5, 0xff26, 0xff04, 0xfede, 0xff1a, 0xff2e, 0xfe4b, 0xfdaa,
0xfddb, 0xfe35, 0xfe9c, 0xff42, 0xffcf, 0x0077, 0x011d, 0x006a, 0xffa0, 0x007d, 0x01d4, 0x02b8,
0x03d3, 0x03a0, 0x0239, 0x0141, 0x0113, 0x0218, 0x02e2, 0x0354, 0x02af, 0x013f, 0x00a9, 0x0005,
0x00e0, 0x02b0, 0x029f, 0x00e5, 0xfec4, 0xfe4d, 0xffc7, 0x00c6, 0x004a, 0xffe8, 0x002a, 0xffb6,
0xfed7, 0xfeb5, 0xff7c, 0x002e, 0xffcb, 0xff24, 0xff5b, 0x004f, 0x00fa, 0x008a, 0xffbf, 0xfe97,
0xfd9d, 0xfe41, 0xff96, 0x0053, 0xff6e, 0xfe32, 0xfd51, 0xfd05, 0xfd18, 0xfcb2, 0xfc9b, 0xfd01,
0xfe34, 0xfef8, 0xffdc, 0x0100, 0x00d0, 0xfeea, 0xfd06, 0xfd23, 0xff69, 0x02ae, 0x0446, 0x03ba,
0x019d, 0xff98, 0xff00, 0xfff0, 0x01d9, 0x03c0, 0x049f, 0x035d, 0x020a, 0x01b5, 0x0144, 0x0173,
0x018b, 0x00ca, 0x0037, 0x0060, 0x0109, 0x010c, 0xffe8, 0xfe99, 0xff33, 0x00b3, 0x0017, 0xfe41,
0xfe54, 0xffac, 0x0076, 0x007e, 0xff76, 0xff25, 0x0036, 0x000a, 0xff03, 0xfee1, 0xff0e, 0xff2c,
0xff36, 0xffb2, 0xff4f, 0xfec8, 0xfe57, 0xfd43, 0xfd8d, 0xfd6b, 0xfd43, 0xfe80, 0xff8c, 0xff86,
0xfedb, 0xfe96, 0xfdde, 0xfdee, 0xff15, 0xffa8, 0x007b, 0x0114, 0x0162, 0x01aa, 0x0259, 0x0245,
0x00fc, 0x00a5, 0x0116, 0x0252, 0x02b9, 0x0209, 0x0145, 0x0076, 0x00a0, 0x00d5, 0x007b, 0x001f,
0x00fc, 0x01ca, 0x0144, 0x00d6, 0xffee, 0xff42, 0xffa4, 0x0037, 0x004c, 0x0094, 0x01a4, 0x02c6,
0x0333, 0x0298, 0x0169, 0x0025, 0xffe1, 0xff98, 0xffae, 0x00ea, 0x01dd, 0x01aa, 0xff97, 0xfd6b,
0xfd48, 0xfdbc, 0xfde1, 0xfe7e, 0xfeaa, 0xfe89, 0xfea6, 0xfead, 0xfe8d, 0xfea2, 0xfd6b, 0xfb11,
0xfb08, 0xfd0f, 0xff75, 0x00e1, 0xffba, 0xfc40, 0xf8f5, 0xf95b, 0xfe08, 0x03b2, 0x0731, 0x0681,
0x02b5, 0xfea4, 0xfd04, 0xff1b, 0x0371, 0x0780, 0x07ca, 0x049c, 0x0094, 0xfee0, 0x0098, 0x02bd,
0x0327, 0x0196, 0xffaa, 0xffb0, 0x01e7, 0x03a3, 0x02ba, 0xff12, 0xfac9, 0xf9b0, 0xfc6d, 0xffea,
0x0233, 0x021c, 0x0049, 0xfed8, 0xfe01, 0xfdf1, 0xff28, 0x0070, 0x009e, 0x00ef, 0x0194, 0x0266,
0x03ff, 0x0555, 0x0339, 0xfe75, 0xfadd, 0xf9ee, 0xfd6c, 0x00ca, 0x004c, 0xfe33, 0xfb39, 0xfa60,
0xfc1a, 0xfcc5, 0xfc1d, 0xfbed, 0xfd23, 0xff54, 0x0109, 0x020e, 0x0214, 0xffd3, 0xfd07, 0xfc99,
0xfe27, 0x006d, 0x02c3, 0x040a, 0x039b, 0x0170, 0xfff9, 0x00a0, 0x0261, 0x03d0, 0x032a, 0x020a,
0x01a6, 0x01be, 0x01ea, 0x01ca, 0x016a, 0x0022, 0xfed0, 0xfe6a, 0xff93, 0x0169, 0x0227, 0x009a,
0xfec3, 0xff50, 0x005c, 0x0130, 0x021e, 0x028b, 0x015a, 0xff6e, 0xff2b, 0x00db, 0x025d, 0x0223,
0x0147, 0x0032, 0xffe7, 0x006d, 0x0119, 0x00e6, 0xff7c, 0xfd91, 0xfc23, 0xfcc8, 0xfe64, 0x000b,
0x001c, 0xff00, 0xfe20, 0xfdb4, 0xfe6e, 0xff37, 0xff96, 0xfee6, 0xfe40, 0xfe3a, 0xfe86, 0xfe81,
0xfc8d, 0xfb5d, 0xfcdd, 0xffac, 0x011d, 0xffe8, 0xfd2e, 0xfa2e, 0xf9ee, 0xfd88, 0x0303, 0x07d1,
0x09c7, 0x0809, 0x02e3, 0xfdd5, 0xfcb9, 0x0069, 0x05b2, 0x07ce, 0x05c7, 0x0158, 0xfeae, 0x0015,
0x02b1, 0x0334, 0x00dc, 0xfde1, 0xfd85, 0x00be, 0x0361, 0x02cc, 0xff67, 0xfb3f, 0xfad5, 0xfd61,
0x0047, 0x0243, 0x01fb, 0x0057, 0xfdfb, 0xfc52, 0xfc60, 0xfe7d, 0x01a2, 0x02b2, 0x0138, 0xfe12,
0xfca3, 0xfed1, 0x01f5, 0x029b, 0xff84, 0xfcac, 0xfc82, 0xfe99, 0x00d8, 0xff78, 0xfc0f, 0xfaab,
0xfb7a, 0xfdcf, 0xfff2, 0x005c, 0x00a1, 0x0135, 0x00d5, 0x0018, 0xffe7, 0x007d, 0x0153, 0x00ea,
0xff99, 0xfec2, 0xff9e, 0x0193, 0x029e, 0x0202, 0xfffa, 0xfefe, 0x0043, 0x01a3, 0x02b6, 0x0337,
0x02ea, 0x0279, 0x01d3, 0x00a0, 0xffd4, 0x0043, 0x0082, 0x012e, 0x016f, 0x00b2, 0x0087, 0x0047,
0x0065, 0x00db, 0xffc6, 0xfe31, 0xff01, 0x00a0, 0x0176, 0x018f, 0x007b, 0x0027, 0x0166, 0x01fb,
0x00a8, 0xff4f, 0xff22, 0xffb4, 0x00f2, 0x0182, 0xffec, 0xfda4, 0xfc6f, 0xfba9, 0xfc2e, 0xfd9e,
0xfe6b, 0xff1f, 0xfebb, 0xfe49, 0xfee2, 0x0036, 0x0162, 0x0095, 0xff07, 0xfe3e, 0xff5c, 0x01a5,
0x01f8, 0x00af, 0x0021, 0xffcf, 0xffcb, 0xff2e, 0xfcec, 0xfcfb, 0xffce, 0x007e, 0xfde8, 0xfa4b,
0xf9e6, 0x0002, 0x07db, 0x0a28, 0x0493, 0xfd3b, 0xfa75, 0xfcd5, 0x0248, 0x0627, 0x07b1, 0x06e3,
0x0390, 0x000b, 0xfed1, 0x0073, 0x0392, 0x0424, 0xffee, 0xfcc4, 0xfd2b, 0x0050, 0x026c, 0xff5e,
0xfa93, 0xf7ef, 0xf9b0, 0xff28, 0x03b1, 0x03e5, 0x00b5, 0xfc90, 0xfa3b, 0xfb79, 0xff40, 0x0341,
0x046e, 0x01f1, 0xff08, 0xfdf6, 0xff7a, 0x031e, 0x0468, 0x00c4, 0xfcf6, 0xfd0c, 0xfecf, 0xffe5,
0xfee3, 0xfce5, 0xfbea, 0xfc18, 0xfdc0, 0x0092, 0x028c, 0x023f, 0x0117, 0xff50, 0xfe86, 0xff9a,
0x0110, 0x02b8, 0x02ed, 0x011c, 0x0000, 0x0173, 0x0296, 0x0197, 0x00a9, 0xffd7, 0xffa3, 0x008b,
0x01ad, 0x0374, 0x044d, 0x02df, 0xffe5, 0xfd54, 0xfcdf, 0xfeb5, 0x000d, 0x0056, 0x0140, 0x015f,
0x00cc, 0xff74, 0xff39, 0xffd1, 0xfef2, 0xfe91, 0xff2f, 0x006d, 0x028d, 0x0406, 0x02ae, 0x0003,
0xfe46, 0xfe6a, 0x0020, 0x0148, 0x00c8, 0xfeb7, 0xfccf, 0xfcd3, 0xfdaf, 0xfd94, 0xfcb5, 0xfcdf,
0xfddf, 0xfe07, 0xfe32, 0xfeb1, 0xff7d, 0x00ac, 0x00b2, 0x002e, 0x004c, 0x0118, 0x0251, 0x0292,
0x0187, 0x003c, 0xffbe, 0xff9d, 0xff8f, 0x003e, 0x00cb, 0x0188, 0x0133, 0xfe2e, 0xfac1, 0xf9cd,
0xfc2f, 0xfff6, 0x037e, 0x059b, 0x05d8, 0x03ba, 0xffc4, 0xfc85, 0xfc73, 0x00d8, 0x0637, 0x0780,
0x04ab, 0x0158, 0xffc8, 0x0056, 0x0163, 0x0138, 0x000b, 0xff63, 0xffcb, 0x00a6, 0x006f, 0xfd96,
0xfb8f, 0xfc0f, 0xfe77, 0x019b, 0x01e9, 0x0090, 0x00d5, 0x001d, 0xfd19, 0xfb5a, 0xfb88, 0xfdee,
0x0171, 0x032f, 0x024f, 0xff9b, 0xfd86, 0xfe57, 0x00c3, 0x0136, 0xfec3, 0xfcfc, 0xfe18, 0xfff2,
0x001a, 0xfdf6, 0xfc37, 0xfc57, 0xfe51, 0x005a, 0x0194, 0x0267, 0x0261, 0x027a, 0x0164, 0xff59,
0xfe56, 0xff61, 0x0161, 0x022c, 0x0151, 0x0011, 0xffe4, 0xffd1, 0xff90, 0xff79, 0xff81, 0x00f7,
0x0298, 0x028b, 0x01c3, 0x0105, 0x009e, 0xffe5, 0xff39, 0xff67, 0x0098, 0x0211, 0x0334, 0x0304,
0x00cb, 0xfed3, 0xfe49, 0x0003, 0x02a4, 0x0282, 0xffa7, 0xfdad, 0xfe4c, 0x0041, 0x0168, 0x00bb,
0x002b, 0x0096, 0x00e0, 0x0048, 0xfe99, 0xfd30, 0xfd54, 0xfe74, 0xff4d, 0xff07, 0xfda4, 0xfc84,
0xfd1b, 0xfe5c, 0xfee9, 0xfe22, 0xfe86, 0x0113, 0x02ea, 0x02ed, 0x01bd, 0x0093, 0x0045, 0x00d3,
0xff2b, 0xfc2d, 0xfb9d, 0xfde6, 0x0145, 0x038e, 0x03ca, 0x01a5, 0xfde3, 0xfa26, 0xf926, 0xfc2b,
0x0296, 0x08cf, 0x09aa, 0x0360, 0xfb82, 0xf95f, 0xfdb9, 0x041a, 0x06ad, 0x04cd, 0x018e, 0xffc2,
0x0094, 0x02c8, 0x0425, 0x0312, 0x0092, 0xff03, 0x000c, 0x01ed, 0x0181, 0xfeda, 0xfb90, 0xfa33,
0xfb2c, 0xfd13, 0x0063, 0x03be, 0x03a5, 0xffbf, 0xfc0e, 0xfac0, 0xfbd9, 0xfe38, 0x0025, 0x014d,
0x0122, 0x0086, 0x00c5, 0x012a, 0x0199, 0x0142, 0x002f, 0xff03, 0xfd5d, 0xfd6c, 0xfdea, 0xfe41,
0xff62, 0xff75, 0xfeba, 0xfdc7, 0xfd31, 0xfe71, 0x0118, 0x030c, 0x03cd, 0x02a9, 0x005a, 0xfee4,
0xfeb5, 0xff87, 0x0002, 0xffb4, 0x0039, 0x00d0, 0x012b, 0x020e, 0x0295, 0x0262, 0x0173, 0x00ed,
0x0130, 0x0133, 0x00aa, 0x00ed, 0x0100, 0x0066, 0xfff6, 0xff10, 0xfe7b, 0xff67, 0x0086, 0x0083,
0x0028, 0xffc8, 0x004f, 0x00c4, 0x015a, 0x00bf, 0xff16, 0xfefa, 0xff06, 0xffc3, 0x0116, 0x021c,
0x02af, 0x0229, 0x0012, 0xfdc4, 0xfc84, 0xfd5c, 0x0026, 0x021d, 0x0159, 0xfea0, 0xfbe5, 0xfb78,
0xfd7d, 0xfee9, 0xff2c, 0xff0a, 0x003a, 0x016b, 0x012a, 0x00b6, 0xffc6, 0xfe2e, 0xfd50, 0xfd74,
0xfd2c, 0xfe3a, 0x0098, 0x02b0, 0x036f, 0x01ed, 0xfec6, 0xfbba, 0xfac0, 0xfd3f, 0x0262, 0x0728,
0x07c7, 0x036d, 0xfe6f, 0xfb36, 0xfbdb, 0xffe8, 0x0408, 0x05e7, 0x04a7, 0x0222, 0xffc1, 0xfeed,
0x00b3, 0x02e3, 0x032e, 0x0204, 0x0113, 0x008e, 0xff6f, 0xfec2, 0xfddb, 0xfcc5, 0xfd46, 0xff67,
0x01eb, 0x02e3, 0x0201, 0xffd1, 0xfd91, 0xfc85, 0xfcf6, 0xfeaf, 0x00d7, 0x0261, 0x01bd, 0xfea6,
0xfc90, 0xfdc0, 0x0077, 0x0144, 0x00b0, 0xffb6, 0xfe01, 0xfd43, 0xfd7f, 0xfee2, 0xff03, 0xfd45,
0xfccf, 0xfdab, 0xfe74, 0xff2c, 0x0088, 0x013e, 0x0146, 0x01c6, 0x0122, 0x007b, 0x0138, 0x0144,
0x0153, 0x0149, 0x00f9, 0x0050, 0xff80, 0x001f, 0x00fd, 0x013c, 0x010c, 0x0111, 0x00c6, 0x003a,
0x0069, 0x00a9, 0x00ac, 0x0108, 0x0127, 0x0104, 0x00b0, 0xff56, 0xff24, 0x007a, 0x0174, 0x023f,
0x027e, 0x0093, 0xfef2, 0xffae, 0x00a7, 0x0052, 0xfeff, 0xfeec, 0x00a4, 0x02f5, 0x0342, 0x00f1,
0xfdcb, 0xfc1a, 0xfda4, 0x002c, 0x010b, 0xfff7, 0xfdb4, 0xfc60, 0xfd35, 0xfe35, 0xfe1d, 0xfd62,
0xfd4a, 0xfe4f, 0xfffd, 0x0090, 0x00ce, 0x0105, 0xffc5, 0xff2b, 0xfe88, 0xfd90, 0xfd73, 0xfebc,
0x0091, 0x012a, 0x00cc, 0xff8f, 0xfd9a, 0xfca4, 0xfe56, 0x024c, 0x0574, 0x0658, 0x0517, 0x0110,
0xfe55, 0xff54, 0x029e, 0x05ea, 0x0644, 0x02ac, 0xfd8f, 0xfbd9, 0xff4b, 0x0471, 0x057c, 0x02a6,
0x0027, 0xff35, 0xff30, 0xff3c, 0xfef0, 0xfeb8, 0xfea8, 0xfe4a, 0xfebf, 0xffda, 0x015f, 0x016e,
0xfe84, 0xfba4, 0xfa8e, 0xfddb, 0x03f7, 0x069c, 0x03d8, 0xfdcb, 0xf9fa, 0xfc04, 0x0003, 0x0116,
0x0005, 0xfea6, 0xfd1b, 0xfbbc, 0xfc26, 0xfd6d, 0xfcbd, 0xfbff, 0xfd77, 0xff91, 0x00fb, 0x00f9,
0x008c, 0x0117, 0x0189, 0x019b, 0x0172, 0x01b9, 0x02de, 0x03f7, 0x035d, 0x01dc, 0x0060, 0xfeb1,
0xff56, 0x00d0, 0x00f2, 0x0032, 0xff12, 0xfffb, 0x01c8, 0x0124, 0xff75, 0xfebe, 0xff10, 0x0030,
0x00fe, 0x0108, 0x0145, 0x01d2, 0x023f, 0x0258, 0x00ed, 0xff61, 0xffa0, 0x0059, 0xfff5, 0xff99,
0x0101, 0x0351, 0x04c3, 0x0301, 0xfef2, 0xfc6f, 0xfd85, 0xffc2, 0xffac, 0xfeb4, 0xfe44, 0xfe68,
0xfef5, 0xff2e, 0xfe75, 0xfc6e, 0xfba7, 0xfc63, 0xfcf4, 0xfd83, 0xfef4, 0x01d3, 0x02e9, 0x0129,
0xfe7e, 0xfc3f, 0xfc8d, 0xff0b, 0x00ba, 0x00e4, 0x0069, 0xffe7, 0x0035, 0x00b1, 0x004c, 0xfee0,
0xfde1, 0xff6d, 0x03bc, 0x0715, 0x065c, 0x02f3, 0xff1a, 0xfc48, 0xfbab, 0xfe9e, 0x03b9, 0x0739,
0x065d, 0x0287, 0xff41, 0xfd2b, 0xfd49, 0xffcf, 0x02a4, 0x03ff, 0x0300, 0x0205, 0x0223, 0x01a0,
0x0023, 0xfd84, 0xfb4d, 0xfbcf, 0xfe0b, 0x0076, 0x02f7, 0x041b, 0x0212, 0xfe8d, 0xfbaa, 0xfb48,
0xfdf4, 0x00da, 0x01e8, 0xffd6, 0xfdff, 0xfee0, 0x0125, 0x027b, 0xff41, 0xfaa3, 0xf85c, 0xf944,
0xfc63, 0xfea2, 0xff15, 0xfeea, 0x0009, 0x0140, 0x0079, 0xfe7d, 0xfdce, 0xff57, 0x0231, 0x048b,
0x0503, 0x03eb, 0x0258, 0x01a4, 0x013d, 0x003a, 0xff10, 0xffd4, 0x01d7, 0x0239, 0x00e1, 0xff04,
0xff0a, 0xfff8, 0xff62, 0xfe33, 0xfdd4, 0xfe7f, 0xff9f, 0x00e6, 0x01da, 0x01e0, 0x00b1, 0x0020,
0x0135, 0x0176, 0x0035, 0x0041, 0x0275, 0x03db, 0x0283, 0x00ca, 0x00f5, 0x0122, 0xffef, 0xfe24,
0xfd81, 0xfe9f, 0x001e, 0x014d, 0x015e, 0xff94, 0xfccd, 0xfb89, 0xfca8, 0xfe4f, 0xfe9e, 0xfe3f,
0xfeee, 0xff9a, 0xfee3, 0xfd7e, 0xfce7, 0xfe34, 0x001e, 0x0183, 0x0264, 0x01bc, 0x0100, 0x00dc,
0x00dc, 0x015a, 0x0122, 0x0052, 0xffaa, 0x000d, 0x0131, 0x01fc, 0x01b1, 0x0156, 0x011d, 0xff51,
0xfdca, 0xfe1d, 0xffb4, 0x005a, 0xffa4, 0x0038, 0x0248, 0x0387, 0x01bf, 0xff0b, 0xfec1, 0xff85,
0x0055, 0x0118, 0x0110, 0x00f1, 0x00cc, 0x0163, 0x029d, 0x01fa, 0xffbb, 0xfe5d, 0xfeff, 0x002a,
0xffec, 0xffd1, 0x00eb, 0x023a, 0x019d, 0xff2c, 0xfdf8, 0xfd53, 0xfcf7, 0xfdd0, 0xff5f, 0x002f,
0x0031, 0x007c, 0x0097, 0xffb3, 0xfd4b, 0xfb1c, 0xfa89, 0xfc27, 0xfe7a, 0xff8a, 0xff8a, 0xfefc,
0xff2e, 0xff4f, 0xff4b, 0xffcb, 0xfffc, 0xffb9, 0x0007, 0x0145, 0x02c2, 0x0303, 0x0175, 0x00c9,
0x00c0, 0x00a3, 0x004d, 0xffa4, 0x00c0, 0x020f, 0x01e4, 0x00ec, 0xffb0, 0xff3e, 0xff97, 0xffa4,
0xff4e, 0xfebd, 0xfe4e, 0xfef1, 0x017c, 0x02eb, 0x000e, 0xfdc7, 0xff48, 0x021f, 0x03d8, 0x036e,
0x0227, 0x0046, 0xff2c, 0x0071, 0x026c, 0x02ad, 0x010e, 0xffb3, 0xff1a, 0xfe97, 0xfe78, 0xfefe,
0x0081, 0x01ca, 0x00e1, 0xfe9b, 0xfd92, 0xfee7, 0x006b, 0x00af, 0xff7c, 0xfe1a, 0xfe67, 0xff1e,
0x000c, 0x00d2, 0x002b, 0xff47, 0xff72, 0xff5c, 0xff66, 0x004d, 0x00b5, 0x013e, 0x00de, 0xff6f,
0xff01, 0x0032, 0x028d, 0x02d8, 0x0062, 0xfdef, 0xfde2, 0x0010, 0x01ed, 0x01bb, 0x0034, 0xff8b,
0xffb5, 0x0069, 0x00cc, 0xffe2, 0xfe8a, 0xfea3, 0x0054, 0x0094, 0xff27, 0xfeae, 0x0013, 0x00e9,
0x000c, 0xfefc, 0xfeec, 0x0002, 0x00ef, 0x0143, 0x00dc, 0xffcd, 0xff43, 0xff87, 0x002f, 0x0014,
0xfed4, 0xfe94, 0xfedc, 0xff1c, 0x0041, 0x010a, 0x00d7, 0xff51, 0xfdb1, 0xfd31, 0xfdb1, 0xff0c,
0x00ae, 0x00fb, 0xff14, 0xfd98, 0xfdce, 0xff44, 0xffc5, 0xfe6d, 0xfd48, 0xfdaf, 0xffbc, 0x01de,
0x02c7, 0x0227, 0x012c, 0x0032, 0xffcb, 0xfffc, 0x005b, 0x0198, 0x02c3, 0x0315, 0x021d, 0x0014,
0xff53, 0x00c8, 0x01a9, 0x0108, 0x0040, 0xffc1, 0x000e, 0x0185, 0x02ba, 0x01b6, 0xff10, 0xfd20,
0xfdcb, 0xffbb, 0x00cd, 0x019e, 0x01f8, 0x01c4, 0x0179, 0x00ec, 0xffd4, 0xff16, 0xffb4, 0x0002,
0x007c, 0x0132, 0x0158, 0x010d, 0x0030, 0xfee1, 0xfdaf, 0xfe10, 0xff22, 0x0072, 0x01a6, 0x018f,
0x0076, 0xffb0, 0xff57, 0xfef2, 0xfe8c, 0xfe02, 0xfeb5, 0x0000, 0x0023, 0x0059, 0x0013, 0xfec2,
0xfe70, 0xfe5d, 0xfe93, 0xff77, 0xffd4, 0x0003, 0x000d, 0xffe8, 0xffb5, 0xff6f, 0xff8a, 0xffb9,
0x0077, 0x0115, 0x00b9, 0x008e, 0x0089, 0x0146, 0x01b8, 0x010e, 0x0049, 0xffa6, 0xffc7, 0xfffb,
0x001b, 0x0090, 0x0063, 0xffef, 0x0011, 0x003f, 0xffcc, 0xfec7, 0xfe99, 0xffa8, 0x0046, 0xff81,
0xfed0, 0xff15, 0x0042, 0x0107, 0x0080, 0xffe7, 0xff24, 0xfee0, 0xff89, 0x0062, 0x0066, 0x0014,
0x0061, 0x00e7, 0x00e4, 0xffd2, 0xfee6, 0xfe8e, 0xfeca, 0xfed4, 0xff12, 0xffbd, 0xffe5, 0xffce,
0xff16, 0xfe95, 0xfe60, 0xfeb4, 0xff21, 0xff83, 0x003d, 0x003c, 0x009d, 0x0124, 0x015c, 0x0125,
0x00ce, 0x00c9, 0x00d6, 0x0139, 0x0115, 0x010d, 0x00fe, 0x00b0, 0x00a9, 0x0042, 0xffee, 0x0023,
0x0098, 0x009e, 0x005c, 0xffd9, 0xff60, 0xffef, 0x00ca, 0x0126, 0x00c3, 0x005d, 0x0078, 0x0006,
0xffdb, 0x000c, 0xfff3, 0x003c, 0x0055, 0x0061, 0x00c7, 0x0132, 0x012d, 0x003c, 0xff2a, 0xfe2b,
0xfe0b, 0xffec, 0x01c0, 0x01e8, 0x0119, 0xffc7, 0xfef0, 0xff2f, 0xff87, 0xfff2, 0xffda, 0xff59,
0xff9c, 0xffd3, 0xff9f, 0xfff3, 0x00d8, 0x0022, 0xfefa, 0xfe3f, 0xfdb2, 0xff1d, 0x0095, 0x00df,
0x00bd, 0x000e, 0xff68, 0xfffb, 0x005e, 0xffda, 0xfef2, 0xfdcf, 0xfe2b, 0xfffd, 0x01e3, 0x01e6,
0xffe0, 0xfe06, 0xfdcc, 0xfedd, 0x0048, 0x00e9, 0x0096, 0x006f, 0x00a6, 0x00bf, 0x0024, 0x0016,
0x004b, 0x0038, 0x001e, 0xff59, 0xff44, 0xfff7, 0x00ec, 0x011e, 0xfff7, 0xfecb, 0xfe56, 0xfefa,
0x0003, 0x0070, 0xffd7, 0xff36, 0xffda, 0x0177, 0x0220, 0x007a, 0xfed1, 0xff02, 0x0006, 0x00ba,
0x00b9, 0x008f, 0x005f, 0x0029, 0xffd4, 0xff10, 0xfe88, 0xfeb8, 0xffdf, 0x00e5, 0x00b5, 0xff91,
0xff18, 0xffd9, 0xffe7, 0xffce, 0xff99, 0xff50, 0x004b, 0x009c, 0x006d, 0x003b, 0xfff8, 0x00d9,
0x0181, 0x00ee, 0xff8e, 0xff5c, 0x0040, 0x014b, 0x0183, 0xffe9, 0xfee7, 0xff7c, 0x00d0, 0x0139,
0x006f, 0xffdb, 0xffe4, 0xffe6, 0x00af, 0x01aa, 0x0128, 0x004d, 0xff8a, 0xff80, 0xffaf, 0xff9b,
0xffe8, 0x003f, 0x007b, 0x0026, 0xffe5, 0x00e4, 0x0120, 0x00b9, 0x00ca, 0xffa5, 0xfeb4, 0xffd0,
0x0133, 0x012a, 0x005b, 0xfefa, 0xfe37, 0xff06, 0xffc1, 0xff9c, 0xffad, 0x000e, 0x004e, 0xffc4,
0xfeea, 0xff0c, 0xff81, 0xffcd, 0xff9e, 0xffd5, 0xff84, 0xff53, 0x0020, 0x008f, 0x0025, 0xfed8,
0xfefb, 0xfff0, 0x00ac, 0x0074, 0xffd6, 0x002f, 0xff9d, 0xfefb, 0xff1b, 0xff27, 0xff39, 0xffc0,
0x000c, 0xffc7, 0x005b, 0x0085, 0x005e, 0x0060, 0xffac, 0xffa8, 0x001b, 0x00b5, 0x00e6, 0x0085,
0x002b, 0xfffe, 0xffa2, 0xff43, 0x001f, 0x0075, 0x0086, 0x00bc, 0x0023, 0x0012, 0x0006, 0xff5c,
0xff0f, 0xffdf, 0x0049, 0xff7d, 0xff7f, 0x005f, 0x00f8, 0x016f, 0x00c4, 0xfeee, 0xfe23, 0xfe3f,
0xff6e, 0x00e2, 0x00ed, 0x0168, 0x020f, 0x0121, 0xffdb, 0xff48, 0xfee0, 0xfef7, 0xff64, 0xffbf,
0x00d3, 0x01d9, 0x01bf, 0x00a1, 0xfe86, 0xfd56, 0xfe50, 0xff8c, 0x0042, 0x0092, 0x0050, 0x0079,
0x00b9, 0x0052, 0x008e, 0x0058, 0xffa2, 0xffd6, 0x0029, 0x0024, 0x0073, 0x017a, 0x0170, 0x010d,
0x00e0, 0x0062, 0x0017, 0xff62, 0xff8a, 0x002a, 0x006c, 0x00bd, 0x006e, 0xfffc, 0xff5d, 0xfee8,
0xfee9, 0xfec5, 0xff65, 0x005a, 0x00bd, 0x005a, 0xffba, 0xff89, 0xff71, 0xffa4, 0xfffb, 0x003c,
0x004a, 0x003f, 0x0021, 0x002d, 0x002b, 0x0047, 0x0080, 0xfffd, 0xff25, 0xff22, 0xfff7, 0x0036,
0x005d, 0x0006, 0xff84, 0xff5a, 0xff1f, 0xfefd, 0xfef1, 0xffce, 0x001d, 0xffe5, 0xffbf, 0x0002,
0x0024, 0xff9c, 0xff88, 0xff16, 0xff0c, 0xffa7, 0xffee, 0x0049, 0x00fd, 0x00f3, 0x0096, 0x0049,
0xffb1, 0x0025, 0x00b6, 0x0033, 0xff8a, 0x001e, 0x00e4, 0x010e, 0x00d9, 0x001b, 0xff8b, 0xfec1,
0xfeca, 0xff7d, 0x0002, 0x00ff, 0x018a, 0x0138, 0xffba, 0xfe2f, 0xfda4, 0xfe33, 0xffcb, 0x00b6,
0x00f8, 0x0120, 0x012f, 0x010b, 0x0052, 0xff75, 0xfef9, 0xff37, 0xffc5, 0x0068, 0x010e, 0x012e,
0x0112, 0x00dd, 0xfffc, 0xff5a, 0xff1d, 0xff34, 0x002b, 0xffb3, 0xff68, 0x0049, 0x0055, 0x006f,
0xffcf, 0xfedc, 0xfea6, 0xff17, 0xff5d, 0xfff2, 0x00e2, 0x0115, 0x0197, 0x011b, 0x00cc, 0x00fb,
0xffb3, 0xff4f, 0xff97, 0x0014, 0x00ce, 0x00bd, 0x00f6, 0x0103, 0x00cd, 0x0032, 0xff60, 0xff04,
0xfef8, 0xfff5, 0x0070, 0x0056, 0x0062, 0x00b6, 0x00fa, 0x0040, 0xfe8d, 0xfdf7, 0xfefb, 0xff1d,
0x004d, 0x0109, 0x007b, 0x0021, 0xffa0, 0xffd6, 0xfef3, 0xfe94, 0xff7d, 0x0009, 0x0077, 0x0086,
0x00b0, 0x00ba, 0x000b, 0xff64, 0xff12, 0xfee7, 0xff37, 0x002d, 0x00b9, 0x0008, 0xff6d, 0xff14,
0xff59, 0xfff3, 0xffde, 0xffaf, 
};

/* OTHER (bad2) : 16000 probek */
static const u16 audio_other_bad2[16000] = {
0xffff, 0xfffe, 0xfffe, 0xfffe, 0xfffe, 0xfffe, 0xffff, 0xfffe, 0xfffe, 0xfffe, 0xffff, 0xfffe,
0xffff, 0xfffe, 0xfffe, 0xfffe, 0xfffe, 0xffff, 0x0000, 0x0000, 0x0000, 0x0000, 0x0000, 0x0000,
0x0001, 0x0000, 0x0000, 0x0001, 0x0000, 0x0001, 0x0002, 0x0001, 0x0001, 0x0001, 0x0001, 0x0001,
0x0001, 0x0002, 0x0003, 0x0002, 0x0001, 0x0002, 0x0001, 0x0001, 0x0001, 0x0001, 0x0002, 0x0002,
0x0001, 0x0002, 0x0001, 0x0001, 0x0001, 0x0001, 0x0001, 0x0001, 0x0001, 0x0001, 0x0001, 0x0001,
0x0001, 0x0002, 0x0001, 0x0000, 0x0001, 0x0001, 0x0001, 0x0002, 0x0001, 0x0000, 0x0000, 0x0000,
0x0001, 0x0001, 0x0001, 0x0001, 0x0001, 0x0001, 0x0001, 0x0001, 0x0001, 0x0001, 0x0001, 0x0001,
0x0001, 0x0001, 0x0001, 0x0001, 0x0001, 0x0001, 0x0001, 0x0002, 0x0001, 0x0000, 0x0000, 0x0000,
0x0000, 0x0000, 0x0000, 0x0001, 0xffff, 0xfffe, 0xfffe, 0xfffe, 0xfffe, 0xfffe, 0xfffe, 0xfffe,
0xfffd, 0xfffe, 0xfffe, 0xfffd, 0xfffd, 0xfffd, 0xfffe, 0xfffe, 0xfffd, 0xfffe, 0xfffe, 0xffff,
0xfffe, 0xfffe, 0xffff, 0xfffe, 0xfffe, 0xffff, 0xfffe, 0xfffe, 0xffff, 0xfffe, 0xfffe, 0xffff,
0xfffe, 0x0000, 0xffff, 0x0000, 0xffff, 0xffff, 0x0001, 0x0000, 0x0000, 0x0001, 0x0001, 0x0000,
0x0000, 0x0000, 0x0000, 0x0001, 0x0001, 0x0001, 0x0001, 0x0002, 0x0002, 0x0002, 0x0002, 0x0002,
0x0002, 0x0001, 0x0002, 0x0002, 0x0002, 0x0002, 0x0002, 0x0001, 0x0001, 0x0002, 0x0000, 0x0001,
0x0001, 0x0000, 0x0001, 0x0001, 0x0000, 0x0000, 0x0001, 0x0000, 0x0000, 0x0000, 0xffff, 0xffff,
0xffff, 0xffff, 0xffff, 0xfffe, 0xffff, 0xfffe, 0xfffe, 0xfffe, 0xfffe, 0xffff, 0xffff, 0xffff,
0xffff, 0xffff, 0xffff, 0xfffe, 0xffff, 0xffff, 0xffff, 0xffff, 0xffff, 0xffff, 0xffff, 0xffff,
0xffff, 0x0001, 0x0001, 0x0001, 0x0002, 0x0001, 0x0000, 0x0000, 0xffff, 0x0000, 0x0000, 0xffff,
0x0000, 0x0001, 0x0000, 0x0000, 0xffff, 0xffff, 0x0001, 0x0000, 0xffff, 0x0000, 0x0000, 0x0000,
0xffff, 0xffff, 0xffff, 0xffff, 0xffff, 0xffff, 0x0000, 0x0000, 0x0000, 0x0001, 0x0000, 0xffff,
0x0000, 0x0001, 0x0000, 0x0001, 0x0002, 0x0001, 0x0001, 0x0001, 0x0001, 0x0001, 0x0001, 0x0001,
0x0001, 0x0001, 0x0001, 0x0001, 0x0002, 0x0002, 0x0002, 0x0001, 0x0001, 0x0001, 0x0002, 0x0002,
0x0001, 0x0002, 0x0002, 0x0001, 0x0001, 0x0002, 0x0001, 0x0001, 0x0001, 0x0002, 0x0000, 0x0001,
0x0001, 0x0001, 0x0002, 0x0001, 0x0002, 0x0002, 0x0001, 0x0000, 0x0000, 0x0000, 0x0000, 0x0000,
0x0000, 0xffff, 0x0000, 0xffff, 0x0000, 0x0000, 0x0001, 0xffff, 0xffff, 0x0000, 0xffff, 0xfffe,
0xfffe, 0xfffe, 0xfffe, 0xfffe, 0xfffe, 0xffff, 0xffff, 0xfffd, 0xfffd, 0x0000, 0xfffe, 0xfffe,
0xfffe, 0xfffd, 0xfffe, 0xfffd, 0xffff, 0xffff, 0xfffe, 0xffff, 0xfffc, 0xffff, 0xffff, 0x0002,
0x0004, 0x0000, 0x0002, 0xfffe, 0xffff, 0x0002, 0x0001, 0x0003, 0x0000, 0x0000, 0xfffe, 0xffff,
0x0004, 0x0004, 0x0006, 0x0003, 0x0001, 0x0000, 0xfffe, 0x0002, 0x0004, 0x0004, 0x0002, 0xffff,
0xfffe, 0x0002, 0x0004, 0x0002, 0x0002, 0xffff, 0xfffe, 0xfffe, 0x0000, 0x0006, 0x0007, 0x0001,
0xfffb, 0xfff9, 0xfff7, 0xffff, 0x0004, 0x0005, 0x0008, 0xfffc, 0xfff9, 0xfff8, 0xfff9, 0x0008,
0x0007, 0x0005, 0xffff, 0xfff4, 0xfff4, 0xfff8, 0x0002, 0x000d, 0x000e, 0x0007, 0xfff7, 0xffe8,
0xffe6, 0xfff9, 0x0015, 0x0029, 0x001e, 0xfff3, 0xffd3, 0xffd0, 0xfff2, 0x001d, 0x0025, 0x0025,
0x0008, 0xffef, 0xffe1, 0xffd6, 0xfff8, 0x0014, 0x0028, 0x000d, 0xffe4, 0xffde, 0x0007, 0x0035,
0x0021, 0xffe5, 0xffa9, 0xffc7, 0x0035, 0x0059, 0x0055, 0xffba, 0xff87, 0xffbe, 0x0014, 0x00ac,
0x0054, 0x0017, 0xff85, 0xff69, 0xff9b, 0xffec, 0x008c, 0x00cb, 0x00f9, 0x001f, 0xff2a, 0xfe65,
0xfe78, 0x007d, 0x019a, 0x0297, 0x00bd, 0xfea9, 0xfd7a, 0xfdfb, 0x00a5, 0x01f7, 0x0243, 0x0037,
0xfec6, 0xfe3e, 0xff3c, 0x00bf, 0x00c5, 0x00e6, 0xffba, 0xffc1, 0xff9c, 0xff90, 0xfff7, 0xffe7,
0x00a3, 0x0098, 0x0053, 0xff78, 0xff09, 0xff70, 0x003c, 0x0111, 0x009c, 0x0003, 0xff3b, 0xff6b,
0x0015, 0x005b, 0x004b, 0xffc6, 0xffa6, 0x0006, 0x0064, 0x0069, 0xfff2, 0xff89, 0xff88, 0xfff3,
0x004b, 0x005e, 0x0029, 0xffe6, 0xffe3, 0xffd9, 0xffe3, 0xffec, 0x0007, 0x003a, 0x003d, 0x000a,
0xffba, 0xffa1, 0xffe6, 0x004f, 0x0074, 0x0035, 0xffc7, 0xff85, 0xffbc, 0x0011, 0x0059, 0x004b,
0x000e, 0xffe8, 0xffd8, 0xfff2, 0xfff6, 0xfffc, 0xffff, 0x0019, 0x0022, 0x0014, 0xfff7, 0xffde,
0xfff1, 0x000a, 0x001a, 0x000a, 0xffe8, 0xffed, 0xfffb, 0x0017, 0x000d, 0xfffc, 0xfff4, 0x0000,
0x001e, 0x0015, 0xfff4, 0xffcb, 0xffce, 0xfff6, 0x002d, 0x0041, 0x0025, 0xfffe, 0xffd3, 0xffd2,
0xffd9, 0xffed, 0x0007, 0x0025, 0x003d, 0x002d, 0xfffc, 0xffbc, 0xffb5, 0xffde, 0x002d, 0x004e,
0x0021, 0xffe2, 0xffb7, 0xffe3, 0x0029, 0x0045, 0x0017, 0xffcb, 0xffb5, 0xffe1, 0x002a, 0x003b,
0x001b, 0xfff3, 0xffeb, 0x000a, 0x0005, 0xffed, 0xffd2, 0xffdc, 0x001e, 0x0045, 0x0038, 0xfff6,
0xffd2, 0xffce, 0xfff7, 0x0004, 0xfff4, 0xfffe, 0x000c, 0x0049, 0x0032, 0xfff2, 0xffa5, 0xffa8,
0x0005, 0x004d, 0x004c, 0xffe8, 0xffbf, 0xffcf, 0x0039, 0x005a, 0x0013, 0xffac, 0xff77, 0xffe6,
0x0066, 0x00a2, 0x003d, 0xffa0, 0xff48, 0xff94, 0x003d, 0x00ad, 0x009c, 0x0008, 0xff88, 0xff52,
0xffa0, 0x0019, 0x0079, 0x0097, 0x0052, 0xfff0, 0xff78, 0xff6c, 0xffa3, 0x0033, 0x0097, 0x0096,
0x003b, 0xffa2, 0xff77, 0xff92, 0x0004, 0x005e, 0x0067, 0x003e, 0xffe9, 0xffc6, 0xffc1, 0xffe1,
0x000a, 0x001b, 0x003a, 0x002a, 0x0030, 0xfff0, 0xffb6, 0xff9b, 0xffba, 0x003d, 0x008b, 0x0095,
0x0015, 0xff88, 0xff56, 0xffa2, 0x0035, 0x007e, 0x007b, 0x0017, 0xffd5, 0xffb4, 0xffbe, 0xffe3,
0x0004, 0x003c, 0x0049, 0x0034, 0xffe7, 0xffad, 0xffb0, 0xfffc, 0x004c, 0x0056, 0x0016, 0xffc3,
0xffad, 0xffdf, 0x0024, 0x003f, 0x002b, 0xfffb, 0xffe2, 0xffd6, 0xffdb, 0xffef, 0x0013, 0x003c,
0x003c, 0x000b, 0xffc1, 0xffa3, 0xffd0, 0x0025, 0x0058, 0x003b, 0xfff6, 0xffbe, 0xffc3, 0xffef,
0x0016, 0x0025, 0x0019, 0x0007, 0xfff1, 0xffde, 0xffd9, 0xfff3, 0x0019, 0x0032, 0x001f, 0xffeb,
0xffcc, 0xffd4, 0x000b, 0x002a, 0x0027, 0x0002, 0xffe3, 0xffea, 0xfff7, 0x0008, 0x0004, 0x0005,
0x0009, 0x000a, 0x0004, 0xffee, 0xffec, 0xfff3, 0x0006, 0x0016, 0x0010, 0x0009, 0xfffb, 0xfff4,
0xfff4, 0xfff5, 0x0004, 0x000a, 0x000c, 0x0003, 0xfff5, 0xfff4, 0xfffd, 0x000f, 0x000e, 0xfffe,
0xffea, 0xffe8, 0xfffd, 0x0018, 0x0020, 0x0006, 0xffe7, 0xffdb, 0xfff3, 0x0016, 0x0022, 0x000d,
0xffe7, 0xffe0, 0xfff5, 0x0013, 0x001d, 0x0008, 0xfff1, 0xffe8, 0xfff8, 0x0006, 0x0005, 0xfffd,
0xfffc, 0x000a, 0x0016, 0x0012, 0xfff8, 0xffde, 0xffdd, 0xfff6, 0x001c, 0x0029, 0x001f, 0xfffd,
0xffe2, 0xffe1, 0xfff2, 0x000f, 0x001b, 0x0018, 0x0001, 0xffea, 0xffe9, 0xfffa, 0x0018, 0x001f,
0x000e, 0xffec, 0xffda, 0xffea, 0x000a, 0x0023, 0x001f, 0x0009, 0xffef, 0xffe4, 0xffef, 0x0000,
0x000f, 0x000e, 0x0007, 0xfff8, 0xfff4, 0xfffa, 0x0005, 0x000b, 0x0007, 0xffff, 0xfff3, 0xfff3,
0xfffc, 0x000b, 0x0011, 0x000c, 0xffff, 0xfff1, 0xffee, 0xfff7, 0x0006, 0x000f, 0x000a, 0x0000,
0xfff6, 0xfff9, 0x0000, 0x0008, 0x0008, 0xffff, 0xfff7, 0xfff2, 0xffff, 0x000b, 0x0012, 0x0008,
0xfff9, 0xfff0, 0xfff4, 0x0004, 0x000c, 0x0008, 0xfffa, 0xfff6, 0x0000, 0x000d, 0x0012, 0x0002,
0xffef, 0xffe9, 0xfffb, 0x0011, 0x0015, 0x000b, 0xfffa, 0xfff4, 0xfff7, 0x0001, 0x0006, 0x0006,
0x0005, 0x0004, 0x0002, 0xfffc, 0xfffd, 0x0003, 0x000d, 0x000e, 0x0003, 0xfff4, 0xffec, 0xfff8,
0x000b, 0x0019, 0x0014, 0x0003, 0xffef, 0xffe7, 0xffee, 0xffff, 0x0010, 0x001a, 0x0014, 0xfffd,
0xffe5, 0xffe1, 0xfff6, 0x0014, 0x0021, 0x0010, 0xffee, 0xffda, 0xffe7, 0x0007, 0x001e, 0x001b,
0x0003, 0xffe9, 0xffe1, 0xffec, 0x0000, 0x000e, 0x0016, 0x0013, 0x0008, 0xfff5, 0xffe5, 0xffe1,
0xfff1, 0x000d, 0x0020, 0x001d, 0x0007, 0xffee, 0xffe2, 0xffe5, 0xfff7, 0x0009, 0x0014, 0x0012,
0x0008, 0xfff9, 0xffec, 0xffea, 0xfff3, 0x0005, 0x000f, 0x0010, 0x0005, 0xfff9, 0xfff3, 0xfff5,
0xfffc, 0x0001, 0x0004, 0x0004, 0x0004, 0x0001, 0xfffc, 0xfffa, 0xfffc, 0x0002, 0x0005, 0x0004,
0x0001, 0xfffe, 0xfffe, 0x0002, 0x0004, 0x0002, 0xfffe, 0x0000, 0x0006, 0x000a, 0x0004, 0xfff8,
0xfff3, 0xfffa, 0x000a, 0x0014, 0x000f, 0xfffe, 0xfff0, 0xffee, 0xfffa, 0x0009, 0x0011, 0x0010,
0x0006, 0xfffd, 0xfff5, 0xfff4, 0xfff9, 0x0005, 0x000e, 0x000f, 0x0008, 0xfffe, 0xfff7, 0xfff6,
0xfffc, 0x0003, 0x000a, 0x000b, 0x0005, 0xfffc, 0xfff6, 0xfff7, 0x0000, 0x0009, 0x000d, 0x0008,
0x0000, 0xfff9, 0xfff8, 0xfffe, 0x0004, 0x0009, 0x0008, 0x0003, 0xfffb, 0xfff7, 0xfff9, 0x0000,
0x0008, 0x000c, 0x0005, 0xfffb, 0xfff7, 0xfff7, 0x0000, 0x000b, 0x0009, 0x0004, 0xffff, 0xfff6,
0xfff8, 0xffff, 0x0002, 0x0007, 0x000a, 0x0002, 0xfff6, 0xfff2, 0xfff4, 0xfff9, 0x000d, 0x0016,
0x0001, 0xfffd, 0xfff7, 0xffe9, 0xfffa, 0x0006, 0x0003, 0x000c, 0x0003, 0xfff9, 0xfffb, 0xfff2,
0xfffa, 0x0001, 0x0002, 0x000c, 0xffff, 0xfff9, 0xfff9, 0xfff2, 0xffff, 0x0007, 0x0004, 0x0009,
0xfffa, 0xfff7, 0xfff9, 0xfff6, 0x0009, 0x0004, 0x0002, 0x0001, 0xfff6, 0x0002, 0x0003, 0x0001,
0x0001, 0xfff5, 0xfffc, 0x0004, 0x000a, 0x000e, 0xfffe, 0xfff6, 0xfff6, 0xfff7, 0x0005, 0x000b,
0x0008, 0x000b, 0x0001, 0xfffc, 0xfffa, 0xfff4, 0x0003, 0x0009, 0x000f, 0x000f, 0xfffb, 0xfff8,
0xfff6, 0x0001, 0x000d, 0x000b, 0x000a, 0x0000, 0xfffc, 0xffff, 0xffff, 0x0002, 0x0006, 0x0007,
0x0006, 0x0003, 0xfffd, 0xfffa, 0xfffa, 0x0005, 0x0008, 0x0002, 0x0005, 0xfffb, 0xfff9, 0x0003,
0xffff, 0xfffd, 0x0000, 0xfffd, 0xffff, 0x0007, 0x0003, 0x0001, 0xffff, 0xfff9, 0xfffb, 0xfffe,
0x0000, 0x0007, 0x0008, 0x0001, 0xfffd, 0xfff9, 0xfff6, 0x0000, 0x0008, 0x0006, 0x0006, 0x0000,
0xfff9, 0xfffe, 0x0002, 0x0003, 0x0007, 0x0002, 0xfffb, 0xfffe, 0x0000, 0x0001, 0x0004, 0x0006,
0xffff, 0xfffb, 0xfffc, 0xfffa, 0x0000, 0x0006, 0x0003, 0x0000, 0xfffd, 0xfff9, 0xfffa, 0x0000,
0x0002, 0x0000, 0x0000, 0xfffc, 0xfffd, 0x0002, 0xffff, 0xfffe, 0xfffe, 0xfffb, 0xffff, 0x0002,
0xfffe, 0xfffe, 0x0000, 0xffff, 0xffff, 0x0001, 0xfffe, 0xfffe, 0x0003, 0x0001, 0xfffe, 0xffff,
0xfffd, 0x0003, 0x0009, 0x0004, 0xffff, 0xfff9, 0xfff8, 0x0001, 0x0006, 0x0009, 0x0007, 0x0000,
0xffff, 0xfffd, 0x0000, 0x0001, 0x0003, 0x000a, 0x0006, 0x0004, 0x0001, 0xfff7, 0xfff8, 0xffff,
0x0006, 0x0009, 0x0008, 0xffff, 0xfffb, 0xfffb, 0xfffd, 0x0000, 0x0006, 0x0008, 0x0000, 0x0000,
0xfffc, 0xfff6, 0xfffd, 0x0004, 0x0004, 0x0006, 0x0001, 0xfffa, 0xfffa, 0xfffe, 0xffff, 0x0003,
0x0005, 0x0002, 0x0000, 0xfffc, 0xffff, 0xfffc, 0xffff, 0x0007, 0x0001, 0x0001, 0xfffd, 0xfffa,
0x0002, 0x0001, 0x0002, 0x0003, 0xfffd, 0xffff, 0x0002, 0x0001, 0x0001, 0x0001, 0x0001, 0xffff,
0x0001, 0xffff, 0xfffb, 0x0000, 0x0001, 0x0001, 0x0006, 0x0000, 0xfffd, 0x0000, 0xfffd, 0x0003,
0x0003, 0x0000, 0x0002, 0x0000, 0x0000, 0x0000, 0x0001, 0x0002, 0x0000, 0x0000, 0x0001, 0xfffe,
0x0003, 0x0003, 0x0002, 0x0002, 0xfffd, 0xffff, 0xffff, 0x0000, 0x0005, 0x0002, 0x0001, 0xffff,
0xfffa, 0xfffd, 0xffff, 0x0001, 0x0004, 0x0001, 0xfffe, 0xfffe, 0xfffc, 0xfffe, 0x0001, 0x0000,
0x0000, 0x0000, 0xfffe, 0xffff, 0x0000, 0xfffd, 0x0001, 0x0000, 0x0000, 0x0004, 0x0000, 0x0000,
0xfffe, 0xfffe, 0x0000, 0x0004, 0x0004, 0x0001, 0x0001, 0xffff, 0xfffd, 0x0002, 0x0003, 0x0002,
0x0002, 0x0000, 0x0001, 0x0001, 0x0000, 0x0001, 0x0001, 0x0001, 0x0001, 0x0001, 0x0002, 0xffff,
0x0002, 0x0001, 0x0001, 0x0002, 0xfffe, 0x0000, 0x0001, 0x0002, 0x0002, 0xffff, 0xfffe, 0xfffd,
0xfffd, 0x0000, 0x0002, 0x0002, 0xfffe, 0xfffc, 0xfffb, 0xfffd, 0x0000, 0x0001, 0x0000, 0xffff,
0xfffd, 0xfffd, 0xfffe, 0xffff, 0x0001, 0x0001, 0x0000, 0xfffe, 0xfffe, 0xfffe, 0x0000, 0x0001,
0x0002, 0x0001, 0x0001, 0xffff, 0xffff, 0x0000, 0x0002, 0x0003, 0x0002, 0x0001, 0x0000, 0x0000,
0x0000, 0x0002, 0x0003, 0x0003, 0x0001, 0xffff, 0xfffe, 0x0000, 0x0001, 0x0003, 0x0002, 0x0002,
0x0001, 0x0000, 0xffff, 0xffff, 0xffff, 0xffff, 0x0000, 0x0001, 0x0001, 0x0000, 0x0000, 0xffff,
0xfffd, 0xfffd, 0xfffe, 0x0001, 0x0001, 0x0001, 0x0000, 0xfffe, 0xffff, 0x0000, 0x0001, 0x0000,
0xffff, 0xfffe, 0x0000, 0x0002, 0x0002, 0x0001, 0x0000, 0x0000, 0x0000, 0x0001, 0x0001, 0x0002,
0x0002, 0x0002, 0x0002, 0x0000, 0x0000, 0x0001, 0x0003, 0x0002, 0x0002, 0x0001, 0x0000, 0x0001,
0x0002, 0x0002, 0x0002, 0x0002, 0x0001, 0x0001, 0x0000, 0x0001, 0x0001, 0x0001, 0x0002, 0x0002,
0xffff, 0xfffe, 0xffff, 0x0000, 0x0001, 0x0000, 0x0001, 0x0000, 0xffff, 0xffff, 0x0000, 0x0000,
0x0000, 0xffff, 0xfffe, 0xfffe, 0xffff, 0xffff, 0xffff, 0xfffe, 0xfffd, 0xffff, 0x0000, 0xffff,
0xffff, 0xfffe, 0xfffd, 0xfffe, 0xffff, 0x0000, 0x0000, 0x0001, 0xffff, 0x0000, 0xffff, 0xfffe,
0x0000, 0x0001, 0x0002, 0x0001, 0x0001, 0xffff, 0xfffe, 0x0000, 0x0001, 0x0002, 0x0002, 0x0001,
0xffff, 0xfffe, 0xffff, 0x0000, 0x0001, 0x0002, 0xffff, 0xfffe, 0xfffc, 0xfffd, 0x0000, 0x0000,
0x0001, 0x0000, 0x0000, 0xffff, 0xffff, 0xfffe, 0x0000, 0x0000, 0x0000, 0x0001, 0x0001, 0x0000,
0xffff, 0x0000, 0x0000, 0x0001, 0x0002, 0x0001, 0x0001, 0x0001, 0x0001, 0x0001, 0x0001, 0x0001,
0x0001, 0x0002, 0x0001, 0x0001, 0x0002, 0x0001, 0x0001, 0x0001, 0x0001, 0x0001, 0x0000, 0x0001,
0x0002, 0x0001, 0x0002, 0x0002, 0x0001, 0xffff, 0xfffe, 0x0000, 0x0000, 0x0001, 0x0002, 0x0001,
0x0001, 0xffff, 0xfffe, 0xfffe, 0x0000, 0x0000, 0x0000, 0x0001, 0xffff, 0xfffe, 0xffff, 0xfffe,
0x0000, 0x0000, 0x0000, 0x0001, 0xffff, 0x0000, 0x0001, 0xffff, 0xfffe, 0xffff, 0xfffe, 0x0000,
0x0000, 0x0000, 0xffff, 0xfffe, 0x0000, 0x0000, 0x0001, 0x0000, 0x0000, 0x0000, 0x0001, 0xffff,
0xfffe, 0x0000, 0x0000, 0x0000, 0x0000, 0x0001, 0x0000, 0xfffe, 0xfffe, 0xfffd, 0xffff, 0x0000,
0x0001, 0x0000, 0xffff, 0xfffe, 0xfffe, 0xfffe, 0xffff, 0x0001, 0x0001, 0x0001, 0xffff, 0xfffe,
0xfffe, 0xffff, 0x0002, 0x0001, 0x0001, 0x0001, 0xffff, 0xfffe, 0xffff, 0x0000, 0x0001, 0x0001,
0x0002, 0x0000, 0x0001, 0x0000, 0x0000, 0x0002, 0x0001, 0x0002, 0x0001, 0x0001, 0x0000, 0x0000,
0x0001, 0xffff, 0x0003, 0x0003, 0x0001, 0x0001, 0x0001, 0xffff, 0xffff, 0x0002, 0x0001, 0x0002,
0x0002, 0x0001, 0x0000, 0x0001, 0x0001, 0x0001, 0x0002, 0x0001, 0x0000, 0x0001, 0x0000, 0x0001,
0x0001, 0x0001, 0x0001, 0x0000, 0x0000, 0x0000, 0x0001, 0x0001, 0x0002, 0x0001, 0x0000, 0x0001,
0x0001, 0x0001, 0x0001, 0x0001, 0x0000, 0x0001, 0x0000, 0x0001, 0x0001, 0x0000, 0x0001, 0x0000,
0x0001, 0xffff, 0x0000, 0x0001, 0x0000, 0x0000, 0x0001, 0x0000, 0xfffe, 0xfffd, 0xfffe, 0xffff,
0x0001, 0x0000, 0xffff, 0xffff, 0xfffd, 0xfffd, 0xffff, 0xfffe, 0xffff, 0xffff, 0xfffe, 0xfffe,
0xfffe, 0xfffe, 0xffff, 0x0000, 0x0001, 0x0000, 0x0000, 0xfffe, 0xffff, 0x0001, 0x0000, 0x0002,
0x0002, 0x0001, 0x0000, 0x0000, 0x0000, 0x0002, 0x0001, 0x0002, 0x0001, 0x0001, 0xffff, 0x0000,
0x0000, 0x0000, 0x0001, 0x0001, 0x0000, 0xffff, 0xfffe, 0xffff, 0x0001, 0x0000, 0xffff, 0xffff,
0xffff, 0xffff, 0xfffe, 0xffff, 0xffff, 0xffff, 0xffff, 0xffff, 0x0000, 0x0000, 0x0000, 0xffff,
0x0000, 0x0000, 0xffff, 0x0000, 0x0001, 0x0002, 0x0001, 0x0000, 0x0000, 0x0001, 0x0001, 0x0000,
0x0000, 0x0001, 0x0001, 0x0000, 0xffff, 0x0001, 0x0001, 0xffff, 0x0000, 0x0003, 0x0003, 0xffff,
0xfffe, 0x0001, 0x0002, 0x0000, 0x0000, 0x0002, 0x0002, 0xffff, 0xffff, 0x0002, 0x0002, 0xffff,
0xffff, 0x0001, 0x0000, 0xfffe, 0xffff, 0x0002, 0x0002, 0x0000, 0x0001, 0x0001, 0x0000, 0xffff,
0x0001, 0x0001, 0x0001, 0x0001, 0x0001, 0x0001, 0xffff, 0xfffd, 0x0001, 0x0001, 0x0001, 0x0000,
0x0001, 0x0002, 0x0001, 0xffff, 0x0001, 0x0002, 0xfffe, 0x0000, 0x0001, 0x0002, 0x0000, 0xfffd,
0x0002, 0xffff, 0xfffb, 0x0000, 0x0001, 0x0000, 0xfffd, 0xffff, 0x0000, 0xfffd, 0x0000, 0x0000,
0xfffc, 0x0001, 0x0001, 0xfff5, 0x0003, 0x0007, 0xfff2, 0x0001, 0x0008, 0xfff7, 0xffff, 0x0001,
0xfffc, 0x0002, 0xfffc, 0xfffd, 0x0005, 0xfffe, 0xfffe, 0xffff, 0x0000, 0x0004, 0xfff8, 0x0000,
0x000a, 0xfffa, 0xfffe, 0x0005, 0xffff, 0x0000, 0xfffd, 0x0004, 0x0007, 0xfffc, 0x0003, 0x0002,
0x0001, 0x000c, 0xfff2, 0x0004, 0x001f, 0xffea, 0xfffb, 0x0021, 0xfff4, 0xfffc, 0x0012, 0x0000,
0x0009, 0xfffa, 0xfffd, 0x0014, 0xfff9, 0xfffa, 0x000d, 0x0000, 0x0000, 0xfffe, 0x0000, 0x0009,
0xfffa, 0xfffa, 0x0009, 0x0001, 0xfffb, 0xffff, 0x0000, 0x0003, 0xfff8, 0xfffc, 0x0008, 0xfffb,
0xfffb, 0x0002, 0xffff, 0x0001, 0xfffb, 0xfffe, 0x0004, 0xfffa, 0xfffe, 0x0003, 0xfffc, 0xffff,
0xffff, 0xfffd, 0x0001, 0xffff, 0xffff, 0xffff, 0xfffe, 0x0002, 0xfffe, 0xfffd, 0x0003, 0x0001,
0xfffb, 0x0001, 0x0003, 0xffff, 0xfffd, 0x0001, 0x0003, 0xfffe, 0xfffe, 0x0003, 0xffff, 0x0000,
0x0002, 0xfffe, 0x0005, 0x0002, 0xfffc, 0x0004, 0x0003, 0xfffc, 0x0000, 0x0001, 0x0001, 0xfffd,
0xfffe, 0x0004, 0xfffd, 0xfffc, 0x0004, 0xfffd, 0xfffe, 0x0002, 0xfffb, 0x0000, 0x0002, 0xfff9,
0xfffe, 0x0003, 0xfffc, 0xfffa, 0x0001, 0xffff, 0xfff9, 0x0000, 0x0002, 0xfffd, 0x0001, 0x0001,
0xfffb, 0x0003, 0x0004, 0xfffb, 0x0002, 0x0006, 0xfffd, 0xffff, 0x0004, 0x0002, 0x0000, 0xffff,
0x0006, 0x0004, 0xfffc, 0x0003, 0x0006, 0xfffe, 0x0001, 0x0005, 0x0002, 0x0001, 0x0002, 0x0002,
0x0001, 0x0001, 0x0000, 0x0000, 0x0004, 0x0001, 0x0000, 0x0004, 0xffff, 0xfffc, 0x0005, 0x0001,
0xfffe, 0x0006, 0x0000, 0xfffd, 0x0003, 0x0000, 0xfffe, 0x0003, 0x0000, 0xffff, 0x0001, 0x0001,
0x0001, 0x0000, 0x0003, 0x0001, 0xfffd, 0x0004, 0x0003, 0xfffb, 0x0002, 0x0003, 0xfffd, 0x0003,
0x0001, 0xfffd, 0x0002, 0x0000, 0x0000, 0x0000, 0xffff, 0x0001, 0xfffc, 0xfffd, 0x0004, 0xfffd,
0xffff, 0x0004, 0xfffc, 0xffff, 0x0002, 0xfffb, 0xfffe, 0x0001, 0xffff, 0xfffe, 0xfffc, 0x0002,
0xfffe, 0xfffa, 0x0007, 0xfffe, 0xfff9, 0x0007, 0xfffe, 0xfffa, 0x0005, 0xfffd, 0xfffe, 0x0001,
0xfffd, 0x0001, 0xfffc, 0xfffd, 0x0003, 0xfffb, 0xfffe, 0x0003, 0xfffb, 0x0000, 0x0000, 0xfffc,
0x0003, 0xfffd, 0xfffc, 0x0002, 0xfffe, 0xfffe, 0xffff, 0xfffd, 0x0000, 0xfffd, 0xfffc, 0x0003,
0xfffd, 0xfffc, 0x0002, 0xfffe, 0xfffe, 0xfffe, 0xfffe, 0x0001, 0xffff, 0xfffd, 0x0000, 0x0001,
0xfffe, 0xfffd, 0x0001, 0x0002, 0xfffd, 0x0000, 0x0003, 0xffff, 0x0000, 0x0001, 0x0001, 0x0002,
0x0000, 0x0000, 0x0003, 0x0001, 0x0001, 0x0002, 0x0001, 0x0002, 0x0001, 0x0001, 0x0004, 0x0002,
0x0001, 0x0002, 0x0000, 0x0001, 0x0001, 0x0000, 0x0002, 0x0000, 0x0000, 0x0001, 0x0000, 0x0000,
0x0001, 0x0000, 0x0001, 0x0000, 0xffff, 0x0002, 0x0001, 0x0000, 0x0002, 0x0001, 0x0001, 0x0000,
0x0000, 0x0002, 0x0002, 0x0001, 0x0002, 0x0002, 0x0001, 0x0001, 0x0002, 0x0002, 0x0001, 0x0000,
0x0001, 0x0002, 0x0000, 0x0001, 0x0001, 0x0000, 0x0000, 0xffff, 0xfffe, 0xffff, 0xffff, 0xfffe,
0xfffe, 0xffff, 0xffff, 0xfffd, 0xfffe, 0xffff, 0xfffe, 0xfffc, 0xfffd, 0xfffe, 0xfffd, 0xfffc,
0xfffd, 0xffff, 0xfffc, 0xfffb, 0xfffd, 0xfffd, 0xfffd, 0xfffe, 0xfffd, 0xfffe, 0xfffc, 0xfffc,
0xfffe, 0xfffc, 0xfffe, 0xffff, 0xfffe, 0xfffe, 0xfffe, 0xfffe, 0x0000, 0x0000, 0x0001, 0x0001,
0x0001, 0x0002, 0x0001, 0x0001, 0x0002, 0x0003, 0x0002, 0x0003, 0x0004, 0x0003, 0x0002, 0x0002,
0x0005, 0x0004, 0x0003, 0x0003, 0x0004, 0x0003, 0x0001, 0x0003, 0x0004, 0x0003, 0x0002, 0x0001,
0x0002, 0x0001, 0x0000, 0x0001, 0x0001, 0x0000, 0x0001, 0x0000, 0x0000, 0x0000, 0xfffe, 0x0000,
0xffff, 0xfffe, 0x0000, 0xffff, 0xfffe, 0xfffe, 0xfffe, 0x0000, 0xffff, 0xfffe, 0xffff, 0x0000,
0xfffe, 0x0000, 0x0000, 0x0000, 0xffff, 0xffff, 0x0001, 0x0001, 0xfffe, 0x0000, 0x0001, 0x0000,
0x0001, 0x0001, 0x0001, 0x0001, 0x0000, 0x0000, 0x0000, 0xfffe, 0xffff, 0x0000, 0xfffe, 0xfffe,
0xffff, 0xfffe, 0xfffe, 0xffff, 0xffff, 0xffff, 0xfffe, 0xffff, 0xffff, 0xffff, 0xfffe, 0xfffe,
0x0000, 0xffff, 0xfffe, 0xffff, 0xffff, 0xfffe, 0xffff, 0xffff, 0x0000, 0x0001, 0xffff, 0x0000,
0x0001, 0xffff, 0x0000, 0x0001, 0x0000, 0x0001, 0x0001, 0x0000, 0x0002, 0x0001, 0xffff, 0x0002,
0x0001, 0x0002, 0x0002, 0x0001, 0x0002, 0x0002, 0x0000, 0x0002, 0x0001, 0x0001, 0x0003, 0x0001,
0x0002, 0x0001, 0x0001, 0x0002, 0x0001, 0x0001, 0x0001, 0x0001, 0x0002, 0x0002, 0x0001, 0x0002,
0x0001, 0x0001, 0x0001, 0x0000, 0x0001, 0x0001, 0x0000, 0x0001, 0x0000, 0x0001, 0x0001, 0x0001,
0x0001, 0x0000, 0x0001, 0x0001, 0x0000, 0xffff, 0x0000, 0x0000, 0x0000, 0x0000, 0x0000, 0xffff,
0x0001, 0x0001, 0x0000, 0x0001, 0x0001, 0x0001, 0x0001, 0x0000, 0x0001, 0x0001, 0x0000, 0x0002,
0x0001, 0x0001, 0xffff, 0x0000, 0x0001, 0xffff, 0xffff, 0xffff, 0xffff, 0xfffe, 0xffff, 0xffff,
0xfffd, 0xfffe, 0xfffe, 0xffff, 0xfffe, 0xfffe, 0xfffe, 0xffff, 0xffff, 0xfffd, 0xfffd, 0xffff,
0xffff, 0xffff, 0xffff, 0xffff, 0xffff, 0xfffe, 0xfffe, 0xfffe, 0x0000, 0xffff, 0xfffe, 0x0000,
0x0000, 0x0001, 0xffff, 0x0000, 0x0001, 0x0000, 0x0001, 0x0000, 0x0001, 0xffff, 0xffff, 0xffff,
0x0000, 0x0001, 0xffff, 0x0000, 0x0001, 0x0000, 0xffff, 0x0000, 0x0001, 0x0000, 0x0001, 0x0001,
0x0001, 0x0000, 0x0000, 0x0000, 0x0001, 0x0002, 0x0001, 0x0001, 0x0002, 0x0000, 0xffff, 0x0001,
0x0001, 0x0001, 0x0001, 0x0001, 0x0002, 0x0001, 0x0000, 0x0001, 0x0001, 0x0001, 0x0001, 0x0001,
0x0001, 0x0001, 0x0000, 0x0001, 0x0001, 0x0000, 0x0001, 0x0001, 0x0000, 0x0000, 0x0000, 0x0001,
0x0001, 0x0000, 0x0000, 0x0000, 0x0000, 0x0000, 0x0000, 0x0000, 0x0001, 0xffff, 0x0000, 0x0000,
0x0000, 0x0000, 0x0000, 0xfffe, 0xfffe, 0xffff, 0xfffe, 0xffff, 0x0000, 0xffff, 0xfffe, 0x0000,
0x0000, 0xffff, 0x0000, 0x0001, 0x0000, 0x0000, 0x0000, 0x0001, 0x0000, 0x0000, 0x0000, 0x0001,
0x0002, 0x0001, 0x0001, 0x0001, 0x0001, 0x0001, 0x0001, 0x0002, 0x0001, 0x0001, 0x0002, 0x0001,
0x0001, 0x0001, 0x0000, 0x0000, 0x0000, 0x0001, 0x0000, 0x0001, 0xffff, 0xffff, 0xfffe, 0xfffd,
0xfffd, 0xfffd, 0xfffe, 0xfffd, 0xfffd, 0xfffd, 0xfffd, 0xfffd, 0xfffd, 0xfffd, 0xfffd, 0xfffd,
0xfffd, 0xfffe, 0xfffd, 0xfffe, 0xfffe, 0xfffe, 0xfffe, 0xfffe, 0xfffe, 0xfffe, 0xffff, 0x0000,
0x0000, 0x0000, 0x0001, 0x0001, 0x0001, 0x0001, 0x0001, 0x0001, 0x0001, 0x0001, 0x0002, 0x0002,
0x0002, 0x0002, 0x0002, 0x0002, 0x0002, 0x0002, 0x0002, 0x0002, 0x0004, 0x0003, 0x0002, 0x0002,
0x0002, 0x0002, 0x0002, 0x0002, 0x0002, 0x0002, 0x0002, 0x0002, 0x0001, 0x0001, 0x0001, 0x0001,
0x0002, 0x0001, 0x0001, 0x0002, 0x0001, 0x0001, 0x0000, 0x0000, 0x0000, 0x0000, 0x0001, 0x0000,
0x0000, 0x0001, 0xffff, 0xfffe, 0x0000, 0xffff, 0xfffe, 0xfffe, 0xffff, 0xffff, 0xfffe, 0xfffe,
0xfffe, 0xfffe, 0xffff, 0xffff, 0xffff, 0xfffe, 0xfffe, 0xffff, 0xfffe, 0xfffe, 0xffff, 0xfffe,
0xfffe, 0xffff, 0xfffe, 0xfffe, 0xfffd, 0xfffe, 0xfffe, 0xfffe, 0xfffe, 0xfffe, 0xfffe, 0xfffe,
0xfffe, 0xffff, 0xfffe, 0xfffe, 0xfffe, 0xfffe, 0xffff, 0xffff, 0xfffe, 0xfffe, 0xffff, 0x0000,
0x0001, 0x0000, 0x0000, 0x0000, 0x0001, 0x0001, 0x0000, 0x0001, 0x0001, 0x0001, 0x0001, 0x0001,
0x0002, 0x0001, 0x0002, 0x0001, 0x0001, 0x0002, 0x0001, 0x0001, 0x0001, 0x0001, 0x0001, 0x0001,
0x0002, 0x0001, 0x0001, 0x0001, 0x0000, 0x0001, 0x0002, 0x0001, 0x0002, 0x0001, 0x0001, 0x0001,
0x0000, 0x0001, 0x0001, 0x0000, 0x0001, 0x0001, 0x0001, 0x0001, 0x0001, 0x0001, 0x0002, 0x0002,
0x0002, 0x0001, 0x0001, 0x0000, 0x0000, 0x0001, 0x0001, 0x0001, 0x0001, 0x0001, 0x0001, 0x0002,
0x0001, 0x0001, 0x0001, 0x0000, 0x0001, 0x0000, 0x0000, 0x0000, 0x0000, 0x0000, 0x0001, 0xffff,
0xfffe, 0xffff, 0xfffe, 0xfffe, 0xffff, 0xfffe, 0xfffe, 0xffff, 0xfffe, 0xfffd, 0xfffe, 0xfffe,
0xfffe, 0xfffd, 0xfffe, 0xfffe, 0xfffd, 0xfffd, 0xfffe, 0xfffe, 0xfffe, 0xfffe, 0xfffe, 0xffff,
0xffff, 0xfffe, 0xffff, 0xffff, 0xffff, 0xffff, 0xfffe, 0x0000, 0xffff, 0x0000, 0x0000, 0x0000,
0x0001, 0x0000, 0x0000, 0x0000, 0x0000, 0x0000, 0x0001, 0x0000, 0x0000, 0x0001, 0x0001, 0x0001,
0x0000, 0x0001, 0x0002, 0x0001, 0x0001, 0x0000, 0x0000, 0x0000, 0x0000, 0x0000, 0x0000, 0x0000,
0x0000, 0x0000, 0x0000, 0x0000, 0x0000, 0x0000, 0x0000, 0x0000, 0x0000, 0x0001, 0x0001, 0x0001,
0x0001, 0x0001, 0x0001, 0x0002, 0x0002, 0x0002, 0x0002, 0x0002, 0x0002, 0x0002, 0x0002, 0x0002,
0x0002, 0x0002, 0x0002, 0x0002, 0x0002, 0x0002, 0x0002, 0x0002, 0x0002, 0x0003, 0x0002, 0x0001,
0x0001, 0x0001, 0x0001, 0x0001, 0x0001, 0x0000, 0x0000, 0x0000, 0x0000, 0x0000, 0x0000, 0x0001,
0xffff, 0x0000, 0xffff, 0xfffe, 0xfffe, 0xfffe, 0xfffe, 0xfffe, 0xfffe, 0xfffe, 0xfffe, 0xfffe,
0xffff, 0xfffe, 0xfffe, 0xfffe, 0xffff, 0x0000, 0xffff, 0xfffe, 0xfffe, 0xfffe, 0xfffe, 0xfffe,
0xffff, 0x0000, 0x0000, 0x0000, 0x0000, 0x0000, 0x0000, 0x0001, 0x0001, 0x0001, 0x0001, 0xffff,
0xffff, 0xffff, 0xffff, 0xffff, 0xffff, 0xffff, 0xffff, 0xffff, 0xffff, 0xffff, 0xffff, 0xffff,
0xfffe, 0xffff, 0xffff, 0xfffe, 0xffff, 0xffff, 0xffff, 0xffff, 0xfffe, 0xffff, 0xffff, 0xffff,
0xffff, 0xffff, 0xffff, 0xfffe, 0xfffe, 0x0000, 0x0000, 0x0000, 0x0000, 0x0001, 0x0001, 0x0001,
0x0000, 0x0000, 0x0001, 0x0000, 0x0001, 0x0000, 0x0001, 0x0001, 0x0000, 0x0001, 0x0001, 0x0001,
0x0001, 0x0000, 0x0000, 0x0001, 0x0001, 0x0000, 0x0000, 0x0000, 0x0001, 0x0000, 0x0001, 0x0001,
0x0000, 0x0000, 0x0000, 0x0001, 0x0001, 0x0001, 0x0001, 0x0001, 0x0001, 0x0001, 0x0001, 0x0001,
0x0001, 0x0001, 0x0001, 0x0001, 0x0001, 0x0001, 0x0001, 0x0001, 0x0001, 0x0001, 0x0001, 0x0002,
0x0001, 0x0002, 0x0002, 0x0001, 0x0001, 0x0002, 0x0001, 0x0001, 0x0002, 0x0002, 0x0002, 0x0001,
0x0001, 0x0001, 0x0001, 0x0001, 0x0001, 0x0000, 0x0001, 0x0000, 0x0000, 0x0000, 0x0000, 0x0000,
0x0001, 0x0001, 0x0000, 0x0000, 0xffff, 0xfffe, 0xfffe, 0x0000, 0xffff, 0xfffe, 0xffff, 0xfffe,
0xfffe, 0xfffe, 0xffff, 0xfffe, 0xfffe, 0xffff, 0xfffe, 0xffff, 0xffff, 0xffff, 0xfffe, 0xfffe,
0xfffe, 0xfffe, 0xfffe, 0xfffe, 0xffff, 0xffff, 0xffff, 0xfffe, 0xffff, 0xffff, 0x0000, 0x0000,
0xffff, 0x0000, 0x0000, 0x0000, 0x0001, 0x0000, 0x0001, 0x0000, 0x0001, 0x0000, 0x0000, 0x0001,
0x0001, 0x0001, 0x0001, 0x0002, 0x0002, 0x0002, 0x0002, 0x0002, 0x0002, 0x0002, 0x0002, 0x0001,
0x0002, 0x0002, 0x0001, 0x0001, 0x0001, 0x0001, 0x0002, 0x0002, 0x0001, 0x0001, 0x0001, 0x0001,
0x0001, 0x0001, 0x0001, 0x0001, 0x0001, 0x0001, 0x0001, 0x0001, 0x0001, 0x0000, 0x0001, 0x0000,
0x0000, 0x0000, 0x0000, 0x0000, 0x0000, 0x0000, 0xffff, 0xffff, 0xffff, 0xffff, 0xffff, 0x0000,
0xffff, 0xfffe, 0xffff, 0xffff, 0xfffe, 0xfffe, 0xfffe, 0xfffd, 0xfffd, 0xfffd, 0xfffe, 0xfffe,
0xfffe, 0xfffe, 0xfffe, 0xfffe, 0xfffe, 0xfffe, 0xfffe, 0xfffd, 0xfffe, 0xfffe, 0xfffe, 0xfffe,
0xfffd, 0xfffd, 0xfffe, 0xfffd, 0xfffe, 0xfffe, 0xfffe, 0xfffe, 0xfffe, 0xffff, 0xfffd, 0xfffe,
0xffff, 0xfffe, 0xfffe, 0xfffe, 0xffff, 0x0000, 0xffff, 0xffff, 0xfffe, 0x0000, 0x0000, 0x0000,
0x0000, 0x0000, 0x0000, 0x0000, 0x0000, 0xfffe, 0xfffe, 0xfffe, 0xffff, 0xffff, 0x0000, 0xffff,
0xffff, 0xffff, 0x0000, 0x0000, 0x0001, 0x0002, 0x0001, 0x0001, 0x0001, 0x0003, 0x0003, 0x0004,
0x0003, 0x0002, 0x0002, 0x0000, 0x0000, 0x0001, 0x0000, 0x0000, 0x0003, 0x0004, 0x0004, 0x0005,
0x0005, 0x0005, 0x0005, 0x0003, 0x0002, 0x0003, 0x0002, 0x0002, 0x0003, 0x0004, 0x0005, 0x0005,
0x0005, 0x0006, 0x0005, 0x0003, 0x0001, 0x0001, 0x0000, 0x0002, 0x0003, 0x0002, 0x0001, 0x0001,
0x0000, 0xfffe, 0xfffb, 0xfffb, 0xfffc, 0xffff, 0xfffe, 0xffff, 0x0000, 0x0002, 0x0004, 0x0003,
0x0002, 0xffff, 0xfffe, 0xfffd, 0xfffe, 0xfffd, 0x0000, 0xffff, 0xfffe, 0xffff, 0xfffe, 0xfffe,
0xffff, 0xfffe, 0xfffc, 0xfffb, 0xfffa, 0xfffa, 0xfffb, 0xfffb, 0xfffb, 0xfffb, 0xfffb, 0xfffc,
0xffff, 0x0000, 0xffff, 0xffff, 0x0000, 0xffff, 0xffff, 0xffff, 0xffff, 0xffff, 0xfffb, 0xfff9,
0xfffa, 0xfff8, 0xfff7, 0xfffa, 0xfffd, 0xfffd, 0xffff, 0x0000, 0x0001, 0x0002, 0x0000, 0xffff,
0xfffe, 0xfffd, 0xfffb, 0xfffb, 0xfffd, 0xfffe, 0x0000, 0x0000, 0xfffe, 0xffff, 0xffff, 0x0001,
0x0002, 0x0001, 0x0000, 0x0000, 0x0000, 0x0001, 0xffff, 0xffff, 0x0000, 0x0000, 0x0003, 0x0004,
0x0004, 0x0004, 0x0005, 0x0006, 0x0005, 0x0002, 0x0003, 0x0006, 0x0007, 0x0008, 0x0004, 0x0001,
0x0001, 0x0000, 0x0001, 0x0000, 0xfffd, 0xffff, 0x0002, 0x0004, 0x0004, 0x0006, 0x0000, 0x0001,
0xfffd, 0xfff3, 0xfff1, 0xffec, 0xffee, 0xfff1, 0xfffc, 0xfffd, 0x0004, 0x0006, 0x0007, 0x000f,
0x0008, 0x000b, 0x0004, 0xfffe, 0x0008, 0x000a, 0x000a, 0x000d, 0x0013, 0x000c, 0x001e, 0x000c,
0xffe2, 0xffd9, 0xffc0, 0xffac, 0xffe9, 0x0051, 0x0074, 0x0054, 0xffe5, 0xff89, 0xffb2, 0x0025,
0x0060, 0x004b, 0xffc4, 0xff0a, 0xfef2, 0xff91, 0xffdf, 0xffcb, 0x0029, 0x005e, 0xffba, 0xff6c,
0xffd9, 0xffa7, 0xff43, 0xfff6, 0x0074, 0xffd4, 0xffe9, 0x00ad, 0x0004, 0xff7f, 0x0167, 0x0430,
0x05cb, 0x06ac, 0x0584, 0x0198, 0xfd41, 0xfcc7, 0xfd88, 0xfd41, 0xfda1, 0xff26, 0xff56, 0x0012,
0x007a, 0xfe66, 0xfc4c, 0xfd08, 0xfde6, 0xfc77, 0xfcb2, 0xfe18, 0xff99, 0xffb2, 0xff3c, 0xfe98,
0xff82, 0xfee9, 0x0107, 0x0180, 0x0024, 0x00c5, 0x01bc, 0xff0c, 0x05c2, 0x0c79, 0x04a6, 0xfb2b,
0xfef4, 0x0355, 0x01a0, 0xff0f, 0x058d, 0x0c55, 0x00e3, 0xf4eb, 0xfc62, 0x011e, 0xfaae, 0xfb05,
0xfe41, 0x00bd, 0x00a3, 0xfc7b, 0xfe64, 0x03d9, 0xfe2e, 0xf787, 0xf8dd, 0xfb4f, 0xff84, 0x018b,
0x0110, 0x0326, 0x0500, 0x0064, 0x0086, 0x0116, 0xff2e, 0xfeff, 0x017d, 0xfff2, 0x022d, 0x02f9,
0x04e3, 0x08ad, 0x058b, 0x01d4, 0x06f3, 0x0144, 0xf8cb, 0xfba3, 0xfca7, 0xfd3f, 0x00e8, 0xfe7c,
0xfe7c, 0x022b, 0xfd1b, 0xfba2, 0xfb2d, 0xfa03, 0xfa0c, 0xfc0e, 0xfbe2, 0x0128, 0x02d6, 0xffa0,
0x01b8, 0x0188, 0x01c2, 0x0015, 0x0080, 0xfead, 0x0118, 0x0209, 0x048b, 0x044a, 0x0113, 0x0309,
0x058c, 0x038b, 0x02cc, 0x018d, 0xfe96, 0x023a, 0x03ec, 0xffe6, 0xff50, 0xff9c, 0xfbfb, 0xfcf5,
0xfc38, 0x0217, 0x04b6, 0x0125, 0xfc06, 0xff72, 0xfe47, 0xf944, 0xf95d, 0xf772, 0xfdec, 0xfeb3,
0xff72, 0xfdee, 0x00c6, 0xff78, 0xfe2f, 0xfdfd, 0xfe8b, 0x01d1, 0xfd67, 0x0188, 0x03a5, 0x03b9,
0x084a, 0x0930, 0x052a, 0x0439, 0x0087, 0xfc60, 0x00f2, 0xfecb, 0x0321, 0x043f, 0x024b, 0x020a,
0xffa7, 0xff38, 0xfda2, 0xfd41, 0xf9d8, 0x00a6, 0x008c, 0xfecc, 0xfdcc, 0xfb15, 0xff48, 0xfe29,
0x0139, 0xff8c, 0xffbd, 0xfeb5, 0xff6b, 0xfce0, 0x0321, 0x0275, 0x009f, 0xfecb, 0xff9a, 0x0064,
0x023b, 0x0252, 0xfee7, 0x017c, 0xffee, 0x00bb, 0x0006, 0xfe90, 0xffe7, 0x008b, 0xfe49, 0xff32,
0x0010, 0x0335, 0x015c, 0xfc78, 0xfc03, 0xfe02, 0xfeea, 0xfdf8, 0xff16, 0x0100, 0x00cb, 0xfd4c,
0xfd5d, 0xfe92, 0x0267, 0x0287, 0x028b, 0x00e8, 0x0177, 0x00b5, 0x0306, 0x0224, 0x01ca, 0x0063,
0x00c9, 0x0277, 0xff8f, 0x0073, 0x00ec, 0x0143, 0x00c4, 0x0116, 0x009e, 0xfd8d, 0xfe4e, 0xffdb,
0xfe9f, 0xfdb3, 0xfee9, 0x015e, 0xfeda, 0xff4a, 0xfeb3, 0xff19, 0xfdce, 0xfdfe, 0xfdc1, 0xfe30,
0x007f, 0xffe4, 0xfe69, 0xfed0, 0x00ff, 0x0040, 0x0040, 0x0259, 0x027d, 0x0057, 0xff63, 0x0207,
0x01bf, 0xff7f, 0xfe93, 0xfece, 0x00e8, 0x014f, 0x01f8, 0x019a, 0x00eb, 0x00a2, 0xfd99, 0xfe57,
0xfffc, 0xff21, 0xfe0a, 0xfe7f, 0x01bf, 0x0223, 0x0061, 0xff7b, 0xff71, 0xfded, 0xfbdf, 0xfdbf,
0xfe65, 0xffa6, 0x019c, 0x0060, 0x0095, 0x0179, 0x0256, 0x018d, 0xfdc6, 0xfd6b, 0x00b2, 0x01c5,
0x02ba, 0x02b4, 0x0148, 0x0175, 0x0314, 0xff5f, 0xfd04, 0xfe6f, 0xfe72, 0xff67, 0xfdd7, 0x0066,
0x02f1, 0x016f, 0xfee1, 0xfef0, 0xfdea, 0xfd84, 0xfbbb, 0xfb8f, 0xfe94, 0xffc4, 0x010f, 0x0103,
0xff3e, 0xfd6a, 0xff0a, 0xfe5f, 0xfda6, 0xfbbf, 0xfda8, 0xffb0, 0xff97, 0x00de, 0x011d, 0x0042,
0xffd4, 0xfe69, 0xfd74, 0xfec8, 0xfdaf, 0xfe8b, 0xfd65, 0xfdd0, 0xfe89, 0xff07, 0x00bd, 0x0012,
0xfeb5, 0xfe2b, 0xff60, 0x0014, 0x0040, 0x0177, 0x012c, 0x010a, 0xfe9c, 0xff15, 0xffbf, 0xff98,
0x01a5, 0x01f2, 0x016b, 0x0241, 0x00bc, 0xff73, 0x0057, 0xfe2c, 0xff5d, 0x00dc, 0x0218, 0x019d,
0x0001, 0xff3f, 0xff3e, 0xff7d, 0xfef4, 0xffff, 0xfed4, 0xff50, 0x022d, 0x03ce, 0x020a, 0x00b3,
0xffad, 0x00f8, 0xff8f, 0xfd38, 0x003a, 0x01a0, 0x0155, 0xfffe, 0x002b, 0x026d, 0x0382, 0x003e,
0xffe4, 0xff17, 0xfeba, 0x00f7, 0x0115, 0x033e, 0x03f6, 0x0200, 0xffd7, 0xfe0c, 0xff30, 0xff59,
0xfdda, 0xfd78, 0xfc99, 0xfca5, 0xfd9e, 0x003a, 0x0250, 0x022b, 0x0001, 0xff07, 0xff67, 0x001c,
0xfe86, 0xfd7b, 0xff8f, 0x0040, 0xffc7, 0x000c, 0x00bc, 0x0239, 0x03b1, 0x01da, 0x00e5, 0x00f7,
0xffe9, 0x012a, 0x0188, 0x019d, 0x0255, 0x0199, 0x01f8, 0x00dc, 0xff75, 0x001b, 0x0098, 0x0239,
0x0248, 0x01d7, 0x036b, 0x037d, 0x03ca, 0x01ed, 0x00f0, 0x02f3, 0x0288, 0x052b, 0x0677, 0x0600,
0x07e9, 0x097d, 0x08ff, 0x0690, 0x03d3, 0x03c8, 0x03ca, 0x02ac, 0x0258, 0x0105, 0x02ca, 0x03b2,
0x0115, 0xfebe, 0xfda5, 0xfd33, 0xfb73, 0xf8db, 0xf6dd, 0xf661, 0xf6f2, 0xf5d9, 0xf52c, 0xf54b,
0xf576, 0xf4cd, 0xf2d8, 0xf15f, 0xf05e, 0xf0ad, 0xf1c7, 0xf352, 0xf4ee, 0xf682, 0xf6ce, 0xf62d,
0xf4af, 0xf45f, 0xf5d9, 0xf7d1, 0xf954, 0xfaee, 0xfdba, 0xfeb9, 0xfce5, 0xfb16, 0xf99d, 0xf80f,
0xf8b5, 0xfa52, 0xfdf5, 0xffbd, 0x0060, 0x016d, 0x005d, 0xfec4, 0xfc7c, 0xfcdc, 0xfdf1, 0xfd28,
0xfee9, 0x01d5, 0x0171, 0x041a, 0x04e7, 0x0283, 0x03a1, 0x010e, 0xfd39, 0xfabc, 0xfa85, 0x07d0,
0x158e, 0x222e, 0x2bd0, 0x26cd, 0x2315, 0x1ee3, 0x1add, 0x1c3c, 0x1c65, 0x20a6, 0x283a, 0x2d82,
0x3410, 0x3729, 0x3706, 0x2fd5, 0x216c, 0x15b7, 0x0e94, 0x0dec, 0x0f4d, 0x101a, 0x10a2, 0x107c,
0x0c23, 0x014f, 0xf4ae, 0xea3a, 0xe1b2, 0xdbac, 0xd7a6, 0xd6b6, 0xdb36, 0xe04d, 0xe173, 0xdfc0,
0xdc75, 0xd851, 0xd538, 0xd26a, 0xd20d, 0xd678, 0xdf41, 0xe720, 0xec7c, 0xf253, 0xf71b, 0xf989,
0xf7ab, 0xf478, 0xf267, 0xf2f0, 0xf5f5, 0xfb5f, 0x00ad, 0x03c0, 0x0446, 0x01a3, 0xfcec, 0xf749,
0xf297, 0xf08a, 0xf037, 0xed8c, 0xed62, 0xf135, 0xf519, 0xf6bd, 0xf377, 0xefbb, 0xec89, 0xebb8,
0xec23, 0xee00, 0xf2c4, 0xf616, 0xf9c1, 0xfbf0, 0xfdc1, 0xff08, 0xfd3b, 0xfc57, 0xfc41, 0xfdb1,
0x01fe, 0x05d7, 0x09a9, 0x0c17, 0x0c0b, 0x0add, 0x0923, 0x0705, 0x0272, 0x00a6, 0xfaec, 0xf30b,
0xf808, 0x08bb, 0x216a, 0x357b, 0x35b0, 0x29ef, 0x1ddb, 0x159c, 0x17ff, 0x1c74, 0x1ee8, 0x25a8,
0x2e56, 0x39b0, 0x45d6, 0x4bc1, 0x4a4c, 0x3ec5, 0x2983, 0x1863, 0x149b, 0x1c16, 0x26a7, 0x2afb,
0x27ef, 0x2235, 0x196a, 0x0b29, 0xf8f4, 0xe94a, 0xe0e8, 0xdad2, 0xd503, 0xd3b1, 0xd8e4, 0xe2e0,
0xe583, 0xdba0, 0xced6, 0xc62d, 0xc6e0, 0xc9c6, 0xca2d, 0xcecb, 0xd801, 0xe3d3, 0xed37, 0xf26d,
0xf72f, 0xfb83, 0xfbd9, 0xf812, 0xf535, 0xf912, 0x035a, 0x0bd6, 0x0e7f, 0x0dfd, 0x0d9a, 0x0e92,
0x0ab1, 0x0174, 0xf89c, 0xf369, 0xf3ba, 0xf429, 0xf415, 0xf4fd, 0xf582, 0xf330, 0xebec, 0xe3bf,
0xdf36, 0xdecf, 0xdfeb, 0xe0e2, 0xe307, 0xe6d1, 0xec23, 0xf050, 0xf21f, 0xf2e7, 0xf33d, 0xf59a,
0xf884, 0xfbd6, 0x00af, 0x04b8, 0x07fe, 0x0a18, 0x09de, 0x0a6d, 0x0b12, 0x0bec, 0x0b49, 0x0694,
0x02d8, 0x0267, 0x01cc, 0x005d, 0xfadf, 0xf907, 0x00bb, 0x0bc1, 0x180c, 0x1f67, 0x1ebf, 0x1acd,
0x14c4, 0x1106, 0x12ae, 0x17a8, 0x206b, 0x28e9, 0x2ff0, 0x36ca, 0x3d60, 0x441f, 0x4641, 0x410e,
0x3838, 0x30ba, 0x2c6e, 0x2aad, 0x2b63, 0x2d55, 0x2c7e, 0x27b3, 0x1e09, 0x121b, 0x079e, 0xfc30,
0xee8f, 0xe236, 0xd98b, 0xd681, 0xd77a, 0xd8b0, 0xd84a, 0xd46d, 0xce7b, 0xc87b, 0xc469, 0xc345,
0xc410, 0xc7da, 0xce24, 0xd529, 0xddff, 0xe6c5, 0xeecc, 0xf492, 0xf697, 0xf772, 0xf871, 0xfc3f,
0x0344, 0x0ab1, 0x1171, 0x14a0, 0x1372, 0x127f, 0x125d, 0x11b5, 0x0f22, 0x08bf, 0x0057, 0xfa1e,
0xf76b, 0xf78b, 0xf803, 0xf5e6, 0xf26d, 0xed7d, 0xe862, 0xe5bd, 0xe553, 0xe5ec, 0xe74d, 0xe730,
0xe748, 0xead0, 0xefbd, 0xf48e, 0xf703, 0xf666, 0xf4c5, 0xf529, 0xf8cb, 0xfce7, 0x012c, 0x0640,
0x08ae, 0x07a5, 0x06ab, 0x05c1, 0x069c, 0x0744, 0x0582, 0x0331, 0x01dc, 0x0344, 0x065b, 0x06bb,
0x0521, 0x0241, 0xff98, 0xfe81, 0xfd1e, 0xfd1c, 0xff42, 0x00a6, 0x02f1, 0x06a2, 0x0ab0, 0x0e56,
0x0e7c, 0x0c38, 0x0ab0, 0x0b80, 0x1063, 0x16b4, 0x1ade, 0x1e51, 0x21fc, 0x25c4, 0x28d9, 0x2914,
0x276a, 0x24f8, 0x21de, 0x205e, 0x209e, 0x21a4, 0x227f, 0x207c, 0x1bea, 0x1630, 0x1055, 0x0b89,
0x069a, 0x00f0, 0xfbfb, 0xf7e8, 0xf505, 0xf2e5, 0xf045, 0xedf5, 0xeb93, 0xe8d6, 0xe643, 0xe4a3,
0xe46b, 0xe4a5, 0xe3c0, 0xe1d3, 0xe0bf, 0xe1df, 0xe5af, 0xea40, 0xee03, 0xf044, 0xf106, 0xf109,
0xf157, 0xf277, 0xf437, 0xf5f5, 0xf68c, 0xf6c6, 0xf7ac, 0xf9e6, 0xfc77, 0xfd48, 0xfbd6, 0xf9c0,
0xf8cb, 0xfa72, 0xfd80, 0xff5f, 0xff87, 0xfd85, 0xfb0a, 0xf969, 0xf836, 0xf7d5, 0xf797, 0xf6d8,
0xf63f, 0xf541, 0xf567, 0xf747, 0xf8bf, 0xf9e4, 0xf9ae, 0xf86c, 0xf871, 0xf8f7, 0xfa14, 0xfbe5,
0xfd69, 0xffa4, 0x012a, 0x016f, 0x01d8, 0x019e, 0x0173, 0x0102, 0xffd3, 0x0026, 0x015e, 0x02e2,
0x0454, 0x0407, 0x0352, 0x023c, 0x0033, 0xfe6d, 0xfc43, 0xfaee, 0xfa8d, 0xf93d, 0xf7da, 0xf682,
0xf5b7, 0xf6ab, 0xf882, 0xfb7b, 0xff8c, 0x02f0, 0x0542, 0x05bc, 0x0542, 0x061a, 0x08ae, 0x0d69,
0x12eb, 0x1874, 0x1e27, 0x22d2, 0x260d, 0x27c9, 0x27e5, 0x2745, 0x266c, 0x264f, 0x276f, 0x29b5,
0x2cb1, 0x2e79, 0x2dec, 0x2b87, 0x289c, 0x253e, 0x208f, 0x1a7c, 0x1460, 0x0eed, 0x0ae1, 0x071c,
0x02e4, 0xfe7b, 0xf945, 0xf37e, 0xedc2, 0xe8de, 0xe5c1, 0xe4a4, 0xe43d, 0xe441, 0xe463, 0xe4bf,
0xe56c, 0xe58a, 0xe5fe, 0xe6e0, 0xe7ad, 0xe96a, 0xeac3, 0xeba6, 0xee84, 0xf19b, 0xf358, 0xf35f,
0xf21f, 0xf16c, 0xf13d, 0xf16b, 0xf260, 0xf2f8, 0xf443, 0xf564, 0xf4a5, 0xf3de, 0xf292, 0xf195,
0xf16a, 0xf067, 0xefa9, 0xef73, 0xf1ab, 0xf4ea, 0xf4dc, 0xf406, 0xf43f, 0xf448, 0xf5f6, 0xf7cb,
0xf79d, 0xfa32, 0xfd41, 0xfec3, 0x00a6, 0x0253, 0x051e, 0x07a5, 0x06a4, 0x0493, 0x0384, 0x02e4,
0x05a4, 0x062d, 0x0350, 0x02b7, 0x02ac, 0x0263, 0x00b6, 0xfd40, 0xfb91, 0xfb0a, 0xf909, 0xf70b,
0xf4e9, 0xf45f, 0xf50c, 0xf48d, 0xf33c, 0xf14a, 0xf0da, 0xf318, 0xf6fd, 0xfbe4, 0x0121, 0x06da,
0x0b19, 0x0b0d, 0x09bb, 0x0a52, 0x0e04, 0x1473, 0x1a5b, 0x1fb6, 0x2535, 0x2ac5, 0x2f94, 0x32ac,
0x346c, 0x3363, 0x313e, 0x2f9c, 0x2e10, 0x2f1f, 0x31b0, 0x320b, 0x3045, 0x2b2f, 0x23a3, 0x1c6c,
0x1486, 0x0dc1, 0x08c7, 0x0391, 0xfeac, 0xf9b2, 0xf50e, 0xf14e, 0xec9d, 0xe6c0, 0xdf74, 0xd78e,
0xd23a, 0xcfe6, 0xd0ce, 0xd417, 0xd696, 0xd71b, 0xd64c, 0xd586, 0xd632, 0xd7e5, 0xda72, 0xdd9c,
0xe148, 0xe5fe, 0xeb67, 0xf17f, 0xf6db, 0xf980, 0xfa75, 0xfa47, 0xfad2, 0xfe41, 0x039c, 0x09f0,
0x0ee6, 0x0ff6, 0x0e28, 0x0bca, 0x0a54, 0x0a21, 0x0a25, 0x09c0, 0x08ff, 0x0830, 0x075e, 0x059d,
0x02c6, 0xff18, 0xfa67, 0xf67f, 0xf436, 0xf399, 0xf482, 0xf55e, 0xf514, 0xf2dc, 0xf00a, 0xee75,
0xee31, 0xee82, 0xef0d, 0xefe4, 0xf1de, 0xf4e9, 0xf6af, 0xf6bb, 0xf607, 0xf5c3, 0xf666, 0xf826,
0xfa4b, 0xfc18, 0xfed8, 0x0104, 0x011d, 0x0099, 0xfffc, 0xff0e, 0xfd84, 0xfb4f, 0xfb38, 0xfcce,
0xfd93, 0xfd9f, 0xfd49, 0x001f, 0x06f1, 0x0d7d, 0x131d, 0x16f2, 0x16af, 0x14e7, 0x12ec, 0x1285,
0x17fc, 0x21f8, 0x2c2d, 0x33b6, 0x3841, 0x3b35, 0x3d30, 0x3d41, 0x3a62, 0x362f, 0x3462, 0x3566,
0x3768, 0x3950, 0x38f8, 0x348b, 0x2b3f, 0x1dc9, 0x101c, 0x0623, 0x0036, 0xfb9f, 0xf5e5, 0xee49,
0xe5b2, 0xdcd3, 0xd3c4, 0xcb54, 0xc42e, 0xbebc, 0xbb93, 0xba5c, 0xbb4e, 0xbeb7, 0xc246, 0xc3d3,
0xc45a, 0xc547, 0xc8cf, 0xd014, 0xd90c, 0xe2ad, 0xec28, 0xf366, 0xf848, 0xfc8b, 0x01e5, 0x084b,
0x0dc8, 0x11e8, 0x15a9, 0x1966, 0x1dca, 0x21a8, 0x233f, 0x2299, 0x1f90, 0x1b2b, 0x177b, 0x14c9,
0x12aa, 0x10fa, 0x0de3, 0x07e7, 0x0131, 0xfb5a, 0xf68c, 0xf2a6, 0xee86, 0xeab3, 0xe80a, 0xe668,
0xe624, 0xe620, 0xe51d, 0xe3f8, 0xe2ea, 0xe318, 0xe597, 0xe9d9, 0xeed2, 0xf30f, 0xf684, 0xf7d6,
0xf7bc, 0xf8fb, 0xfacc, 0xfd15, 0x00f0, 0x0457, 0x07d8, 0x0a83, 0x0963, 0x0670, 0x0258, 0xfe0d,
0xfaea, 0xf987, 0xf9d2, 0xfa1b, 0xf99e, 0xf7cb, 0xf5e8, 0xf881, 0xfd9c, 0x029b, 0x06e8, 0x06be,
0x04d6, 0x0499, 0x070a, 0x0e78, 0x1a20, 0x268b, 0x2f62, 0x32f5, 0x32e4, 0x32bc, 0x3574, 0x3a4e,
0x3f30, 0x4398, 0x462e, 0x4688, 0x450c, 0x40fa, 0x39d5, 0x3071, 0x24ff, 0x19f8, 0x12f7, 0x0f2e,
0x0b0c, 0x03d3, 0xf841, 0xea22, 0xdd04, 0xd267, 0xca47, 0xc55e, 0xc249, 0xbf28, 0xbcdd, 0xbaf6,
0xb9a5, 0xb9f5, 0xbab5, 0xbb74, 0xbeb7, 0xc529, 0xce36, 0xd8c9, 0xe323, 0xebff, 0xf39e, 0xf968,
0xfe6e, 0x046e, 0x0c5a, 0x14f2, 0x1c54, 0x2085, 0x2143, 0x2128, 0x21bb, 0x23c4, 0x267b, 0x27c6,
0x2793, 0x2536, 0x1fb4, 0x186f, 0x10f5, 0x0a14, 0x03f9, 0xff6a, 0xfc25, 0xf953, 0xf6ca, 0xf2b3,
0xecb1, 0xe5bc, 0xdfbb, 0xdc20, 0xdb0b, 0xdc2e, 0xde89, 0xe1fc, 0xe50b, 0xe559, 0xe449, 0xe3d9,
0xe577, 0xe8a1, 0xec71, 0xf01b, 0xf346, 0xf6b5, 0xf96b, 0xfc28, 0xfe40, 0xfe78, 0xfef4, 0xfe31,
0xfcc9, 0xfcb8, 0xfdda, 0xfd72, 0xfa3d, 0xf5f4, 0xf1a8, 0xefb5, 0xf121, 0xf3ce, 0xfabf, 0x0332,
0x0afb, 0x0e0f, 0x0851, 0xfff3, 0xfce2, 0x03a6, 0x1275, 0x21ff, 0x2e66, 0x34ae, 0x3514, 0x3288,
0x2fc1, 0x32e3, 0x3ac4, 0x433f, 0x4912, 0x4af8, 0x4a2d, 0x46de, 0x3fe8, 0x3545, 0x2a8e, 0x2286,
0x1dd2, 0x1b5e, 0x17cb, 0x10c0, 0x04d4, 0xf3a5, 0xe161, 0xd32b, 0xcce3, 0xcc33, 0xcc2b, 0xca36,
0xc4ea, 0xbd93, 0xb5e5, 0xb012, 0xaf8d, 0xb48d, 0xbd12, 0xc5f4, 0xcdcb, 0xd55d, 0xdc7d, 0xe205,
0xe6a3, 0xebef, 0xf45f, 0x002b, 0x0d3d, 0x18c7, 0x20b1, 0x2444, 0x23a6, 0x2054, 0x1f1f, 0x22ac,
0x2a54, 0x320c, 0x3460, 0x3174, 0x2ace, 0x217d, 0x17d9, 0x0ee6, 0x08fa, 0x06ce, 0x06ba, 0x0558,
0x0010, 0xf6ee, 0xeb82, 0xe0ff, 0xda3d, 0xd944, 0xdd8a, 0xe209, 0xe334, 0xdf80, 0xd898, 0xd35b,
0xd22e, 0xd606, 0xddd3, 0xe63a, 0xec69, 0xeed8, 0xed56, 0xea3d, 0xe941, 0xec45, 0xf298, 0xfa09,
0x0093, 0x04ca, 0x05c8, 0x0208, 0xfbf3, 0xf5a9, 0xf362, 0xf502, 0xf828, 0xf983, 0xfa6d, 0xfd38,
0x01b6, 0x0606, 0x0a66, 0x099f, 0x04a1, 0x00f9, 0x02dc, 0x0ed5, 0x2066, 0x2de6, 0x3241, 0x2ed4,
0x29b7, 0x2964, 0x2faf, 0x3aae, 0x45aa, 0x4e0b, 0x4ee3, 0x49f2, 0x4391, 0x3e4c, 0x3b29, 0x388e,
0x34ea, 0x30ad, 0x2b66, 0x23a3, 0x188c, 0x0b1a, 0xfc53, 0xedfc, 0xe38b, 0xdd53, 0xdb80, 0xda16,
0xd3d4, 0xc776, 0xb948, 0xae93, 0xaba3, 0xb075, 0xb8bb, 0xc014, 0xc47b, 0xc49e, 0xc3c4, 0xc64e,
0xcd21, 0xd768, 0xe2d6, 0xed94, 0xf807, 0x02c4, 0x0be4, 0x11e0, 0x14c3, 0x161d, 0x18a9, 0x1d34,
0x2430, 0x2c0f, 0x3161, 0x31e6, 0x2c5f, 0x2538, 0x20e8, 0x1f6a, 0x1ea5, 0x1b08, 0x1410, 0x0c12,
0x04fc, 0xfef4, 0xf914, 0xf3c8, 0xee5d, 0xe92f, 0xe404, 0xdffe, 0xde7c, 0xddfd, 0xdc06, 0xd8de,
0xd55a, 0xd564, 0xd99a, 0xde00, 0xe103, 0xe2a1, 0xe387, 0xe492, 0xe655, 0xe92f, 0xed50, 0xf180,
0xf602, 0xf9a5, 0xfcb1, 0xfeb4, 0xfee5, 0xfcf6, 0xf9d1, 0xf950, 0xfaae, 0xfc09, 0xfe4c, 0xfddb,
0xfb87, 0xfe9c, 0x042b, 0x0ba2, 0x1275, 0x108b, 0x0709, 0x01bd, 0x05a0, 0x147f, 0x26cd, 0x3248,
0x3221, 0x2d74, 0x2839, 0x2861, 0x30a9, 0x3dc8, 0x48e6, 0x4e4b, 0x49ae, 0x40e2, 0x3b14, 0x3994,
0x3a13, 0x3ab4, 0x38c7, 0x3382, 0x2bfd, 0x20b9, 0x12c1, 0x0575, 0xfa10, 0xf19c, 0xed59, 0xea5a,
0xe4f3, 0xdada, 0xcbe3, 0xbc07, 0xb17d, 0xaff1, 0xb5e8, 0xbed5, 0xc37c, 0xc101, 0xba34, 0xb54c,
0xb794, 0xc256, 0xd139, 0xdfae, 0xe9f2, 0xefb6, 0xf3b6, 0xf86a, 0xff2d, 0x0775, 0x0fce, 0x172a,
0x1de5, 0x22e1, 0x25f1, 0x2674, 0x246e, 0x22f1, 0x241f, 0x2813, 0x2bb7, 0x2b43, 0x24de, 0x1abf,
0x102e, 0x08ca, 0x0650, 0x077e, 0x081e, 0x03e1, 0xf95c, 0xecd6, 0xe37b, 0xe18d, 0xe4c6, 0xe789,
0xe69c, 0xe1a7, 0xdc6e, 0xda40, 0xda5d, 0xdcbf, 0xdffa, 0xe3e0, 0xe799, 0xe99f, 0xea08, 0xe986,
0xe936, 0xea3c, 0xedf0, 0xf4eb, 0xfac7, 0xfcf9, 0xfbc0, 0xf5e1, 0xf414, 0xf6cc, 0xfa11, 0xf9f2,
0xf999, 0xf75a, 0xf524, 0xf981, 0x02a7, 0x0b2b, 0x1494, 0x10d1, 0x04c3, 0xfd2a, 0x01a2, 0x133e,
0x288a, 0x3305, 0x30f0, 0x2933, 0x2396, 0x2524, 0x30a0, 0x3ee4, 0x4aaf, 0x4d82, 0x46b9, 0x3ca0,
0x37bf, 0x38c1, 0x3caa, 0x3f46, 0x3c96, 0x353e, 0x2c67, 0x2243, 0x16dc, 0x0b8a, 0x0136, 0xf97b,
0xf5cd, 0xf227, 0xec0a, 0xe0be, 0xd1fe, 0xc3eb, 0xb9f8, 0xb967, 0xbef6, 0xc64c, 0xc82c, 0xc137,
0xb840, 0xb3c2, 0xb96c, 0xc5c3, 0xd268, 0xdb57, 0xe023, 0xe3af, 0xe803, 0xee6b, 0xf725, 0x0050,
0x07a7, 0x0d15, 0x10e6, 0x158e, 0x1a5e, 0x1d1b, 0x1df4, 0x1e93, 0x2237, 0x2790, 0x29d3, 0x26b8,
0x1ebd, 0x1682, 0x12bf, 0x1276, 0x13b1, 0x1344, 0x0dc8, 0x0443, 0xf90e, 0xf0b9, 0xeee8, 0xf22f,
0xf5a9, 0xf42e, 0xed36, 0xe3c1, 0xdda7, 0xddc5, 0xe1c8, 0xe71d, 0xeae3, 0xeb0d, 0xe917, 0xe649,
0xe4bd, 0xe4bc, 0xe5db, 0xe8d6, 0xed29, 0xf2eb, 0xf72e, 0xf58d, 0xef8e, 0xea47, 0xe951, 0xee4c,
0xf529, 0xf733, 0xf34c, 0xee9b, 0xeb0e, 0xec92, 0xf718, 0x01c1, 0x0b05, 0x0ca9, 0x0346, 0xf957,
0xfbfd, 0x0c4d, 0x22e2, 0x30c8, 0x2e85, 0x2331, 0x1e15, 0x22ed, 0x3199, 0x42c5, 0x4d83, 0x4f65,
0x4829, 0x3c3d, 0x35bf, 0x3914, 0x4290, 0x49e9, 0x492b, 0x402d, 0x33cc, 0x27b4, 0x1c7d, 0x1228,
0x0af8, 0x0649, 0x02ca, 0xfd78, 0xf362, 0xe463, 0xd521, 0xc8cd, 0xc1d2, 0xc25d, 0xc6f8, 0xc99a,
0xc575, 0xba2b, 0xb045, 0xaf6b, 0xb8ad, 0xc54b, 0xce2e, 0xd11d, 0xd140, 0xd2fb, 0xd808, 0xe0e2,
0xec6a, 0xf6b8, 0xfe3c, 0x030b, 0x069f, 0x0a23, 0x0e3e, 0x1209, 0x16db, 0x1c6f, 0x2128, 0x237c,
0x2457, 0x2421, 0x2460, 0x2368, 0x218d, 0x1fbd, 0x1d9a, 0x1aa5, 0x15f9, 0x0fcf, 0x0ab7, 0x07db,
0x077c, 0x075d, 0x04d8, 0xfd4c, 0xf4eb, 0xef56, 0xeccb, 0xee1f, 0xef87, 0xef7f, 0xee8d, 0xeb1f,
0xe6bc, 0xe31a, 0xe1b3, 0xe2f2, 0xe508, 0xe698, 0xe755, 0xe852, 0xe80e, 0xe5f5, 0xe480, 0xe383,
0xe4e7, 0xe9a7, 0xee56, 0xf10a, 0xf03d, 0xe948, 0xe2e1, 0xe322, 0xe8af, 0xf356, 0x01a9, 0x0bff,
0x0ff4, 0x07e9, 0xf9df, 0xf5a6, 0x0436, 0x1e48, 0x32c9, 0x34a9, 0x28ad, 0x1ea9, 0x21ee, 0x2eb4,
0x3d4d, 0x478a, 0x4bcf, 0x4b21, 0x4486, 0x3cfb, 0x3bad, 0x417e, 0x4890, 0x4a6a, 0x4481, 0x3b5d,
0x3081, 0x244f, 0x18f1, 0x1202, 0x1128, 0x11e7, 0x0c2d, 0xfd66, 0xea1d, 0xda62, 0xd1fc, 0xcfe6,
0xd1ee, 0xd3b6, 0xd11c, 0xc7dc, 0xbaad, 0xb064, 0xb062, 0xba17, 0xc6a0, 0xcd86, 0xcc98, 0xc741,
0xc48a, 0xc89c, 0xd28c, 0xdeca, 0xe9c6, 0xf140, 0xf43f, 0xf3a2, 0xf2ca, 0xf66e, 0xfe2c, 0x079a,
0x0f33, 0x1423, 0x167e, 0x16f2, 0x150b, 0x13a3, 0x15e4, 0x1dd5, 0x2676, 0x2812, 0x2005, 0x1580,
0x0f9d, 0x1052, 0x162d, 0x1b3b, 0x1ae4, 0x135b, 0x06e6, 0xfdb6, 0xfbce, 0xffd1, 0x054c, 0x04cf,
0xfdc2, 0xf4c5, 0xee6e, 0xebb6, 0xeb1b, 0xeb67, 0xec03, 0xebf6, 0xe921, 0xe3e3, 0xdfdf, 0xde3f,
0xde4b, 0xe129, 0xe45b, 0xe61d, 0xe6e8, 0xe5be, 0xe2d0, 0xe164, 0xe217, 0xe5bb, 0xe921, 0xea48,
0xea8c, 0xeb2e, 0xee31, 0xf6ff, 0x0439, 0x0e79, 0x0c61, 0x00c1, 0xf9a5, 0x0314, 0x1a74, 0x2eb6,
0x332c, 0x2a8e, 0x2269, 0x241c, 0x2d6a, 0x389b, 0x43f5, 0x4cdb, 0x4e80, 0x4703, 0x3cef, 0x39c8,
0x3fdd, 0x479c, 0x48b6, 0x4279, 0x3952, 0x302a, 0x258e, 0x1a4d, 0x125a, 0x1005, 0x102b, 0x0a4c,
0xfb6c, 0xe9ab, 0xdc80, 0xd701, 0xd585, 0xd3ef, 0xd0e6, 0xcbad, 0xc3d7, 0xba5b, 0xb45d, 0xb641,
0xbf2e, 0xc715, 0xc916, 0xc5b5, 0xc3bf, 0xc639, 0xccbd, 0xd5bd, 0xdff7, 0xe906, 0xef21, 0xef45,
0xed53, 0xef26, 0xf83d, 0x0585, 0x10a8, 0x1526, 0x1535, 0x140d, 0x13af, 0x148c, 0x1771, 0x1db0,
0x24e1, 0x29d6, 0x2830, 0x2117, 0x1a4b, 0x173b, 0x171f, 0x18bc, 0x1aea, 0x1b2d, 0x167d, 0x0d75,
0x04d8, 0x0203, 0x0356, 0x0449, 0x025e, 0xfdfa, 0xf8e8, 0xf3b8, 0xef09, 0xeb1e, 0xea5b, 0xeb30,
0xeb8f, 0xe8c5, 0xe452, 0xe05d, 0xde16, 0xdd59, 0xdeac, 0xe2aa, 0xe658, 0xe5e1, 0xe2c1, 0xdfb3,
0xdf56, 0xe284, 0xe6ea, 0xe9f6, 0xe9a6, 0xe819, 0xe740, 0xe991, 0xeec7, 0xf9c4, 0x069f, 0x0fa0,
0x0d17, 0x0248, 0xfb71, 0x03e9, 0x1854, 0x2b0e, 0x2f68, 0x2918, 0x22b1, 0x250d, 0x2d6f, 0x3781,
0x3fca, 0x46d4, 0x48cd, 0x442e, 0x3c2a, 0x38c9, 0x3d87, 0x4464, 0x45a5, 0x3f7f, 0x3684, 0x2e50,
0x257f, 0x1c67, 0x15b5, 0x13ec, 0x1345, 0x0c8f, 0xfd49, 0xec44, 0xe1bf, 0xded5, 0xdf6d, 0xde54,
0xd9fe, 0xd23e, 0xc720, 0xbba4, 0xb5ce, 0xba6c, 0xc516, 0xccf0, 0xcc57, 0xc5a5, 0xc08c, 0xc14f,
0xc697, 0xcde5, 0xd6d4, 0xe091, 0xe7aa, 0xe918, 0xe649, 0xe6c3, 0xee73, 0xfb1f, 0x06a8, 0x0d3a,
0x0f67, 0x0e9b, 0x0cca, 0x0d28, 0x1306, 0x1dd8, 0x26f1, 0x2855, 0x22b4, 0x1d25, 0x1b9c, 0x1d67,
0x1fa8, 0x212c, 0x2192, 0x1f92, 0x19fc, 0x12b5, 0x0e06, 0x0e47, 0x10d1, 0x112b, 0x0c12, 0x04ba,
0xfe4c, 0xfa07, 0xf726, 0xf53d, 0xf537, 0xf59f, 0xf38e, 0xed2b, 0xe4e6, 0xdf90, 0xdf64, 0xe343,
0xe6b5, 0xe6ad, 0xe37b, 0xde77, 0xdb34, 0xdbf2, 0xe0b5, 0xe63a, 0xe838, 0xe5d1, 0xe29b, 0xe2c2,
0xe66e, 0xeab4, 0xed5c, 0xedf7, 0xf116, 0xfa97, 0x072d, 0x0e18, 0x094c, 0xfeed, 0xfcc4, 0x0a08,
0x1ebf, 0x2c1d, 0x2b6f, 0x23a9, 0x211f, 0x289c, 0x33bc, 0x3c2b, 0x4002, 0x40d0, 0x3ef4, 0x3bab,
0x3a53, 0x3e3b, 0x4456, 0x462a, 0x4016, 0x36a6, 0x2fe2, 0x2ca0, 0x28fc, 0x2306, 0x1d43, 0x19c5,
0x155b, 0x0b8c, 0xfd33, 0xf0ca, 0xea3c, 0xe87d, 0xe75f, 0xe3b9, 0xdd16, 0xd35f, 0xc84a, 0xbffe,
0xbf26, 0xc55d, 0xcca1, 0xcd9a, 0xc6a3, 0xbe3a, 0xbbd8, 0xc1aa, 0xcbe4, 0xd543, 0xdb4f, 0xdd02,
0xdb71, 0xd9a1, 0xdc93, 0xe6e4, 0xf528, 0x002f, 0x02fa, 0x006c, 0xfe48, 0x014e, 0x08c9, 0x1142,
0x1751, 0x19ce, 0x1955, 0x1853, 0x1863, 0x19b7, 0x1bd6, 0x1ea3, 0x213d, 0x2137, 0x1c71, 0x145d,
0x0e8f, 0x0f8b, 0x14da, 0x179c, 0x141b, 0x0c07, 0x0450, 0xff63, 0xfdf5, 0xfe9a, 0xffb7, 0xfef7,
0xfad0, 0xf49f, 0xef09, 0xec90, 0xece4, 0xee11, 0xee36, 0xed2b, 0xeb24, 0xe822, 0xe4d8, 0xe427,
0xe6fc, 0xeb30, 0xed5b, 0xec55, 0xe9de, 0xe98e, 0xebff, 0xeece, 0xef31, 0xed18, 0xebf2, 0xee5a,
0xf2ac, 0xf59d, 0xf9cb, 0x0117, 0x0922, 0x0983, 0x0017, 0xf72a, 0xfd65, 0x11e4, 0x24b9, 0x26ba,
0x1b55, 0x1254, 0x16ab, 0x22a6, 0x2db5, 0x34d5, 0x39d5, 0x3b38, 0x3679, 0x2eb8, 0x2cb7, 0x341d,
0x3e76, 0x4300, 0x3f12, 0x36dd, 0x2db4, 0x23a0, 0x1a84, 0x1855, 0x1efd, 0x2587, 0x1ef4, 0x091f,
0xf15c, 0xe6ed, 0xeb4e, 0xf329, 0xf2e0, 0xe8b8, 0xd9db, 0xcb8a, 0xc1e7, 0xc055, 0xc7d7, 0xd182,
0xd3df, 0xcad7, 0xbdb9, 0xb7a1, 0xbd44, 0xc9bf, 0xd4d8, 0xda39, 0xdac1, 0xd8f4, 0xd808, 0xda7f,
0xe25d, 0xee05, 0xf92f, 0xffc1, 0x00fa, 0x000f, 0x0033, 0x0362, 0x09ed, 0x1272, 0x1ab4, 0x1e6e,
0x1c5b, 0x1731, 0x14f0, 0x18bd, 0x208e, 0x267c, 0x262e, 0x1fe0, 0x1862, 0x146d, 0x15b0, 0x18ca,
0x19e2, 0x172f, 0x1263, 0x0d21, 0x08b1, 0x0592, 0x0439, 0x03b1, 0x0260, 0xff32, 0xfa13, 0xf484,
0xf072, 0xef1e, 0xf016, 0xf0a3, 0xeec1, 0xea2c, 0xe529, 0xe20c, 0xe223, 0xe4a7, 0xe708, 0xe7aa,
0xe59a, 0xe1e3, 0xe021, 0xe138, 0xe555, 0xe8cd, 0xea4f, 0xe94b, 0xe89e, 0xe9e5, 0xeddd, 0xf1f6,
0xf3f8, 0xf5c9, 0xfd12, 0x0821, 0x0f36, 0x09cc, 0xfec2, 0xfd03, 0x0d19, 0x236d, 0x2e33, 0x275d,
0x1bd8, 0x1a49, 0x2500, 0x3172, 0x380e, 0x39a6, 0x3a16, 0x3821, 0x3342, 0x2f6c, 0x3300, 0x3b72,
0x3f81, 0x395d, 0x2e34, 0x25cb, 0x21e9, 0x1ea9, 0x1b16, 0x198e, 0x18b5, 0x1179, 0x01c4, 0xf188,
0xeb73, 0xeea9, 0xf120, 0xeb80, 0xe0ef, 0xd7c1, 0xd28f, 0xcf46, 0xcdf5, 0xced0, 0xd0e8, 0xcfea,
0xcb40, 0xc66b, 0xc68e, 0xcbed, 0xd2b1, 0xd682, 0xd6a0, 0xd58f, 0xd6bf, 0xda7a, 0xdf1e, 0xe3cd,
0xe923, 0xeea2, 0xf24c, 0xf30b, 0xf32e, 0xf585, 0xfa7e, 0x006d, 0x0564, 0x08e7, 0x0a77, 0x0a7f,
0x0a93, 0x0ca1, 0x1080, 0x14d1, 0x17b1, 0x1873, 0x1776, 0x1603, 0x1586, 0x16e5, 0x1928, 0x1a8e,
0x198b, 0x16d4, 0x13fd, 0x128c, 0x131a, 0x1488, 0x14c6, 0x12b0, 0x0e78, 0x09e2, 0x060e, 0x03f4,
0x037e, 0x0333, 0x012a, 0xfc25, 0xf5af, 0xf102, 0xef0b, 0xeef3, 0xee91, 0xecad, 0xe920, 0xe464,
0xe04f, 0xdef1, 0xe0e7, 0xe49d, 0xe630, 0xe416, 0xe037, 0xdecf, 0xe1f1, 0xe77e, 0xeb95, 0xecb8,
0xecaa, 0xed90, 0xf01b, 0xf5fc, 0xffcf, 0x0a29, 0x0e8d, 0x09d6, 0x0314, 0x05dd, 0x1544, 0x26d2,
0x2cd3, 0x2694, 0x1f8e, 0x21d2, 0x2a9b, 0x3110, 0x335b, 0x355e, 0x38da, 0x38ef, 0x32bf, 0x2b97,
0x2ad0, 0x3014, 0x339e, 0x2fc5, 0x274c, 0x1fac, 0x1a94, 0x1556, 0x0fb7, 0x0c84, 0x0c18, 0x0a20,
0x0229, 0xf5f3, 0xec6e, 0xe94f, 0xea49, 0xe9d6, 0xe6cd, 0xe227, 0xdcca, 0xd65b, 0xd096, 0xcfb4,
0xd4bd, 0xdb0a, 0xdc31, 0xd6cf, 0xd074, 0xcecf, 0xd30a, 0xd8d8, 0xdce7, 0xdf5a, 0xe132, 0xe20a,
0xe143, 0xe0eb, 0xe432, 0xeaf3, 0xf17c, 0xf47e, 0xf460, 0xf49a, 0xf6f5, 0xfb8e, 0x00a1, 0x053c,
0x08cc, 0x0a87, 0x0b45, 0x0c25, 0x0ea8, 0x12d1, 0x1766, 0x1be3, 0x1db7, 0x1d61, 0x1bff, 0x1ccf,
0x200a, 0x2297, 0x23bf, 0x22d2, 0x21b2, 0x1f94, 0x1c7d, 0x1a96, 0x19a8, 0x197d, 0x1641, 0x10ba,
0x0b43, 0x0721, 0x03e7, 0xff8f, 0xfbd2, 0xf99f, 0xf646, 0xf00e, 0xe789, 0xe321, 0xe3b8, 0xe4b3,
0xe1b8, 0xdb7c, 0xd7e6, 0xd825, 0xd957, 0xda13, 0xda04, 0xdbed, 0xdd89, 0xdeb1, 0xe004, 0xe2c5,
0xe717, 0xea96, 0xed90, 0xf1a4, 0xf5d3, 0xf90e, 0xfa52, 0xff6d, 0x0a35, 0x159e, 0x1870, 0x10d1,
0x09c2, 0x0eb3, 0x1e7c, 0x2bb8, 0x2ac1, 0x20e7, 0x1b53, 0x2111, 0x2ad6, 0x2e45, 0x2b60, 0x288c,
0x2a75, 0x2cde, 0x2b86, 0x28a7, 0x2888, 0x2bb9, 0x2ce2, 0x2990, 0x24df, 0x20ff, 0x1d91, 0x183a,
0x1449, 0x14e4, 0x16df, 0x1287, 0x04c2, 0xf5bd, 0xef66, 0xf26a, 0xf63a, 0xf248, 0xe783, 0xdb8a,
0xd36a, 0xcfd3, 0xcff3, 0xd22d, 0xd3b3, 0xd1b5, 0xcc28, 0xc640, 0xc469, 0xc81c, 0xcf4e, 0xd60b,
0xd985, 0xda1f, 0xd9ee, 0xdb01, 0xde4b, 0xe43a, 0xecd8, 0xf57b, 0xfb31, 0xfc87, 0xfc5a, 0xfecf,
0x0550, 0x0db2, 0x146a, 0x1853, 0x1a4c, 0x1ad3, 0x1ac2, 0x1b2e, 0x1dfe, 0x2277, 0x258c, 0x24fc,
0x21cd, 0x1f06, 0x1de3, 0x1cfe, 0x1b70, 0x1945, 0x1775, 0x15a5, 0x12b7, 0x0e75, 0x0a40, 0x07e8,
0x06e9, 0x04aa, 0x005e, 0xfbcf, 0xf98a, 0xf918, 0xf7e9, 0xf520, 0xf1b0, 0xeed1, 0xebf2, 0xe953,
0xe871, 0xe982, 0xea38, 0xe839, 0xe44a, 0xe197, 0xe1a7, 0xe40a, 0xe6e3, 0xe935, 0xe9ab, 0xe846,
0xe6ad, 0xe761, 0xeb2e, 0xf06a, 0xf4a6, 0xf688, 0xf5b9, 0xf371, 0xf1fc, 0xf467, 0xfa32, 0x001a,
0x02bf, 0x040f, 0x0808, 0x0dab, 0x0e65, 0x06bf, 0xffb1, 0x061f, 0x19c0, 0x2928, 0x2491, 0x12a1,
0x0911, 0x138f, 0x267a, 0x2f6e, 0x2b3e, 0x2515, 0x24d2, 0x26a6, 0x256f, 0x247f, 0x292a, 0x301a,
0x3052, 0x2790, 0x1daf, 0x1991, 0x19d7, 0x1939, 0x1718, 0x1533, 0x11d5, 0x092d, 0xfca0, 0xf381,
0xf2bf, 0xf69a, 0xf71b, 0xf01e, 0xe4f8, 0xdb61, 0xd6cb, 0xd69e, 0xd800, 0xd8b2, 0xd78e, 0xd4ce,
0xd0f8, 0xcdb5, 0xcd89, 0xd184, 0xd7d9, 0xdd3a, 0xdf5a, 0xdf34, 0xdec5, 0xe04a, 0xe43b, 0xea83,
0xf209, 0xf88b, 0xfbbb, 0xfb3d, 0xfa84, 0xfdda, 0x05a8, 0x0db4, 0x1147, 0x1039, 0x0e5c, 0x0f47,
0x133e, 0x178e, 0x1a48, 0x1aa6, 0x19d5, 0x183b, 0x166d, 0x1537, 0x1561, 0x16bf, 0x1801, 0x177f,
0x1434, 0x0f63, 0x0c34, 0x0c72, 0x0ea1, 0x0f5b, 0x0c69, 0x0771, 0x035e, 0x01aa, 0x0188, 0x01fb,
0x0208, 0x0027, 0xfbdb, 0xf6e5, 0xf411, 0xf39a, 0xf391, 0xf2d1, 0xf200, 0xf124, 0xee7e, 0xea2e,
0xe721, 0xe843, 0xebf6, 0xede7, 0xebd9, 0xe7e8, 0xe598, 0xe741, 0xeb5b, 0xefc1, 0xf1ec, 0xf233,
0xf1b7, 0xf1e7, 0xf2a8, 0xf4c8, 0xf8a7, 0xfe46, 0x01a7, 0x0232, 0xffe4, 0xfe4a, 0xffba, 0x0805,
0x14b2, 0x1cdb, 0x1640, 0x062e, 0xfd74, 0x0943, 0x1edc, 0x292e, 0x1f0d, 0x0f19, 0x0ba6, 0x15f9,
0x1fef, 0x2051, 0x1bfa, 0x1b80, 0x1de2, 0x1d31, 0x18c8, 0x16fd, 0x1a84, 0x1f0f, 0x1f37, 0x1b1b,
0x1616, 0x11a4, 0x0dac, 0x0b74, 0x0cb8, 0x104c, 0x107a, 0x091f, 0xfc7b, 0xf368, 0xf362, 0xf8fd,
0xfb3c, 0xf614, 0xecef, 0xe529, 0xe060, 0xde00, 0xde87, 0xe1a3, 0xe41a, 0xe215, 0xdbff, 0xd681,
0xd58d, 0xd9b1, 0xdfbe, 0xe48b, 0xe640, 0xe569, 0xe3cb, 0xe3b4, 0xe6b6, 0xed31, 0xf533, 0xfb2f,
0xfc0b, 0xf931, 0xf77a, 0xfafc, 0x02d8, 0x0a9f, 0x0e73, 0x0e69, 0x0ce0, 0x0c78, 0x0e49, 0x11b7,
0x153e, 0x17bc, 0x18f1, 0x1832, 0x155b, 0x11f6, 0x1097, 0x126d, 0x150f, 0x14e6, 0x1151, 0x0cc9,
0x0987, 0x0709, 0x050c, 0x047a, 0x05fb, 0x066e, 0x0200, 0xf99e, 0xf3b5, 0xf50e, 0xfafe, 0xfe1b,
0xfaa7, 0xf373, 0xee24, 0xed0c, 0xef79, 0xf323, 0xf5c9, 0xf5d0, 0xf2ea, 0xeee1, 0xecdb, 0xef21,
0xf4b6, 0xf97d, 0xfa3c, 0xf796, 0xf5b8, 0xf6cc, 0xf9cf, 0xfc64, 0xfe51, 0x003e, 0x0210, 0x0236,
0x0100, 0xff38, 0xfeac, 0x00c8, 0x056a, 0x088f, 0x067c, 0x0050, 0xfc19, 0xfc46, 0xfe91, 0x00d7,
0x0680, 0x0e80, 0x0ef4, 0x0164, 0xf01e, 0xeef6, 0x0332, 0x196f, 0x1ba6, 0x09e0, 0xfa33, 0xfcfc,
0x0c4a, 0x16d6, 0x167d, 0x1487, 0x17aa, 0x19ce, 0x14d1, 0x0ee6, 0x1352, 0x1fb1, 0x26cb, 0x2251,
0x1931, 0x13d3, 0x11cd, 0x1126, 0x139b, 0x1927, 0x1a95, 0x1130, 0x01a1, 0xf7ae, 0xf983, 0x01b4,
0x054f, 0xff35, 0xf2b7, 0xe805, 0xe406, 0xe50f, 0xe6e4, 0xe722, 0xe6b0, 0xe531, 0xe091, 0xda07,
0xd714, 0xdb83, 0xe352, 0xe722, 0xe5ac, 0xe2fc, 0xe292, 0xe3ee, 0xe6c1, 0xec4c, 0xf37b, 0xf837,
0xf7bc, 0xf406, 0xf2cc, 0xf770, 0x00a1, 0x088d, 0x0a39, 0x067e, 0x028c, 0x02e2, 0x06cb, 0x0b06,
0x0de9, 0x0f2e, 0x0ed2, 0x0c3a, 0x08ef, 0x07bd, 0x09b2, 0x0cf1, 0x0e73, 0x0d6e, 0x0aba, 0x0765,
0x049f, 0x03a7, 0x058a, 0x0881, 0x0979, 0x0685, 0x0107, 0xfd4a, 0xfdd7, 0x0183, 0x03bb, 0x01f0,
0xfe02, 0xfb2e, 0xfa97, 0xfab8, 0xfad5, 0xfbb6, 0xfdae, 0xff1f, 0xfdb2, 0xf936, 0xf59b, 0xf6fa,
0xfd21, 0x0226, 0x011d, 0xfbfb, 0xf860, 0xf960, 0xfd21, 0x0079, 0x01c0, 0x021e, 0x01c6, 0x0016,
0xfd87, 0xfc44, 0xfe1d, 0x0265, 0x04c7, 0x0399, 0xff84, 0xfb66, 0xfab6, 0xfd5d, 0x0051, 0xff98,
0xfbd1, 0xf8d6, 0xf810, 0xf79e, 0xf5fc, 0xf922, 0x03f8, 0x0aae, 0x0168, 0xed1f, 0xe59d, 0xf794,
0x1188, 0x17e3, 0x0697, 0xf602, 0xfa16, 0x0b47, 0x1591, 0x11fc, 0x0e89, 0x1428, 0x1baf, 0x1a80,
0x130c, 0x122a, 0x1b42, 0x24a0, 0x25d3, 0x202c, 0x1b23, 0x17ec, 0x1546, 0x147c, 0x1823, 0x1dda,
0x1c81, 0x1026, 0x00e7, 0xfa8d, 0x0022, 0x077c, 0x06af, 0xfd44, 0xf2f8, 0xed38, 0xeabc, 0xe8df,
0xe7b8, 0xe8bf, 0xeab7, 0xe91d, 0xe2e1, 0xdc17, 0xda71, 0xde4e, 0xe362, 0xe608, 0xe62b, 0xe50a,
0xe2d7, 0xe060, 0xe0f2, 0xe6fe, 0xefd2, 0xf4ce, 0xf272, 0xec98, 0xeaaa, 0xf005, 0xf912, 0xffb4,
0x0170, 0x003f, 0xff2d, 0xff50, 0x00c7, 0x03f0, 0x0932, 0x0eab, 0x1118, 0x0e9d, 0x09b6, 0x0702,
0x0977, 0x0f95, 0x1504, 0x15c2, 0x1161, 0x0b4f, 0x07fb, 0x0934, 0x0cfd, 0x0fff, 0x0fda, 0x0ca6,
0x080a, 0x0482, 0x035c, 0x04ac, 0x06f0, 0x085d, 0x0729, 0x037b, 0xff37, 0xfd06, 0xfdbe, 0x0077,
0x02fb, 0x036b, 0x0107, 0xfd49, 0xfad4, 0xfb51, 0xfe3f, 0x019a, 0x030e, 0x0118, 0xfd12, 0xfaae,
0xfc35, 0xff82, 0x0128, 0x00ec, 0x0067, 0xff22, 0xfbaa, 0xf82a, 0xf941, 0xfea3, 0x022e, 0xff6f,
0xf9a6, 0xf6e1, 0xf7ff, 0xf9d7, 0xfa77, 0xfb2b, 0xfbce, 0xfb31, 0xf8e4, 0xf71a, 0xf67a, 0xf760,
0xf9ab, 0xfc18, 0xfb5b, 0xf6b3, 0xf3da, 0xfbc0, 0x074e, 0x0823, 0xfaa1, 0xeebb, 0xf546, 0x08cc,
0x130e, 0x0a6e, 0xfcb9, 0xfdd2, 0x0c3b, 0x1692, 0x1286, 0x0aac, 0x0d0d, 0x1798, 0x1d7c, 0x19ac,
0x13b1, 0x13cf, 0x1875, 0x1c6e, 0x1d06, 0x1b10, 0x170a, 0x11f4, 0x0f0c, 0x1072, 0x1360, 0x12e9,
0x0cd0, 0x049f, 0xffdf, 0x0045, 0x020a, 0xff6f, 0xf8b6, 0xf33b, 0xf236, 0xf20a, 0xed94, 0xe6f9,
0xe4b5, 0xe7e7, 0xea32, 0xe689, 0xe0c0, 0xde89, 0xdfbf, 0xe0a1, 0xe107, 0xe393, 0xe66d, 0xe550,
0xe137, 0xe0c9, 0xe73d, 0xef02, 0xf174, 0xeeb0, 0xecc1, 0xefc9, 0xf5a5, 0xfa10, 0xfb7b, 0xfc78,
0xff5f, 0x032f, 0x05b0, 0x0657, 0x06de, 0x08c7, 0x0bfc, 0x0fb8, 0x1273, 0x12b4, 0x10b6, 0x0f1e,
0x10b6, 0x147f, 0x16de, 0x15f2, 0x1340, 0x1155, 0x107a, 0x0fea, 0x0fb3, 0x0fed, 0x0fc3, 0x0e1c,
0x0b4a, 0x0839, 0x0567, 0x03ff, 0x0496, 0x062f, 0x058e, 0x00ef, 0xfb4a, 0xf88d, 0xfa4a, 0xfdc8,
0xff70, 0xfd9c, 0xf8ce, 0xf465, 0xf40c, 0xf755, 0xfa90, 0xfa83, 0xf88d, 0xf724, 0xf746, 0xf794,
0xf6df, 0xf6f1, 0xf9bb, 0xfdfa, 0xff64, 0xfbb2, 0xf71b, 0xf6e8, 0xfb8c, 0x0091, 0x01c7, 0xffb7,
0xfd87, 0xfce5, 0xfd6f, 0xfe86, 0x0036, 0x01ec, 0x027e, 0x00e2, 0xfe8c, 0xfdb7, 0xfe73, 0xff67,
0xffa5, 0xff8c, 0xff32, 0xfe56, 0xfcb6, 0xfada, 0xf9d7, 0xfaae, 0xfc2c, 0xfbbc, 0xf97e, 0xfb45,
0x00f0, 0x023f, 0xfa2b, 0xf0be, 0xf36d, 0x0242, 0x0ca3, 0x0787, 0xfb97, 0xf9b2, 0x0443, 0x0efd,
0x0f90, 0x0a4d, 0x09bc, 0x0f61, 0x14a0, 0x151d, 0x12c7, 0x12ca, 0x164a, 0x1a84, 0x1bad, 0x18b9,
0x146c, 0x1257, 0x12b0, 0x1341, 0x1312, 0x11eb, 0x0e1d, 0x07a7, 0x0199, 0xffdd, 0x01aa, 0x019b,
0xfc4f, 0xf484, 0xefbb, 0xef79, 0xefa8, 0xec98, 0xe7e2, 0xe626, 0xe7db, 0xe8e5, 0xe5ed, 0xe0e3,
0xdf28, 0xe295, 0xe79e, 0xe9ab, 0xe7e6, 0xe5a2, 0xe5ce, 0xe8b0, 0xecc3, 0xf0c2, 0xf360, 0xf3cd,
0xf39d, 0xf53b, 0xf98e, 0xfe51, 0x00a1, 0x00c0, 0x018f, 0x04cb, 0x08be, 0x0aca, 0x0aa3, 0x0af6,
0x0df2, 0x11d1, 0x1300, 0x10fe, 0x0f13, 0x1087, 0x1448, 0x1659, 0x14c9, 0x11df, 0x1058, 0x1056,
0x104c, 0x0f8b, 0x0ee1, 0x0e55, 0x0c98, 0x0960, 0x06a3, 0x05ab, 0x0582, 0x03e7, 0x00c1, 0xfe25,
0xfd6e, 0xfcef, 0xfaf4, 0xf7ea, 0xf5e1, 0xf550, 0xf4de, 0xf367, 0xf229, 0xf1df, 0xf1cd, 0xf0ee,
0xf01b, 0xf0b0, 0xf246, 0xf2f3, 0xf28c, 0xf2cb, 0xf4df, 0xf72c, 0xf846, 0xf884, 0xf9c5, 0xfc2d,
0xfe4b, 0xff55, 0x0030, 0x01e9, 0x0427, 0x05a4, 0x0620, 0x0651, 0x0720, 0x0807, 0x086a, 0x088a,
0x08e7, 0x092a, 0x0864, 0x06f3, 0x062c, 0x0632, 0x0623, 0x0541, 0x040a, 0x0302, 0x021d, 0x00e0,
0xff04, 0xfd14, 0xfbe2, 0xfc10, 0xfcad, 0xfc0f, 0xf94a, 0xf62f, 0xf55f, 0xf6aa, 0xf62a, 0xf341,
0xf2cd, 0xf9c4, 0x00cc, 0xfd65, 0xf074, 0xe8f7, 0xf1c8, 0x02e1, 0x09a5, 0x0128, 0xf5ff, 0xf692,
0x008d, 0x0873, 0x07e7, 0x0538, 0x074c, 0x0c71, 0x0e62, 0x0c60, 0x0ab2, 0x0d68, 0x126f, 0x15fa,
0x1621, 0x1492, 0x11fc, 0x0efc, 0x0d15, 0x0f87, 0x1557, 0x17be, 0x11a4, 0x07a0, 0x0287, 0x056e,
0x09ed, 0x09d7, 0x0594, 0x0148, 0xfda0, 0xf959, 0xf5c0, 0xf5ae, 0xf848, 0xf972, 0xf67e, 0xf0e1,
0xec49, 0xeb47, 0xed74, 0xf02f, 0xf07b, 0xee04, 0xebbf, 0xec07, 0xed3f, 0xed34, 0xecf3, 0xef2b,
0xf33a, 0xf56e, 0xf3ec, 0xf193, 0xf1e0, 0xf552, 0xfa01, 0xfe08, 0xffe2, 0xff49, 0xfd9c, 0xfd62,
0x0018, 0x04cc, 0x08e9, 0x0a80, 0x0978, 0x077f, 0x06e1, 0x0899, 0x0b85, 0x0dc7, 0x0e6b, 0x0db0,
0x0c22, 0x0a6e, 0x0973, 0x09ec, 0x0b2d, 0x0ba4, 0x0a4c, 0x07d9, 0x0576, 0x03c4, 0x02ab, 0x0232,
0x022e, 0x01e5, 0x0077, 0xfdbb, 0xfa93, 0xf89f, 0xf8e6, 0xfa82, 0xfb11, 0xf8cf, 0xf537, 0xf351,
0xf49a, 0xf705, 0xf801, 0xf6c9, 0xf518, 0xf4b9, 0xf5f1, 0xf758, 0xf83e, 0xf92b, 0xfb2f, 0xfd66,
0xfe5e, 0xfd16, 0xfc32, 0xfe30, 0x028b, 0x061e, 0x06ad, 0x0514, 0x04d5, 0x06ab, 0x0929, 0x0a52,
0x0aa5, 0x0b3e, 0x0c77, 0x0d00, 0x0c27, 0x0ae9, 0x0b29, 0x0cc0, 0x0dcc, 0x0cbd, 0x0a71, 0x08a9,
0x0855, 0x0869, 0x07da, 0x06a5, 0x050c, 0x0314, 0x00c6, 0xfeba, 0xfdd1, 0xfdd4, 0xfdc6, 0xfc6c,
0xf9f6, 0xf7d7, 0xf6cd, 0xf670, 0xf60d, 0xf5ef, 0xf6b0, 0xf736, 0xf5f9, 0xf313, 0xf164, 0xf313,
0xf6aa, 0xf8d3, 0xf7fc, 0xf58c, 0xf3fe, 0xf4e0, 0xf834, 0xfb81, 0xfb62, 0xf78c, 0xf5fc, 0xfc5a,
0x0560, 0x0669, 0xfd38, 0xf52f, 0xf9dc, 0x07b2, 0x0fef, 0x0b7a, 0x01d8, 0xff58, 0x066f, 0x0f77,
0x1202, 0x0e74, 0x0b9c, 0x0dcf, 0x122c, 0x13a4, 0x116e, 0x0fd7, 0x11e0, 0x1594, 0x16a7, 0x1402,
0x100d, 0x0d56, 0x0ca7, 0x0de3, 0x0fbd, 0x0f8e, 0x0af2, 0x03f2, 0xff71, 0xffe0, 0x0285, 0x02b4,
0xfeb0, 0xf8d9, 0xf4af, 0xf3a0, 0xf3d5, 0xf2c6, 0xf02f, 0xee76, 0xeed2, 0xeef0, 0xec59, 0xe861,
0xe70a, 0xe9b3, 0xed24, 0xede2, 0xec39, 0xeb43, 0xec2c, 0xedb2, 0xeedc, 0xf087, 0xf356, 0xf5e1,
0xf676, 0xf602, 0xf6e6, 0xfa2f, 0xfdf7, 0x0036, 0x00dd, 0x016d, 0x02bd, 0x042a, 0x0559, 0x06f8,
0x095d, 0x0b53, 0x0b38, 0x0993, 0x08d8, 0x0a7d, 0x0d1b, 0x0dee, 0x0c72, 0x0a9b, 0x0a4b, 0x0ae4,
0x0a96, 0x0921, 0x080a, 0x0840, 0x08a9, 0x0787, 0x04f8, 0x02ad, 0x021a, 0x02dc, 0x036c, 0x02a5,
0x00a1, 0xfe82, 0xfd6e, 0xfda7, 0xfe6f, 0xfebc, 0xfe25, 0xfd0e, 0xfc2b, 0xfbfb, 0xfc7a, 0xfd3b,
0xfdbb, 0xfdd0, 0xfdba, 0xfdb8, 0xfdcf, 0xfdfb, 0xfe6c, 0xff50, 0x007f, 0x016e, 0x0180, 0x0090,
0xff9b, 0x0002, 0x01f3, 0x03fe, 0x04b5, 0x041d, 0x0340, 0x02d3, 0x02f0, 0x0381, 0x046c, 0x056a,
0x05f0, 0x0575, 0x03f0, 0x0267, 0x0240, 0x03bc, 0x054c, 0x052f, 0x033c, 0x0101, 0xfffb, 0x00b9,
0x01e3, 0x022c, 0x0162, 0xfffa, 0xfeac, 0xfdaa, 0xfd0f, 0xfd15, 0xfdb9, 0xfe31, 0xfd87, 0xfbed,
0xfa5f, 0xfa1a, 0xfb34, 0xfc6d, 0xfccf, 0xfbf1, 0xfa8e, 0xf991, 0xf9aa, 0xfadd, 0xfc8f, 0xfda3,
0xfd28, 0xfb4b, 0xf978, 0xf975, 0xfbba, 0xfe8e, 0xffbb, 0xfe69, 0xfc28, 0xfb3c, 0xfc79, 0xfec6,
0x0086, 0x00cf, 0x0018, 0xff36, 0xfef0, 0xffa9, 0x00fb, 0x024e, 0x02fd, 0x0302, 0x029b, 0x01ff,
0x0187, 0x01dc, 0x034a, 0x050e, 0x0554, 0x0383, 0x0122, 0x0083, 0x022a, 0x041e, 0x0466, 0x02ef,
0x011e, 0xffd8, 0xfefb, 0xfeb7, 0xffbc, 0x01c4, 0x0307, 0x019b, 0xfe2b, 0xfb97, 0xfc37, 0xff66,
0x026e, 0x032b, 0x01aa, 0xff8f, 0xfe91, 0xff41, 0x0171, 0x0409, 0x05a4, 0x057b, 0x0415, 0x02e0,
0x032a, 0x04c7, 0x06a6, 0x07c8, 0x07e6, 0x0718, 0x05ac, 0x0445, 0x03eb, 0x0526, 0x0705, 0x075d,
0x052b, 0x01ce, 0xffb1, 0xffd6, 0x0100, 0x0179, 0x00ca, 0xff4b, 0xfd63, 0xfb4f, 0xf9ae, 0xf94c,
0xfa32, 0xfb51, 0xfb2d, 0xf954, 0xf6f1, 0xf5b5, 0xf653, 0xf7aa, 0xf84e, 0xf81b, 0xf7e2, 0xf7ce,
0xf724, 0xf613, 0xf62d, 0xf842, 0xfacc, 0xfb77, 0xfa01, 0xf855, 0xf866, 0xfa67, 0xfcea, 0xfe81,
0xfe9f, 0xfdd9, 0xfd6a, 0xfdd8, 0xfee3, 0x0016, 0x013a, 0x0254, 0x02f0, 0x0296, 0x01c0, 0x0164,
0x0219, 0x038a, 0x04e5, 0x0567, 0x04b2, 0x0347, 0x0279, 0x0323, 0x04af, 0x0596, 0x050c, 0x03ae,
0x02ae, 0x0293, 0x0315, 0x038e, 0x0376, 0x02a5, 0x0199, 0x0113, 0x012e, 0x0153, 0x0125, 0x00be,
0x0087, 0x0067, 0xfff2, 0xff40, 0xff08, 0xffb3, 0x00a9, 0x00e3, 0x0025, 0xff0b, 0xfeb3, 0xff78,
0x00c7, 0x01b3, 0x01be, 0x0131, 0x00aa, 0x0083, 0x00d6, 0x0197, 0x0299, 0x0310, 0x027e, 0x019f,
0x01a0, 0x0284, 0x0309, 0x0296, 0x020f, 0x0255, 0x0311, 0x0329, 0x026b, 0x01b9, 0x01c0, 0x023a,
0x0264, 0x0206, 0x018d, 0x015f, 0x0174, 0x0162, 0x00f6, 0x0087, 0x0075, 0x008d, 0x002a, 0xff59,
0xfefe, 0xff77, 0xffe8, 0xff71, 0xfe79, 0xfe11, 0xfe5c, 0xfea5, 0xfe9e, 0xfe93, 0xfeb5, 0xfeab,
0xfe4b, 0xfe21, 0xfe8b, 0xff3b, 0xff6e, 0xfef1, 0xfe74, 0xfe9f, 0xff51, 0xff9b, 0xff24, 0xfebb,
0xff31, 0x001f, 0x0039, 0xff1b, 0xfe05, 0xfe58, 0xffc5, 0x00b6, 0x0040, 0xff34, 0xfed0, 0xff41,
0xffd2, 0xffdd, 0xffc9, 0xffcc, 0xfff1, 0xfffc, 0x001c, 0x0064, 0x0086, 0x003f, 0xffc8, 0xffe5,
0x00e7, 0x01cb, 0x0182, 0x0045, 0xffb7, 0x00ae, 0x020d, 0x022a, 0x00e1, 0xffaf, 0xffae, 0x005f,
0x0096, 0xffde, 0xff05, 0xfe91, 0xfe54, 0xfdfb, 0xfd65, 0xfcc2, 0xfc37, 0xfbd5, 0xfba0, 0xfb68,
0xfaf4, 0xfa35, 0xf9b9, 0xf9fe, 0xfaa8, 0xfacf, 0xfa13, 0xf94e, 0xf99d, 0xfaeb, 0xfc2a, 0xfc6d,
0xfc2e, 0xfc79, 0xfd95, 0xfeba, 0xff36, 0xff6d, 0x0057, 0x0215, 0x03ba, 0x0449, 0x03fb, 0x03d7,
0x04b8, 0x0663, 0x07e8, 0x08a6, 0x0894, 0x081c, 0x07e3, 0x082e, 0x0901, 0x09e1, 0x0a1c, 0x097e,
0x086b, 0x079c, 0x0772, 0x07ba, 0x0804, 0x07eb, 0x073f, 0x0609, 0x04c2, 0x0407, 0x0405, 0x0451,
0x0439, 0x037a, 0x0264, 0x0159, 0x009f, 0x003c, 0x0013, 0xfff1, 0xff9c, 0xfefb, 0xfe2b, 0xfd64,
0xfcd9, 0xfc93, 0xfc79, 0xfc5a, 0xfc06, 0xfb69, 0xfab5, 0xfa37, 0xfa1d, 0xfa42, 0xfa58, 0xfa2d,
0xf9cb, 0xf96d, 0xf954, 0xf98c, 0xf9e3, 0xfa1b, 0xfa22, 0xfa12, 0xfa16, 0xfa4b, 0xfab6, 0xfb3f,
0xfbc2, 0xfc25, 0xfc5d, 0xfc7c, 0xfcac, 0xfd1b, 0xfdc9, 0xfe82, 0xff07, 0xff44, 0xff47, 0xff40,
0xff6e, 0xffef, 0x0085, 0x00ce, 0x00aa, 0x0040, 0xfff9, 0x001e, 0x009b, 0x00f7, 0x00d3, 0x0051,
0xfff0, 0xfff8, 0x0031, 0x003b, 0x0036, 0x0070, 0x00c7, 0x00af, 0x0006, 0xff96, 0x000b, 0x010e,
0x01a9, 0x017f, 0x0115, 0x0105, 0x0159, 0x01bd, 0x0208, 0x025a, 0x02b2, 0x02e7, 0x02d4, 0x0292,
0x028c, 0x02f9, 0x038f, 0x03ca, 0x038b, 0x0317, 0x02d4, 0x02d8, 0x02f3, 0x0320, 0x0362, 0x0368,
0x02da, 0x01e0, 0x0143, 0x0190, 0x0261, 0x02ce, 0x0264, 0x017b, 0x00bd, 0x0069, 0x0075, 0x00c7,
0x013a, 0x0171, 0x010d, 0x001b, 0xff43, 0xff30, 0xffc5, 0x0057, 0x0064, 0x0014, 0xffc3, 0xff47,
0xfea7, 0xfe6e, 0xff18, 0x002f, 0x00a0, 0xffe2, 0xfeaf, 0xfe24, 0xfe96, 0xff6f, 0xfff2, 0xfffa,
0xffce, 0xffa1, 0xff55, 0xfef9, 0xff08, 0xffb6, 0x00a0, 0x00ee, 0x005f, 0xff81, 0xff1d, 0xff8c,
0x0058, 0x00c8, 0x00a2, 0x0021, 0xffa6, 0xff3d, 0xfefd, 0xff01, 0xff53, 0xffa3, 0xff7f, 0xfebf,
0xfdc7, 0xfd1d, 0xfd0d, 0xfd66, 0xfdbf, 0xfda5, 0xfcf7, 0xfc07, 0xfb65, 0xfb5e, 0xfbc8, 0xfc23,
0xfc0b, 0xfb91, 0xfb0b, 0xfad4, 0xfb1b, 0xfbc7, 0xfc71, 0xfc9f, 0xfc17, 0xfb4f, 0xfb2e, 0xfc94,
0xff24, 0x00fe, 0x0075, 0xfe23, 0xfcd4, 0xfea8, 0x02bb, 0x05e6, 0x05fb, 0x03f3, 0x02a3, 0x03d3,
0x06a2, 0x08e9, 0x09ac, 0x0998, 0x099b, 0x09d6, 0x0a0b, 0x0a3d, 0x0ab5, 0x0b5e, 0x0be4, 0x0be4,
0x0b35, 0x09ef, 0x0882, 0x07a0, 0x0784, 0x07b9, 0x074e, 0x05c7, 0x037b, 0x0138, 0xffb7, 0xff32,
0xff37, 0xfee0, 0xfd70, 0xfb18, 0xf8d2, 0xf78f, 0xf781, 0xf802, 0xf82c, 0xf777, 0xf60a, 0xf490,
0xf3d5, 0xf43c, 0xf574, 0xf68d, 0xf691, 0xf5a9, 0xf501, 0xf586, 0xf6d3, 0xf7cd, 0xf82e, 0xf899,
0xf97c, 0xfa5f, 0xfa9e, 0xfa8d, 0xfb18, 0xfc99, 0xfe56, 0xff38, 0xff05, 0xfe8c, 0xfec9, 0xfff5,
0x017b, 0x02ae, 0x0328, 0x02df, 0x0239, 0x0209, 0x02f3, 0x04a8, 0x05d3, 0x0582, 0x0439, 0x0371,
0x03f7, 0x051e, 0x05b1, 0x054f, 0x04a5, 0x0461, 0x0459, 0x03f9, 0x0353, 0x032e, 0x03d1, 0x0461,
0x03d0, 0x0232, 0x00c8, 0x00a3, 0x017f, 0x0234, 0x01fe, 0x0102, 0xffdd, 0xff03, 0xfea9, 0xfee3,
0xff8f, 0x0017, 0xffc8, 0xfe9b, 0xfd65, 0xfd33, 0xfe12, 0xff06, 0xff36, 0xfedd, 0xfe9e, 0xfea5,
0xfe93, 0xfe55, 0xfe88, 0xff97, 0x00cc, 0x010a, 0x0039, 0xff77, 0xffc8, 0x00e3, 0x01b7, 0x01d8,
0x01c7, 0x01fb, 0x0226, 0x01dc, 0x0176, 0x01ad, 0x0284, 0x0324, 0x02ea, 0x021f, 0x0189, 0x017b,
0x01a6, 0x01b4, 0x01b7, 0x01c9, 0x01a1, 0x00f3, 0x0001, 0xff82, 0xffed, 0x00c2, 0x010f, 0x0065,
0xff37, 0xfe5a, 0xfe58, 0xff02, 0xffb4, 0xffdd, 0xff5d, 0xfe79, 0xfda9, 0xfd74, 0xfe0e, 0xff0a,
0xff94, 0xff24, 0xfe23, 0xfd7d, 0xfdbd, 0xfea3, 0xff69, 0xff93, 0xff5c, 0xff35, 0xff2c, 0xff33,
0xff62, 0xffe8, 0x00b1, 0x012a, 0x00fc, 0x0077, 0x0040, 0x0098, 0x012b, 0x0195, 0x01bd, 0x01ab,
0x015b, 0x00df, 0x0097, 0x00d3, 0x0153, 0x017c, 0x00f5, 0x0023, 0xffad, 0xffc2, 0xfffd, 0xffe4,
0xff7f, 0xff21, 0xfefa, 0xfed3, 0xfe63, 0xfde1, 0xfdbe, 0xfe16, 0xfe71, 0xfe38, 0xfd70, 0xfcd0,
0xfcf6, 0xfda4, 0xfe08, 0xfdc8, 0xfd5c, 0xfd5a, 0xfdc3, 0xfe22, 0xfe30, 0xfe20, 0xfe4c, 0xfeba,
0xff1e, 0xff3e, 0xff3c, 0xff58, 0xffac, 0x001c, 0x007b, 0x00a7, 0x00a2, 0x008f, 0x00a1, 0x00eb,
0x014f, 0x0197, 0x0196, 0x0170, 0x015e, 0x0173, 0x019e, 0x01b6, 0x01aa, 0x0199, 0x01a4, 0x01aa,
0x017b, 0x0133, 0x010c, 0x011c, 0x013d, 0x012a, 0x00d0, 0x006f, 0x0042, 0x0043, 0x0044, 0x0029,
0x0004, 0xffe3, 0xffc1, 0xff94, 0xff74, 0xff81, 0xffb1, 0xffce, 0xffb8, 0xff9e, 0xffaf, 0xffd8,
0xfff2, 0xfff7, 0x0005, 0x0039, 0x007c, 0x0099, 0x008c, 0x0078, 0x007d, 0x00ac, 0x00f6, 0x0128,
0x0123, 0x00fb, 0x00e0, 0x00f8, 0x0132, 0x0158, 0x0145, 0x0114, 0x00fa, 0x010b, 0x0125, 0x011a,
0x00e8, 0x00aa, 0x0086, 0x008d, 0x00ad, 0x00ae, 0x006d, 0x0001, 0xffae, 0xffaf, 0xffea, 0x0008,
0xffc9, 0xff50, 0xfef9, 0xfef0, 0xff0a, 0xff07, 0xfed6, 0xfe96, 0xfe73, 0xfe5c, 0xfe31, 0xfe01,
0xfdec, 0xfdf1, 0xfdf9, 0xfded, 0xfdca, 0xfdaf, 0xfdac, 0xfdc0, 0xfde4, 0xfe00, 0xfe13, 0xfe2b,
0xfe50, 0xfe7e, 0xfe9e, 0xfeb0, 0xfecb, 0xff0f, 0xff74, 0xffcd, 0xfff7, 0xfff3, 0xfffe, 0x0036,
0x009e, 0x010f, 0x014b, 0x0148, 0x0134, 0x014d, 0x0199, 0x01ea, 0x0208, 0x0201, 0x020d, 0x0230,
0x0236, 0x0207, 0x01dd, 0x01f8, 0x0238, 0x0247, 0x0205, 0x019e, 0x016b, 0x016b, 0x015f, 0x013b,
0x011d, 0x0116, 0x00fa, 0x00a4, 0x0034, 0xfffd, 0x000f, 0x0026, 0x0011, 0xffcb, 0xff83, 0xff4b,
0xff19, 0xfef8, 0xfefb, 0xff20, 0xff2b, 0xfef1, 0xfe8e, 0xfe54, 0xfe6a, 0xfeae, 0xfed0, 0xfeb3,
0xfe80, 0xfe67, 0xfe75, 0xfe85, 0xfe8c, 0xfe92, 0xfea4, 0xfebb, 0xfecf, 0xfed8, 0xfed3, 0xfed2,
0xfee3, 0xff00, 0xff34, 0xff69, 0xff7e, 0xff6e, 0xff59, 0xff77, 0xffce, 0x0020, 0x0030, 0x0014,
0x0016, 0x0050, 0x0095, 0x00b8, 0x00c9, 0x00ee, 0x0116, 0x011f, 0x00fe, 0x00ed, 0x011f, 0x016d,
0x018a, 0x0155, 0x0101, 0x00d6, 0x00ea, 0x0114, 0x011b, 0x00fc, 0x00ce, 0x00a3, 0x0081, 0x0069,
0x0060, 0x0060, 0x005b, 0x004e, 0x003e, 0x0023, 0xffe4, 0xff94, 0xff7e, 0xffd0, 0x0051, 0x006f,
0xffe3, 0xff11, 0xfeba, 0xff48, 0x004b, 0x00d9, 0x006c, 0xff75, 0xfed4, 0xff04, 0xffcb, 0x007d,
0x00a0, 0x003a, 0xff96, 0xff1a, 0xff11, 0xff83, 0x001c, 0x005c, 0x0005, 0xff51, 0xfec1, 0xfe97,
0xfee0, 0xff5a, 0xff9d, 0xff6f, 0xfed4, 0xfe38, 0xfe14, 0xfe77, 0xfefd, 0xff3b, 0xff1c, 0xfeca,
0xfe88, 0xfe7e, 0xfec0, 0xff3d, 0xffb6, 0xffe8, 0xffbf, 0xff79, 0xff82, 0xfff4, 0x008c, 0x00ef,
0x00ff, 0x00ec, 0x00f3, 0x011f, 0x0160, 0x01aa, 0x01ec, 0x021a, 0x0220, 0x0210, 0x0212, 0x023a,
0x026a, 0x0281, 0x0281, 0x0275, 0x026a, 0x0257, 0x023c, 0x0230, 0x0239, 0x0244, 0x0230, 0x01e5,
0x0183, 0x013f, 0x0138, 0x0150, 0x0148, 0x00ee, 0x0058, 0xffdb, 0xffb1, 0xffc8, 0xffd4, 0xff98,
0xff1f, 0xfe99, 0xfe36, 0xfe04, 0xfe01, 0xfe2a, 0xfe52, 0xfe35, 0xfdb3, 0xfd13, 0xfccb, 0xfd2b,
0xfdec, 0xfe6a, 0xfe39, 0xfd7e, 0xfcee, 0xfd02, 0xfdbe, 0xfe9b, 0xff02, 0xfed5, 0xfe55, 0xfdfa,
0xfe11, 0xfea0, 0xff5d, 0xffd1, 0xffc5, 0xff67, 0xff16, 0xff1b, 0xff74, 0xfff9, 0x0072, 0x00a4,
0x007e, 0x001d, 0xffdf, 0x000b, 0x008f, 0x0118, 0x0148, 0x0114, 0x00c3, 0x00a4, 0x00cc, 0x0116,
0x0157, 0x0171, 0x016c, 0x0148, 0x0118, 0x00f2, 0x00e5, 0x00f6, 0x010d, 0x010d, 0x00f3, 0x00bb,
0x0072, 0x0039, 0x002a, 0x0048, 0x0068, 0x0061, 0x0026, 0xffda, 0xffb4, 0xffc5, 0xfff0, 0x0007,
0xfffc, 0xffdd, 0xffc8, 0xffd0, 0xffef, 0x000b, 0x0013, 0x001a, 0x0039, 0x0064, 0x0071, 0x0050,
0x0032, 0x0050, 0x00a0, 0x00e4, 0x00f0, 0x00c6, 0x008c, 0x006b, 0x0086, 0x00d5, 0x0122, 0x012a,
0x00d9, 0x006b, 0x003a, 0x005e, 0x00a3, 0x00c0, 0x00a1, 0x0065, 0x0033, 0x0013, 0xfff3, 0xffe1,
0xfffc, 0x0036, 0x0048, 0x0001, 0xff88, 0xff3c, 0xff6b, 0xffdf, 0x0028, 0x000b, 0xffa6, 0xff53,
0xff50, 0xff93, 0xffe0, 0x0008, 0xfff9, 0xffc0, 0xff86, 0xff75, 0xff9a, 0xffdd, 0x000b, 0x0004,
0xffdc, 0xffc0, 0xffc1, 0xffcf, 0xffdd, 0xffe6, 0xfffa, 0x000f, 0x0006, 0xffdc, 0xffaf, 0xffac,
0xffca, 0xffe5, 0xffeb, 0xffd4, 0xffad, 0xff85, 0xff69, 0xff62, 0xff70, 0xff7b, 0xff69, 0xff41,
0xff0f, 0xfeec, 0xfeeb, 0xfefd, 0xff09, 0xff00, 0xfee6, 0xfed4, 0xfecc, 0xfeca, 0xfec6, 0xfed5,
0xff01, 0xff1f, 0xff1e, 0xff00, 0xfeee, 0xff0a, 0xff44, 0xff7a, 0xff9d, 0xffa6, 0xffa3, 0xffa6,
0xffc3, 0xffff, 0x003b, 0x005e, 0x0065, 0x0066, 0x007b, 0x00ab, 0x00d7, 0x00f0, 0x00fc, 0x0105,
0x0116, 0x0127, 0x0134, 0x0143, 0x0152, 0x015e, 0x0153, 0x013e, 0x0134, 0x013a, 0x014c, 0x014c,
0x013c, 0x012b, 0x0115, 0x0100, 0x00ea, 0x00da, 0x00d6, 0x00d6, 0x00c7, 0x009e, 0x006d, 0x004e,
0x004f, 0x0057, 0x0046, 0x0016, 0xffde, 0xffc6, 0xffc7, 0xffc1, 0xffa5, 0xff83, 0xff6c, 0xff5c,
0xff45, 0xff36, 0xff38, 0xff47, 0xff47, 0xff27, 0xff07, 0xfefe, 0xff14, 0xff30, 0xff3b, 0xff3e,
0xff37, 0xff34, 0xff34, 0xff41, 0xff69, 0xff95, 0xffaf, 0xffa4, 0xff91, 0xff9d, 0xffcc, 0xfffd,
0x0015, 0x0017, 0x0015, 0x0018, 0x001b, 0x0024, 0x003a, 0x0063, 0x007f, 0x0074, 0x0047, 0x0023,
0x002a, 0x005d, 0x008e, 0x0094, 0x007a, 0x004e, 0x0032, 0x0035, 0x0044, 0x0055, 0x005d, 0x0062,
0x005a, 0x0044, 0x0029, 0x0013, 0x0014, 0x0027, 0x0039, 0x003f, 0x002b, 0xfffa, 0xffc8, 0xffae,
0xffbd, 0xffe3, 0xfff0, 0xffce, 0xff94, 0xff67, 0xff5d, 0xff70, 0xff7b, 0xff76, 0xff6c, 0xff60,
0xff5a, 0xff55, 0xff54, 0xff62, 0xff85, 0xffae, 0xffc0, 0xffb6, 0xffaa, 0xffb4, 0xffd2, 0xfffd,
0x002c, 0x004a, 0x004b, 0x003e, 0x003c, 0x0057, 0x0082, 0x00a2, 0x00b0, 0x00ad, 0x00a8, 0x00a0,
0x0096, 0x0092, 0x009c, 0x00b7, 0x00c2, 0x00b4, 0x008a, 0x005f, 0x0058, 0x0069, 0x007e, 0x0083,
0x0077, 0x005d, 0x003d, 0x0025, 0x001d, 0x0036, 0x0056, 0x0062, 0x004f, 0x0023, 0xfffc, 0xfff1,
0x0004, 0x0025, 0x0038, 0x002b, 0x0009, 0xffdd, 0xffc2, 0xffc2, 0xffd7, 0xfff4, 0xfffd, 0xffdf,
0xffa4, 0xff78, 0xff6d, 0xff84, 0xffa7, 0xffb1, 0xffa0, 0xff70, 0xff3b, 0xff20, 0xff31, 0xff66,
0xff8f, 0xff8d, 0xff5f, 0xff2c, 0xff22, 0xff48, 0xff7e, 0xff9f, 0xffa6, 0xff97, 0xff7f, 0xff73,
0xff7d, 0xffaa, 0xffe9, 0x0011, 0x0013, 0xffef, 0xffca, 0xffd4, 0x0009, 0x004b, 0x006e, 0x0066,
0x003e, 0x0019, 0x001b, 0x0048, 0x0081, 0x00a0, 0x009b, 0x007e, 0x0063, 0x0060, 0x0074, 0x0095,
0x00b1, 0x00b3, 0x009e, 0x007e, 0x0069, 0x006d, 0x0086, 0x00a6, 0x00b1, 0x009f, 0x0076, 0x0048,
0x003c, 0x0057, 0x007f, 0x008b, 0x0069, 0x002e, 0x0002, 0xfffa, 0x000a, 0x0023, 0x0029, 0x0017,
0xfff2, 0xffc0, 0xff9b, 0xff95, 0xffae, 0xffd4, 0xffe6, 0xffc6, 0xff90, 0xff6a, 0xff6d, 0xff92,
0xffbc, 0xffd3, 0xffc9, 0xffa5, 0xff7e, 0xff77, 0xff9b, 0xffd8, 0xfff9, 0xfff1, 0xffda, 0xffc4,
0xffc6, 0xffe6, 0x0009, 0x002a, 0x003b, 0x0030, 0x0016, 0x0008, 0x000c, 0x0029, 0x0053, 0x006c,
0x0063, 0x0045, 0x0030, 0x0031, 0x0043, 0x005e, 0x0075, 0x0074, 0x005c, 0x003c, 0x002b, 0x003a,
0x004f, 0x0057, 0x004a, 0x0034, 0x0019, 0x0008, 0x0007, 0x0013, 0x001d, 0x000f, 0xfff2, 0xffdb,
0xffcc, 0xffc6, 0xffca, 0xffd3, 0xffd1, 0xffbd, 0xffa1, 0xff90, 0xff98, 0xffaf, 0xffbe, 0xffc0,
0xffb0, 0xff9b, 0xff94, 0xff98, 0xffaf, 0xffcb, 0xffd7, 0xffcf, 0xffbb, 0xffaa, 0xffae, 0xffd8,
0xfffc, 0x000b, 0x0004, 0xfff1, 0xffe5, 0xffe1, 0xffee, 0x0012, 0x0031, 0x0035, 0x0016, 0xffed,
0xffe1, 0xfffb, 0x0022, 0x0032, 0x0028, 0x000f, 0xfff8, 0xffe9, 0xffe8, 0xfffd, 0x0016, 0x0021,
0x0017, 0xfffc, 0xffeb, 0xffec, 0xfff8, 0x0010, 0x0023, 0x002c, 0x001d, 0x0005, 0xfff4, 0xfff6,
0x0016, 0x003e, 0x0054, 0x004a, 0x0031, 0x0020, 0x0024, 0x0043, 0x0062, 0x0075, 0x0071, 0x0053,
0x0037, 0x0028, 0x0037, 0x0057, 0x0068, 0x0062, 0x004a, 0x002a, 0x000e, 0x000a, 0x001c, 0x0030,
0x002e, 0x0010, 0xffe9, 0xffd3, 0xffcd, 0xffdc, 0xfff3, 0xfffb, 0xffeb, 0xffc9, 0xffaa, 0xff9f,
0xffad, 0xffc4, 0xffd2, 0xffd2, 0xffbb, 0xff9a, 0xff91, 0xffaa, 0xffcc, 0xffdc, 0xffda, 0xffcb,
0xffc2, 0xffbf, 0xffc4, 0xffd5, 0xffe7, 0xfff7, 0xfff6, 0xffeb, 0xffe3, 0xffe3, 0xfff4, 0x000f,
0x001b, 0x0018, 0x000b, 0xfffa, 0xfffb, 0x0008, 0x001a, 0x0026, 0x0024, 0x001a, 0x0008, 0xfffe,
0x0002, 0x000e, 0x001c, 0x0026, 0x0024, 0x0014, 0x0002, 0xfff8, 0x0000, 0x000c, 0x0014, 0x0015,
0x0009, 0xfffa, 0xffeb, 0xffea, 0xfff7, 0x0002, 0x0007, 0x0000, 0xfff3, 0xffe8, 0xffe1, 0xffec,
0xfff8, 0xffff, 0xfffd, 0xffeb, 0xffdc, 0xffd6, 0xffd8, 0xffe2, 0xffeb, 0xffef, 0xffed, 0xffe5,
0xffda, 0xffd6, 0xffdd, 0xffec, 0xfff7, 0xfff6, 0xffee, 0xffdf, 0xffdc, 0xffec, 0x0001, 0x0010,
0x000d, 0x0005, 0x0006, 0x000d, 0x001b, 0x0028, 0x0030, 0x0032, 0x0029, 0x0023, 0x0023, 0x002b,
0x0039, 0x0042, 0x0041, 0x003d, 0x0039, 0x0031, 0x0031, 0x0036, 0x003b, 0x003a, 0x002f, 0x001a,
0x000a, 0x000e, 0x001b, 0x0029, 0x0024, 0x0012, 0x0003, 0xfffa, 0xfff9, 0xfffc, 0x0002, 0x0004,
0xfffc, 0xffe6, 0xffd5, 0xffd4, 0xffe3, 0xfff4, 0xfff5, 0xffed, 0xffdf, 0xffd3, 0xffd0, 0xffce,
0xffd3, 0xffdb, 0xffdb, 0xffd5, 0xffc8, 0xffba, 0xffbe, 0xffd0, 0xffe0, 0xffe7, 0xffde, 0xffcd,
0xffc4, 0xffc9, 0xffd7, 0xffeb, 0xfffb, 0xfff9, 0xffec, 0xffe2, 0xffe9, 0x0004, 0x001c, 0x0029,
0x0026, 0x001b, 0x001c, 0x0020, 0x0023, 0x002e, 0x003d, 0x0049, 0x004d, 0x003f, 0x002e, 0x002b,
0x002d, 0x003b, 0x0045, 0x003b, 0x002d, 0x001a, 0x000c, 0x0008, 0x000d, 0x0017, 0x0015, 0x0000,
0xffe9, 0xffe2, 0xffe8, 0xfff1, 0xfff0, 0xffe5, 0xffdb, 0xffd7, 0xffd2, 0xffd0, 0xffcf, 0xffda,
0xffe6, 0xffef, 0xffeb, 0xffdd, 0xffd5, 0xffdd, 0xffed, 0xfffa, 0x0005, 0x0006, 0xfffa, 0xffee,
0xffed, 0xfff9, 0x0011, 0x001f, 0x001d, 0x000b, 0xfff8, 0xfffb, 0x000b, 0x001e, 0x0027, 0x002b,
0x0027, 0x001a, 0x000c, 0x000d, 0x0023, 0x003b, 0x0043, 0x0036, 0x001f, 0x0016, 0x001c, 0x002e,
0x003f, 0x0040, 0x003b, 0x0031, 0x0025, 0x001b, 0x0018, 0x0023, 0x002e, 0x002a, 0x000f, 0xfff5,
0xffec, 0xfff2, 0xfffb, 0xfffa, 0xfff1, 0xffe2, 0xffd5, 0xffc3, 0xffb4, 0xffb1, 0xffbb, 0xffc6,
0xffc6, 0xffb6, 0xffa2, 0xff9a, 0xff9c, 0xffaa, 0xffb2, 0xffb7, 0xffba, 0xffb7, 0xffb2, 0xffb1,
0xffbf, 0xffd3, 0xffdf, 0xffe2, 0xffdd, 0xffdb, 0xffe1, 0xffee, 0xfffd, 0x000c, 0x001b, 0x001a,
0x0014, 0x000e, 0x0015, 0x002b, 0x003e, 0x003f, 0x0034, 0x002a, 0x0027, 0x0030, 0x003b, 0x003e,
0x0044, 0x0045, 0x0041, 0x003d, 0x0034, 0x0037, 0x003c, 0x003a, 0x002f, 0x0026, 0x0025, 0x002a,
0x002b, 0x0021, 0x001d, 0x0017, 0x0010, 0x000a, 0x0001, 0xffff, 0xfffe, 0xfff8, 0xffe9, 0xffd7,
0xffce, 0xffd2, 0xffd9, 0xffdb, 0xffd4, 0xffc6, 0xffbf, 0xffbf, 0xffbc, 0xffb8, 0xffbc, 0xffc9,
0xffce, 0xffc6, 0xffc1, 0xffc1, 0xffcb, 0xffd9, 0xffe4, 0xffe9, 0xffe8, 0xffe5, 0xffe4, 0xffed,
0xfff4, 0x0004, 0x0014, 0x0015, 0x0015, 0x0015, 0x001b, 0x0026, 0x002f, 0x0034, 0x0036, 0x0034,
0x0030, 0x0033, 0x003a, 0x0042, 0x0046, 0x0042, 0x003d, 0x003d, 0x003b, 0x0034, 0x002e, 0x0035,
0x0038, 0x0034, 0x002a, 0x0017, 0x000f, 0x0012, 0x0019, 0x001b, 0x0011, 0x0002, 0xfff8, 0xfff6,
0xfff4, 0xfff6, 0xfff6, 0xfff4, 0xffed, 0xffe6, 0xffe4, 0xffe7, 0xffec, 0xffe9, 0xffe6, 0xffe0,
0xffe1, 0xffe6, 0xffe9, 0xffec, 0xffe9, 0xffeb, 0xfff2, 0xfff5, 0xfff6, 0xfff8, 0xfffa, 0x0000,
0x0006, 0x0004, 0xfffe, 0xfff9, 0xfffa, 0x0001, 0x000a, 0x000f, 0x0011, 0x000d, 0x0008, 0x0004,
0x0007, 0x0008, 0x000a, 0x000a, 0x0002, 0xffff, 0xfffa, 0xfff4, 0xfff0, 0xffee, 0xfff2, 0xfff1,
0xffe8, 0xffe0, 0xffdd, 0xffdc, 0xffd6, 0xffcf, 0xffcb, 0xffcd, 0xffcf, 0xffca, 0xffc1, 0xffbc,
0xffbc, 0xffc2, 0xffc3, 0xffbf, 0xffbe, 0xffc7, 0xffcd, 0xffcb, 0xffc9, 0xffcb, 0xffd7, 0xffda,
0xffd9, 0xffdb, 0xffe1, 0xffe7, 0xffec, 0xfff2, 0xfff4, 0xfffc, 0x0006, 0x000c, 0x000d, 0x000c,
0x000e, 0x0016, 0x001c, 0x0020, 0x0024, 0x0027, 0x0025, 0x0025, 0x0025, 0x0025, 0x002a, 0x002c,
0x002c, 0x002b, 0x0026, 0x0023, 0x0023, 0x0021, 0x0025, 0x0025, 0x001f, 0x001a, 0x0014, 0x0012,
0x0015, 0x0014, 0x0015, 0x000c, 0x000a, 0x000d, 0x000e, 0x0008, 0xffff, 0x0000, 0x0005, 0x0007,
0x0002, 0x0000, 0xffff, 0x0000, 0x0003, 0x0002, 0x0000, 0x0002, 0x0006, 0x000b, 0x000a, 0x0008,
0x0009, 0x000d, 0x000f, 0x0012, 0x0016, 0x001a, 0x001f, 0x001c, 0x001a, 0x001a, 0x0019, 0x001d,
0x001d, 0x001d, 0x0022, 0x0022, 0x0024, 0x0025, 0x0024, 0x0025, 0x0026, 0x0024, 0x0021, 0x001f,
0x001a, 0x0019, 0x001a, 0x001f, 0x0021, 0x0020, 0x001d, 0x0016, 0x0012, 0x0012, 0x0015, 0x001b,
0x0019, 0x0012, 0x0006, 0xfff7, 0xfff3, 0xfff6, 0xfffa, 0xfffb, 0xfff7, 0xffec, 0xffe2, 0xffdb,
0xffd9, 0xffdc, 0xffdc, 0xffdd, 0xffde, 0xffd8, 0xffd1, 0xffc9, 0xffc2, 0xffc5, 0xffce, 0xffd5,
0xffd1, 0xffc3, 0xffb9, 0xffb9, 0xffc4, 0xffd0, 0xffd4, 0xffd6, 0xffd8, 0xffd3, 0xffd1, 0xffce,
0xffd2, 0xffda, 0xffdf, 0xffe0, 0xffe0, 0xffdb, 0xffdc, 0xffe4, 0xffea, 0xfff3, 0xfffc, 0xfff9,
0xffee, 0xffe7, 0xffe8, 0xfff6, 0x0000, 0x0000, 0xfff9, 0xfff0, 0xfff1, 0xfff8, 0xfffb, 0xfffd,
0x0001, 0x0002, 0xfffc, 0xfff0, 0xffe8, 0xffec, 0xfff3, 0x0000, 0x0003, 0xfffa, 0xfff2, 0xffeb,
0xffec, 0xffec, 0xfff2, 0xfffb, 0xfffb, 0xfff4, 0xffeb, 0xffe7, 0xfff0, 0xfff8, 0xfffd, 0xfffc,
0xfff6, 0xfff0, 0xfff2, 0xfff9, 0x0003, 0x000d, 0x000f, 0x000d, 0x0005, 0x0004, 0x000b, 0x0017,
0x0022, 0x0027, 0x0027, 0x0023, 0x001f, 0x0020, 0x0025, 0x002e, 0x0037, 0x003b, 0x0038, 0x0030,
0x002b, 0x002c, 0x0032, 0x0039, 0x003e, 0x0037, 0x002b, 0x0020, 0x001a, 0x001c, 0x0021, 0x0024,
0x0024, 0x0019, 0x0009, 0x0002, 0x0000, 0x0000, 0x0007, 0x0008, 0x0001, 0xfff3, 0xffe2, 0xffde,
0xffe5, 0xffef, 0xfff4, 0xfff0, 0xffe9, 0xffde, 0xffd9, 0xffda, 0xffdf, 0xffec, 0xfff5, 0xfff6,
0xffee, 0xffe3, 0xffe2, 0xffec, 0xfffc, 0x0002, 0xfffe, 0xfff9, 0xfff6, 0xfff6, 0xfffa, 0x0000,
0x000a, 0x0010, 0x0012, 0x000f, 0x000d, 0x000d, 0x0011, 0x0018, 0x0019, 0x001c, 0x001c, 0x001e,
0x0020, 0x0020, 0x0022, 0x0022, 0x0022, 0x0020, 0x001c, 0x0016, 0x0015, 0x0019, 0x001b, 0x0017,
0x000b, 0x0005, 0x0004, 0x0007, 0x000b, 0x000a, 0x0003, 0xfff8, 0xfff1, 0xfff0, 0xfff0, 0xffee,
0xffec, 0xffe7, 0xffe7, 0xffe6, 0xffe6, 0xffe6, 0xffe4, 0xffe8, 0xffed, 0xffee, 0xffed, 0xffef,
0xfff1, 0xfff5, 0xffff, 0x0003, 0x0002, 0x0000, 0xffff, 0x0002, 0x0003, 0x0008, 0x000c, 0x0009,
0x0006, 0x0003, 0x0002, 0x0006, 0x0008, 0x000a, 0x000a, 0x0004, 0xfffe, 0xfff9, 0xfff2, 0xfff1,
0xffef, 0xffec, 0xffea, 0xffe3, 0xffde, 0xffdf, 0xffde, 0xffd9, 0xffd8, 0xffd2, 0xffd1, 0xffd4,
0xffd4, 0xffd5, 0xffd0, 0xffce, 0xffcc, 0xffcf, 0xffd2, 0xffd8, 0xffe1, 0xffe4, 0xffe0, 0xffd7,
0xffd2, 0xffd4, 0xffe1, 0xffed, 0xfff3, 0xfff2, 0xfff1, 0xffec, 0xffe8, 0xffee, 0xfff7, 0xffff,
0x0006, 0x0005, 0xffff, 0xfffc, 0x0001, 0x0010, 0x001a, 0x0017, 0x0011, 0x0011, 0x0014, 0x0015,
0x0014, 0x0017, 0x001c, 0x0020, 0x0021, 0x001b, 0x0015, 0x0018, 0x0020, 0x0025, 0x0026, 0x0021,
0x0016, 0x000e, 0x000f, 0x0010, 0x0015, 0x001a, 0x0018, 0x0010, 0x0006, 0x0000, 0x0001, 0x0007,
0x0010, 0x0011, 0x000c, 0x0001, 0xfff8, 0xfffb, 0x0005, 0x000d, 0x000b, 0x0009, 0x0004, 0x0001,
0x0002, 0x0000, 0x0008, 0x0011, 0x0019, 0x001c, 0x0014, 0x000d, 0x000e, 0x0019, 0x0022, 0x0024,
0x0026, 0x0026, 0x0024, 0x0024, 0x0024, 0x0024, 0x0027, 0x002d, 0x002e, 0x0029, 0x0024, 0x0025,
0x0027, 0x0028, 0x0028, 0x0026, 0x0023, 0x0023, 0x0020, 0x001e, 0x001d, 0x0020, 0x0021, 0x001d,
0x0017, 0x000f, 0x000b, 0x000c, 0x000e, 0x000e, 0x0009, 0x0000, 0xfff7, 0xfff5, 0xfff5, 0xfff6,
0xfffa, 0xfff8, 0xfff4, 0xffee, 0xffe6, 0xffe0, 0xffe0, 0xffe1, 0xffe2, 0xffe4, 0xffe3, 0xffe1,
0xffde, 0xffdb, 0xffd9, 0xffdb, 0xffdd, 0xffde, 0xffdd, 0xffda, 0xffd9, 0xffd8, 0xffdb, 0xffde,
0xffe1, 0xffdf, 0xffd9, 0xffd8, 0xffda, 0xffda, 0xffda, 0xffd6, 0xffd1, 0xffcc, 0xffca, 0xffca,
0xffcf, 0xffd3, 0xffd3, 0xffd2, 0xffc9, 0xffc3, 0xffc2, 0xffc3, 0xffc4, 0xffc7, 0xffcb, 0xffcc,
0xffc8, 0xffc4, 0xffc3, 0xffc8, 0xffcf, 0xffd3, 0xffd1, 0xffcf, 0xffd0, 0xffd0, 0xffd9, 0xffe1,
0xffea, 0xfff4, 0xfff4, 0xfff3, 0xfff2, 0xfff2, 0xfff9, 0x0004, 0x000d, 0x000f, 0x000d, 0x000e,
0x0014, 0x001f, 0x002a, 0x002f, 0x002d, 0x002b, 0x0027, 0x0025, 0x0026, 0x002a, 0x0035, 0x0040,
0x0042, 0x003d, 0x003a, 0x003a, 0x003c, 0x003f, 0x0040, 0x0040, 0x0040, 0x0040, 0x0040, 0x0042,
0x0045, 0x0047, 0x0043, 0x003e, 0x003a, 0x003a, 0x0038, 0x0035, 0x0034, 0x0033, 0x0030, 0x002f,
0x0030, 0x002c, 0x002a, 0x0026, 0x0022, 0x001d, 0x0017, 0x0011, 0x000f, 0x0013, 0x0019, 0x001f,
0x001b, 0x0013, 0x000b, 0x0000, 0xfff8, 0xfff6, 0xfff7, 0xfff8, 0xfff7, 0xfff4, 0xfff2, 0xffef,
0xffed, 0xffe7, 0xffe5, 0xffe6, 0xffe3, 0xffe1, 0xffe0, 0xffda, 0xffda, 0xffdf, 0xffdf, 0xffe1,
0xffdf, 0xffdf, 0xffdc, 0xffd8, 0xffd5, 0xffd3, 0xffd3, 0xffd4, 0xffd9, 0xffdb, 0xffe1, 0xffe4,
0xffe4, 0xffdf, 0xffda, 0xffd7, 0xffce, 0xffc9, 0xffce, 0xffd6, 0xffe1, 0xffe4, 0xffe1, 0xffe0,
0xffde, 0xffe0, 0xffe0, 0xffdf, 0xffde, 0xffdf, 0xffe0, 0xffe0, 0xffe6, 0xffee, 0xfff8, 0xffff,
0x0002, 0xfffe, 0xfff8, 0xfff4, 0xfff1, 0xfff2, 0xfff6, 0xfffd, 0x0004, 0x000c, 0x0010, 0x000f,
0x000d, 0x000d, 0x000f, 0x000c, 0x0006, 0x0000, 0x0000, 0x0007, 0x0010, 0x0018, 0x001a, 0x0018,
0x0014, 0x000e, 0x000d, 0x0009, 0x000a, 0x000d, 0x000d, 0x000e, 0x000c, 0x000d, 0x0011, 0x001b,
0x0022, 0x0021, 0x001c, 0x0013, 0x000a, 0x0007, 0x0007, 0x0009, 0x0011, 0x0015, 0x0015, 0x0013,
0x0010, 0x000d, 0x0009, 0x0007, 0x0005, 0x0004, 0x0003, 0x0005, 0x0007, 0x0006, 0x0004, 0x0001,
0xfffd, 0xfffb, 0xfffb, 0xfffa, 0xfffa, 0xfffb, 0xfffc, 0xfffc, 0xfffe, 0xfffd, 0xffff, 0x0005,
0x0009, 0x0008, 0x0007, 0x0005, 0x0000, 0xffff, 0xffff, 0xfffd, 0xfffc, 0xffff, 0xffff, 0xffff,
0xfffb, 0xfff8, 0xfffe, 0xfffe, 0xffff, 0xfffa, 0xfff7, 0xfff3, 0xffeb, 0xffe8, 0xffe8, 0xffeb,
0xffef, 0xfff0, 0xffef, 0xfff0, 0xffef, 0xffed, 0xffe9, 0xffe5, 0xffe4, 0xffe0, 0xffda, 0xffdb,
0xffdf, 0xffe7, 0xffef, 0xfff5, 0xfffa, 0xfff7, 0xfff3, 0xffee, 0xfff0, 0xfff2, 0xfff2, 0xfff5,
0xfff5, 0xfff8, 0xfff9, 0xfffb, 0x0002, 0x0004, 0x0003, 0x0002, 0xfffc, 0xfffc, 0xfffb, 0xfffc,
0x0004, 0x0009, 0x0011, 0x0013, 0x0010, 0x000d, 0x000b, 0x000b, 0x000b, 0x000c, 0x000b, 0x000b,
0x000a, 0x000b, 0x000d, 0x0011, 0x0014, 0x0016, 0x0014, 0x0013, 0x0013, 0x0011, 0x000d, 0x000a,
0x000c, 0x000c, 0x000c, 0x000b, 0x0009, 0x000b, 0x000b, 0x000a, 0x0004, 0xffff, 0xfffc, 0x0000,
0x0005, 0x0006, 0x0006, 0x0004, 0x0002, 0x0002, 0x0003, 0x0000, 0x0002, 0x0002, 0x0000, 0x0001,
0x0002, 0x0002, 0x0004, 0x0006, 0x0007, 0x0005, 0x0003, 0x0001, 0xfffe, 0xfffd, 0xfffb, 0xfffa,
0xfffa, 0xfffe, 0x0001, 0x0002, 0x0005, 0x0005, 0x0004, 0x0003, 0xffff, 0xfffd, 0xfffa, 0xfff9,
0xfffa, 0xfffa, 0xfff9, 0xfffc, 0xfffa, 0xfff9, 0xfffb, 0xfff9, 0xfffc, 0xfffe, 0xfffe, 0xfffb,
0xfff8, 0xfff4, 0xfff2, 0xfff4, 0xfff8, 0xfff9, 0xfffa, 0xfffb, 0xfff7, 0xfffa, 0xfffb, 0xfffd,
0xfffe, 0xfffd, 0xfffe, 0xfffd, 0xfffb, 0xfff9, 0xfffd, 0x0001, 0x0002, 0x0001, 0x0001, 0x0001,
0x0001, 0x0002, 0x0000, 0xffff, 0x0003, 0x0006, 0x0008, 0x0009, 0x0006, 0x0004, 0x0003, 0x0001,
0xfffe, 0xffff, 0x0000, 0x0002, 0x0007, 0x000a, 0x000f, 0x000e, 0x000c, 0x000a, 0x000b, 0x000b,
0x0009, 0x0007, 0x0001, 0x0003, 0x0008, 0x000b, 0x000f, 0x0011, 0x000e, 0x000a, 0x0008, 0x0003,
0x0001, 0x0001, 0x0000, 0x0003, 0x0006, 0x0006, 0x0006, 0x0004, 0x0003, 0x0007, 0x0005, 0x0001,
0xfffc, 0xfffb, 0xfffd, 0xfffe, 0x0002, 0x0002, 0x0002, 0x0002, 0x0001, 0x0000, 0x0003, 0x0002,
0x0005, 0x0007, 0x0004, 0x0002, 0xfffd, 0xfffc, 0xfffe, 0x0000, 0x0003, 0x0003, 0x0002, 0x0001,
0x0000, 0xffff, 0xfffe, 0xfffd, 0xfffc, 0xfff6, 0xfff1, 0xffef, 0xfff0, 0xfff2, 0xfff5, 0xfff8,
0xfff9, 0xfffb, 0xfffa, 0xfff9, 0xfff5, 0xfff1, 0xfff2, 0xfff3, 0xfff1, 0xfff0, 0xfff2, 0xfff6,
0xfffb, 0x0001, 0x0001, 0xfffd, 0xfffb, 0xfffa, 0xfffc, 0xfffd, 0xfffe, 0xfffe, 0x0000, 0x0001,
0x0002, 0x0004, 0x0006, 0x0006, 0x0006, 0x0003, 0x0000, 0x0001, 0x0001, 0x0002, 0x0007, 0x0007,
0x0009, 0x000a, 0x0005, 0x0007, 0x0006, 0x0005, 0x0006, 0x0007, 0x0006, 0x0004, 0x0005, 0x0008,
0x0009, 0x0008, 0x000e, 0x000c, 0x000a, 0x0008, 0x0004, 0x0005, 0x0008, 0x0007, 0x0007, 0x0006,
0x0009, 0x000d, 0x0010, 0x0012, 0x000e, 0x000b, 0x0006, 0x0004, 0x0005, 0x0006, 0x0009, 0x000c,
0x000e, 0x000d, 0x000d, 0x000c, 0x000a, 0x0006, 0x0003, 0x0003, 0xffff, 0xfffd, 0xfffe, 0x0001,
0x0006, 0x0009, 0x000b, 0x000a, 0x0004, 0x0000, 0xfffc, 0xfffb, 0xfffa, 0xfff9, 0xfffd, 0xfffd,
0xfffe, 0xffff, 0xffff, 0xffff, 0xfffe, 0xfffc, 0xfff9, 0xfffa, 0xfff9, 0xfff8, 0xfff7, 0xfff9,
0xfffb, 0xfff8, 0xfff8, 0xfff4, 0xfff3, 0xfff7, 0xfff9, 0xfffb, 0xfffa, 0xfff9, 0xfff9, 0xfff7,
0xfff6, 0xfff6, 0xfff5, 0xfff6, 0xfff6, 0xfff7, 0xfff8, 0xfff8, 0xfff7, 0xfff8, 0xfff8, 0xfff9,
0xfff6, 0xfff2, 0xfff2, 0xfff5, 0xfffa, 0xfffb, 0xfffb, 0xfff9, 0xfff8, 0xfff8, 0xfff7, 0xfff9,
0xfff8, 0xfff5, 0xfff7, 0xfff8, 0xfff7, 0xfffc, 0x0001, 0x0004, 0x0004, 0x0002, 0x0002, 0x0002,
0x0002, 0x0004, 0x0007, 0x000a, 0x0009, 0x000b, 0x000d, 0x000d, 0x000e, 0x0010, 0x0011, 0x0011,
0x0010, 0x000f, 0x000f, 0x0012, 0x0014, 0x0010, 0x000b, 0x0008, 0x0006, 0x0009, 0x000a, 0x000e,
0x000f, 0x000f, 0x0010, 0x000d, 0x0008, 0x0004, 0x0007, 0x0006, 0x0005, 0x0002, 0xffff, 0x0000,
0xffff, 0x0004, 0x0007, 0x0007, 0x0006, 0x0005, 0x0001, 0x0000, 0x0002, 0x0005, 0x0007, 0x0009,
0x0007, 0x0003, 0x0001, 0xffff, 0xffff, 0xfffd, 0xfffc, 0xfffa, 0xfffb, 0xfffe, 0xffff, 0x0002,
0x0005, 0x0006, 0x0002, 0xfffc, 0xfff8, 0xfff5, 0xfff4, 0xfff7, 0xfff8, 0xfff7, 0xfffa, 0xfffd,
0xffff, 0x0001, 0x0001, 0xfffb, 0xfff9, 0xfff8, 0xfff7, 0xfff6, 0xfff6, 0xfff8, 0xfffc, 0xffff,
0x0000, 0xfffb, 0xfff7, 0xfff4, 0xfff4, 0xfff4, 0xfff4, 0xfff2, 0xfff3, 0xfff7, 0xfff8, 0xfff8,
0xfff7, 0xfff8, 0xfff6, 0xfff4, 0xfff1, 0xffee, 0xffef, 0xfff1, 0xfff6, 0xfff7, 0xfffc, 0xfffe,
0xfffe, 0xffff, 0xfffb, 0xfff8, 0xfff8, 0xfff8, 0xfff9, 0xfffb, 0x0000, 0x0002, 0x0005, 0x0006,
0x0006, 0x0005, 0x0003, 0x0001, 0x0003, 0x0006, 0x0009, 0x0009, 0x0008, 0x000b, 0x000c, 0x0009,
0x0009, 0x0008, 0x0005, 0x0004, 0x0006, 0x0006, 0x0007, 0x0008, 0x000b, 0x000d, 0x000e, 0x000b,
0x0007, 0x0005, 0x0003, 0x0002, 0x0004, 0x0007, 0x0007, 0x0008, 0x0008, 0x0007, 0x0006, 0x0004,
0x0006, 0x0007, 0x0006, 0x0005, 0x0006, 0x0008, 0x0008, 0x0008, 0x0007, 0x0009, 0x0008, 0x0007,
0x0005, 0x0001, 0x0002, 0x0005, 0x0007, 0x0007, 0x0007, 0x0005, 0x0004, 0x0004, 0x0003, 0x0000,
0xffff, 0xfffe, 0xfffb, 0xfffb, 0xfffe, 0xfffd, 0xfffd, 0xfffb, 0xfff8, 0xfff8, 0xfff5, 0xfff4,
0xfff7, 0xfffa, 0xfffb, 0xfffa, 0xfff6, 0xfff3, 0xfff0, 0xffee, 0xfff1, 0xfff4, 0xfff5, 0xfff6,
0xfff7, 0xfff8, 0xfff6, 0xfff3, 0xfff3, 0xfff5, 0xfff7, 0xfff8, 0xfff7, 0xfff8, 0xfff8, 0xfffa,
0xfffc, 0xfffc, 0xfffc, 0xfffc, 0xfffb, 0xfffc, 0xfffc, 0xffff, 0x0001, 0x0003, 0x0003, 0x0002,
0x0003, 0x0002, 0x0000, 0xfffe, 0x0000, 0x0002, 0x0005, 0x0005, 0x0004, 0x0004, 0x0002, 0xfffe,
0xfffe, 0xffff, 0x0000, 0x0000, 0x0000, 0x0004, 0x0007, 0x0007, 0x0005, 0x0002, 0xffff, 0x0000,
0x0003, 0x0004, 0x0004, 0x0004, 0x0006, 0x0006, 0x0004, 0x0003, 0x0003, 0x0005, 0x0006, 0x0006,
0x0005, 0x0003, 0x0005, 0x0007, 0x000a, 0x000b, 0x000a, 0x0009, 0x0008, 0x0007, 0x0006, 0x0007,
0x0007, 0x0008, 0x0009, 0x0008, 0x0006, 0x0002, 0x0001, 0x0001, 0x0000, 0x0001, 0x0000, 0x0002,
0x0005, 0x0005, 0x0001, 0xffff, 0x0001, 0x0001, 0x0000, 0x0000, 0x0000, 0x0000, 0x0000, 0x0002,
0x0004, 0x0002, 0x0001, 0x0000, 0xfffd, 0xfffc, 0xfffd, 0xfffc, 0x0001, 0x0000, 0xffff, 0xfffc,
0xfff9, 0xfff8, 0xfff8, 0xfff9, 0xfff9, 0xfffa, 0xfffa, 0xfff6, 0xfff5, 0xfff6, 0xfff7, 0xfff6,
0xfff3, 0xfff1, 0xfff0, 0xfff4, 0xfff8, 0xfff7, 0xfff8, 0xfffb, 0xfffb, 0xfffa, 0xfffa, 0xfff9,
0xfffa, 0xfffc, 0xffff, 0x0000, 0x0000, 0x0001, 0x0001, 0x0002, 0x0004, 0x0003, 0x0004, 0x0006,
0x0006, 0x0008, 0x0009, 0x0008, 0x0008, 0x0007, 0x0008, 0x0007, 0x0007, 0x0006, 0x0005, 0x0006,
0x0005, 0x0002, 0x0000, 0x0001, 0x0005, 0x0007, 0x0007, 0x0008, 0x000d, 0x000f, 0x000a, 0x0008,
0x0005, 0x0005, 0x0004, 0x0004, 0x0005, 0x0006, 0x0009, 0x000d, 0x000e, 0x000e, 0x000f, 0x000c,
0x0009, 0x0009, 0x0006, 0x0004, 0x0003, 0x0006, 0x0008, 0x0007, 0x0008, 0x0006, 0x0004, 0x0002,
0x0002, 0xfffd, 0xfffa, 0xfff9, 0xfff8, 0xfffb, 0xfffc, 0xfffd, 0xffff, 0xfffe, 0xfffb, 0xfff9,
0xfff9, 0xfff8, 0xfff5, 0xfff4, 0xfff7, 0xfff9, 0xfffb, 0xfffc, 0xfffc, 0xfffb, 0xfffa, 0xfff7,
0xfff3, 0xfff1, 0xfff1, 0xfff3, 0xfff7, 0xfff9, 0xfffb, 0xfffa, 0xfffa, 0xfff8, 0xfff8, 0xfff8,
0xfff4, 0xfff4, 0xfff2, 0xfff0, 0xfff0, 0xfff2, 0xfff3, 0xfff4, 0xfff8, 0xfff8, 0xfff7, 0xfff6,
0xfff7, 0xfff9, 0xfffa, 0xfffd, 0xfffd, 0xffff, 0x0001, 0x0002, 0x0002, 0x0001, 0x0001, 0x0001,
0x0003, 0x0002, 0x0001, 0x0006, 0x0007, 0x0008, 0x0009, 0x0008, 0x0009, 0x0009, 0x0008, 0x0006,
0x0005, 0x0007, 0x0006, 0x0005, 0x0006, 0x0007, 0x000a, 0x000b, 0x000b, 0x000c, 0x000c, 0x000b,
0x000a, 0x000a, 0x000d, 0x000e, 0x000d, 0x000b, 0x000a, 0x0009, 0x000b, 0x000c, 0x000d, 0x000f,
0x0010, 0x0010, 0x000f, 0x000c, 0x0009, 0x0009, 0x0009, 0x0008, 0x0009, 0x0008, 0x0008, 0x0008,
0x0005, 0x0005, 0x0002, 0x0000, 0x0001, 0xfffe, 0xffff, 0x0002, 0x0002, 0xffff, 0xffff, 0xfffe,
0xfffc, 0xfffc, 0xfffa, 0xfff8, 0xfff8, 0xfff8, 0xfffa, 0xfffb, 0xfffb, 0xfffb, 0xfffa, 0xfff7,
0xfff4, 0xfff5, 0xfff3, 0xfff2, 0xfff2, 0xfff4, 0xfff4, 0xfff1, 0xfff1, 0xffef, 0xffef, 0xffec,
0xffec, 0xffeb, 0xffeb, 0xffed, 0xffed, 0xffef, 0xfff1, 0xfff1, 0xfff3, 0xfff2, 0xfff1, 0xfff0,
0xffed, 0xffef, 0xfff0, 0xfff0, 0xfff1, 0xfff6, 0xfff7, 0xfff7, 0xfff8, 0xfff9, 0xfff8, 0xfff8,
0xfff8, 0xfffa, 0xffff, 0x0000, 0x0001, 0x0002, 0x0002, 0x0004, 0x0004, 0x0004, 0x0005, 0x0005,
0x0005, 0x0005, 0x0005, 0x0008, 0x000b, 0x000b, 0x000c, 0x000a, 0x0009, 0x0006, 0x0005, 0x0006,
0x0008, 0x000b, 0x000d, 0x000e, 0x000d, 0x000a, 0x0009, 0x000a, 0x0009, 0x0009, 0x0008, 0x0009,
0x0009, 0x000b, 0x000d, 0x000d, 0x000d, 0x000b, 0x0008, 0x0008, 0x0008, 0x0009, 0x0009, 0x0009,
0x000b, 0x000c, 0x000e, 0x000d, 0x000a, 0x0009, 0x0007, 0x0005, 0x0002, 0x0001, 0x0001, 0x0003,
0x0004, 0x0005, 0x0006, 0x0007, 0x0004, 0x0003, 0x0003, 0x0002, 0x0002, 0xffff, 0x0000, 0xffff,
0xffff, 0x0000, 0x0002, 0x0002, 0x0001, 0x0001, 0x0001, 0x0001, 0x0000, 0x0000, 0xffff, 0xfffe,
0xfffd, 0xfffa, 0xfffa, 0xfffa, 0xfff9, 0xfff7, 0xfff5, 0xfff6, 0xfff6, 0xfff4, 0xfff3, 0xfff4,
0xfff6, 0xfff7, 0xfff7, 0xfff6, 0xfff4, 0xfff4, 0xfff1, 0xffef, 0xffeb, 0xffea, 0xffec, 0xffeb,
0xffed, 0xffef, 0xfff2, 0xfff3, 0xfff3, 0xfff3, 0xfff0, 0xfff1, 0xfff2, 0xfff3, 0xfff3, 0xfff2,
0xfff3, 0xfff2, 0xfff3, 0xfff3, 0xfff5, 0xfff7, 0xfff7, 0xfff8, 0xfff9, 0xfffb, 0xfffe, 0x0000,
0x0001, 0x0002, 0x0004, 0x0004, 0x0003, 0x0004, 0x0007, 0x0009, 0x0009, 0x000a, 0x000c, 0x000e,
0x000f, 0x0011, 0x0013, 0x0016, 0x0015, 0x0015, 0x0013, 0x0013, 0x0016, 0x0018, 0x0018, 0x0017,
0x0016, 0x0014, 0x0016, 0x0018, 0x0019, 0x0019, 0x0019, 0x0019, 0x0019, 0x0017, 0x0017, 0x0014,
0x0013, 0x0013, 0x0012, 0x0011, 0x0010, 0x0010, 0x000f, 0x000f, 0x000e, 0x000e, 0x000d, 0x0009,
0x0008, 0x0005, 0x0004, 0x0004, 0x0003, 0x0003, 0x0003, 0x0004, 0x0002, 0x0001, 0xfffe, 0xfffb,
0xfffa, 0xfffa, 0xfffc, 0xfffc, 0xfffb, 0xfffb, 0xfff9, 0xfff7, 0xfff8, 0xfff8, 0xfff9, 0xfff9,
0xfff8, 0xfff3, 0xfff1, 0xfff1, 0xfff4, 0xfff8, 0xfff9, 0xfff9, 0xfff9, 0xfff8, 0xfff4, 0xfff2,
0xfff2, 0xfff3, 0xfff4, 0xfff4, 0xfff4, 0xfff6, 0xfff6, 0xfff5, 0xfff6, 0xfff3, 0xfff3, 0xfff1,
0xfff1, 0xfff3, 0xfff5, 0xfff6, 0xfff6, 0xfff7, 0xfff5, 0xfff3, 0xfff4, 0xfff4, 0xfff6, 0xfff7,
0xfff8, 0xfff7, 0xfff7, 0xfff8, 0xfff8, 0xfffb, 0xfffb, 0xfff9, 0xfff8, 0xfff8, 0xfff8, 0xfff8,
0xfff7, 0xfff9, 0xfffb, 0xfffc, 0xfffd, 0xffff, 0x0000, 0x0002, 0x0005, 0x0006, 0x0004, 0x0005,
0x0004, 0x0003, 0x0005, 0x0007, 0x0008, 0x0009, 0x000b, 0x000a, 0x0008, 0x0009, 0x000c, 0x000e,
0x0010, 0x0011, 0x0014, 0x0014, 0x0013, 0x0014, 0x0013, 0x0010, 0x000f, 0x000f, 0x000f, 0x0011,
0x0011, 0x000f, 0x000e, 0x000d, 0x000f, 0x0012, 0x0013, 0x0012, 0x0010, 0x000d, 0x000a, 0x000a,
0x000b, 0x000d, 0x000e, 0x000d, 0x000c, 0x000c, 0x000b, 0x0009, 0x0007, 0x0007, 0x0008, 0x0006,
0x0005, 0x0002, 0x0002, 0x0001, 0x0000, 0xffff, 0xffff, 0xffff, 0xfffc, 0xfffb, 0xfffb, 0xfffb,
0xfffa, 0xfffa, 0xfff9, 0xfff8, 0xfff9, 0xfffa, 0xfff7, 0xfff4, 0xfff3, 0xfff3, 0xfff8, 0xfff9,
0xfffa, 0xfffb, 0xfff9, 0xfff8, 0xfff7, 0xfff7, 0xfff7, 0xfff9, 0xfffb, 0xfffc, 0xfffc, 0xfff9,
0xfffa, 0xfffb, 0xfffd, 0xffff, 0xfffe, 0xfffb, 0xfff9, 0xfff8, 0xfff7, 0xfff6, 0xfff8, 0xfff8,
0xfff7, 0xfff8, 0xfff8, 0xfff9, 0xfff8, 0xfff8, 0xfff6, 0xfff5, 0xfff5, 0xfff5, 0xfff8, 0xfffa,
0xfffa, 0xfffa, 0xfffa, 0xfffa, 0xfffa, 0xfffa, 0xfffe, 0x0000, 0x0000, 0x0002, 0x0000, 0xffff,
0xfffe, 0xffff, 0x0002, 0x0003, 0x0001, 0x0001, 0x0000, 0x0003, 0x0006, 0x0004, 0x0003, 0x0005,
0x0003, 0x0003, 0x0004, 0x0005, 0x0004, 0x0004, 0x0005, 0x0005, 0x0007, 0x0009, 0x000c, 0x000d,
0x000b, 0x000b, 0x000a, 0x0009, 0x0009, 0x0008, 0x0009, 0x000c, 0x000d, 0x000d, 0x000d, 0x0009,
0x0009, 0x0008, 0x0009, 0x0008, 0x0007, 0x0006, 0x0005, 0x0005, 0x0007, 0x0009, 0x0008, 0x0006,
0x0004, 0x0000, 0x0000, 0x0003, 0x0002, 0x0003, 0x0003, 0xffff, 0xfffd, 0xfffb, 0xfffa, 0xfffb,
0xfffd, 0xfffd, 0xfffc, 0xfffa, 0xfffa, 0xfffb, 0xfffa, 0xfff9, 0xfff7, 0xfff7, 0xfff5, 0xfff6,
0xfff6, 0xfff4, 0xfff3, 0xfff2, 0xfff1, 0xfff0, 0xfff0, 0xffef, 0xfff0, 0xfff1, 0xfff3, 0xfff4,
0xfff4, 0xfff4, 0xfff3, 0xfff2, 0xfff1, 0xfff1, 0xfff2, 0xfff3, 0xfff2, 0xfff4, 0xfff6, 0xfff9,
0xfffb, 0xfffd, 0xffff, 0xffff, 0xffff, 0x0000, 0x0001, 0x0002, 0x0000, 0x0000, 0x0002, 0x0005,
0x0007, 0x0007, 0x0008, 0x0008, 0x000a, 0x000a, 0x000a, 0x000a, 0x000a, 0x000a, 0x000b, 0x000a,
0x0009, 0x000a, 0x0009, 0x000a, 0x000a, 0x000a, 0x000c, 0x000c, 0x000c, 0x000b, 0x000b, 0x000a,
0x0008, 0x0009, 0x0008, 0x0008, 0x0008, 0x0008, 0x0008, 0x0008, 0x0008, 0x0008, 0x0008, 0x0007,
0x0006, 0x0006, 0x0006, 0x0006, 0x0005, 0x0004, 0x0001, 0xffff, 0xffff, 0x0001, 0x0002, 0x0001,
0x0000, 0xffff, 0xffff, 0xffff, 0xffff, 0xffff, 0xffff, 0x0000, 0x0001, 0x0000, 0xffff, 0xfffe,
0xfffc, 0xfffa, 0xfffa, 0xfffb, 0xfffd, 0xfffe, 0xfffe, 0xfffd, 0xfffc, 0xfffb, 0xfffa, 0xfffa,
0xfffa, 0xfffa, 0xfffa, 0xfffa, 0xfff9, 0xfff7, 0xfff7, 0xfff8, 0xfff7, 0xfff9, 0xfffa, 0xfffa,
0xfff9, 0xfff8, 0xfff9, 0xfff8, 0xfff9, 0xfff8, 0xfffa, 0xfffa, 0xfffb, 0xfffb, 0xfffb, 0xfffb,
0xfffb, 0xfffd, 0xfffe, 0xfffb, 0xfffb, 0xfffc, 0xfffd, 0x0000, 0xffff, 0xffff, 0x0000, 0xfffe,
0xfffd, 0xfffd, 0xfffc, 0xfffe, 0x0000, 0x0000, 0x0001, 0x0001, 0x0001, 0xffff, 0xfffd, 0xfffd,
0xffff, 0x0000, 0x0003, 0x0003, 0x0002, 0x0002, 0x0002, 0x0001, 0x0000, 0x0003, 0x0002, 0x0004,
0x0004, 0x0006, 0x0007, 0x0007, 0x0007, 0x0009, 0x000a, 0x000a, 0x000a, 0x0009, 0x000a, 0x000b,
0x000b, 0x0009, 0x0008, 0x0007, 0x0007, 0x0007, 0x0008, 0x0008, 0x0007, 0x0005, 0x0004, 0x0003,
0x0003, 0x0001, 0x0002, 0x0002, 0xffff, 0xfffe, 0xfffc, 0xfffc, 0xfffb, 0xfffb, 0xfffb, 0xfffb,
0xfffb, 0xfffb, 0xfff9, 0xfff9, 0xfff9, 0xfff9, 0xfff8, 0xfff7, 0xfff7, 0xfff7, 0xfff8, 0xfff8,
0xfff8, 0xfff7, 0xfff6, 0xfff7, 0xfff8, 0xfff8, 0xfff8, 0xfff7, 0xfff6, 0xfff6, 0xfff5, 0xfff7,
0xfff8, 0xfff7, 0xfff9, 0xfffc, 0xfffd, 0xfffc, 0xfffb, 0xfffb, 0xfffb, 0xfffa, 0xfffc, 0xfffe,
0xfffd, 0xffff, 0x0001, 0x0001, 0x0002, 0x0001, 0x0003, 0x0006, 0x0007, 0x0007, 0x0006, 0x0007,
0x0005, 0x0005, 0x0007, 0x0007, 0x0008, 0x0007, 0x0007, 0x0007, 0x0007, 0x0007, 0x0007, 0x0007,
0x0007, 0x0008, 0x0006, 0x0004, 0x0004, 0x0003, 0x0005, 0x0006, 0x0007, 0x0007, 0x0008, 0x0008,
0x0006, 0x0005, 0x0005, 0x0005, 0x0003, 0x0003, 0x0003, 0x0003, 0x0003, 0x0004, 0x0003, 0x0004,
0x0005, 0x0005, 0x0005, 0x0004, 0x0002, 0x0000, 0x0000, 0xffff, 0x0001, 0x0001, 0x0001, 0x0001,
0x0000, 0xffff, 0xfffc, 0xfffc, 0xffff, 0x0000, 0xfffe, 0xfffe, 0xfffd, 0xfffa, 0xfffb, 0xfffc,
0xfffd, 0xfffe, 0xfffe, 0xfffd, 0xfffb, 0xfffa, 0xfff9, 0xfffb, 0xfffe, 0xfffc, 0xfffc, 0xfffc,
0xfffc, 0xfffd, 0xfffb, 0xfffa, 0xfffa, 0xfffc, 0xfffe, 0xfffb, 0xfffb, 0xfffa, 0xfff9, 0xfff9,
0xfff9, 0xfffb, 0xfffa, 0xfff9, 0xfff9, 0xfff9, 0xfffa, 0xfff9, 0xfff9, 0xfff8, 0xfff8, 0xfff9,
0xfff9, 0xfff9, 0xfff9, 0xfffa, 0xfff7, 0xfff6, 0xfff8, 0xfff9, 0xfff7, 0xfff7, 0xfff6, 0xfff8,
0xfff9, 0xfff8, 0xfff9, 0xfff8, 0xfff9, 0xfffb, 0xfffb, 0xfffc, 0xfffb, 0xfffb, 0xfffb, 0xfffb,
0xfffd, 0xfffc, 0xfffe, 0xffff, 0x0000, 0x0002, 0x0001, 0x0003, 0x0003, 0x0004, 0x0007, 0x0005,
0x0006, 0x0009, 0x000a, 0x000b, 0x000d, 0x000f, 0x000e, 0x000d, 0x000f, 0x000f, 0x000e, 0x0010,
0x0011, 0x0011, 0x0011, 0x0011, 0x0011, 0x0011, 0x0011, 0x0011, 0x0010, 0x0010, 0x000d, 0x000c,
0x000b, 0x0009, 0x000b, 0x0009, 0x0008, 0x0008, 0x0008, 0x0007, 0x0005, 0x0002, 0x0002, 0x0002,
0x0001, 0x0002, 0x0001, 0x0001, 0x0001, 0xfffe, 0xfffd, 0xfffd, 0xfffd, 0xfffd, 0xfffd, 0xfffd,
0xfffb, 0xfff9, 0xfff9, 0xfff9, 0xfff9, 0xfff9, 0xfff8, 0xfff7, 0xfff7, 0xfff6, 0xfff5, 0xfff6,
0xfff8, 0xfff6, 0xfff6, 0xfff8, 0xfff7, 0xfff6, 0xfff4, 0xfff3, 0xfff3, 0xfff4, 0xfff7, 0xfff6,
0xfff5, 0xfff5, 0xfff5, 0xfff6, 0xfff4, 0xfff5, 0xfff5, 0xfff6, 0xfff7, 0xfff7, 0xfff8, 0xfff8,
0xfff9, 0xfff8, 0xfffa, 0xfffa, 0xfffb, 0xfffd, 0xfffc, 0xfffa, 0xfffc, 0xfffd, 0xfffd, 0xfffd,
0xfffd, 0xfffe, 0xfffe, 0xffff, 0xfffe, 0xfffe, 0x0000, 0x0001, 0x0001, 0x0001, 0x0001, 0x0001,
0x0002, 0x0001, 0x0002, 0x0002, 0x0003, 0x0005, 0x0005, 0x0005, 0x0003, 0x0003, 0x0004, 0x0005,
0x0006, 0x0007, 0x0007, 0x0008, 0x0007, 0x0008, 0x0007, 0x0009, 0x000a, 0x000a, 0x000d, 0x000c,
0x000b, 0x000c, 0x000c, 0x000b, 0x000b, 0x000c, 0x000e, 0x000d, 0x000e, 0x000c, 0x000b, 0x000c,
0x000b, 0x000c, 0x000d, 0x000d, 0x000c, 0x000a, 0x000a, 0x0008, 0x0007, 0x0008, 0x0006, 0x0005,
0x0003, 0x0003, 0x0002, 0x0000, 0x0000, 0xffff, 0xfffe, 0xffff, 0xfffb, 0xfffa, 0xfff9, 0xfff7,
0xfff7, 0xfff7, 0xfff9, 0xfff8, 0xfff8, 0xfff6, 0xfff5, 0xfff5, 0xfff2, 0xfff2, 0xfff1, 0xfff1,
0xfff1, 0xfff1, 0xfff1, 0xfff2, 0xfff1, 0xfff1, 0xfff3, 0xfff3, 0xfff3, 0xfff4, 0xfff4, 0xfff3,
0xfff3, 0xfff4, 0xfff5, 0xfff5, 0xfff6, 0xfff7, 0xfff5, 0xfff7, 0xfff8, 0xfff7, 0xfff8, 0xfff9,
0xfffb, 0xfffd, 0xfffb, 0xfffb, 0xfffe, 0xfffe, 0xfffe, 0xffff, 0x0001, 0x0001, 0x0002, 0x0002,
0x0001, 0x0001, 0x0002, 0x0003, 0x0005, 0x0004, 0x0004, 0x0004, 0x0004, 0x0004, 0x0004, 0x0005,
0x0006, 0x0006, 0x0006, 0x0006, 0x0006, 0x0005, 0x0007, 0x0007, 0x0005, 0x0007, 0x0007, 0x0007,
0x0007, 0x0007, 0x0008, 0x0007, 0x0007, 0x0008, 0x0008, 0x0009, 0x0008, 0x0007, 0x0008, 0x0007,
0x0008, 0x0008, 0x0008, 0x0008, 0x0008, 0x0008, 0x0005, 0x0004, 0x0004, 0x0003, 0x0004, 0x0004,
0x0005, 0x0002, 0x0001, 0x0002, 0x0001, 0x0001, 0x0001, 0x0002, 0x0000, 0x0000, 0x0000, 0xffff,
0x0000, 0x0000, 0x0000, 0xffff, 0x0001, 0x0003, 0x0002, 0x0000, 0xffff, 0xffff, 0x0000, 0x0001,
0x0002, 0x0002, 0x0003, 0x0002, 0x0003, 0x0003, 0x0003, 0x0004, 0x0003, 0x0004, 0x0003, 0x0003,
0x0002, 0x0002, 0x0002, 0x0002, 0x0003, 0x0002, 0x0003, 0x0001, 0x0000, 0x0000, 0x0000, 0xfffe,
0xfffe, 0xfffd, 0xfffa, 0xfffb, 0xfff9, 0xfff9, 0xfff8, 0xfff7, 0xfff7, 0xfff4, 0xfff4, 0xfff2,
0xfff1, 0xfff1, 0xfff0, 0xfff0, 0xfff0, 0xfff1, 0xfff1, 0xfff0, 0xfff1, 0xfff0, 0xffef, 0xffee,
0xfff0, 0xfff1, 0xfff2, 0xfff5, 0xfff5, 0xfff6, 0xfff6, 0xfff4, 0xfff7, 0xfffa, 0xfff9, 0xfffc,
0xfffc, 0xfffd, 0xffff, 0x0000, 0x0002, 0x0004, 0x0006, 0x0007, 0x0007, 0x0009, 0x000a, 0x000a,
0x0008, 0x0009, 0x000b, 0x000d, 0x000e, 0x000e, 0x000d, 0x000e, 0x000e, 0x000f, 0x000f, 0x000f,
0x000f, 0x000e, 0x0011, 0x0010, 0x000e, 0x000d, 0x000c, 0x000b, 0x000a, 0x000b, 0x000b, 0x0009,
0x0007, 0x0007, 0x0007, 0x0007, 0x0007, 0x0006, 0x0006, 0x0007, 0x0007, 0x0007, 0x0005, 0x0004,
0x0004, 0x0003, 0x0002, 0x0001, 0x0000, 0x0000, 0x0000, 0xffff, 0x0000, 0xfffd, 0xfffb, 0xfffc,
0xfff9, 0xfff9, 0xfff8, 0xfff7, 0xfff8, 0xfff7, 0xfff6, 0xfff7, 0xfff5, 0xfff4, 0xfff3, 0xfff3,
0xfff3, 0xfff1, 0xfff0, 0xffee, 0xffed, 0xffef, 0xffef, 0xfff1, 0xffee, 0xfff0, 0xfff0, 0xfff0,
0xfff2, 0xfff1, 0xfff3, 0xfff3, 0xfff5, 0xfff5, 0xfff5, 0xfff6, 0xfff3, 0xfff5, 0xfff7, 0xfff8,
0xfffa, 0xfffb, 0xfffc, 0xfffd, 0xfffc, 0xfffe, 0x0001, 0x0001, 0x0001, 0x0003, 0x0004, 0x0005,
0x0008, 0x0008, 0x0008, 0x0009, 0x0009, 0x0009, 0x000b, 0x000b, 0x000c, 0x000d, 0x000b, 0x000b,
0x000b, 0x000c, 0x000f, 0x000f, 0x000d, 0x000d, 0x000d, 0x000d, 0x000e, 0x000d, 0x000c, 0x000d,
0x000d, 0x000d, 0x000d, 0x000b, 0x000b, 0x000a, 0x0008, 0x0008, 0x0006, 0x0006, 0x0004, 0x0002,
0x0001, 0x0002, 0x0002, 0x0001, 0x0001, 0x0000, 0x0001, 0x0000, 0xfffe, 0xffff, 0xfffd, 0xfffc,
0xfffd, 0xfffa, 0xfff8, 0xfff7, 0xfffa, 0xfff9, 0xfff7, 0xfff7, 0xfff8, 0xfff7, 0xfff7, 0xfff7,
0xfff8, 0xfff7, 0xfff6, 0xfff8, 0xfff8, 0xfff8, 0xfff8, 0xfff7, 0xfff7, 0xfff8, 0xfffa, 0xfffa,
0xfff9, 0xfff8, 0xfff8, 0xfff9, 0xfffa, 0xfffa, 0xfff9, 0xfff9, 0xfffa, 0xfffb, 0xfffc, 0xfffe,
0xffff, 0xfffe, 0xfffe, 0xffff, 0x0001, 0x0000, 0x0001, 0x0000, 0xfffe, 0xfffe, 0x0000, 0x0001,
0x0001, 0x0001, 0x0001, 0x0001, 0x0001, 0x0000, 0x0002, 0x0002, 0x0003, 0x0004, 0x0004, 0x0004,
0x0004, 0x0004, 0x0002, 0x0004, 0x0003, 0x0002, 0x0003, 0x0001, 0x0001, 0x0001, 0x0003, 0x0004,
0x0005, 0x0006, 0x0004, 0x0004, 0x0004, 0x0003, 0x0005, 0x0005, 0x0004, 0x0002, 0x0002, 0x0002,
0x0001, 0x0001, 0x0002, 0x0003, 0x0003, 0x0003, 0x0004, 0x0003, 0x0003, 0x0003, 0x0004, 0x0004,
0x0005, 0x0005, 0x0005, 0x0004, 0x0003, 0x0003, 0x0003, 0x0004, 0x0005, 0x0004, 0x0005, 0x0004,
0x0002, 0x0003, 0x0003, 0x0003, 0x0003, 0x0001, 0x0001, 0x0001, 0x0000, 0x0002, 0x0001, 0x0000,
0x0000, 0x0001, 0x0001, 0x0001, 0x0000, 0xfffe, 0xffff, 0xfffd, 0xfffe, 0xfffd, 0xfffd, 0xfffb,
0xfffa, 0xfffb, 0xfffa, 0xfffc, 0xfffd, 0xfffe, 0xfffc, 0xfffe, 0xffff, 0xfffd, 0xfffd, 0xfffd,
0xfffe, 0xfffb, 0xfffb, 0xfffb, 0xfffb, 0xfff9, 0xfffa, 0xfffa, 0xfff8, 0xfffa, 0xfffb, 0xfffa,
0xfff8, 0xfffa, 0xfffb, 0xfffb, 0xfffa, 0xfff9, 0xfffa, 0xfff9, 0xfff9, 0xfff9, 0xfff8, 0xfff8,
0xfff8, 0xfffa, 0xfff9, 0xfff8, 0xfff9, 0xfffa, 0xfffa, 0xfffa, 0xfffc, 0xfffd, 0x0000, 0x0000,
0xfffe, 0x0000, 0x0000, 0x0001, 0x0001, 0x0003, 0x0004, 0x0005, 0x0006, 0x0008, 0x0007, 0x0005,
0x0008, 0x0007, 0x0005, 0x0007, 0x0008, 0x0007, 0x0008, 0x0007, 0x0009, 0x0009, 0x0008, 0x000c,
0x000b, 0x000a, 0x000b, 0x000a, 0x0009, 0x0008, 0x000a, 0x0009, 0x0007, 0x0008, 0x0008, 0x0008,
0x0006, 0x0006, 0x0007, 0x0007, 0x0008, 0x0007, 0x0004, 0x0004, 0x0004, 0x0002, 0x0002, 0x0002,
0x0002, 0x0002, 0x0001, 0x0000, 0xfffe, 0xfffe, 0x0001, 0x0001, 0x0000, 0xffff, 0xffff, 0xffff,
0xfffe, 0xfffd, 0xffff, 0xfffe, 0xfffd, 0xfffe, 0xffff, 0x0000, 0xfffe, 0xfffd, 0xfffe, 0xfffd,
0xfffd, 0xfffd, 0xfffd, 0xfffe, 0xffff, 0xfffe, 0xfffc, 0xfffe, 0x0000, 0x0000, 0xffff, 0xffff,
0xffff, 0xffff, 0xfffe, 0xfffe, 0x0000, 0x0000, 0x0000, 0x0000, 0x0000, 0x0000, 0x0000, 0x0001,
0x0000, 0x0000, 0x0000, 0xffff, 0x0000, 0xffff, 0xffff, 0xfffc, 0xfffd, 0xfffe, 0xfffe, 0xffff,
0xfffe, 0xfffd, 0xfffa, 0xfffa, 0xfffa, 0xfffa, 0xfffa, 0xfffa, 0xfffb, 0xfffb, 0xfff9, 0xfff9,
0xfffa, 0xfffb, 0xfffb, 0xfffa, 0xfffa, 0xfff9, 0xfff9, 0xfff8, 0xfff8, 0xfff8, 0xfff8, 0xfffa,
0xfffa, 0xfffa, 0xfffb, 0xfffa, 0xfffb, 0xfffd, 0xfffd, 0xfffe, 0xfffe, 0xfffe, 0xfffd, 0x0000,
0x0000, 0xffff, 0x0000, 0x0002, 0x0003, 0x0001, 0x0002, 0x0001, 0x0002, 0x0003, 0x0003, 0x0007,
0x0005, 0x0006, 0x0007, 0x0006, 0x0008, 0x0008, 0x0008, 0x0008, 0x0007, 0x0008, 0x0008, 0x0008,
0x0008, 0x0007, 0x0008, 0x0006, 0x0005, 0x0006, 0x0007, 0x0005, 0x0005, 0x0005, 0x0005, 0x0005,
0x0005, 0x0004, 0x0004, 0x0002, 0x0001, 0x0001, 0x0001, 0x0001, 0x0001, 0x0001, 0xfffe, 0xfffe,
0xfffe, 0xffff, 0xfffd, 0xfffb, 0xfffc, 0xfffe, 0xfffc, 0xfffd, 0xfffe, 0xfffa, 0xfffb, 0xfffd,
0xfffc, 0xfffc, 0xfffd, 0xfffc, 0xfffb, 0xfffb, 0xfffa, 0xfff9, 0xfff8, 0xfff8, 0xfff8, 0xfff8,
0xfff7, 0xfff7, 0xfff8, 0xfff8, 0xfff8, 0xfff8, 0xfff9, 0xfffb, 0xfff9, 0xfff8, 0xfffa, 0xfffa,
0xfffa, 0xfffa, 0xfffb, 0xfffb, 0xfffa, 0xfff9, 0xfffb, 0xfffa, 0xfffa, 0xfffb, 0xffff, 0x0000,
0x0000, 0x0000, 0x0000, 0x0001, 0x0002, 0x0002, 0x0003, 0x0004, 0x0004, 0x0004, 0x0003, 0x0003,
0x0003, 0x0006, 0x0005, 0x0005, 0x0006, 0x0007, 0x0008, 0x0005, 0x0007, 0x0007, 0x0007, 0x0008,
0x0007, 0x0007, 0x0005, 0x0007, 0x0008, 0x0007, 0x0008, 0x0007, 0x0006, 0x0004, 0x0002, 0x0001,
0x0002, 0x0001, 0x0001, 0x0003, 0x0002, 0x0001, 0xffff, 0x0000, 0x0001, 0xffff, 0xfffe, 0x0000,
0x0000, 0xfffd, 0xfffd, 0xfffc, 0xfffd, 0xfffd, 0xfffd, 0xfffd, 0xfffd, 0xfffd, 0xfffc, 0xfffb,
0xfffb, 0xfffe, 0xffff, 0x0001, 0x0001, 0x0000, 0xffff, 0xfffe, 0xffff, 0x0000, 0x0001, 0x0001,
0xffff, 0x0000, 0x0001, 0x0000, 0x0000, 0x0000, 0x0000, 0x0000, 0x0001, 0x0001, 0x0001, 0x0001,
0x0001, 0x0001, 0x0001, 0x0001, 0x0001, 0x0001, 0xffff, 0xfffe, 0xfffe, 0xfffc, 0xfffe, 0xffff,
0xffff, 0xfffd, 0xfffc, 0xfffd, 0xfffd, 0xfffc, 0xfffb, 0xfffb, 0xfffb, 0xfffb, 0xfffa, 0xfffa,
0xfff8, 0xfff8, 0xfff8, 0xfff9, 0xfff9, 0xfffa, 0xfffb, 0xfffb, 0xfffb, 0xfffa, 0xfffb, 0xfffb,
0xfffd, 0xfffc, 0xfffe, 0xfffe, 0xfffb, 0xfffe, 0xfffe, 0x0000, 0x0001, 0x0003, 0x0005, 0x0005,
0x0006, 0x0006, 0x0006, 0x0005, 0x0006, 0x0008, 0x0009, 0x0009, 0x0008, 0x0008, 0x0008, 0x0008,
0x0008, 0x0008, 0x0008, 0x0008, 0x0008, 0x0008, 0x0008, 0x0008, 0x0006, 0x0004, 0x0007, 0x0006,
0x0006, 0x0006, 0x0005, 0x0004, 0x0003, 0x0003, 0x0002, 0x0001, 0x0000, 0x0000, 0x0000, 0x0000,
0x0001, 0xffff, 0xfffe, 0x0000, 0x0001, 0x0000, 0xfffe, 0xfffe, 0xffff, 0xfffd, 0xfffb, 0xfffc,
0xfffe, 0xfffe, 0xfffc, 0xfffe, 0xffff, 0xfffe, 0xfffd, 0xfffc, 0xfffe, 0xfffe, 0xfffe, 0xfffe,
0x0000, 0x0001, 0x0000, 0x0001, 0x0000, 0x0001, 0x0001, 0x0004, 0x0003, 0x0002, 0x0002, 0x0001,
0x0001, 0x0000, 0x0001, 0xffff, 0xfffe, 0xffff, 0xffff, 0xffff, 0xfffe, 0xfffe, 0xffff, 0xffff,
0xffff, 0xfffe, 0xfffd, 0xfffe, 0xfffc, 0xfff9, 0xfffa, 0xfffb, 0xfffb, 0xfffb, 0xfffa, 0xfff9,
0xfff9, 0xfff9, 0xfff8, 0xfffa, 0xfff9, 0xfffa, 0xfffb, 0xfffa, 0xfffa, 0xfffa, 0xfffc, 0xfffc,
0xfffb, 0xfffe, 0xffff, 0xfffd, 0xfffd, 0xfffe, 0xfffe, 0xfffe, 0xffff, 0x0001, 0x0001, 0x0001,
0x0000, 0x0001, 0x0002, 0x0004, 0x0006, 0x0007, 0x0008, 0x0006, 0x0007, 0x0008, 0x0008, 0x0009,
0x0008, 0x0009, 0x0009, 0x0008, 0x000b, 0x0009, 0x0009, 0x0009, 0x000a, 0x000b, 0x0009, 0x0009,
0x0008, 0x0008, 0x0009, 0x0009, 0x0009, 0x0009, 0x0008, 0x0006, 0x0006, 0x0006, 0x0006, 0x0005,
0x0004, 0x0004, 0x0003, 0x0001, 0x0000, 0x0001, 0x0001, 0x0000, 0xffff, 0xffff, 0xfffd, 0xfffe,
0xfffe, 0xfffb, 0xfffb, 0xfffb, 0xfffb, 0xfffa, 0xfff9, 0xfff9, 0xfff8, 0xfff9, 0xfff9, 0xfff8,
0xfff9, 0xfff8, 0xfff8, 0xfff8, 0xfff8, 0xfff8, 0xfff9, 0xfffb, 0xfffa, 0xfff8, 0xfffa, 0xfffb,
0xfffa, 0xfff9, 0xfffb, 0xfffb, 0xfffa, 0xfffb, 0xfffa, 0xfffc, 0xfffd, 0xfffc, 0xfffc, 0xfffe,
0xffff, 0xfffe, 0xfffe, 0xffff, 0x0000, 0x0000, 0x0000, 0x0000, 0x0000, 0x0002, 0x0003, 0x0002,
0x0003, 0x0003, 0x0002, 0x0003, 0x0003, 0x0002, 0x0004, 0x0004, 0x0003, 0x0003, 0x0003, 0x0003,
0x0002, 0x0004, 0x0005, 0x0007, 0x0006, 0x0006, 0x0004, 0x0003, 0x0004, 0x0002, 0x0002, 0x0002,
0x0002, 0x0001, 0x0000, 0x0001, 0x0000, 0x0001, 0x0001, 0x0000, 0x0001, 0xffff, 0xffff, 0xfffe,
0x0000, 0xffff, 0xfffe, 0xffff, 0xffff, 0xfffd, 0xfffd, 0xfffd, 0xfffc, 0xfffd, 0xfffc, 0xfffe,
0xffff, 0xffff, 0xfffd, 0xfffc, 0xfffe, 0xfffe, 0xfffe, 0xfffe, 0xfffe, 0x0000, 0x0000, 0x0001,
0x0001, 0x0000, 0x0000, 0x0000, 0x0000, 0x0000, 0x0001, 0x0001, 0x0001, 0x0002, 0x0003, 0x0003,
0x0003, 0x0003, 0x0002, 0x0002, 0x0003, 0x0004, 0x0005, 0x0005, 0x0006, 0x0004, 0x0003, 0x0003,
0x0003, 0x0004, 0x0004, 0x0002, 0x0001, 0x0001, 0x0002, 0x0000, 0x0000, 0xfffe, 0x0000, 0x0000,
0xffff, 0xffff, 0xfffd, 0xfffd, 0xfffd, 0xfffe, 0xfffc, 0xfffc, 0xfffa, 0xfff9, 0xfff9, 0xfff9,
0xfff8, 0xfffa, 0xfffb, 0xfffa, 0xfffc, 0xfffc, 0xfffc, 0xfffc, 0xfffc, 0xfffc, 0xfffc, 0xfffe,
0xfffe, 0xffff, 0x0000, 0xfffe, 0xfffe, 0xfffd, 0xffff, 0x0000, 0x0000, 0x0002, 0x0003, 0x0002,
0x0003, 0x0003, 0x0003, 0x0003, 0x0004, 0x0005, 0x0005, 0x0005, 0x0005, 0x0006, 0x0004, 0x0005,
0x0006, 0x0005, 0x0005, 0x0006, 0x0005, 0x0003, 0x0004, 0x0004, 0x0004, 0x0004, 0x0003, 0x0004,
0x0003, 0x0002, 0x0002, 0x0002, 0x0002, 0x0000, 0xffff, 0xffff, 0x0000, 0xfffe, 0xfffd, 0xfffd,
0xfffd, 0xfffc, 0xfffb, 0xfffb, 0xfffa, 0xfffb, 0xfffb, 0xfffb, 0xfffb, 0xfffa, 0xfffb, 0xfffa,
0xfffa, 0xfffa, 0xfffc, 0xfffe, 0xfffc, 0xfffd, 0xfffe, 0xfffd, 0xffff, 0xffff, 0x0000, 0x0001,
0x0001, 0x0000, 0xffff, 0x0000, 0x0001, 0x0000, 0x0000, 0x0001, 0x0000, 0x0003, 0x0001, 0x0000,
0x0001, 0x0001, 0x0003, 0x0002, 0x0001, 0x0002, 0x0000, 0x0001, 0x0000, 0x0002, 0x0002, 0x0001,
0x0001, 0x0001, 0x0002, 0x0000, 0xffff, 0xffff, 0xffff, 0x0001, 0x0002, 0x0000, 0x0001, 0x0000,
0x0000, 0x0002, 0xffff, 0xffff, 0xffff, 0xffff, 0xffff, 0xfffd, 0xfffe, 0xfffd, 0xfffd, 0xffff,
0xfffe, 0xffff, 0xffff, 0xfffe, 0xfffe, 0xfffe, 0xfffe, 0xfffe, 0xffff, 0xffff, 0x0001, 0x0001,
0x0001, 0x0001, 0x0001, 0x0002, 0x0003, 0x0004, 0x0006, 0x0005, 0x0006, 0x0005, 0x0006, 0x0004,
0x0003, 0x0005, 0x0005, 0x0006, 0x0005, 0x0006, 0x0004, 0x0003, 0x0004, 0x0003, 0x0003, 0x0003,
0x0003, 0x0003, 0x0003, 0x0003, 0x0002, 0x0001, 0x0001, 0x0001, 0x0001, 0x0001, 0x0001, 0x0001,
0x0001, 0x0001, 0x0000, 0x0001, 0x0001, 0x0000, 0x0000, 0x0000, 0x0001, 0xffff, 0xfffe, 0xfffe,
0xfffe, 0xfffe, 0xfffe, 0xffff, 0xfffd, 0xfffc, 0xfffd, 0xfffc, 0xfffb, 0xfffb, 0xfffa, 0xfffb,
0xfffb, 0xfffa, 0xfffa, 0xfffb, 0xfffb, 0xfffb, 0xfffa, 0xfffa, 0xfffc, 0xfffd, 0xfffc, 0xfffc,
0xfffc, 0xfffe, 0xffff, 0xfffd, 0xfffc, 0xfffd, 0xfffd, 0xfffd, 0xfffc, 0xfffe, 0xfffe, 0xffff,
0xfffe, 0xfffe, 0xffff, 0xfffe, 0xffff, 0xfffe, 0xffff, 0xfffe, 0x0000, 0x0000, 0x0000, 0x0000,
0x0000, 0x0001, 0x0000, 0x0001, 0x0001, 0x0001, 0x0001, 0x0001, 0x0001, 0x0001, 0x0001, 0x0001,
0x0001, 0x0002, 0x0001, 0x0002, 0x0002, 0x0001, 0x0001, 0x0001, 0x0001, 0x0001, 0x0001, 0x0002,
0x0001, 0x0001, 0x0001, 0x0001, 0x0001, 0x0000, 0x0001, 0x0001, 0x0001, 0x0002, 0x0000, 0x0003,
0x0002, 0x0001, 0x0001, 0x0001, 0x0002, 0x0001, 0x0002, 0x0001, 0x0000, 0x0001, 0x0001, 0x0000,
0x0001, 0x0001, 0x0001, 0x0001, 0x0001, 0x0001, 0x0001, 0x0000, 0x0000, 0x0000, 0x0000, 0x0000,
0x0000, 0x0000, 0x0000, 0x0000, 0x0000, 0x0000, 0x0000, 0x0000, 0x0000, 0x0001, 0x0001, 0x0001,
0x0001, 0x0001, 0x0001, 0x0001, 0x0001, 0x0001, 0x0001, 0x0001, 0x0001, 0x0002, 0x0000, 0x0001,
0x0001, 0x0000, 0x0001, 0x0001, 0x0000, 0x0001, 0xffff, 0xfffe, 0xffff, 0xfffe, 0xffff, 0xfffe,
0xffff, 0xfffd, 0xfffc, 0xfffe, 0xfffe, 0xffff, 0xfffd, 0xfffd, 0xfffd, 0xfffc, 0xfffd, 0xfffc,
0xfffe, 0xfffd, 0xfffe, 0xffff, 0xfffe, 0xffff, 0xfffd, 0xfffc, 0xfffc, 0xfffe, 0xfffe, 0xfffe,
0xffff, 0xfffd, 0xfffc, 0xfffd, 0xfffe, 0xfffe, 0xffff, 0x0000, 0x0000, 0x0000, 0x0001, 0x0000,
0x0000, 0x0000, 0x0001, 0x0001, 0x0001, 0x0001, 0x0001, 0x0002, 0x0003, 0x0003, 0x0003, 0x0003,
0x0003, 0x0003, 0x0005, 0x0004, 0x0003, 0x0004, 0x0003, 0x0004, 0x0003, 0x0004, 0x0002, 0x0001,
0x0002, 0x0001, 0x0002, 0x0002, 0x0001, 0x0001, 0x0001, 0x0001, 0x0002, 0x0002, 0x0001, 0x0000,
0x0001, 0x0000, 0x0000, 0x0000, 0x0000, 0x0000, 0x0000, 0x0000, 0x0000, 0x0000, 0xffff, 0xfffe,
0xffff, 0xffff, 0xfffe, 0xfffe, 0xfffe, 0xffff, 0xfffe, 0xffff, 0xfffd, 0xfffc, 0xfffd, 0xfffc,
0xfffe, 0xfffd, 0xfffe, 0xffff, 0xfffd, 0xfffd, 0xfffc, 0xfffe, 0xfffe, 0xffff, 0x0001, 0x0000,
0x0000, 0x0000, 0x0001, 0x0000, 0x0001, 0x0001, 0x0001, 0x0000, 0x0001, 0x0001, 0x0001, 0x0002,
0x0001, 0x0000, 0x0001, 0x0000, 0x0001, 0x0001, 0x0002, 0x0001, 0x0000, 0x0001, 0x0001, 0x0002,
0x0002, 0x0001, 0x0002, 0x0001, 0x0001, 0x0002, 0x0001, 0x0001, 0x0001, 0x0002, 0x0002, 0x0002,
0x0002, 0x0001, 0x0001, 0x0001, 0x0001, 0x0001, 0x0001, 0x0001, 0x0001, 0xffff, 0xffff, 0xffff,
0xfffe, 0xfffe, 0xffff, 0xfffe, 0xfffe, 0x0000, 0x0001, 0x0001, 0x0000, 0x0000, 0x0000, 0x0000,
0x0001, 0x0001, 0x0000, 0x0001, 0x0000, 0x0001, 0x0001, 0x0001, 0x0001, 0x0001, 0x0001, 0x0001,
0x0001, 0x0001, 0x0002, 0x0001, 0x0000, 0x0001, 0x0001, 0x0001, 0x0000, 0x0001, 0x0001, 0x0000,
0x0000, 0x0001, 0x0001, 0x0001, 0x0000, 0x0000, 0x0001, 0x0000, 0x0001, 0x0000, 0x0001, 0x0000,
0x0001, 0xffff, 0xfffe, 0xffff, 0xfffe, 0xfffe, 0xffff, 0x0000, 0x0001, 0xffff, 0xfffe, 0xffff,
0xfffe, 0xfffe, 0xfffe, 0xfffe, 0xffff, 0xfffd, 0xfffd, 0xfffc, 0xfffd, 0xffff, 0xfffd, 0xfffe,
0xffff, 0xfffe, 0x0000, 0x0001, 0xffff, 0xffff, 0xffff, 0xfffe, 0xffff, 0xffff, 0xfffd, 0xfffc,
0xfffd, 0xfffc, 0xfffd, 0xffff, 0xfffe, 0xfffe, 0xfffe, 0xfffe, 0xfffe, 0xffff, 0xfffe, 0xfffe,
0xfffe, 0xfffe, 0xfffe, 0xfffe, 0xfffe, 0xfffe, 0x0000, 0x0000, 0x0000, 0x0001, 0x0001, 0x0001,
0x0001, 0x0001, 0x0001, 0x0003, 0x0003, 0x0003, 0x0003, 0x0004, 0x0006, 0x0004, 0x0003, 0x0003,
0x0004, 0x0004, 0x0004, 0x0003, 0x0003, 0x0003, 0x0003, 0x0003, 0x0003, 0x0004, 0x0003, 0x0005,
0x0004, 0x0003, 0x0003, 0x0003, 0x0004, 0x0004, 0x0004, 0x0003, 0x0004, 0x0002, 0x0002, 0x0002,
0x0002, 0x0001, 0x0000, 0x0000, 0x0000, 0x0000, 0x0000, 0x0000, 0x0000, 0x0000, 0x0001, 0x0001,
0x0001, 0x0001, 0x0000, 0xffff, 0xfffe, 0xffff, 0xffff, 0xfffe, 0xffff, 0xfffe, 0xfffe, 0xfffe,
0xffff, 0xfffe, 0xfffe, 0xfffe, 0xfffe, 0x0000, 0x0001, 0xffff, 0xfffe, 0xfffe, 0xffff, 0xfffe,
0xfffe, 0xfffe, 0xffff, 0xffff, 0xffff, 0xfffe, 0xfffe, 0xffff, 0xffff, 0xfffe, 0xffff, 0xffff,
0xfffd, 0xfffd, 0xfffd, 0xfffd, 0xfffd, 0xfffc, 0xfffd, 0xfffc, 0xfffc, 0xfffd, 0xfffd, 0xfffd,
0xfffc, 0xfffc, 0xfffd, 0xfffc, 0xfffd, 0xfffc, 0xfffe, 0xffff, 0xfffd, 0xfffd, 0xfffd, 0xfffe,
0xfffd, 0xfffc, 0xfffc, 0xfffd, 0xfffe, 0xfffe, 0xfffe, 0xfffe, 0xfffe, 0xfffe, 0xfffe, 0x0000,
0x0000, 0xffff, 0x0000, 0x0000, 0x0001, 0x0001, 0x0001, 0x0003, 0x0002, 0x0001, 0x0002, 0x0001,
0x0001, 0x0002, 0x0003, 0x0003, 0x0003, 0x0003, 0x0003, 0x0003, 0x0003, 0x0003, 0x0003, 0x0003,
0x0003, 0x0003, 0x0004, 0x0002, 0x0002, 0x0002, 0x0001, 0x0002, 0x0001, 0x0001, 0x0002, 0x0002,
0x0001, 0x0002, 0x0001, 0x0001, 0x0001, 0x0001, 0x0001, 0x0001, 0x0001, 0x0001, 0x0001, 0x0001,
0x0002, 0x0003, 0x0003, 0x0002, 0x0001, 0x0001, 0x0001, 0x0000, 0x0001, 0x0002, 0x0001, 0x0000,
0x0001, 0xffff, 0x0000, 0xffff, 0xfffe, 0xffff, 0xfffe, 0xfffe, 0xfffe, 0xfffe, 0xffff, 0xfffd,
0xfffc, 0xfffc, 0xfffc, 0xfffe, 0xfffd, 0xfffb, 0xfffe, 0xfffe, 0xfffe, 0xfffe, 0xfffe, 0xffff,
0xffff, 0xffff, 0xfffe, 0xffff, 0xffff, 0xffff, 0xfffe, 0xffff, 0xffff, 0xffff, 0xfffe, 0xfffe,
0xfffe, 0xfffe, 0xfffe, 0xfffe, 0x0000, 0x0001, 0x0000, 0x0000, 0x0000, 0x0000, 0x0000, 0x0000,
0x0000, 0x0000, 0x0000, 0x0000, 0x0001, 0x0001, 0x0000, 0x0000, 0x0001, 0x0000, 0x0001, 0x0002,
0x0001, 0x0001, 0x0002, 0x0002, 0x0002, 0x0002, 0x0001, 0x0001, 0x0002, 0x0002, 0x0002, 0x0001,
0x0002, 0x0001, 0x0001, 0x0001, 0x0003, 0x0004, 0x0004, 0x0003, 0x0002, 0x0001, 0x0001, 0x0002,
0x0001, 0x0001, 0x0002, 0x0002, 0x0001, 0x0001, 0x0001, 0x0001, 0x0001, 0x0001, 0x0001, 0x0001,
0x0001, 0x0001, 0x0000, 0x0000, 0x0000, 0xffff, 0xfffe, 0xfffe, 0xfffe, 0xfffe, 0xfffe, 0xfffe,
0xffff, 0x0001, 0xffff, 0x0000, 0x0001, 0x0000, 0x0001, 0xffff, 0xfffe, 0xffff, 0xffff, 0xfffe,
0xfffe, 0xfffe, 0xffff, 0xffff, 0xffff, 0xfffe, 0xfffe, 0xfffe, 0xfffe, 0xfffe, 0xfffe, 0x0000,
0x0000, 0x0000, 0x0000, 0x0000, 0x0000, 0x0000, 0x0001, 0x0000, 0x0000, 0x0001, 0x0001, 0x0001,
0x0000, 0x0000, 0x0000, 0x0000, 0x0000, 0x0001, 0x0001, 0x0000, 0x0001, 0x0001, 0x0001, 0x0000,
0x0001, 0x0001, 0x0000, 0xffff, 0xffff, 0xffff, 0xffff, 0xffff, 0xffff, 0xffff, 0xfffd, 0xfffc,
0xfffc, 0xfffe, 0xffff, 0xfffe, 0xffff, 0xfffe, 0xffff, 0xfffe, 0xfffe, 0xffff, 0xfffe, 0xfffe,
0xfffe, 0x0000, 0xffff, 0xfffe, 0xffff, 0x0000, 0x0000, 0x0001, 0x0001, 0x0000, 0x0000, 0x0001,
0x0001, 0x0001, 0x0001, 0x0001, 0x0001, 0x0001, 0x0001, 0x0002, 0x0003, 0x0001, 0x0001, 0x0001,
0x0003, 0x0004, 0x0004, 0x0002, 0x0001, 0x0001, 0x0001, 0x0003, 0x0003, 0x0003, 0x0003, 0x0002,
0x0001, 0x0001, 0x0001, 0x0002, 0x0001, 0x0002, 0x0001, 0x0002, 0x0001, 0x0001, 0x0001, 0x0000,
0x0001, 0x0001, 0x0000, 0x0000, 0x0000, 0x0000, 0x0001, 0x0001, 0x0001, 0x0001, 0x0000, 0x0000,
0x0001, 0x0000, 0x0000, 0x0001, 0x0001, 0x0000, 0x0000, 0x0001, 0x0000, 0xffff, 0xfffe, 0x0000,
0x0001, 0xfffe, 0xfffe, 0xfffe, 0xfffe, 0xffff, 0xffff, 0xffff, 0xfffd, 0xfffc, 0xfffd, 0xfffd,
0xfffb, 0xfffa, 0xfffc, 0xfffc, 0xfffc, 0xfffd, 0xfffc, 0xfffc, 0xfffc, 0xfffc, 0xfffe, 0xfffe,
0xfffe, 0xfffe, 0xfffe, 0xffff, 0xfffe, 0xffff, 0xfffe, 0xfffe, 0xfffe, 0xfffe, 0x0000, 0x0001,
0x0000, 0x0000, 0x0001, 0x0001, 0x0001, 0x0002, 0x0001, 0x0002, 0x0003, 0x0004, 0x0002, 0x0001,
0x0001, 0x0001, 0x0001, 0x0002, 0x0003, 0x0003, 0x0003, 0x0003, 0x0003, 0x0003, 0x0003, 0x0003,
0x0003, 0x0003, 0x0004, 0x0002, 0x0001, 0x0002, 0x0001, 0x0001, 0x0001, 0x0001, 0x0001, 0x0001,
0x0001, 0x0001, 0x0001, 0x0001, 0x0001, 0x0001, 0x0002, 0x0001, 0x0000, 0x0000, 0x0000, 0x0001,
0x0000, 0x0000, 0x0000, 0x0000, 0x0000, 0x0000, 0x0000, 0x0000, 0x0001, 0x0001, 0x0002, 0x0001,
0x0001, 0xffff, 0x0000, 0x0000, 0x0000, 0xffff, 0x0000, 0x0000, 0xfffe, 0xfffe, 0xfffe, 0xfffe,
0xfffe, 0xfffe, 0xffff, 0x0001, 0xffff, 0xffff, 0xfffe, 0xffff, 0xffff, 0xffff, 0xfffe, 0xffff,
0xfffe, 0xfffd, 0xfffd, 0xfffc, 0xfffd, 0xfffc, 0xfffe, 0xfffe, 0xfffe, 0xfffe, 0xfffe, 0xfffe,
0xfffe, 0xfffe, 0xfffe, 0xfffe, 0xfffe, 0xfffe, 0xfffe, 0xfffe, 0xfffe, 0xfffe, 0xffff, 0x0000,
0x0000, 0x0000, 0x0000, 0x0000, 0x0000, 0x0000, 0x0000, 0x0000, 0x0001, 0x0001, 0x0000, 0x0000,
0x0000, 0x0000, 0x0000, 0x0001, 0x0001, 0x0001, 0x0002, 0x0002, 0x0001, 0x0001, 0x0001, 0x0002,
0x0001, 0x0002, 0x0001, 0x0000, 0x0000, 0x0000, 0x0001, 0x0001, 0x0001, 0x0001, 0x0001, 0x0001,
0x0001, 0x0001, 0x0001, 0x0001, 0x0001, 0x0001, 0x0001, 0x0001, 0x0000, 0x0000, 0x0001, 0x0001,
0x0001, 0x0001, 0x0001, 0x0001, 0x0000, 0x0001, 0x0001, 0x0001, 0x0002, 0x0002, 0x0002, 0x0001,
0x0000, 0x0001, 0x0001, 0x0001, 0x0001, 0x0001, 0x0001, 0x0001, 0x0000, 0xfffe, 0x0000, 0xffff,
0xffff, 0xffff, 0xffff, 0xffff, 0xfffe, 0xffff, 0xfffe, 0xfffe, 0xfffe, 0xfffe, 0xffff, 0xfffe,
0xffff, 0xfffe, 0xfffe, 0xfffe, 0xfffe, 0xfffe, 0xfffe, 0xffff, 0xfffe, 0xfffe, 0xfffe, 0xfffe,
0xfffe, 0x0000, 0x0000, 0x0000, 0xffff, 0xfffe, 0x0000, 0xffff, 0xfffe, 0xfffe, 0x0000, 0x0000,
0x0000, 0x0001, 0x0000, 0x0000, 0x0001, 0x0001, 0x0001, 0x0001, 0x0001, 0x0001, 0x0001, 0x0001,
0x0001, 0x0001, 0x0001, 0x0001, 0x0001, 0x0001, 0x0001, 0x0001, 0x0001, 0x0001, 0x0001, 0x0001,
0x0001, 0x0001, 0x0001, 0x0001, 0x0001, 0x0001, 0x0001, 0x0001, 0x0001, 0x0000, 0x0000, 0x0000,
0x0001, 0x0001, 0x0001, 0x0000, 0x0001, 0x0001, 0x0001, 0x0001, 0x0001, 0x0002, 0x0001, 0x0000,
0x0001, 0xffff, 0x0000, 0xffff, 0xffff, 0x0001, 0xffff, 0xffff, 0xfffe, 0xfffe, 0xfffe, 0xfffe,
0xfffe, 0xfffe, 0xfffe, 0xfffe, 0xfffe, 0xfffe, 0xfffe, 0xfffe, 0xfffe, 0xfffe, 0xfffe, 0xfffe,
0xfffe, 0xfffe, 0xfffe, 0xfffe, 0xfffd, 0xffff, 0x0000, 0x0000, 0x0000, 0x0000, 0x0000, 0x0000,
0x0000, 0x0000, 0x0000, 0x0000, 0x0001, 0xffff, 0xffff, 0x0000, 0x0000, 0x0000, 0x0000, 0x0001,
0x0001, 0x0000, 0x0001, 0x0000, 0xfffe, 0xffff, 0xffff, 0xffff, 0xffff, 0xffff, 0xfffd, 0xfffd,
0xfffc, 0xfffe, 0xfffe, 0xfffe, 0xfffe, 0xfffe, 0xffff, 0xfffe, 0xfffe, 0xffff, 0xfffe, 0xfffe,
0xffff, 0xfffe, 0xfffe, 0xffff, 0xfffe, 0xffff, 0x0000, 0x0000, 0x0000, 0xffff, 0xffff, 0x0000,
0x0000, 0x0000, 0x0001, 0x0001, 0x0001, 0x0001, 0x0001, 0x0000, 0x0002, 0x0002, 0x0004, 0x0005,
0x0005, 0x0005, 0x0005, 0x0005, 0x0005, 0x0005, 0x0005, 0x0005, 0x0005, 0x0005, 0x0005, 0x0005,
0x0005, 0x0006, 0x0003, 0x0004, 0x0005, 0x0005, 0x0004, 0x0003, 0x0003, 0x0003, 0x0003, 0x0003,
0x0003, 0x0003, 0x0003, 0x0002, 0x0001, 0x0001, 0x0002, 0x0002, 0x0001, 0x0002, 0x0002, 0x0001,
0x0001, 0x0001, 0x0001, 0x0001, 0xffff, 0xfffe, 0xffff, 0xffff, 0xffff, 0xfffe, 0xffff, 0xfffd,
0xfffd, 0xfffd, 0xfffd, 0xfffd, 0xfffd, 0xfffb, 0xfffb, 0xfffb, 0xfffa, 0xfffb, 0xfffa, 0xfffb,
0xfffb, 0xfffb, 0xfffa, 0xfffb, 0xfffb, 0xfffa, 0xfffb, 0xfffb, 0xfffb, 0xfffb, 0xfffa, 0xfffb,
0xfffa, 0xfffb, 0xfffd, 0xfffd, 0xfffd, 0xfffd, 0xfffd, 0xfffd, 0xfffd, 0xfffc, 0xfffd, 0xffff,
0xffff, 0xfffe, 0xfffd, 0xfffd, 0xfffc, 0xfffe, 0xfffe, 0xfffe, 0x0000, 0x0000, 0x0000, 0xffff,
0xffff, 0x0000, 0x0000, 0x0000, 0x0000, 0x0001, 0x0001, 0x0001, 0x0001, 0x0002, 0x0003, 0x0002,
0x0003, 0x0004, 0x0005, 0x0004, 0x0003, 0x0003, 0x0002, 0x0004, 0x0005, 0x0005, 0x0005, 0x0005,
0x0005, 0x0004, 0x0005, 0x0005, 0x0005, 0x0005, 0x0005, 0x0005, 0x0003, 0x0003, 0x0003, 0x0002,
0x0004, 0x0004, 0x0004, 0x0005, 0x0004, 0x0003, 0x0003, 0x0003, 0x0003, 0x0003, 0x0003, 0x0003,
0x0003, 0x0004, 0x0002, 0x0001, 0x0001, 0x0001, 0x0001, 0x0001, 0x0001, 0x0001, 0x0001, 0x0001,
0x0001, 0x0000, 0x0000, 0x0000, 0x0001, 0xffff, 0xffff, 0xffff, 0xffff, 0xfffe, 0xfffc, 0xfffd,
0xfffd, 0xfffd, 0xfffd, 0xfffb, 0xfffb, 0xfffb, 0xfffb, 0xfffb, 0xfffb, 0xfffb, 0xfffb, 0xfffa,
0xfff9, 0xfff9, 0xfffa, 0xfffb, 0xfffb, 0xfffb, 0xfffb, 0xfffb, 0xfffb, 0xfffb, 0xfffb, 0xfffb,
0xfffb, 0xfffb, 0xfffb, 0xfffb, 0xfffb, 0xfffb, 0xfffb, 0xfffb, 0xfffb, 0xfffb, 0xfffb, 0xfffb,
0xfffb, 0xfffb, 0xfffa, 0xfffb, 0xfffb, 0xfffb, 0xfffa, 0xfffb, 0xfffc, 0xfffc, 0xfffc, 0xfffc,
0xfffc, 0xfffc, 0xfffc, 0xfffe, 0xfffe, 0xfffe, 0xfffe, 0xfffe, 0xfffe, 0xffff, 0x0000, 0x0000,
0x0000, 0x0000, 0x0001, 0x0001, 0x0001, 0x0001, 0x0001, 0x0001, 0x0001, 0x0001, 0x0002, 0x0003,
0x0003, 0x0003, 0x0003, 0x0003, 0x0003, 0x0003, 0x0003, 0x0005, 0x0005, 0x0005, 0x0005, 0x0005,
0x0006, 0x0005, 0x0005, 0x0006, 0x0005, 0x0005, 0x0005, 0x0005, 0x0005, 0x0006, 0x0005, 0x0007,
0x0006, 0x0005, 0x0006, 0x0005, 0x0005, 0x0005, 0x0006, 0x0005, 0x0006, 0x0006, 0x0004, 0x0004,
0x0003, 0x0004, 0x0003, 0x0003, 0x0004, 0x0003, 0x0004, 0x0002, 0x0001, 0x0002, 0x0002, 0x0001,
0x0001, 0x0001, 0x0000, 0x0001, 0x0000, 0x0000, 0x0000, 0x0000, 0x0000, 0x0001, 0xffff, 0xffff,
0xffff, 0xffff, 0xffff, 0xfffe, 0xfffd, 0xfffc, 0xfffd, 0xfffb, 0xfffb, 0xfffb, 0xfffa, 0xfffb,
0xfffb, 0xfff9, 0xfff8, 0xfff9, 0xfff8, 0xfff9, 0xfff8, 0xfff9, 0xfff8, 0xfff8, 0xfff8, 0xfff8,
0xfffa, 0xfff9, 0xfff9, 0xfffa, 0xfffa, 0xfffb, 0xfffa, 0xfffa, 0xfffa, 0xfffb, 0xfffa, 0xfffa,
0xfffa, 0xfffc, 0xfffc, 0xfffc, 0xfffc, 0xfffc, 0xfffc, 0xfffc, 0xfffc, 0xfffe, 0xfffe, 0xfffe,
0xffff, 0xfffe, 0x0000, 0x0000, 0x0000, 0x0001, 0x0001, 0x0000, 0x0000, 0x0001, 0x0002, 0x0001,
0x0002, 0x0001, 0x0003, 0x0004, 0x0002, 0x0002, 0x0002, 0x0001, 0x0003, 0x0004, 0x0002, 0x0002,
0x0002, 0x0001, 0x0001, 0x0001, 0x0001, 0x0002, 0x0001, 0x0001, 0x0001, 0x0001, 0x0001, 0x0002,
0x0002, 0x0002, 0x0001, 0x0001, 0x0002, 0x0001, 0x0001, 0x0002, 0x0002, 0x0002, 0x0002, 0x0002,
0x0002, 0x0001, 0x0001, 0x0001, 0x0001, 0x0001, 0x0001, 0x0001, 0x0001, 0x0000, 0x0001, 0x0001,
0x0001, 0x0001, 0x0001, 0x0001, 0x0001, 0x0001, 0x0001, 0x0001, 0x0000, 0x0000, 0x0001, 0x0001,
0x0001, 0x0001, 0x0001, 0x0000, 0x0000, 0x0000, 0x0001, 0x0001, 0x0000, 0x0000, 0x0000, 0x0000,
0x0000, 0x0000, 0x0000, 0x0001, 0x0002, 0x0002, 0x0001, 0x0000, 0x0001, 0x0001, 0x0001, 0x0000,
0x0000, 0x0000, 0x0001, 0x0001, 0x0001, 0x0001, 0x0001, 0x0000, 0xffff, 0xffff, 0xffff, 0xffff,
0xffff, 0xffff, 0xfffe, 0xffff, 0xffff, 0xfffe, 0xfffe, 0xfffe, 0xfffe, 0x0000, 0x0000, 0x0000,
0x0000, 0x0000, 0x0001, 0x0001, 0x0001, 0x0001, 0x0001, 0x0000, 0x0000, 0x0001, 0x0001, 0x0001,
0x0000, 0x0001, 0x0001, 0x0000, 0x0001, 0x0001, 0x0001, 0x0001, 0x0000, 0x0000, 0x0001, 0x0000,
0x0000, 0x0001, 0x0001, 0xffff, 0xfffe, 0x0000, 0x0000, 0x0001, 0x0001, 0x0000, 0x0000, 0x0000,
0x0000, 0x0001, 0x0001, 0x0001, 0x0001, 0x0001, 0xffff, 0xfffe, 0xfffe, 0x0000, 0x0001, 0x0000,
0x0000, 0x0001, 0xffff, 0xffff, 0xffff, 0xfffe, 0xffff, 0xffff, 0xffff, 0xfffe, 0xffff, 0xffff,
0xffff, 0xffff, 0xffff, 0xffff, 0xfffd, 0xfffd, 0xfffd, 0xfffc, 0xfffe, 0xfffe, 0xfffe, 0xfffe,
0xfffe, 0xfffe, 0xfffe, 0x0000, 0x0000, 0x0000, 0x0000, 0x0001, 0x0000, 0xfffe, 0xfffe, 0xfffe,
0xffff, 0xfffe, 0xfffe, 0xfffe, 0xfffe, 0xffff, 0x0000, 0x0000, 0x0000, 0x0000, 0x0000, 0x0000,
0x0000, 0x0000, 0x0001, 0x0001, 0x0001, 0x0001, 0x0001, 0x0000, 0x0001, 0x0001, 0x0001, 0x0001,
0x0001, 0x0001, 0x0001, 0x0001, 0x0001, 0x0002, 0x0003, 0x0004, 0x0004, 0x0003, 0x0003, 0x0004,
0x0003, 0x0003, 0x0004, 0x0004, 0x0002, 0x0002, 0x0001, 0x0001, 0x0002, 0x0002, 0x0001, 0x0001,
0x0002, 0x0001, 0x0001, 0x0001, 0x0001, 0x0001, 0x0001, 0x0001, 0x0001, 0x0001, 0x0001, 0x0001,
0x0002, 0x0001, 0x0000, 0x0001, 0x0000, 0x0000, 0x0000, 0x0001, 0x0001, 0x0000, 0x0000, 0x0000,
0x0000, 0x0001, 0x0000, 0xfffe, 0x0000, 0xffff, 0xfffe, 0x0000, 0x0000, 0x0000, 0x0000, 0x0001,
0x0000, 0x0000, 0x0001, 0x0001, 0x0000, 0x0000, 0x0000, 0x0000, 0x0001, 0x0000, 0x0000, 0x0001,
0x0000, 0x0000, 0x0000, 0x0001, 0xffff, 0xfffe, 0xffff, 0xfffe, 0xffff, 0xffff, 0xfffd, 0xfffd,
0xfffd, 0xfffc, 0xfffd, 0xfffd, 0xfffd, 0xfffd, 0xfffd, 0xfffd, 0xfffd, 0xfffd, 0xfffd, 0xfffd,
0xfffd, 0xfffd, 0xfffc, 0xfffd, 0xfffd, 0xfffd, 0xfffc, 0xfffc, 0xfffe, 0xffff, 0xfffe, 0xfffe,
0xfffe, 0xffff, 0xffff, 0xffff, 0xffff, 0xffff, 0xfffe, 0x0000, 0x0000, 0x0000, 0x0000, 0x0000,
0x0000, 0x0000, 0x0000, 0x0001, 0x0001, 0x0000, 0x0001, 0x0000, 0x0001, 0x0001, 0x0001, 0x0001,
0x0001, 0x0001, 0x0001, 0x0001, 0x0001, 0x0003, 0x0002, 0x0001, 0x0001, 0x0001, 0x0001, 0x0003,
0x0004, 0x0004, 0x0002, 0x0001, 0x0002, 0x0001, 0x0002, 0x0002, 0x0002, 0x0001, 0x0001, 0x0002,
0x0001, 0x0001, 0x0001, 0x0001, 0x0001, 0x0000, 0x0000, 0x0000, 0x0000, 0x0001, 0x0001, 0x0000,
0x0001, 0x0001, 0x0001, 0x0001, 0x0000, 0x0001, 0x0000, 0x0001, 0x0001, 0x0000, 0x0000, 0x0001,
0x0001, 0x0001, 0x0001, 0x0000, 0x0001, 0x0000, 0x0001, 0x0001, 0x0001, 0x0001, 0x0001, 0x0001,
0x0001, 0xffff, 0x0000, 0x0001, 0x0000, 0x0001, 0x0001, 0x0001, 0x0001, 0x0001, 0x0001, 0x0001,
0x0001, 0x0002, 0x0002, 0x0001, 0x0002, 0x0002, 0x0002, 0x0001, 0x0001, 0x0002, 0x0001, 0x0002,
0x0002, 0x0002, 0x0001, 0x0000, 0x0001, 0x0002, 0x0002, 0x0001, 0x0001, 0x0002, 0x0002, 0x0001,
0x0000, 0x0001, 0x0001, 0x0001, 0x0002, 0x0002, 0x0001, 0x0002, 0x0000, 0x0000, 0x0001, 0x0001,
0x0001, 0x0001, 0x0002, 0x0001, 0x0001, 0x0001, 0x0001, 0x0000, 0x0000, 0x0000, 0x0000, 0x0001,
0x0000, 0x0000, 0x0000, 0x0000, 0x0000, 0x0001, 0x0001, 0x0001, 0xffff, 0xfffe, 0xfffe, 0x0000,
0x0000, 0x0001, 0xffff, 0xfffe, 0xffff, 0xfffe, 0xfffe, 0xfffe, 0xffff, 0xfffe, 0xffff, 0xffff,
0xffff, 0xfffe, 0xffff, 0xffff, 0xffff, 0xffff, 0xfffd, 0xfffc, 0xfffe, 0xfffe, 0xfffe, 0xfffe,
0xfffe, 0xffff, 0xfffd, 0xfffd, 0xfffc, 0xfffe, 0xfffe, 0xfffe, 0xfffe, 0xfffe, 0xfffe, 0xfffe,
0xfffe, 0xfffe, 0xfffe, 0xfffe, 0xfffe, 0xfffe, 0x0000, 0x0000, 0x0000, 0x0000, 0x0000, 0x0001,
0x0000, 0x0000, 0x0000, 0x0000, 0x0000, 0x0001, 0x0001, 0x0001, 0xffff, 0xfffe, 0x0000, 0x0000,
0x0001, 0xffff, 0xfffe, 0xfffe, 0x0000, 0x0000, 0x0000, 0x0000, 0x0000, 0x0000, 0x0001, 0x0001,
0x0000, 0x0001, 0x0000, 0x0000, 0x0000, 0x0001, 0x0001, 0x0001, 0x0002, 0x0001, 0x0002, 0x0001,
0x0001, 0x0002, 0x0002, 0x0002, 0x0001, 0x0001, 0x0001, 0x0000, 0x0000, 0x0001, 0x0002, 0x0002,
0x0002, 0x0002, 0x0001, 0x0000, 0x0000, 0x0000, 0x0001, 0x0002, 0x0001, 0x0001, 0x0001, 0x0001,
0x0001, 0x0001, 0x0001, 0x0001, 0x0001, 0x0001, 0x0001, 0x0001, 0x0001, 0x0002, 0x0001, 0x0001,
0x0001, 0x0001, 0x0001, 0x0001, 0x0001, 0x0001, 0x0000, 0x0001, 0x0000, 0x0001, 0x0001, 0x0000,
0x0000, 0x0000, 0x0001, 0x0001, 0x0000, 0x0001, 0x0001, 0xffff, 0xfffe, 0xffff, 0xfffe, 0x0000,
0x0001, 0x0000, 0x0000, 0x0000, 0x0001, 0x0000, 0x0001, 0x0000, 0x0000, 0x0001, 0x0001, 0x0000,
0x0001, 0x0000, 0x0000, 0x0001, 0x0000, 0x0001, 0x0000, 0x0001, 0x0001, 0xffff, 0xfffe, 0xffff,
0xffff, 0xffff, 0xffff, 0xffff, 0xffff, 0xfffd, 0xfffc, 0xfffc, 0xfffe, 0xffff, 0xfffd, 0xfffe,
0xffff, 0xffff, 0xfffd, 0xfffc, 0xfffc, 0xfffe, 0xffff, 0xffff, 0xfffe, 0xfffe, 0xfffe, 0xffff,
0x0000, 0x0000, 0x0000, 0x0000, 0x0001, 0x0000, 0x0000, 0x0001, 0x0000, 0x0001, 0x0001, 0x0001,
0x0001, 0x0002, 0x0002, 0x0001, 0x0001, 0x0001, 0x0001, 0x0001, 0x0002, 0x0004, 0x0001, 0x0003,
0x0002, 0x0001, 0x0003, 0x0003, 0x0003, 0x0003, 0x0003, 0x0003, 0x0003, 0x0004, 0x0003, 0x0003,
0x0003, 0x0003, 0x0003, 0x0003, 0x0004, 0x0002, 0x0002, 0x0001, 0x0003, 0x0002, 0x0001, 0x0003,
0x0002, 0x0001, 0x0002, 0x0001, 0x0001, 0x0000, 0x0000, 0x0000, 0x0000, 0x0000, 0x0000, 0x0000,
0x0001, 0x0000, 0x0000, 0x0000, 0x0000, 0x0000, 0x0000, 0x0001, 0xffff, 0xfffe, 0xfffe, 0x0000,
0xffff, 0xfffe, 0xfffe, 0xfffe, 0xffff, 0xfffe, 0xfffe, 0xfffe, 0xffff, 0xfffe, 0xffff, 0xfffe,
0xfffc, 0xfffd, 0xfffd, 0xfffd, 0xfffc, 0xfffc, 0xfffc, 0xfffc, 0xfffd, 0xfffe, 0xfffe, 0xfffe,
0xffff, 0xfffd, 0xfffe, 0xfffd, 
};

typedef struct { const u16* data; u32 len; const char* name; } audio_file_t;

#define N_AUDIO_FILES 6
static const audio_file_t audio_files[N_AUDIO_FILES] = {
    { audio_on_good, 16000u, "ON  (good)" },
    { audio_off_good, 16000u, "OFF (good)" },
    { audio_other_good, 16000u, "OTHER (good)" },
    { audio_on_bad, 16000u, "ON  (bad)" },
    { audio_other_bad, 16000u, "OTHER (bad)" },
    { audio_other_bad2, 16000u, "OTHER (bad2)" },
};

#endif /* AUDIO_FILES_H */
