Copyright 1986-2018 Xilinx, Inc. All Rights Reserved.
--------------------------------------------------------------------------------------------------------------------------------------------------------------------------------------------------------------------------------------------------
| Tool Version : Vivado v.2018.3 (win64) Build 2405991 Thu Dec  6 23:38:27 MST 2018
| Date         : Wed Jun 17 16:45:54 2026
| Host         : DESKTOP-7AQFPH4 running 64-bit major release  (build 9200)
| Command      : report_timing_summary -max_paths 10 -file zedboard_pnyq_ssr_wrapper_timing_summary_routed.rpt -pb zedboard_pnyq_ssr_wrapper_timing_summary_routed.pb -rpx zedboard_pnyq_ssr_wrapper_timing_summary_routed.rpx -warn_on_violation
| Design       : zedboard_pnyq_ssr_wrapper
| Device       : 7z020-clg484
| Speed File   : -1  PRODUCTION 1.11 2014-09-11
--------------------------------------------------------------------------------------------------------------------------------------------------------------------------------------------------------------------------------------------------

Timing Summary Report

------------------------------------------------------------------------------------------------
| Timer Settings
| --------------
------------------------------------------------------------------------------------------------

  Enable Multi Corner Analysis               :  Yes
  Enable Pessimism Removal                   :  Yes
  Pessimism Removal Resolution               :  Nearest Common Node
  Enable Input Delay Default Clock           :  No
  Enable Preset / Clear Arcs                 :  No
  Disable Flight Delays                      :  No
  Ignore I/O Paths                           :  No
  Timing Early Launch at Borrowing Latches   :  false

  Corner  Analyze    Analyze    
  Name    Max Paths  Min Paths  
  ------  ---------  ---------  
  Slow    Yes        Yes        
  Fast    Yes        Yes        



check_timing report

Table of Contents
-----------------
1. checking no_clock
2. checking constant_clock
3. checking pulse_width_clock
4. checking unconstrained_internal_endpoints
5. checking no_input_delay
6. checking no_output_delay
7. checking multiple_clock
8. checking generated_clocks
9. checking loops
10. checking partial_input_delay
11. checking partial_output_delay
12. checking latch_loops

1. checking no_clock
--------------------
 There are 0 register/latch pins with no clock.


2. checking constant_clock
--------------------------
 There are 0 register/latch pins with constant_clock.


3. checking pulse_width_clock
-----------------------------
 There are 0 register/latch pins which need pulse_width check


4. checking unconstrained_internal_endpoints
--------------------------------------------
 There are 0 pins that are not constrained for maximum delay.

 There are 0 pins that are not constrained for maximum delay due to constant clock.


5. checking no_input_delay
--------------------------
 There are 0 input ports with no input delay specified.

 There are 0 input ports with no input delay but user has a false path constraint.


6. checking no_output_delay
---------------------------
 There is 1 port with no output delay specified. (HIGH)

 There are 0 ports with no output delay but user has a false path constraint

 There are 0 ports with no output delay but with a timing clock defined on it or propagating through it


7. checking multiple_clock
--------------------------
 There are 0 register/latch pins with multiple clocks.


8. checking generated_clocks
----------------------------
 There are 0 generated clocks that are not connected to a clock source.


9. checking loops
-----------------
 There are 0 combinational loops in the design.


10. checking partial_input_delay
--------------------------------
 There are 0 input ports with partial input delay specified.


11. checking partial_output_delay
---------------------------------
 There are 0 ports with partial output delay specified.


12. checking latch_loops
------------------------
 There are 0 combinational latch loops in the design through latch input



------------------------------------------------------------------------------------------------
| Design Timing Summary
| ---------------------
------------------------------------------------------------------------------------------------

    WNS(ns)      TNS(ns)  TNS Failing Endpoints  TNS Total Endpoints      WHS(ns)      THS(ns)  THS Failing Endpoints  THS Total Endpoints     WPWS(ns)     TPWS(ns)  TPWS Failing Endpoints  TPWS Total Endpoints  
    -------      -------  ---------------------  -------------------      -------      -------  ---------------------  -------------------     --------     --------  ----------------------  --------------------  
     21.915        0.000                      0                64928        0.032        0.000                      0                64928       23.750        0.000                       0                 21457  


All user specified timing constraints are met.


------------------------------------------------------------------------------------------------
| Clock Summary
| -------------
------------------------------------------------------------------------------------------------

Clock       Waveform(ns)       Period(ns)      Frequency(MHz)
-----       ------------       ----------      --------------
clk_fpga_0  {0.000 25.000}     50.000          20.000          


------------------------------------------------------------------------------------------------
| Intra Clock Table
| -----------------
------------------------------------------------------------------------------------------------

Clock             WNS(ns)      TNS(ns)  TNS Failing Endpoints  TNS Total Endpoints      WHS(ns)      THS(ns)  THS Failing Endpoints  THS Total Endpoints     WPWS(ns)     TPWS(ns)  TPWS Failing Endpoints  TPWS Total Endpoints  
-----             -------      -------  ---------------------  -------------------      -------      -------  ---------------------  -------------------     --------     --------  ----------------------  --------------------  
clk_fpga_0         21.915        0.000                      0                64928        0.032        0.000                      0                64928       23.750        0.000                       0                 21457  


------------------------------------------------------------------------------------------------
| Inter Clock Table
| -----------------
------------------------------------------------------------------------------------------------

From Clock    To Clock          WNS(ns)      TNS(ns)  TNS Failing Endpoints  TNS Total Endpoints      WHS(ns)      THS(ns)  THS Failing Endpoints  THS Total Endpoints  
----------    --------          -------      -------  ---------------------  -------------------      -------      -------  ---------------------  -------------------  


------------------------------------------------------------------------------------------------
| Other Path Groups Table
| -----------------------
------------------------------------------------------------------------------------------------

Path Group    From Clock    To Clock          WNS(ns)      TNS(ns)  TNS Failing Endpoints  TNS Total Endpoints      WHS(ns)      THS(ns)  THS Failing Endpoints  THS Total Endpoints  
----------    ----------    --------          -------      -------  ---------------------  -------------------      -------      -------  ---------------------  -------------------  


------------------------------------------------------------------------------------------------
| Timing Details
| --------------
------------------------------------------------------------------------------------------------


---------------------------------------------------------------------------------------------------
From Clock:  clk_fpga_0
  To Clock:  clk_fpga_0

Setup :            0  Failing Endpoints,  Worst Slack       21.915ns,  Total Violation        0.000ns
Hold  :            0  Failing Endpoints,  Worst Slack        0.032ns,  Total Violation        0.000ns
PW    :            0  Failing Endpoints,  Worst Slack       23.750ns,  Total Violation        0.000ns
---------------------------------------------------------------------------------------------------


Max Delay Paths
--------------------------------------------------------------------------------------
Slack (MET) :             21.915ns  (required time - arrival time)
  Source:                 zedboard_pnyq_ssr_i/top_ssr_0/inst/u_top_system/u_dsp_chain/u_agg/calc_k_reg[1]/C
                            (rising edge-triggered cell FDRE clocked by clk_fpga_0  {rise@0.000ns fall@25.000ns period=50.000ns})
  Destination:            zedboard_pnyq_ssr_i/top_ssr_0/inst/u_top_system/u_dsp_chain/u_agg/feat_mem_reg[3][4]/D
                            (rising edge-triggered cell FDRE clocked by clk_fpga_0  {rise@0.000ns fall@25.000ns period=50.000ns})
  Path Group:             clk_fpga_0
  Path Type:              Setup (Max at Slow Process Corner)
  Requirement:            50.000ns  (clk_fpga_0 rise@50.000ns - clk_fpga_0 rise@0.000ns)
  Data Path Delay:        27.225ns  (logic 10.631ns (39.049%)  route 16.594ns (60.951%))
  Logic Levels:           36  (CARRY4=21 LUT1=1 LUT2=1 LUT3=5 LUT4=4 LUT5=1 LUT6=3)
  Clock Path Skew:        -0.051ns (DCD - SCD + CPR)
    Destination Clock Delay (DCD):    2.891ns = ( 52.891 - 50.000 ) 
    Source Clock Delay      (SCD):    3.189ns
    Clock Pessimism Removal (CPR):    0.247ns
  Clock Uncertainty:      0.751ns  ((TSJ^2 + TIJ^2)^1/2 + DJ) / 2 + PE
    Total System Jitter     (TSJ):    0.071ns
    Total Input Jitter      (TIJ):    1.500ns
    Discrete Jitter          (DJ):    0.000ns
    Phase Error              (PE):    0.000ns

    Location             Delay type                Incr(ns)  Path(ns)    Netlist Resource(s)
  -------------------------------------------------------------------    -------------------
                         (clock clk_fpga_0 rise edge)
                                                      0.000     0.000 r  
    PS7_X0Y0             PS7                          0.000     0.000 r  zedboard_pnyq_ssr_i/processing_system7_0/inst/PS7_i/FCLKCLK[0]
                         net (fo=1, routed)           1.193     1.193    zedboard_pnyq_ssr_i/processing_system7_0/inst/FCLK_CLK_unbuffered[0]
    BUFGCTRL_X0Y16       BUFG (Prop_bufg_I_O)         0.101     1.294 r  zedboard_pnyq_ssr_i/processing_system7_0/inst/buffer_fclk_clk_0.FCLK_CLK_0_BUFG/O
                         net (fo=21462, routed)       1.895     3.189    zedboard_pnyq_ssr_i/top_ssr_0/inst/u_top_system/u_dsp_chain/u_agg/s00_axi_aclk
    SLICE_X80Y126        FDRE                                         r  zedboard_pnyq_ssr_i/top_ssr_0/inst/u_top_system/u_dsp_chain/u_agg/calc_k_reg[1]/C
  -------------------------------------------------------------------    -------------------
    SLICE_X80Y126        FDRE (Prop_fdre_C_Q)         0.456     3.645 r  zedboard_pnyq_ssr_i/top_ssr_0/inst/u_top_system/u_dsp_chain/u_agg/calc_k_reg[1]/Q
                         net (fo=309, routed)         2.473     6.118    zedboard_pnyq_ssr_i/top_ssr_0/inst/u_top_system/u_dsp_chain/u_agg/sel0[1]
    SLICE_X105Y110       LUT6 (Prop_lut6_I2_O)        0.124     6.242 f  zedboard_pnyq_ssr_i/top_ssr_0/inst/u_top_system/u_dsp_chain/u_agg/suma_sq0_i_97/O
                         net (fo=1, routed)           1.071     7.314    zedboard_pnyq_ssr_i/top_ssr_0/inst/u_top_system/u_dsp_chain/u_agg/suma_sq0_i_97_n_0
    SLICE_X107Y111       LUT6 (Prop_lut6_I1_O)        0.124     7.438 f  zedboard_pnyq_ssr_i/top_ssr_0/inst/u_top_system/u_dsp_chain/u_agg/suma_sq0_i_30/O
                         net (fo=7, routed)           0.711     8.149    zedboard_pnyq_ssr_i/top_ssr_0/inst/u_top_system/u_dsp_chain/u_agg/suma_sq0_i_30_n_0
    SLICE_X104Y111       LUT1 (Prop_lut1_I0_O)        0.124     8.273 r  zedboard_pnyq_ssr_i/top_ssr_0/inst/u_top_system/u_dsp_chain/u_agg/feat_mem[12][3]_i_158/O
                         net (fo=1, routed)           0.000     8.273    zedboard_pnyq_ssr_i/top_ssr_0/inst/u_top_system/u_dsp_chain/u_agg/feat_mem[12][3]_i_158_n_0
    SLICE_X104Y111       CARRY4 (Prop_carry4_S[1]_CO[3])
                                                      0.533     8.806 r  zedboard_pnyq_ssr_i/top_ssr_0/inst/u_top_system/u_dsp_chain/u_agg/feat_mem_reg[12][3]_i_134/CO[3]
                         net (fo=1, routed)           0.000     8.806    zedboard_pnyq_ssr_i/top_ssr_0/inst/u_top_system/u_dsp_chain/u_agg/feat_mem_reg[12][3]_i_134_n_0
    SLICE_X104Y112       CARRY4 (Prop_carry4_CI_CO[3])
                                                      0.117     8.923 r  zedboard_pnyq_ssr_i/top_ssr_0/inst/u_top_system/u_dsp_chain/u_agg/feat_mem_reg[12][3]_i_105/CO[3]
                         net (fo=1, routed)           0.000     8.923    zedboard_pnyq_ssr_i/top_ssr_0/inst/u_top_system/u_dsp_chain/u_agg/feat_mem_reg[12][3]_i_105_n_0
    SLICE_X104Y113       CARRY4 (Prop_carry4_CI_O[2])
                                                      0.239     9.162 r  zedboard_pnyq_ssr_i/top_ssr_0/inst/u_top_system/u_dsp_chain/u_agg/feat_mem_reg[12][3]_i_74/O[2]
                         net (fo=1, routed)           1.379    10.541    zedboard_pnyq_ssr_i/top_ssr_0/inst/u_top_system/u_dsp_chain/u_agg/feat_mem_reg[12][3]_i_74_n_5
    SLICE_X108Y115       LUT3 (Prop_lut3_I1_O)        0.327    10.868 r  zedboard_pnyq_ssr_i/top_ssr_0/inst/u_top_system/u_dsp_chain/u_agg/feat_mem[12][3]_i_45/O
                         net (fo=19, routed)          0.994    11.862    zedboard_pnyq_ssr_i/top_ssr_0/inst/u_top_system/u_dsp_chain/u_agg/feat_mem[12][3]_i_45_n_0
    SLICE_X102Y116       LUT3 (Prop_lut3_I1_O)        0.328    12.190 r  zedboard_pnyq_ssr_i/top_ssr_0/inst/u_top_system/u_dsp_chain/u_agg/feat_mem[12][3]_i_186/O
                         net (fo=2, routed)           0.584    12.774    zedboard_pnyq_ssr_i/top_ssr_0/inst/u_top_system/u_dsp_chain/u_agg/feat_mem[12][3]_i_186_n_0
    SLICE_X103Y116       LUT4 (Prop_lut4_I3_O)        0.124    12.898 r  zedboard_pnyq_ssr_i/top_ssr_0/inst/u_top_system/u_dsp_chain/u_agg/feat_mem[12][3]_i_190/O
                         net (fo=1, routed)           0.000    12.898    zedboard_pnyq_ssr_i/top_ssr_0/inst/u_top_system/u_dsp_chain/u_agg/feat_mem[12][3]_i_190_n_0
    SLICE_X103Y116       CARRY4 (Prop_carry4_S[1]_CO[3])
                                                      0.550    13.448 r  zedboard_pnyq_ssr_i/top_ssr_0/inst/u_top_system/u_dsp_chain/u_agg/feat_mem_reg[12][3]_i_166/CO[3]
                         net (fo=1, routed)           0.000    13.448    zedboard_pnyq_ssr_i/top_ssr_0/inst/u_top_system/u_dsp_chain/u_agg/feat_mem_reg[12][3]_i_166_n_0
    SLICE_X103Y117       CARRY4 (Prop_carry4_CI_CO[3])
                                                      0.114    13.562 r  zedboard_pnyq_ssr_i/top_ssr_0/inst/u_top_system/u_dsp_chain/u_agg/feat_mem_reg[12][3]_i_147/CO[3]
                         net (fo=1, routed)           0.000    13.562    zedboard_pnyq_ssr_i/top_ssr_0/inst/u_top_system/u_dsp_chain/u_agg/feat_mem_reg[12][3]_i_147_n_0
    SLICE_X103Y118       CARRY4 (Prop_carry4_CI_CO[3])
                                                      0.114    13.676 r  zedboard_pnyq_ssr_i/top_ssr_0/inst/u_top_system/u_dsp_chain/u_agg/feat_mem_reg[12][3]_i_119/CO[3]
                         net (fo=1, routed)           0.000    13.676    zedboard_pnyq_ssr_i/top_ssr_0/inst/u_top_system/u_dsp_chain/u_agg/feat_mem_reg[12][3]_i_119_n_0
    SLICE_X103Y119       CARRY4 (Prop_carry4_CI_O[3])
                                                      0.313    13.989 r  zedboard_pnyq_ssr_i/top_ssr_0/inst/u_top_system/u_dsp_chain/u_agg/feat_mem_reg[12][3]_i_88/O[3]
                         net (fo=3, routed)           1.066    15.054    zedboard_pnyq_ssr_i/top_ssr_0/inst/u_top_system/u_dsp_chain/u_agg/feat_mem_reg[12][3]_i_88_n_4
    SLICE_X108Y120       LUT3 (Prop_lut3_I2_O)        0.330    15.384 r  zedboard_pnyq_ssr_i/top_ssr_0/inst/u_top_system/u_dsp_chain/u_agg/feat_mem[12][3]_i_92/O
                         net (fo=2, routed)           1.157    16.541    zedboard_pnyq_ssr_i/top_ssr_0/inst/u_top_system/u_dsp_chain/u_agg/feat_mem[12][3]_i_92_n_0
    SLICE_X107Y119       LUT6 (Prop_lut6_I5_O)        0.328    16.869 r  zedboard_pnyq_ssr_i/top_ssr_0/inst/u_top_system/u_dsp_chain/u_agg/feat_mem[12][3]_i_57/O
                         net (fo=1, routed)           0.000    16.869    zedboard_pnyq_ssr_i/top_ssr_0/inst/u_top_system/u_dsp_chain/u_agg/feat_mem[12][3]_i_57_n_0
    SLICE_X107Y119       CARRY4 (Prop_carry4_S[1]_CO[3])
                                                      0.550    17.419 r  zedboard_pnyq_ssr_i/top_ssr_0/inst/u_top_system/u_dsp_chain/u_agg/feat_mem_reg[12][3]_i_29/CO[3]
                         net (fo=1, routed)           0.000    17.419    zedboard_pnyq_ssr_i/top_ssr_0/inst/u_top_system/u_dsp_chain/u_agg/feat_mem_reg[12][3]_i_29_n_0
    SLICE_X107Y120       CARRY4 (Prop_carry4_CI_CO[3])
                                                      0.114    17.533 r  zedboard_pnyq_ssr_i/top_ssr_0/inst/u_top_system/u_dsp_chain/u_agg/feat_mem_reg[12][3]_i_12/CO[3]
                         net (fo=1, routed)           0.000    17.533    zedboard_pnyq_ssr_i/top_ssr_0/inst/u_top_system/u_dsp_chain/u_agg/feat_mem_reg[12][3]_i_12_n_0
    SLICE_X107Y121       CARRY4 (Prop_carry4_CI_O[3])
                                                      0.313    17.846 r  zedboard_pnyq_ssr_i/top_ssr_0/inst/u_top_system/u_dsp_chain/u_agg/feat_mem_reg[12][3]_i_3/O[3]
                         net (fo=9, routed)           0.641    18.487    zedboard_pnyq_ssr_i/top_ssr_0/inst_n_12
    SLICE_X106Y120       LUT2 (Prop_lut2_I1_O)        0.306    18.793 r  zedboard_pnyq_ssr_i/top_ssr_0/feat_mem[12][15]_i_171/O
                         net (fo=1, routed)           0.000    18.793    zedboard_pnyq_ssr_i/top_ssr_0/feat_mem[12][15]_i_171_n_0
    SLICE_X106Y120       CARRY4 (Prop_carry4_S[1]_CO[3])
                                                      0.550    19.343 r  zedboard_pnyq_ssr_i/top_ssr_0/feat_mem_reg[12][15]_i_147/CO[3]
                         net (fo=1, routed)           0.000    19.343    zedboard_pnyq_ssr_i/top_ssr_0/feat_mem_reg[12][15]_i_147_n_0
    SLICE_X106Y121       CARRY4 (Prop_carry4_CI_O[2])
                                                      0.239    19.582 r  zedboard_pnyq_ssr_i/top_ssr_0/feat_mem_reg[12][15]_i_124/O[2]
                         net (fo=2, routed)           0.870    20.452    zedboard_pnyq_ssr_i/top_ssr_0/feat_mem_reg[12][15]_i_124_n_5
    SLICE_X112Y123       LUT3 (Prop_lut3_I1_O)        0.302    20.754 r  zedboard_pnyq_ssr_i/top_ssr_0/feat_mem[12][15]_i_96/O
                         net (fo=2, routed)           0.435    21.189    zedboard_pnyq_ssr_i/top_ssr_0/feat_mem[12][15]_i_96_n_0
    SLICE_X110Y123       LUT4 (Prop_lut4_I3_O)        0.124    21.313 r  zedboard_pnyq_ssr_i/top_ssr_0/feat_mem[12][15]_i_100/O
                         net (fo=1, routed)           0.000    21.313    zedboard_pnyq_ssr_i/top_ssr_0/feat_mem[12][15]_i_100_n_0
    SLICE_X110Y123       CARRY4 (Prop_carry4_S[0]_CO[3])
                                                      0.532    21.845 r  zedboard_pnyq_ssr_i/top_ssr_0/feat_mem_reg[12][15]_i_68/CO[3]
                         net (fo=1, routed)           0.000    21.845    zedboard_pnyq_ssr_i/top_ssr_0/feat_mem_reg[12][15]_i_68_n_0
    SLICE_X110Y124       CARRY4 (Prop_carry4_CI_CO[3])
                                                      0.114    21.959 r  zedboard_pnyq_ssr_i/top_ssr_0/feat_mem_reg[12][15]_i_44/CO[3]
                         net (fo=1, routed)           0.009    21.968    zedboard_pnyq_ssr_i/top_ssr_0/feat_mem_reg[12][15]_i_44_n_0
    SLICE_X110Y125       CARRY4 (Prop_carry4_CI_O[1])
                                                      0.334    22.302 r  zedboard_pnyq_ssr_i/top_ssr_0/feat_mem_reg[12][15]_i_24/O[1]
                         net (fo=3, routed)           0.984    23.286    zedboard_pnyq_ssr_i/top_ssr_0/inst/u_top_system/u_dsp_chain/u_agg/feat_mem_reg[12][15]_i_15_0[1]
    SLICE_X105Y125       LUT4 (Prop_lut4_I1_O)        0.303    23.589 r  zedboard_pnyq_ssr_i/top_ssr_0/inst/u_top_system/u_dsp_chain/u_agg/feat_mem[12][15]_i_37/O
                         net (fo=1, routed)           0.000    23.589    zedboard_pnyq_ssr_i/top_ssr_0/inst/u_top_system/u_dsp_chain/u_agg/feat_mem[12][15]_i_37_n_0
    SLICE_X105Y125       CARRY4 (Prop_carry4_S[1]_CO[3])
                                                      0.550    24.139 r  zedboard_pnyq_ssr_i/top_ssr_0/inst/u_top_system/u_dsp_chain/u_agg/feat_mem_reg[12][15]_i_15/CO[3]
                         net (fo=1, routed)           0.000    24.139    zedboard_pnyq_ssr_i/top_ssr_0/inst/u_top_system/u_dsp_chain/u_agg/feat_mem_reg[12][15]_i_15_n_0
    SLICE_X105Y126       CARRY4 (Prop_carry4_CI_CO[1])
                                                      0.157    24.296 r  zedboard_pnyq_ssr_i/top_ssr_0/inst/u_top_system/u_dsp_chain/u_agg/feat_mem_reg[12][15]_i_10/CO[1]
                         net (fo=1, routed)           0.506    24.802    zedboard_pnyq_ssr_i/top_ssr_0/inst/u_top_system/u_dsp_chain/u_agg/feat_mem_reg[12][15]_i_10_n_2
    SLICE_X106Y126       LUT4 (Prop_lut4_I0_O)        0.329    25.131 r  zedboard_pnyq_ssr_i/top_ssr_0/inst/u_top_system/u_dsp_chain/u_agg/feat_mem[12][15]_i_4/O
                         net (fo=42, routed)          0.724    25.855    zedboard_pnyq_ssr_i/top_ssr_0/inst/u_top_system/u_dsp_chain/u_agg/feat_mem[12][15]_i_4_n_0
    SLICE_X111Y120       LUT3 (Prop_lut3_I1_O)        0.124    25.979 r  zedboard_pnyq_ssr_i/top_ssr_0/inst/u_top_system/u_dsp_chain/u_agg/feat_mem[12][2]_i_13/O
                         net (fo=1, routed)           0.613    26.591    zedboard_pnyq_ssr_i/top_ssr_0/inst/u_top_system/u_dsp_chain/u_agg/feat_mem[12][2]_i_13_n_0
    SLICE_X111Y121       CARRY4 (Prop_carry4_CYINIT_CO[3])
                                                      0.580    27.171 r  zedboard_pnyq_ssr_i/top_ssr_0/inst/u_top_system/u_dsp_chain/u_agg/feat_mem_reg[12][2]_i_8/CO[3]
                         net (fo=1, routed)           0.000    27.171    zedboard_pnyq_ssr_i/top_ssr_0/inst/u_top_system/u_dsp_chain/u_agg/feat_mem_reg[12][2]_i_8_n_0
    SLICE_X111Y122       CARRY4 (Prop_carry4_CI_CO[3])
                                                      0.114    27.285 r  zedboard_pnyq_ssr_i/top_ssr_0/inst/u_top_system/u_dsp_chain/u_agg/feat_mem_reg[12][2]_i_3/CO[3]
                         net (fo=1, routed)           0.000    27.285    zedboard_pnyq_ssr_i/top_ssr_0/inst/u_top_system/u_dsp_chain/u_agg/feat_mem_reg[12][2]_i_3_n_0
    SLICE_X111Y123       CARRY4 (Prop_carry4_CI_CO[3])
                                                      0.114    27.399 r  zedboard_pnyq_ssr_i/top_ssr_0/inst/u_top_system/u_dsp_chain/u_agg/feat_mem_reg[12][2]_i_2/CO[3]
                         net (fo=1, routed)           0.000    27.399    zedboard_pnyq_ssr_i/top_ssr_0/inst/u_top_system/u_dsp_chain/u_agg/feat_mem_reg[12][2]_i_2_n_0
    SLICE_X111Y124       CARRY4 (Prop_carry4_CI_O[1])
                                                      0.334    27.733 r  zedboard_pnyq_ssr_i/top_ssr_0/inst/u_top_system/u_dsp_chain/u_agg/feat_mem_reg[12][6]_i_2/O[1]
                         net (fo=1, routed)           0.505    28.238    zedboard_pnyq_ssr_i/top_ssr_0/inst/u_top_system/u_dsp_chain/u_agg/feat_mem_reg[12][6]_i_2_n_6
    SLICE_X108Y124       LUT5 (Prop_lut5_I1_O)        0.303    28.541 r  zedboard_pnyq_ssr_i/top_ssr_0/inst/u_top_system/u_dsp_chain/u_agg/feat_mem[12][4]_i_1/O
                         net (fo=16, routed)          1.873    30.414    zedboard_pnyq_ssr_i/top_ssr_0/inst/u_top_system/u_dsp_chain/u_agg/p_1_in[4]
    SLICE_X87Y132        FDRE                                         r  zedboard_pnyq_ssr_i/top_ssr_0/inst/u_top_system/u_dsp_chain/u_agg/feat_mem_reg[3][4]/D
  -------------------------------------------------------------------    -------------------

                         (clock clk_fpga_0 rise edge)
                                                     50.000    50.000 r  
    PS7_X0Y0             PS7                          0.000    50.000 r  zedboard_pnyq_ssr_i/processing_system7_0/inst/PS7_i/FCLKCLK[0]
                         net (fo=1, routed)           1.088    51.088    zedboard_pnyq_ssr_i/processing_system7_0/inst/FCLK_CLK_unbuffered[0]
    BUFGCTRL_X0Y16       BUFG (Prop_bufg_I_O)         0.091    51.179 r  zedboard_pnyq_ssr_i/processing_system7_0/inst/buffer_fclk_clk_0.FCLK_CLK_0_BUFG/O
                         net (fo=21462, routed)       1.712    52.891    zedboard_pnyq_ssr_i/top_ssr_0/inst/u_top_system/u_dsp_chain/u_agg/s00_axi_aclk
    SLICE_X87Y132        FDRE                                         r  zedboard_pnyq_ssr_i/top_ssr_0/inst/u_top_system/u_dsp_chain/u_agg/feat_mem_reg[3][4]/C
                         clock pessimism              0.247    53.138    
                         clock uncertainty           -0.751    52.387    
    SLICE_X87Y132        FDRE (Setup_fdre_C_D)       -0.058    52.329    zedboard_pnyq_ssr_i/top_ssr_0/inst/u_top_system/u_dsp_chain/u_agg/feat_mem_reg[3][4]
  -------------------------------------------------------------------
                         required time                         52.329    
                         arrival time                         -30.414    
  -------------------------------------------------------------------
                         slack                                 21.915    

Slack (MET) :             22.016ns  (required time - arrival time)
  Source:                 zedboard_pnyq_ssr_i/top_ssr_0/inst/u_top_system/u_dsp_chain/u_agg/calc_k_reg[1]/C
                            (rising edge-triggered cell FDRE clocked by clk_fpga_0  {rise@0.000ns fall@25.000ns period=50.000ns})
  Destination:            zedboard_pnyq_ssr_i/top_ssr_0/inst/u_top_system/u_dsp_chain/u_agg/feat_mem_reg[1][4]/D
                            (rising edge-triggered cell FDRE clocked by clk_fpga_0  {rise@0.000ns fall@25.000ns period=50.000ns})
  Path Group:             clk_fpga_0
  Path Type:              Setup (Max at Slow Process Corner)
  Requirement:            50.000ns  (clk_fpga_0 rise@50.000ns - clk_fpga_0 rise@0.000ns)
  Data Path Delay:        27.151ns  (logic 10.631ns (39.155%)  route 16.520ns (60.845%))
  Logic Levels:           36  (CARRY4=21 LUT1=1 LUT2=1 LUT3=5 LUT4=4 LUT5=1 LUT6=3)
  Clock Path Skew:        -0.054ns (DCD - SCD + CPR)
    Destination Clock Delay (DCD):    2.888ns = ( 52.888 - 50.000 ) 
    Source Clock Delay      (SCD):    3.189ns
    Clock Pessimism Removal (CPR):    0.247ns
  Clock Uncertainty:      0.751ns  ((TSJ^2 + TIJ^2)^1/2 + DJ) / 2 + PE
    Total System Jitter     (TSJ):    0.071ns
    Total Input Jitter      (TIJ):    1.500ns
    Discrete Jitter          (DJ):    0.000ns
    Phase Error              (PE):    0.000ns

    Location             Delay type                Incr(ns)  Path(ns)    Netlist Resource(s)
  -------------------------------------------------------------------    -------------------
                         (clock clk_fpga_0 rise edge)
                                                      0.000     0.000 r  
    PS7_X0Y0             PS7                          0.000     0.000 r  zedboard_pnyq_ssr_i/processing_system7_0/inst/PS7_i/FCLKCLK[0]
                         net (fo=1, routed)           1.193     1.193    zedboard_pnyq_ssr_i/processing_system7_0/inst/FCLK_CLK_unbuffered[0]
    BUFGCTRL_X0Y16       BUFG (Prop_bufg_I_O)         0.101     1.294 r  zedboard_pnyq_ssr_i/processing_system7_0/inst/buffer_fclk_clk_0.FCLK_CLK_0_BUFG/O
                         net (fo=21462, routed)       1.895     3.189    zedboard_pnyq_ssr_i/top_ssr_0/inst/u_top_system/u_dsp_chain/u_agg/s00_axi_aclk
    SLICE_X80Y126        FDRE                                         r  zedboard_pnyq_ssr_i/top_ssr_0/inst/u_top_system/u_dsp_chain/u_agg/calc_k_reg[1]/C
  -------------------------------------------------------------------    -------------------
    SLICE_X80Y126        FDRE (Prop_fdre_C_Q)         0.456     3.645 r  zedboard_pnyq_ssr_i/top_ssr_0/inst/u_top_system/u_dsp_chain/u_agg/calc_k_reg[1]/Q
                         net (fo=309, routed)         2.473     6.118    zedboard_pnyq_ssr_i/top_ssr_0/inst/u_top_system/u_dsp_chain/u_agg/sel0[1]
    SLICE_X105Y110       LUT6 (Prop_lut6_I2_O)        0.124     6.242 f  zedboard_pnyq_ssr_i/top_ssr_0/inst/u_top_system/u_dsp_chain/u_agg/suma_sq0_i_97/O
                         net (fo=1, routed)           1.071     7.314    zedboard_pnyq_ssr_i/top_ssr_0/inst/u_top_system/u_dsp_chain/u_agg/suma_sq0_i_97_n_0
    SLICE_X107Y111       LUT6 (Prop_lut6_I1_O)        0.124     7.438 f  zedboard_pnyq_ssr_i/top_ssr_0/inst/u_top_system/u_dsp_chain/u_agg/suma_sq0_i_30/O
                         net (fo=7, routed)           0.711     8.149    zedboard_pnyq_ssr_i/top_ssr_0/inst/u_top_system/u_dsp_chain/u_agg/suma_sq0_i_30_n_0
    SLICE_X104Y111       LUT1 (Prop_lut1_I0_O)        0.124     8.273 r  zedboard_pnyq_ssr_i/top_ssr_0/inst/u_top_system/u_dsp_chain/u_agg/feat_mem[12][3]_i_158/O
                         net (fo=1, routed)           0.000     8.273    zedboard_pnyq_ssr_i/top_ssr_0/inst/u_top_system/u_dsp_chain/u_agg/feat_mem[12][3]_i_158_n_0
    SLICE_X104Y111       CARRY4 (Prop_carry4_S[1]_CO[3])
                                                      0.533     8.806 r  zedboard_pnyq_ssr_i/top_ssr_0/inst/u_top_system/u_dsp_chain/u_agg/feat_mem_reg[12][3]_i_134/CO[3]
                         net (fo=1, routed)           0.000     8.806    zedboard_pnyq_ssr_i/top_ssr_0/inst/u_top_system/u_dsp_chain/u_agg/feat_mem_reg[12][3]_i_134_n_0
    SLICE_X104Y112       CARRY4 (Prop_carry4_CI_CO[3])
                                                      0.117     8.923 r  zedboard_pnyq_ssr_i/top_ssr_0/inst/u_top_system/u_dsp_chain/u_agg/feat_mem_reg[12][3]_i_105/CO[3]
                         net (fo=1, routed)           0.000     8.923    zedboard_pnyq_ssr_i/top_ssr_0/inst/u_top_system/u_dsp_chain/u_agg/feat_mem_reg[12][3]_i_105_n_0
    SLICE_X104Y113       CARRY4 (Prop_carry4_CI_O[2])
                                                      0.239     9.162 r  zedboard_pnyq_ssr_i/top_ssr_0/inst/u_top_system/u_dsp_chain/u_agg/feat_mem_reg[12][3]_i_74/O[2]
                         net (fo=1, routed)           1.379    10.541    zedboard_pnyq_ssr_i/top_ssr_0/inst/u_top_system/u_dsp_chain/u_agg/feat_mem_reg[12][3]_i_74_n_5
    SLICE_X108Y115       LUT3 (Prop_lut3_I1_O)        0.327    10.868 r  zedboard_pnyq_ssr_i/top_ssr_0/inst/u_top_system/u_dsp_chain/u_agg/feat_mem[12][3]_i_45/O
                         net (fo=19, routed)          0.994    11.862    zedboard_pnyq_ssr_i/top_ssr_0/inst/u_top_system/u_dsp_chain/u_agg/feat_mem[12][3]_i_45_n_0
    SLICE_X102Y116       LUT3 (Prop_lut3_I1_O)        0.328    12.190 r  zedboard_pnyq_ssr_i/top_ssr_0/inst/u_top_system/u_dsp_chain/u_agg/feat_mem[12][3]_i_186/O
                         net (fo=2, routed)           0.584    12.774    zedboard_pnyq_ssr_i/top_ssr_0/inst/u_top_system/u_dsp_chain/u_agg/feat_mem[12][3]_i_186_n_0
    SLICE_X103Y116       LUT4 (Prop_lut4_I3_O)        0.124    12.898 r  zedboard_pnyq_ssr_i/top_ssr_0/inst/u_top_system/u_dsp_chain/u_agg/feat_mem[12][3]_i_190/O
                         net (fo=1, routed)           0.000    12.898    zedboard_pnyq_ssr_i/top_ssr_0/inst/u_top_system/u_dsp_chain/u_agg/feat_mem[12][3]_i_190_n_0
    SLICE_X103Y116       CARRY4 (Prop_carry4_S[1]_CO[3])
                                                      0.550    13.448 r  zedboard_pnyq_ssr_i/top_ssr_0/inst/u_top_system/u_dsp_chain/u_agg/feat_mem_reg[12][3]_i_166/CO[3]
                         net (fo=1, routed)           0.000    13.448    zedboard_pnyq_ssr_i/top_ssr_0/inst/u_top_system/u_dsp_chain/u_agg/feat_mem_reg[12][3]_i_166_n_0
    SLICE_X103Y117       CARRY4 (Prop_carry4_CI_CO[3])
                                                      0.114    13.562 r  zedboard_pnyq_ssr_i/top_ssr_0/inst/u_top_system/u_dsp_chain/u_agg/feat_mem_reg[12][3]_i_147/CO[3]
                         net (fo=1, routed)           0.000    13.562    zedboard_pnyq_ssr_i/top_ssr_0/inst/u_top_system/u_dsp_chain/u_agg/feat_mem_reg[12][3]_i_147_n_0
    SLICE_X103Y118       CARRY4 (Prop_carry4_CI_CO[3])
                                                      0.114    13.676 r  zedboard_pnyq_ssr_i/top_ssr_0/inst/u_top_system/u_dsp_chain/u_agg/feat_mem_reg[12][3]_i_119/CO[3]
                         net (fo=1, routed)           0.000    13.676    zedboard_pnyq_ssr_i/top_ssr_0/inst/u_top_system/u_dsp_chain/u_agg/feat_mem_reg[12][3]_i_119_n_0
    SLICE_X103Y119       CARRY4 (Prop_carry4_CI_O[3])
                                                      0.313    13.989 r  zedboard_pnyq_ssr_i/top_ssr_0/inst/u_top_system/u_dsp_chain/u_agg/feat_mem_reg[12][3]_i_88/O[3]
                         net (fo=3, routed)           1.066    15.054    zedboard_pnyq_ssr_i/top_ssr_0/inst/u_top_system/u_dsp_chain/u_agg/feat_mem_reg[12][3]_i_88_n_4
    SLICE_X108Y120       LUT3 (Prop_lut3_I2_O)        0.330    15.384 r  zedboard_pnyq_ssr_i/top_ssr_0/inst/u_top_system/u_dsp_chain/u_agg/feat_mem[12][3]_i_92/O
                         net (fo=2, routed)           1.157    16.541    zedboard_pnyq_ssr_i/top_ssr_0/inst/u_top_system/u_dsp_chain/u_agg/feat_mem[12][3]_i_92_n_0
    SLICE_X107Y119       LUT6 (Prop_lut6_I5_O)        0.328    16.869 r  zedboard_pnyq_ssr_i/top_ssr_0/inst/u_top_system/u_dsp_chain/u_agg/feat_mem[12][3]_i_57/O
                         net (fo=1, routed)           0.000    16.869    zedboard_pnyq_ssr_i/top_ssr_0/inst/u_top_system/u_dsp_chain/u_agg/feat_mem[12][3]_i_57_n_0
    SLICE_X107Y119       CARRY4 (Prop_carry4_S[1]_CO[3])
                                                      0.550    17.419 r  zedboard_pnyq_ssr_i/top_ssr_0/inst/u_top_system/u_dsp_chain/u_agg/feat_mem_reg[12][3]_i_29/CO[3]
                         net (fo=1, routed)           0.000    17.419    zedboard_pnyq_ssr_i/top_ssr_0/inst/u_top_system/u_dsp_chain/u_agg/feat_mem_reg[12][3]_i_29_n_0
    SLICE_X107Y120       CARRY4 (Prop_carry4_CI_CO[3])
                                                      0.114    17.533 r  zedboard_pnyq_ssr_i/top_ssr_0/inst/u_top_system/u_dsp_chain/u_agg/feat_mem_reg[12][3]_i_12/CO[3]
                         net (fo=1, routed)           0.000    17.533    zedboard_pnyq_ssr_i/top_ssr_0/inst/u_top_system/u_dsp_chain/u_agg/feat_mem_reg[12][3]_i_12_n_0
    SLICE_X107Y121       CARRY4 (Prop_carry4_CI_O[3])
                                                      0.313    17.846 r  zedboard_pnyq_ssr_i/top_ssr_0/inst/u_top_system/u_dsp_chain/u_agg/feat_mem_reg[12][3]_i_3/O[3]
                         net (fo=9, routed)           0.641    18.487    zedboard_pnyq_ssr_i/top_ssr_0/inst_n_12
    SLICE_X106Y120       LUT2 (Prop_lut2_I1_O)        0.306    18.793 r  zedboard_pnyq_ssr_i/top_ssr_0/feat_mem[12][15]_i_171/O
                         net (fo=1, routed)           0.000    18.793    zedboard_pnyq_ssr_i/top_ssr_0/feat_mem[12][15]_i_171_n_0
    SLICE_X106Y120       CARRY4 (Prop_carry4_S[1]_CO[3])
                                                      0.550    19.343 r  zedboard_pnyq_ssr_i/top_ssr_0/feat_mem_reg[12][15]_i_147/CO[3]
                         net (fo=1, routed)           0.000    19.343    zedboard_pnyq_ssr_i/top_ssr_0/feat_mem_reg[12][15]_i_147_n_0
    SLICE_X106Y121       CARRY4 (Prop_carry4_CI_O[2])
                                                      0.239    19.582 r  zedboard_pnyq_ssr_i/top_ssr_0/feat_mem_reg[12][15]_i_124/O[2]
                         net (fo=2, routed)           0.870    20.452    zedboard_pnyq_ssr_i/top_ssr_0/feat_mem_reg[12][15]_i_124_n_5
    SLICE_X112Y123       LUT3 (Prop_lut3_I1_O)        0.302    20.754 r  zedboard_pnyq_ssr_i/top_ssr_0/feat_mem[12][15]_i_96/O
                         net (fo=2, routed)           0.435    21.189    zedboard_pnyq_ssr_i/top_ssr_0/feat_mem[12][15]_i_96_n_0
    SLICE_X110Y123       LUT4 (Prop_lut4_I3_O)        0.124    21.313 r  zedboard_pnyq_ssr_i/top_ssr_0/feat_mem[12][15]_i_100/O
                         net (fo=1, routed)           0.000    21.313    zedboard_pnyq_ssr_i/top_ssr_0/feat_mem[12][15]_i_100_n_0
    SLICE_X110Y123       CARRY4 (Prop_carry4_S[0]_CO[3])
                                                      0.532    21.845 r  zedboard_pnyq_ssr_i/top_ssr_0/feat_mem_reg[12][15]_i_68/CO[3]
                         net (fo=1, routed)           0.000    21.845    zedboard_pnyq_ssr_i/top_ssr_0/feat_mem_reg[12][15]_i_68_n_0
    SLICE_X110Y124       CARRY4 (Prop_carry4_CI_CO[3])
                                                      0.114    21.959 r  zedboard_pnyq_ssr_i/top_ssr_0/feat_mem_reg[12][15]_i_44/CO[3]
                         net (fo=1, routed)           0.009    21.968    zedboard_pnyq_ssr_i/top_ssr_0/feat_mem_reg[12][15]_i_44_n_0
    SLICE_X110Y125       CARRY4 (Prop_carry4_CI_O[1])
                                                      0.334    22.302 r  zedboard_pnyq_ssr_i/top_ssr_0/feat_mem_reg[12][15]_i_24/O[1]
                         net (fo=3, routed)           0.984    23.286    zedboard_pnyq_ssr_i/top_ssr_0/inst/u_top_system/u_dsp_chain/u_agg/feat_mem_reg[12][15]_i_15_0[1]
    SLICE_X105Y125       LUT4 (Prop_lut4_I1_O)        0.303    23.589 r  zedboard_pnyq_ssr_i/top_ssr_0/inst/u_top_system/u_dsp_chain/u_agg/feat_mem[12][15]_i_37/O
                         net (fo=1, routed)           0.000    23.589    zedboard_pnyq_ssr_i/top_ssr_0/inst/u_top_system/u_dsp_chain/u_agg/feat_mem[12][15]_i_37_n_0
    SLICE_X105Y125       CARRY4 (Prop_carry4_S[1]_CO[3])
                                                      0.550    24.139 r  zedboard_pnyq_ssr_i/top_ssr_0/inst/u_top_system/u_dsp_chain/u_agg/feat_mem_reg[12][15]_i_15/CO[3]
                         net (fo=1, routed)           0.000    24.139    zedboard_pnyq_ssr_i/top_ssr_0/inst/u_top_system/u_dsp_chain/u_agg/feat_mem_reg[12][15]_i_15_n_0
    SLICE_X105Y126       CARRY4 (Prop_carry4_CI_CO[1])
                                                      0.157    24.296 r  zedboard_pnyq_ssr_i/top_ssr_0/inst/u_top_system/u_dsp_chain/u_agg/feat_mem_reg[12][15]_i_10/CO[1]
                         net (fo=1, routed)           0.506    24.802    zedboard_pnyq_ssr_i/top_ssr_0/inst/u_top_system/u_dsp_chain/u_agg/feat_mem_reg[12][15]_i_10_n_2
    SLICE_X106Y126       LUT4 (Prop_lut4_I0_O)        0.329    25.131 r  zedboard_pnyq_ssr_i/top_ssr_0/inst/u_top_system/u_dsp_chain/u_agg/feat_mem[12][15]_i_4/O
                         net (fo=42, routed)          0.724    25.855    zedboard_pnyq_ssr_i/top_ssr_0/inst/u_top_system/u_dsp_chain/u_agg/feat_mem[12][15]_i_4_n_0
    SLICE_X111Y120       LUT3 (Prop_lut3_I1_O)        0.124    25.979 r  zedboard_pnyq_ssr_i/top_ssr_0/inst/u_top_system/u_dsp_chain/u_agg/feat_mem[12][2]_i_13/O
                         net (fo=1, routed)           0.613    26.591    zedboard_pnyq_ssr_i/top_ssr_0/inst/u_top_system/u_dsp_chain/u_agg/feat_mem[12][2]_i_13_n_0
    SLICE_X111Y121       CARRY4 (Prop_carry4_CYINIT_CO[3])
                                                      0.580    27.171 r  zedboard_pnyq_ssr_i/top_ssr_0/inst/u_top_system/u_dsp_chain/u_agg/feat_mem_reg[12][2]_i_8/CO[3]
                         net (fo=1, routed)           0.000    27.171    zedboard_pnyq_ssr_i/top_ssr_0/inst/u_top_system/u_dsp_chain/u_agg/feat_mem_reg[12][2]_i_8_n_0
    SLICE_X111Y122       CARRY4 (Prop_carry4_CI_CO[3])
                                                      0.114    27.285 r  zedboard_pnyq_ssr_i/top_ssr_0/inst/u_top_system/u_dsp_chain/u_agg/feat_mem_reg[12][2]_i_3/CO[3]
                         net (fo=1, routed)           0.000    27.285    zedboard_pnyq_ssr_i/top_ssr_0/inst/u_top_system/u_dsp_chain/u_agg/feat_mem_reg[12][2]_i_3_n_0
    SLICE_X111Y123       CARRY4 (Prop_carry4_CI_CO[3])
                                                      0.114    27.399 r  zedboard_pnyq_ssr_i/top_ssr_0/inst/u_top_system/u_dsp_chain/u_agg/feat_mem_reg[12][2]_i_2/CO[3]
                         net (fo=1, routed)           0.000    27.399    zedboard_pnyq_ssr_i/top_ssr_0/inst/u_top_system/u_dsp_chain/u_agg/feat_mem_reg[12][2]_i_2_n_0
    SLICE_X111Y124       CARRY4 (Prop_carry4_CI_O[1])
                                                      0.334    27.733 r  zedboard_pnyq_ssr_i/top_ssr_0/inst/u_top_system/u_dsp_chain/u_agg/feat_mem_reg[12][6]_i_2/O[1]
                         net (fo=1, routed)           0.505    28.238    zedboard_pnyq_ssr_i/top_ssr_0/inst/u_top_system/u_dsp_chain/u_agg/feat_mem_reg[12][6]_i_2_n_6
    SLICE_X108Y124       LUT5 (Prop_lut5_I1_O)        0.303    28.541 r  zedboard_pnyq_ssr_i/top_ssr_0/inst/u_top_system/u_dsp_chain/u_agg/feat_mem[12][4]_i_1/O
                         net (fo=16, routed)          1.799    30.340    zedboard_pnyq_ssr_i/top_ssr_0/inst/u_top_system/u_dsp_chain/u_agg/p_1_in[4]
    SLICE_X86Y130        FDRE                                         r  zedboard_pnyq_ssr_i/top_ssr_0/inst/u_top_system/u_dsp_chain/u_agg/feat_mem_reg[1][4]/D
  -------------------------------------------------------------------    -------------------

                         (clock clk_fpga_0 rise edge)
                                                     50.000    50.000 r  
    PS7_X0Y0             PS7                          0.000    50.000 r  zedboard_pnyq_ssr_i/processing_system7_0/inst/PS7_i/FCLKCLK[0]
                         net (fo=1, routed)           1.088    51.088    zedboard_pnyq_ssr_i/processing_system7_0/inst/FCLK_CLK_unbuffered[0]
    BUFGCTRL_X0Y16       BUFG (Prop_bufg_I_O)         0.091    51.179 r  zedboard_pnyq_ssr_i/processing_system7_0/inst/buffer_fclk_clk_0.FCLK_CLK_0_BUFG/O
                         net (fo=21462, routed)       1.709    52.888    zedboard_pnyq_ssr_i/top_ssr_0/inst/u_top_system/u_dsp_chain/u_agg/s00_axi_aclk
    SLICE_X86Y130        FDRE                                         r  zedboard_pnyq_ssr_i/top_ssr_0/inst/u_top_system/u_dsp_chain/u_agg/feat_mem_reg[1][4]/C
                         clock pessimism              0.247    53.135    
                         clock uncertainty           -0.751    52.384    
    SLICE_X86Y130        FDRE (Setup_fdre_C_D)       -0.028    52.356    zedboard_pnyq_ssr_i/top_ssr_0/inst/u_top_system/u_dsp_chain/u_agg/feat_mem_reg[1][4]
  -------------------------------------------------------------------
                         required time                         52.356    
                         arrival time                         -30.340    
  -------------------------------------------------------------------
                         slack                                 22.016    

Slack (MET) :             22.039ns  (required time - arrival time)
  Source:                 zedboard_pnyq_ssr_i/top_ssr_0/inst/u_top_system/u_dsp_chain/u_agg/calc_k_reg[1]/C
                            (rising edge-triggered cell FDRE clocked by clk_fpga_0  {rise@0.000ns fall@25.000ns period=50.000ns})
  Destination:            zedboard_pnyq_ssr_i/top_ssr_0/inst/u_top_system/u_dsp_chain/u_agg/feat_mem_reg[7][4]/D
                            (rising edge-triggered cell FDRE clocked by clk_fpga_0  {rise@0.000ns fall@25.000ns period=50.000ns})
  Path Group:             clk_fpga_0
  Path Type:              Setup (Max at Slow Process Corner)
  Requirement:            50.000ns  (clk_fpga_0 rise@50.000ns - clk_fpga_0 rise@0.000ns)
  Data Path Delay:        27.076ns  (logic 10.631ns (39.263%)  route 16.445ns (60.737%))
  Logic Levels:           36  (CARRY4=21 LUT1=1 LUT2=1 LUT3=5 LUT4=4 LUT5=1 LUT6=3)
  Clock Path Skew:        -0.053ns (DCD - SCD + CPR)
    Destination Clock Delay (DCD):    2.889ns = ( 52.889 - 50.000 ) 
    Source Clock Delay      (SCD):    3.189ns
    Clock Pessimism Removal (CPR):    0.247ns
  Clock Uncertainty:      0.751ns  ((TSJ^2 + TIJ^2)^1/2 + DJ) / 2 + PE
    Total System Jitter     (TSJ):    0.071ns
    Total Input Jitter      (TIJ):    1.500ns
    Discrete Jitter          (DJ):    0.000ns
    Phase Error              (PE):    0.000ns

    Location             Delay type                Incr(ns)  Path(ns)    Netlist Resource(s)
  -------------------------------------------------------------------    -------------------
                         (clock clk_fpga_0 rise edge)
                                                      0.000     0.000 r  
    PS7_X0Y0             PS7                          0.000     0.000 r  zedboard_pnyq_ssr_i/processing_system7_0/inst/PS7_i/FCLKCLK[0]
                         net (fo=1, routed)           1.193     1.193    zedboard_pnyq_ssr_i/processing_system7_0/inst/FCLK_CLK_unbuffered[0]
    BUFGCTRL_X0Y16       BUFG (Prop_bufg_I_O)         0.101     1.294 r  zedboard_pnyq_ssr_i/processing_system7_0/inst/buffer_fclk_clk_0.FCLK_CLK_0_BUFG/O
                         net (fo=21462, routed)       1.895     3.189    zedboard_pnyq_ssr_i/top_ssr_0/inst/u_top_system/u_dsp_chain/u_agg/s00_axi_aclk
    SLICE_X80Y126        FDRE                                         r  zedboard_pnyq_ssr_i/top_ssr_0/inst/u_top_system/u_dsp_chain/u_agg/calc_k_reg[1]/C
  -------------------------------------------------------------------    -------------------
    SLICE_X80Y126        FDRE (Prop_fdre_C_Q)         0.456     3.645 r  zedboard_pnyq_ssr_i/top_ssr_0/inst/u_top_system/u_dsp_chain/u_agg/calc_k_reg[1]/Q
                         net (fo=309, routed)         2.473     6.118    zedboard_pnyq_ssr_i/top_ssr_0/inst/u_top_system/u_dsp_chain/u_agg/sel0[1]
    SLICE_X105Y110       LUT6 (Prop_lut6_I2_O)        0.124     6.242 f  zedboard_pnyq_ssr_i/top_ssr_0/inst/u_top_system/u_dsp_chain/u_agg/suma_sq0_i_97/O
                         net (fo=1, routed)           1.071     7.314    zedboard_pnyq_ssr_i/top_ssr_0/inst/u_top_system/u_dsp_chain/u_agg/suma_sq0_i_97_n_0
    SLICE_X107Y111       LUT6 (Prop_lut6_I1_O)        0.124     7.438 f  zedboard_pnyq_ssr_i/top_ssr_0/inst/u_top_system/u_dsp_chain/u_agg/suma_sq0_i_30/O
                         net (fo=7, routed)           0.711     8.149    zedboard_pnyq_ssr_i/top_ssr_0/inst/u_top_system/u_dsp_chain/u_agg/suma_sq0_i_30_n_0
    SLICE_X104Y111       LUT1 (Prop_lut1_I0_O)        0.124     8.273 r  zedboard_pnyq_ssr_i/top_ssr_0/inst/u_top_system/u_dsp_chain/u_agg/feat_mem[12][3]_i_158/O
                         net (fo=1, routed)           0.000     8.273    zedboard_pnyq_ssr_i/top_ssr_0/inst/u_top_system/u_dsp_chain/u_agg/feat_mem[12][3]_i_158_n_0
    SLICE_X104Y111       CARRY4 (Prop_carry4_S[1]_CO[3])
                                                      0.533     8.806 r  zedboard_pnyq_ssr_i/top_ssr_0/inst/u_top_system/u_dsp_chain/u_agg/feat_mem_reg[12][3]_i_134/CO[3]
                         net (fo=1, routed)           0.000     8.806    zedboard_pnyq_ssr_i/top_ssr_0/inst/u_top_system/u_dsp_chain/u_agg/feat_mem_reg[12][3]_i_134_n_0
    SLICE_X104Y112       CARRY4 (Prop_carry4_CI_CO[3])
                                                      0.117     8.923 r  zedboard_pnyq_ssr_i/top_ssr_0/inst/u_top_system/u_dsp_chain/u_agg/feat_mem_reg[12][3]_i_105/CO[3]
                         net (fo=1, routed)           0.000     8.923    zedboard_pnyq_ssr_i/top_ssr_0/inst/u_top_system/u_dsp_chain/u_agg/feat_mem_reg[12][3]_i_105_n_0
    SLICE_X104Y113       CARRY4 (Prop_carry4_CI_O[2])
                                                      0.239     9.162 r  zedboard_pnyq_ssr_i/top_ssr_0/inst/u_top_system/u_dsp_chain/u_agg/feat_mem_reg[12][3]_i_74/O[2]
                         net (fo=1, routed)           1.379    10.541    zedboard_pnyq_ssr_i/top_ssr_0/inst/u_top_system/u_dsp_chain/u_agg/feat_mem_reg[12][3]_i_74_n_5
    SLICE_X108Y115       LUT3 (Prop_lut3_I1_O)        0.327    10.868 r  zedboard_pnyq_ssr_i/top_ssr_0/inst/u_top_system/u_dsp_chain/u_agg/feat_mem[12][3]_i_45/O
                         net (fo=19, routed)          0.994    11.862    zedboard_pnyq_ssr_i/top_ssr_0/inst/u_top_system/u_dsp_chain/u_agg/feat_mem[12][3]_i_45_n_0
    SLICE_X102Y116       LUT3 (Prop_lut3_I1_O)        0.328    12.190 r  zedboard_pnyq_ssr_i/top_ssr_0/inst/u_top_system/u_dsp_chain/u_agg/feat_mem[12][3]_i_186/O
                         net (fo=2, routed)           0.584    12.774    zedboard_pnyq_ssr_i/top_ssr_0/inst/u_top_system/u_dsp_chain/u_agg/feat_mem[12][3]_i_186_n_0
    SLICE_X103Y116       LUT4 (Prop_lut4_I3_O)        0.124    12.898 r  zedboard_pnyq_ssr_i/top_ssr_0/inst/u_top_system/u_dsp_chain/u_agg/feat_mem[12][3]_i_190/O
                         net (fo=1, routed)           0.000    12.898    zedboard_pnyq_ssr_i/top_ssr_0/inst/u_top_system/u_dsp_chain/u_agg/feat_mem[12][3]_i_190_n_0
    SLICE_X103Y116       CARRY4 (Prop_carry4_S[1]_CO[3])
                                                      0.550    13.448 r  zedboard_pnyq_ssr_i/top_ssr_0/inst/u_top_system/u_dsp_chain/u_agg/feat_mem_reg[12][3]_i_166/CO[3]
                         net (fo=1, routed)           0.000    13.448    zedboard_pnyq_ssr_i/top_ssr_0/inst/u_top_system/u_dsp_chain/u_agg/feat_mem_reg[12][3]_i_166_n_0
    SLICE_X103Y117       CARRY4 (Prop_carry4_CI_CO[3])
                                                      0.114    13.562 r  zedboard_pnyq_ssr_i/top_ssr_0/inst/u_top_system/u_dsp_chain/u_agg/feat_mem_reg[12][3]_i_147/CO[3]
                         net (fo=1, routed)           0.000    13.562    zedboard_pnyq_ssr_i/top_ssr_0/inst/u_top_system/u_dsp_chain/u_agg/feat_mem_reg[12][3]_i_147_n_0
    SLICE_X103Y118       CARRY4 (Prop_carry4_CI_CO[3])
                                                      0.114    13.676 r  zedboard_pnyq_ssr_i/top_ssr_0/inst/u_top_system/u_dsp_chain/u_agg/feat_mem_reg[12][3]_i_119/CO[3]
                         net (fo=1, routed)           0.000    13.676    zedboard_pnyq_ssr_i/top_ssr_0/inst/u_top_system/u_dsp_chain/u_agg/feat_mem_reg[12][3]_i_119_n_0
    SLICE_X103Y119       CARRY4 (Prop_carry4_CI_O[3])
                                                      0.313    13.989 r  zedboard_pnyq_ssr_i/top_ssr_0/inst/u_top_system/u_dsp_chain/u_agg/feat_mem_reg[12][3]_i_88/O[3]
                         net (fo=3, routed)           1.066    15.054    zedboard_pnyq_ssr_i/top_ssr_0/inst/u_top_system/u_dsp_chain/u_agg/feat_mem_reg[12][3]_i_88_n_4
    SLICE_X108Y120       LUT3 (Prop_lut3_I2_O)        0.330    15.384 r  zedboard_pnyq_ssr_i/top_ssr_0/inst/u_top_system/u_dsp_chain/u_agg/feat_mem[12][3]_i_92/O
                         net (fo=2, routed)           1.157    16.541    zedboard_pnyq_ssr_i/top_ssr_0/inst/u_top_system/u_dsp_chain/u_agg/feat_mem[12][3]_i_92_n_0
    SLICE_X107Y119       LUT6 (Prop_lut6_I5_O)        0.328    16.869 r  zedboard_pnyq_ssr_i/top_ssr_0/inst/u_top_system/u_dsp_chain/u_agg/feat_mem[12][3]_i_57/O
                         net (fo=1, routed)           0.000    16.869    zedboard_pnyq_ssr_i/top_ssr_0/inst/u_top_system/u_dsp_chain/u_agg/feat_mem[12][3]_i_57_n_0
    SLICE_X107Y119       CARRY4 (Prop_carry4_S[1]_CO[3])
                                                      0.550    17.419 r  zedboard_pnyq_ssr_i/top_ssr_0/inst/u_top_system/u_dsp_chain/u_agg/feat_mem_reg[12][3]_i_29/CO[3]
                         net (fo=1, routed)           0.000    17.419    zedboard_pnyq_ssr_i/top_ssr_0/inst/u_top_system/u_dsp_chain/u_agg/feat_mem_reg[12][3]_i_29_n_0
    SLICE_X107Y120       CARRY4 (Prop_carry4_CI_CO[3])
                                                      0.114    17.533 r  zedboard_pnyq_ssr_i/top_ssr_0/inst/u_top_system/u_dsp_chain/u_agg/feat_mem_reg[12][3]_i_12/CO[3]
                         net (fo=1, routed)           0.000    17.533    zedboard_pnyq_ssr_i/top_ssr_0/inst/u_top_system/u_dsp_chain/u_agg/feat_mem_reg[12][3]_i_12_n_0
    SLICE_X107Y121       CARRY4 (Prop_carry4_CI_O[3])
                                                      0.313    17.846 r  zedboard_pnyq_ssr_i/top_ssr_0/inst/u_top_system/u_dsp_chain/u_agg/feat_mem_reg[12][3]_i_3/O[3]
                         net (fo=9, routed)           0.641    18.487    zedboard_pnyq_ssr_i/top_ssr_0/inst_n_12
    SLICE_X106Y120       LUT2 (Prop_lut2_I1_O)        0.306    18.793 r  zedboard_pnyq_ssr_i/top_ssr_0/feat_mem[12][15]_i_171/O
                         net (fo=1, routed)           0.000    18.793    zedboard_pnyq_ssr_i/top_ssr_0/feat_mem[12][15]_i_171_n_0
    SLICE_X106Y120       CARRY4 (Prop_carry4_S[1]_CO[3])
                                                      0.550    19.343 r  zedboard_pnyq_ssr_i/top_ssr_0/feat_mem_reg[12][15]_i_147/CO[3]
                         net (fo=1, routed)           0.000    19.343    zedboard_pnyq_ssr_i/top_ssr_0/feat_mem_reg[12][15]_i_147_n_0
    SLICE_X106Y121       CARRY4 (Prop_carry4_CI_O[2])
                                                      0.239    19.582 r  zedboard_pnyq_ssr_i/top_ssr_0/feat_mem_reg[12][15]_i_124/O[2]
                         net (fo=2, routed)           0.870    20.452    zedboard_pnyq_ssr_i/top_ssr_0/feat_mem_reg[12][15]_i_124_n_5
    SLICE_X112Y123       LUT3 (Prop_lut3_I1_O)        0.302    20.754 r  zedboard_pnyq_ssr_i/top_ssr_0/feat_mem[12][15]_i_96/O
                         net (fo=2, routed)           0.435    21.189    zedboard_pnyq_ssr_i/top_ssr_0/feat_mem[12][15]_i_96_n_0
    SLICE_X110Y123       LUT4 (Prop_lut4_I3_O)        0.124    21.313 r  zedboard_pnyq_ssr_i/top_ssr_0/feat_mem[12][15]_i_100/O
                         net (fo=1, routed)           0.000    21.313    zedboard_pnyq_ssr_i/top_ssr_0/feat_mem[12][15]_i_100_n_0
    SLICE_X110Y123       CARRY4 (Prop_carry4_S[0]_CO[3])
                                                      0.532    21.845 r  zedboard_pnyq_ssr_i/top_ssr_0/feat_mem_reg[12][15]_i_68/CO[3]
                         net (fo=1, routed)           0.000    21.845    zedboard_pnyq_ssr_i/top_ssr_0/feat_mem_reg[12][15]_i_68_n_0
    SLICE_X110Y124       CARRY4 (Prop_carry4_CI_CO[3])
                                                      0.114    21.959 r  zedboard_pnyq_ssr_i/top_ssr_0/feat_mem_reg[12][15]_i_44/CO[3]
                         net (fo=1, routed)           0.009    21.968    zedboard_pnyq_ssr_i/top_ssr_0/feat_mem_reg[12][15]_i_44_n_0
    SLICE_X110Y125       CARRY4 (Prop_carry4_CI_O[1])
                                                      0.334    22.302 r  zedboard_pnyq_ssr_i/top_ssr_0/feat_mem_reg[12][15]_i_24/O[1]
                         net (fo=3, routed)           0.984    23.286    zedboard_pnyq_ssr_i/top_ssr_0/inst/u_top_system/u_dsp_chain/u_agg/feat_mem_reg[12][15]_i_15_0[1]
    SLICE_X105Y125       LUT4 (Prop_lut4_I1_O)        0.303    23.589 r  zedboard_pnyq_ssr_i/top_ssr_0/inst/u_top_system/u_dsp_chain/u_agg/feat_mem[12][15]_i_37/O
                         net (fo=1, routed)           0.000    23.589    zedboard_pnyq_ssr_i/top_ssr_0/inst/u_top_system/u_dsp_chain/u_agg/feat_mem[12][15]_i_37_n_0
    SLICE_X105Y125       CARRY4 (Prop_carry4_S[1]_CO[3])
                                                      0.550    24.139 r  zedboard_pnyq_ssr_i/top_ssr_0/inst/u_top_system/u_dsp_chain/u_agg/feat_mem_reg[12][15]_i_15/CO[3]
                         net (fo=1, routed)           0.000    24.139    zedboard_pnyq_ssr_i/top_ssr_0/inst/u_top_system/u_dsp_chain/u_agg/feat_mem_reg[12][15]_i_15_n_0
    SLICE_X105Y126       CARRY4 (Prop_carry4_CI_CO[1])
                                                      0.157    24.296 r  zedboard_pnyq_ssr_i/top_ssr_0/inst/u_top_system/u_dsp_chain/u_agg/feat_mem_reg[12][15]_i_10/CO[1]
                         net (fo=1, routed)           0.506    24.802    zedboard_pnyq_ssr_i/top_ssr_0/inst/u_top_system/u_dsp_chain/u_agg/feat_mem_reg[12][15]_i_10_n_2
    SLICE_X106Y126       LUT4 (Prop_lut4_I0_O)        0.329    25.131 r  zedboard_pnyq_ssr_i/top_ssr_0/inst/u_top_system/u_dsp_chain/u_agg/feat_mem[12][15]_i_4/O
                         net (fo=42, routed)          0.724    25.855    zedboard_pnyq_ssr_i/top_ssr_0/inst/u_top_system/u_dsp_chain/u_agg/feat_mem[12][15]_i_4_n_0
    SLICE_X111Y120       LUT3 (Prop_lut3_I1_O)        0.124    25.979 r  zedboard_pnyq_ssr_i/top_ssr_0/inst/u_top_system/u_dsp_chain/u_agg/feat_mem[12][2]_i_13/O
                         net (fo=1, routed)           0.613    26.591    zedboard_pnyq_ssr_i/top_ssr_0/inst/u_top_system/u_dsp_chain/u_agg/feat_mem[12][2]_i_13_n_0
    SLICE_X111Y121       CARRY4 (Prop_carry4_CYINIT_CO[3])
                                                      0.580    27.171 r  zedboard_pnyq_ssr_i/top_ssr_0/inst/u_top_system/u_dsp_chain/u_agg/feat_mem_reg[12][2]_i_8/CO[3]
                         net (fo=1, routed)           0.000    27.171    zedboard_pnyq_ssr_i/top_ssr_0/inst/u_top_system/u_dsp_chain/u_agg/feat_mem_reg[12][2]_i_8_n_0
    SLICE_X111Y122       CARRY4 (Prop_carry4_CI_CO[3])
                                                      0.114    27.285 r  zedboard_pnyq_ssr_i/top_ssr_0/inst/u_top_system/u_dsp_chain/u_agg/feat_mem_reg[12][2]_i_3/CO[3]
                         net (fo=1, routed)           0.000    27.285    zedboard_pnyq_ssr_i/top_ssr_0/inst/u_top_system/u_dsp_chain/u_agg/feat_mem_reg[12][2]_i_3_n_0
    SLICE_X111Y123       CARRY4 (Prop_carry4_CI_CO[3])
                                                      0.114    27.399 r  zedboard_pnyq_ssr_i/top_ssr_0/inst/u_top_system/u_dsp_chain/u_agg/feat_mem_reg[12][2]_i_2/CO[3]
                         net (fo=1, routed)           0.000    27.399    zedboard_pnyq_ssr_i/top_ssr_0/inst/u_top_system/u_dsp_chain/u_agg/feat_mem_reg[12][2]_i_2_n_0
    SLICE_X111Y124       CARRY4 (Prop_carry4_CI_O[1])
                                                      0.334    27.733 r  zedboard_pnyq_ssr_i/top_ssr_0/inst/u_top_system/u_dsp_chain/u_agg/feat_mem_reg[12][6]_i_2/O[1]
                         net (fo=1, routed)           0.505    28.238    zedboard_pnyq_ssr_i/top_ssr_0/inst/u_top_system/u_dsp_chain/u_agg/feat_mem_reg[12][6]_i_2_n_6
    SLICE_X108Y124       LUT5 (Prop_lut5_I1_O)        0.303    28.541 r  zedboard_pnyq_ssr_i/top_ssr_0/inst/u_top_system/u_dsp_chain/u_agg/feat_mem[12][4]_i_1/O
                         net (fo=16, routed)          1.724    30.265    zedboard_pnyq_ssr_i/top_ssr_0/inst/u_top_system/u_dsp_chain/u_agg/p_1_in[4]
    SLICE_X87Y131        FDRE                                         r  zedboard_pnyq_ssr_i/top_ssr_0/inst/u_top_system/u_dsp_chain/u_agg/feat_mem_reg[7][4]/D
  -------------------------------------------------------------------    -------------------

                         (clock clk_fpga_0 rise edge)
                                                     50.000    50.000 r  
    PS7_X0Y0             PS7                          0.000    50.000 r  zedboard_pnyq_ssr_i/processing_system7_0/inst/PS7_i/FCLKCLK[0]
                         net (fo=1, routed)           1.088    51.088    zedboard_pnyq_ssr_i/processing_system7_0/inst/FCLK_CLK_unbuffered[0]
    BUFGCTRL_X0Y16       BUFG (Prop_bufg_I_O)         0.091    51.179 r  zedboard_pnyq_ssr_i/processing_system7_0/inst/buffer_fclk_clk_0.FCLK_CLK_0_BUFG/O
                         net (fo=21462, routed)       1.710    52.889    zedboard_pnyq_ssr_i/top_ssr_0/inst/u_top_system/u_dsp_chain/u_agg/s00_axi_aclk
    SLICE_X87Y131        FDRE                                         r  zedboard_pnyq_ssr_i/top_ssr_0/inst/u_top_system/u_dsp_chain/u_agg/feat_mem_reg[7][4]/C
                         clock pessimism              0.247    53.136    
                         clock uncertainty           -0.751    52.385    
    SLICE_X87Y131        FDRE (Setup_fdre_C_D)       -0.081    52.304    zedboard_pnyq_ssr_i/top_ssr_0/inst/u_top_system/u_dsp_chain/u_agg/feat_mem_reg[7][4]
  -------------------------------------------------------------------
                         required time                         52.304    
                         arrival time                         -30.265    
  -------------------------------------------------------------------
                         slack                                 22.039    

Slack (MET) :             22.073ns  (required time - arrival time)
  Source:                 zedboard_pnyq_ssr_i/top_ssr_0/inst/u_top_system/u_dsp_chain/u_agg/calc_k_reg[1]/C
                            (rising edge-triggered cell FDRE clocked by clk_fpga_0  {rise@0.000ns fall@25.000ns period=50.000ns})
  Destination:            zedboard_pnyq_ssr_i/top_ssr_0/inst/u_top_system/u_dsp_chain/u_agg/feat_mem_reg[0][4]/D
                            (rising edge-triggered cell FDRE clocked by clk_fpga_0  {rise@0.000ns fall@25.000ns period=50.000ns})
  Path Group:             clk_fpga_0
  Path Type:              Setup (Max at Slow Process Corner)
  Requirement:            50.000ns  (clk_fpga_0 rise@50.000ns - clk_fpga_0 rise@0.000ns)
  Data Path Delay:        27.052ns  (logic 10.631ns (39.298%)  route 16.421ns (60.702%))
  Logic Levels:           36  (CARRY4=21 LUT1=1 LUT2=1 LUT3=5 LUT4=4 LUT5=1 LUT6=3)
  Clock Path Skew:        -0.053ns (DCD - SCD + CPR)
    Destination Clock Delay (DCD):    2.889ns = ( 52.889 - 50.000 ) 
    Source Clock Delay      (SCD):    3.189ns
    Clock Pessimism Removal (CPR):    0.247ns
  Clock Uncertainty:      0.751ns  ((TSJ^2 + TIJ^2)^1/2 + DJ) / 2 + PE
    Total System Jitter     (TSJ):    0.071ns
    Total Input Jitter      (TIJ):    1.500ns
    Discrete Jitter          (DJ):    0.000ns
    Phase Error              (PE):    0.000ns

    Location             Delay type                Incr(ns)  Path(ns)    Netlist Resource(s)
  -------------------------------------------------------------------    -------------------
                         (clock clk_fpga_0 rise edge)
                                                      0.000     0.000 r  
    PS7_X0Y0             PS7                          0.000     0.000 r  zedboard_pnyq_ssr_i/processing_system7_0/inst/PS7_i/FCLKCLK[0]
                         net (fo=1, routed)           1.193     1.193    zedboard_pnyq_ssr_i/processing_system7_0/inst/FCLK_CLK_unbuffered[0]
    BUFGCTRL_X0Y16       BUFG (Prop_bufg_I_O)         0.101     1.294 r  zedboard_pnyq_ssr_i/processing_system7_0/inst/buffer_fclk_clk_0.FCLK_CLK_0_BUFG/O
                         net (fo=21462, routed)       1.895     3.189    zedboard_pnyq_ssr_i/top_ssr_0/inst/u_top_system/u_dsp_chain/u_agg/s00_axi_aclk
    SLICE_X80Y126        FDRE                                         r  zedboard_pnyq_ssr_i/top_ssr_0/inst/u_top_system/u_dsp_chain/u_agg/calc_k_reg[1]/C
  -------------------------------------------------------------------    -------------------
    SLICE_X80Y126        FDRE (Prop_fdre_C_Q)         0.456     3.645 r  zedboard_pnyq_ssr_i/top_ssr_0/inst/u_top_system/u_dsp_chain/u_agg/calc_k_reg[1]/Q
                         net (fo=309, routed)         2.473     6.118    zedboard_pnyq_ssr_i/top_ssr_0/inst/u_top_system/u_dsp_chain/u_agg/sel0[1]
    SLICE_X105Y110       LUT6 (Prop_lut6_I2_O)        0.124     6.242 f  zedboard_pnyq_ssr_i/top_ssr_0/inst/u_top_system/u_dsp_chain/u_agg/suma_sq0_i_97/O
                         net (fo=1, routed)           1.071     7.314    zedboard_pnyq_ssr_i/top_ssr_0/inst/u_top_system/u_dsp_chain/u_agg/suma_sq0_i_97_n_0
    SLICE_X107Y111       LUT6 (Prop_lut6_I1_O)        0.124     7.438 f  zedboard_pnyq_ssr_i/top_ssr_0/inst/u_top_system/u_dsp_chain/u_agg/suma_sq0_i_30/O
                         net (fo=7, routed)           0.711     8.149    zedboard_pnyq_ssr_i/top_ssr_0/inst/u_top_system/u_dsp_chain/u_agg/suma_sq0_i_30_n_0
    SLICE_X104Y111       LUT1 (Prop_lut1_I0_O)        0.124     8.273 r  zedboard_pnyq_ssr_i/top_ssr_0/inst/u_top_system/u_dsp_chain/u_agg/feat_mem[12][3]_i_158/O
                         net (fo=1, routed)           0.000     8.273    zedboard_pnyq_ssr_i/top_ssr_0/inst/u_top_system/u_dsp_chain/u_agg/feat_mem[12][3]_i_158_n_0
    SLICE_X104Y111       CARRY4 (Prop_carry4_S[1]_CO[3])
                                                      0.533     8.806 r  zedboard_pnyq_ssr_i/top_ssr_0/inst/u_top_system/u_dsp_chain/u_agg/feat_mem_reg[12][3]_i_134/CO[3]
                         net (fo=1, routed)           0.000     8.806    zedboard_pnyq_ssr_i/top_ssr_0/inst/u_top_system/u_dsp_chain/u_agg/feat_mem_reg[12][3]_i_134_n_0
    SLICE_X104Y112       CARRY4 (Prop_carry4_CI_CO[3])
                                                      0.117     8.923 r  zedboard_pnyq_ssr_i/top_ssr_0/inst/u_top_system/u_dsp_chain/u_agg/feat_mem_reg[12][3]_i_105/CO[3]
                         net (fo=1, routed)           0.000     8.923    zedboard_pnyq_ssr_i/top_ssr_0/inst/u_top_system/u_dsp_chain/u_agg/feat_mem_reg[12][3]_i_105_n_0
    SLICE_X104Y113       CARRY4 (Prop_carry4_CI_O[2])
                                                      0.239     9.162 r  zedboard_pnyq_ssr_i/top_ssr_0/inst/u_top_system/u_dsp_chain/u_agg/feat_mem_reg[12][3]_i_74/O[2]
                         net (fo=1, routed)           1.379    10.541    zedboard_pnyq_ssr_i/top_ssr_0/inst/u_top_system/u_dsp_chain/u_agg/feat_mem_reg[12][3]_i_74_n_5
    SLICE_X108Y115       LUT3 (Prop_lut3_I1_O)        0.327    10.868 r  zedboard_pnyq_ssr_i/top_ssr_0/inst/u_top_system/u_dsp_chain/u_agg/feat_mem[12][3]_i_45/O
                         net (fo=19, routed)          0.994    11.862    zedboard_pnyq_ssr_i/top_ssr_0/inst/u_top_system/u_dsp_chain/u_agg/feat_mem[12][3]_i_45_n_0
    SLICE_X102Y116       LUT3 (Prop_lut3_I1_O)        0.328    12.190 r  zedboard_pnyq_ssr_i/top_ssr_0/inst/u_top_system/u_dsp_chain/u_agg/feat_mem[12][3]_i_186/O
                         net (fo=2, routed)           0.584    12.774    zedboard_pnyq_ssr_i/top_ssr_0/inst/u_top_system/u_dsp_chain/u_agg/feat_mem[12][3]_i_186_n_0
    SLICE_X103Y116       LUT4 (Prop_lut4_I3_O)        0.124    12.898 r  zedboard_pnyq_ssr_i/top_ssr_0/inst/u_top_system/u_dsp_chain/u_agg/feat_mem[12][3]_i_190/O
                         net (fo=1, routed)           0.000    12.898    zedboard_pnyq_ssr_i/top_ssr_0/inst/u_top_system/u_dsp_chain/u_agg/feat_mem[12][3]_i_190_n_0
    SLICE_X103Y116       CARRY4 (Prop_carry4_S[1]_CO[3])
                                                      0.550    13.448 r  zedboard_pnyq_ssr_i/top_ssr_0/inst/u_top_system/u_dsp_chain/u_agg/feat_mem_reg[12][3]_i_166/CO[3]
                         net (fo=1, routed)           0.000    13.448    zedboard_pnyq_ssr_i/top_ssr_0/inst/u_top_system/u_dsp_chain/u_agg/feat_mem_reg[12][3]_i_166_n_0
    SLICE_X103Y117       CARRY4 (Prop_carry4_CI_CO[3])
                                                      0.114    13.562 r  zedboard_pnyq_ssr_i/top_ssr_0/inst/u_top_system/u_dsp_chain/u_agg/feat_mem_reg[12][3]_i_147/CO[3]
                         net (fo=1, routed)           0.000    13.562    zedboard_pnyq_ssr_i/top_ssr_0/inst/u_top_system/u_dsp_chain/u_agg/feat_mem_reg[12][3]_i_147_n_0
    SLICE_X103Y118       CARRY4 (Prop_carry4_CI_CO[3])
                                                      0.114    13.676 r  zedboard_pnyq_ssr_i/top_ssr_0/inst/u_top_system/u_dsp_chain/u_agg/feat_mem_reg[12][3]_i_119/CO[3]
                         net (fo=1, routed)           0.000    13.676    zedboard_pnyq_ssr_i/top_ssr_0/inst/u_top_system/u_dsp_chain/u_agg/feat_mem_reg[12][3]_i_119_n_0
    SLICE_X103Y119       CARRY4 (Prop_carry4_CI_O[3])
                                                      0.313    13.989 r  zedboard_pnyq_ssr_i/top_ssr_0/inst/u_top_system/u_dsp_chain/u_agg/feat_mem_reg[12][3]_i_88/O[3]
                         net (fo=3, routed)           1.066    15.054    zedboard_pnyq_ssr_i/top_ssr_0/inst/u_top_system/u_dsp_chain/u_agg/feat_mem_reg[12][3]_i_88_n_4
    SLICE_X108Y120       LUT3 (Prop_lut3_I2_O)        0.330    15.384 r  zedboard_pnyq_ssr_i/top_ssr_0/inst/u_top_system/u_dsp_chain/u_agg/feat_mem[12][3]_i_92/O
                         net (fo=2, routed)           1.157    16.541    zedboard_pnyq_ssr_i/top_ssr_0/inst/u_top_system/u_dsp_chain/u_agg/feat_mem[12][3]_i_92_n_0
    SLICE_X107Y119       LUT6 (Prop_lut6_I5_O)        0.328    16.869 r  zedboard_pnyq_ssr_i/top_ssr_0/inst/u_top_system/u_dsp_chain/u_agg/feat_mem[12][3]_i_57/O
                         net (fo=1, routed)           0.000    16.869    zedboard_pnyq_ssr_i/top_ssr_0/inst/u_top_system/u_dsp_chain/u_agg/feat_mem[12][3]_i_57_n_0
    SLICE_X107Y119       CARRY4 (Prop_carry4_S[1]_CO[3])
                                                      0.550    17.419 r  zedboard_pnyq_ssr_i/top_ssr_0/inst/u_top_system/u_dsp_chain/u_agg/feat_mem_reg[12][3]_i_29/CO[3]
                         net (fo=1, routed)           0.000    17.419    zedboard_pnyq_ssr_i/top_ssr_0/inst/u_top_system/u_dsp_chain/u_agg/feat_mem_reg[12][3]_i_29_n_0
    SLICE_X107Y120       CARRY4 (Prop_carry4_CI_CO[3])
                                                      0.114    17.533 r  zedboard_pnyq_ssr_i/top_ssr_0/inst/u_top_system/u_dsp_chain/u_agg/feat_mem_reg[12][3]_i_12/CO[3]
                         net (fo=1, routed)           0.000    17.533    zedboard_pnyq_ssr_i/top_ssr_0/inst/u_top_system/u_dsp_chain/u_agg/feat_mem_reg[12][3]_i_12_n_0
    SLICE_X107Y121       CARRY4 (Prop_carry4_CI_O[3])
                                                      0.313    17.846 r  zedboard_pnyq_ssr_i/top_ssr_0/inst/u_top_system/u_dsp_chain/u_agg/feat_mem_reg[12][3]_i_3/O[3]
                         net (fo=9, routed)           0.641    18.487    zedboard_pnyq_ssr_i/top_ssr_0/inst_n_12
    SLICE_X106Y120       LUT2 (Prop_lut2_I1_O)        0.306    18.793 r  zedboard_pnyq_ssr_i/top_ssr_0/feat_mem[12][15]_i_171/O
                         net (fo=1, routed)           0.000    18.793    zedboard_pnyq_ssr_i/top_ssr_0/feat_mem[12][15]_i_171_n_0
    SLICE_X106Y120       CARRY4 (Prop_carry4_S[1]_CO[3])
                                                      0.550    19.343 r  zedboard_pnyq_ssr_i/top_ssr_0/feat_mem_reg[12][15]_i_147/CO[3]
                         net (fo=1, routed)           0.000    19.343    zedboard_pnyq_ssr_i/top_ssr_0/feat_mem_reg[12][15]_i_147_n_0
    SLICE_X106Y121       CARRY4 (Prop_carry4_CI_O[2])
                                                      0.239    19.582 r  zedboard_pnyq_ssr_i/top_ssr_0/feat_mem_reg[12][15]_i_124/O[2]
                         net (fo=2, routed)           0.870    20.452    zedboard_pnyq_ssr_i/top_ssr_0/feat_mem_reg[12][15]_i_124_n_5
    SLICE_X112Y123       LUT3 (Prop_lut3_I1_O)        0.302    20.754 r  zedboard_pnyq_ssr_i/top_ssr_0/feat_mem[12][15]_i_96/O
                         net (fo=2, routed)           0.435    21.189    zedboard_pnyq_ssr_i/top_ssr_0/feat_mem[12][15]_i_96_n_0
    SLICE_X110Y123       LUT4 (Prop_lut4_I3_O)        0.124    21.313 r  zedboard_pnyq_ssr_i/top_ssr_0/feat_mem[12][15]_i_100/O
                         net (fo=1, routed)           0.000    21.313    zedboard_pnyq_ssr_i/top_ssr_0/feat_mem[12][15]_i_100_n_0
    SLICE_X110Y123       CARRY4 (Prop_carry4_S[0]_CO[3])
                                                      0.532    21.845 r  zedboard_pnyq_ssr_i/top_ssr_0/feat_mem_reg[12][15]_i_68/CO[3]
                         net (fo=1, routed)           0.000    21.845    zedboard_pnyq_ssr_i/top_ssr_0/feat_mem_reg[12][15]_i_68_n_0
    SLICE_X110Y124       CARRY4 (Prop_carry4_CI_CO[3])
                                                      0.114    21.959 r  zedboard_pnyq_ssr_i/top_ssr_0/feat_mem_reg[12][15]_i_44/CO[3]
                         net (fo=1, routed)           0.009    21.968    zedboard_pnyq_ssr_i/top_ssr_0/feat_mem_reg[12][15]_i_44_n_0
    SLICE_X110Y125       CARRY4 (Prop_carry4_CI_O[1])
                                                      0.334    22.302 r  zedboard_pnyq_ssr_i/top_ssr_0/feat_mem_reg[12][15]_i_24/O[1]
                         net (fo=3, routed)           0.984    23.286    zedboard_pnyq_ssr_i/top_ssr_0/inst/u_top_system/u_dsp_chain/u_agg/feat_mem_reg[12][15]_i_15_0[1]
    SLICE_X105Y125       LUT4 (Prop_lut4_I1_O)        0.303    23.589 r  zedboard_pnyq_ssr_i/top_ssr_0/inst/u_top_system/u_dsp_chain/u_agg/feat_mem[12][15]_i_37/O
                         net (fo=1, routed)           0.000    23.589    zedboard_pnyq_ssr_i/top_ssr_0/inst/u_top_system/u_dsp_chain/u_agg/feat_mem[12][15]_i_37_n_0
    SLICE_X105Y125       CARRY4 (Prop_carry4_S[1]_CO[3])
                                                      0.550    24.139 r  zedboard_pnyq_ssr_i/top_ssr_0/inst/u_top_system/u_dsp_chain/u_agg/feat_mem_reg[12][15]_i_15/CO[3]
                         net (fo=1, routed)           0.000    24.139    zedboard_pnyq_ssr_i/top_ssr_0/inst/u_top_system/u_dsp_chain/u_agg/feat_mem_reg[12][15]_i_15_n_0
    SLICE_X105Y126       CARRY4 (Prop_carry4_CI_CO[1])
                                                      0.157    24.296 r  zedboard_pnyq_ssr_i/top_ssr_0/inst/u_top_system/u_dsp_chain/u_agg/feat_mem_reg[12][15]_i_10/CO[1]
                         net (fo=1, routed)           0.506    24.802    zedboard_pnyq_ssr_i/top_ssr_0/inst/u_top_system/u_dsp_chain/u_agg/feat_mem_reg[12][15]_i_10_n_2
    SLICE_X106Y126       LUT4 (Prop_lut4_I0_O)        0.329    25.131 r  zedboard_pnyq_ssr_i/top_ssr_0/inst/u_top_system/u_dsp_chain/u_agg/feat_mem[12][15]_i_4/O
                         net (fo=42, routed)          0.724    25.855    zedboard_pnyq_ssr_i/top_ssr_0/inst/u_top_system/u_dsp_chain/u_agg/feat_mem[12][15]_i_4_n_0
    SLICE_X111Y120       LUT3 (Prop_lut3_I1_O)        0.124    25.979 r  zedboard_pnyq_ssr_i/top_ssr_0/inst/u_top_system/u_dsp_chain/u_agg/feat_mem[12][2]_i_13/O
                         net (fo=1, routed)           0.613    26.591    zedboard_pnyq_ssr_i/top_ssr_0/inst/u_top_system/u_dsp_chain/u_agg/feat_mem[12][2]_i_13_n_0
    SLICE_X111Y121       CARRY4 (Prop_carry4_CYINIT_CO[3])
                                                      0.580    27.171 r  zedboard_pnyq_ssr_i/top_ssr_0/inst/u_top_system/u_dsp_chain/u_agg/feat_mem_reg[12][2]_i_8/CO[3]
                         net (fo=1, routed)           0.000    27.171    zedboard_pnyq_ssr_i/top_ssr_0/inst/u_top_system/u_dsp_chain/u_agg/feat_mem_reg[12][2]_i_8_n_0
    SLICE_X111Y122       CARRY4 (Prop_carry4_CI_CO[3])
                                                      0.114    27.285 r  zedboard_pnyq_ssr_i/top_ssr_0/inst/u_top_system/u_dsp_chain/u_agg/feat_mem_reg[12][2]_i_3/CO[3]
                         net (fo=1, routed)           0.000    27.285    zedboard_pnyq_ssr_i/top_ssr_0/inst/u_top_system/u_dsp_chain/u_agg/feat_mem_reg[12][2]_i_3_n_0
    SLICE_X111Y123       CARRY4 (Prop_carry4_CI_CO[3])
                                                      0.114    27.399 r  zedboard_pnyq_ssr_i/top_ssr_0/inst/u_top_system/u_dsp_chain/u_agg/feat_mem_reg[12][2]_i_2/CO[3]
                         net (fo=1, routed)           0.000    27.399    zedboard_pnyq_ssr_i/top_ssr_0/inst/u_top_system/u_dsp_chain/u_agg/feat_mem_reg[12][2]_i_2_n_0
    SLICE_X111Y124       CARRY4 (Prop_carry4_CI_O[1])
                                                      0.334    27.733 r  zedboard_pnyq_ssr_i/top_ssr_0/inst/u_top_system/u_dsp_chain/u_agg/feat_mem_reg[12][6]_i_2/O[1]
                         net (fo=1, routed)           0.505    28.238    zedboard_pnyq_ssr_i/top_ssr_0/inst/u_top_system/u_dsp_chain/u_agg/feat_mem_reg[12][6]_i_2_n_6
    SLICE_X108Y124       LUT5 (Prop_lut5_I1_O)        0.303    28.541 r  zedboard_pnyq_ssr_i/top_ssr_0/inst/u_top_system/u_dsp_chain/u_agg/feat_mem[12][4]_i_1/O
                         net (fo=16, routed)          1.700    30.241    zedboard_pnyq_ssr_i/top_ssr_0/inst/u_top_system/u_dsp_chain/u_agg/p_1_in[4]
    SLICE_X88Y131        FDRE                                         r  zedboard_pnyq_ssr_i/top_ssr_0/inst/u_top_system/u_dsp_chain/u_agg/feat_mem_reg[0][4]/D
  -------------------------------------------------------------------    -------------------

                         (clock clk_fpga_0 rise edge)
                                                     50.000    50.000 r  
    PS7_X0Y0             PS7                          0.000    50.000 r  zedboard_pnyq_ssr_i/processing_system7_0/inst/PS7_i/FCLKCLK[0]
                         net (fo=1, routed)           1.088    51.088    zedboard_pnyq_ssr_i/processing_system7_0/inst/FCLK_CLK_unbuffered[0]
    BUFGCTRL_X0Y16       BUFG (Prop_bufg_I_O)         0.091    51.179 r  zedboard_pnyq_ssr_i/processing_system7_0/inst/buffer_fclk_clk_0.FCLK_CLK_0_BUFG/O
                         net (fo=21462, routed)       1.710    52.889    zedboard_pnyq_ssr_i/top_ssr_0/inst/u_top_system/u_dsp_chain/u_agg/s00_axi_aclk
    SLICE_X88Y131        FDRE                                         r  zedboard_pnyq_ssr_i/top_ssr_0/inst/u_top_system/u_dsp_chain/u_agg/feat_mem_reg[0][4]/C
                         clock pessimism              0.247    53.136    
                         clock uncertainty           -0.751    52.385    
    SLICE_X88Y131        FDRE (Setup_fdre_C_D)       -0.071    52.314    zedboard_pnyq_ssr_i/top_ssr_0/inst/u_top_system/u_dsp_chain/u_agg/feat_mem_reg[0][4]
  -------------------------------------------------------------------
                         required time                         52.314    
                         arrival time                         -30.241    
  -------------------------------------------------------------------
                         slack                                 22.073    

Slack (MET) :             22.079ns  (required time - arrival time)
  Source:                 zedboard_pnyq_ssr_i/top_ssr_0/inst/u_top_system/u_dsp_chain/u_agg/calc_k_reg[1]/C
                            (rising edge-triggered cell FDRE clocked by clk_fpga_0  {rise@0.000ns fall@25.000ns period=50.000ns})
  Destination:            zedboard_pnyq_ssr_i/top_ssr_0/inst/u_top_system/u_dsp_chain/u_agg/feat_mem_reg[14][15]/D
                            (rising edge-triggered cell FDRE clocked by clk_fpga_0  {rise@0.000ns fall@25.000ns period=50.000ns})
  Path Group:             clk_fpga_0
  Path Type:              Setup (Max at Slow Process Corner)
  Requirement:            50.000ns  (clk_fpga_0 rise@50.000ns - clk_fpga_0 rise@0.000ns)
  Data Path Delay:        27.145ns  (logic 10.981ns (40.453%)  route 16.164ns (59.547%))
  Logic Levels:           40  (CARRY4=24 LUT1=1 LUT2=1 LUT3=5 LUT4=4 LUT5=1 LUT6=4)
  Clock Path Skew:        -0.054ns (DCD - SCD + CPR)
    Destination Clock Delay (DCD):    2.888ns = ( 52.888 - 50.000 ) 
    Source Clock Delay      (SCD):    3.189ns
    Clock Pessimism Removal (CPR):    0.247ns
  Clock Uncertainty:      0.751ns  ((TSJ^2 + TIJ^2)^1/2 + DJ) / 2 + PE
    Total System Jitter     (TSJ):    0.071ns
    Total Input Jitter      (TIJ):    1.500ns
    Discrete Jitter          (DJ):    0.000ns
    Phase Error              (PE):    0.000ns

    Location             Delay type                Incr(ns)  Path(ns)    Netlist Resource(s)
  -------------------------------------------------------------------    -------------------
                         (clock clk_fpga_0 rise edge)
                                                      0.000     0.000 r  
    PS7_X0Y0             PS7                          0.000     0.000 r  zedboard_pnyq_ssr_i/processing_system7_0/inst/PS7_i/FCLKCLK[0]
                         net (fo=1, routed)           1.193     1.193    zedboard_pnyq_ssr_i/processing_system7_0/inst/FCLK_CLK_unbuffered[0]
    BUFGCTRL_X0Y16       BUFG (Prop_bufg_I_O)         0.101     1.294 r  zedboard_pnyq_ssr_i/processing_system7_0/inst/buffer_fclk_clk_0.FCLK_CLK_0_BUFG/O
                         net (fo=21462, routed)       1.895     3.189    zedboard_pnyq_ssr_i/top_ssr_0/inst/u_top_system/u_dsp_chain/u_agg/s00_axi_aclk
    SLICE_X80Y126        FDRE                                         r  zedboard_pnyq_ssr_i/top_ssr_0/inst/u_top_system/u_dsp_chain/u_agg/calc_k_reg[1]/C
  -------------------------------------------------------------------    -------------------
    SLICE_X80Y126        FDRE (Prop_fdre_C_Q)         0.456     3.645 r  zedboard_pnyq_ssr_i/top_ssr_0/inst/u_top_system/u_dsp_chain/u_agg/calc_k_reg[1]/Q
                         net (fo=309, routed)         2.473     6.118    zedboard_pnyq_ssr_i/top_ssr_0/inst/u_top_system/u_dsp_chain/u_agg/sel0[1]
    SLICE_X105Y110       LUT6 (Prop_lut6_I2_O)        0.124     6.242 f  zedboard_pnyq_ssr_i/top_ssr_0/inst/u_top_system/u_dsp_chain/u_agg/suma_sq0_i_97/O
                         net (fo=1, routed)           1.071     7.314    zedboard_pnyq_ssr_i/top_ssr_0/inst/u_top_system/u_dsp_chain/u_agg/suma_sq0_i_97_n_0
    SLICE_X107Y111       LUT6 (Prop_lut6_I1_O)        0.124     7.438 f  zedboard_pnyq_ssr_i/top_ssr_0/inst/u_top_system/u_dsp_chain/u_agg/suma_sq0_i_30/O
                         net (fo=7, routed)           0.711     8.149    zedboard_pnyq_ssr_i/top_ssr_0/inst/u_top_system/u_dsp_chain/u_agg/suma_sq0_i_30_n_0
    SLICE_X104Y111       LUT1 (Prop_lut1_I0_O)        0.124     8.273 r  zedboard_pnyq_ssr_i/top_ssr_0/inst/u_top_system/u_dsp_chain/u_agg/feat_mem[12][3]_i_158/O
                         net (fo=1, routed)           0.000     8.273    zedboard_pnyq_ssr_i/top_ssr_0/inst/u_top_system/u_dsp_chain/u_agg/feat_mem[12][3]_i_158_n_0
    SLICE_X104Y111       CARRY4 (Prop_carry4_S[1]_CO[3])
                                                      0.533     8.806 r  zedboard_pnyq_ssr_i/top_ssr_0/inst/u_top_system/u_dsp_chain/u_agg/feat_mem_reg[12][3]_i_134/CO[3]
                         net (fo=1, routed)           0.000     8.806    zedboard_pnyq_ssr_i/top_ssr_0/inst/u_top_system/u_dsp_chain/u_agg/feat_mem_reg[12][3]_i_134_n_0
    SLICE_X104Y112       CARRY4 (Prop_carry4_CI_CO[3])
                                                      0.117     8.923 r  zedboard_pnyq_ssr_i/top_ssr_0/inst/u_top_system/u_dsp_chain/u_agg/feat_mem_reg[12][3]_i_105/CO[3]
                         net (fo=1, routed)           0.000     8.923    zedboard_pnyq_ssr_i/top_ssr_0/inst/u_top_system/u_dsp_chain/u_agg/feat_mem_reg[12][3]_i_105_n_0
    SLICE_X104Y113       CARRY4 (Prop_carry4_CI_O[2])
                                                      0.239     9.162 r  zedboard_pnyq_ssr_i/top_ssr_0/inst/u_top_system/u_dsp_chain/u_agg/feat_mem_reg[12][3]_i_74/O[2]
                         net (fo=1, routed)           1.379    10.541    zedboard_pnyq_ssr_i/top_ssr_0/inst/u_top_system/u_dsp_chain/u_agg/feat_mem_reg[12][3]_i_74_n_5
    SLICE_X108Y115       LUT3 (Prop_lut3_I1_O)        0.327    10.868 r  zedboard_pnyq_ssr_i/top_ssr_0/inst/u_top_system/u_dsp_chain/u_agg/feat_mem[12][3]_i_45/O
                         net (fo=19, routed)          0.994    11.862    zedboard_pnyq_ssr_i/top_ssr_0/inst/u_top_system/u_dsp_chain/u_agg/feat_mem[12][3]_i_45_n_0
    SLICE_X102Y116       LUT3 (Prop_lut3_I1_O)        0.328    12.190 r  zedboard_pnyq_ssr_i/top_ssr_0/inst/u_top_system/u_dsp_chain/u_agg/feat_mem[12][3]_i_186/O
                         net (fo=2, routed)           0.584    12.774    zedboard_pnyq_ssr_i/top_ssr_0/inst/u_top_system/u_dsp_chain/u_agg/feat_mem[12][3]_i_186_n_0
    SLICE_X103Y116       LUT4 (Prop_lut4_I3_O)        0.124    12.898 r  zedboard_pnyq_ssr_i/top_ssr_0/inst/u_top_system/u_dsp_chain/u_agg/feat_mem[12][3]_i_190/O
                         net (fo=1, routed)           0.000    12.898    zedboard_pnyq_ssr_i/top_ssr_0/inst/u_top_system/u_dsp_chain/u_agg/feat_mem[12][3]_i_190_n_0
    SLICE_X103Y116       CARRY4 (Prop_carry4_S[1]_CO[3])
                                                      0.550    13.448 r  zedboard_pnyq_ssr_i/top_ssr_0/inst/u_top_system/u_dsp_chain/u_agg/feat_mem_reg[12][3]_i_166/CO[3]
                         net (fo=1, routed)           0.000    13.448    zedboard_pnyq_ssr_i/top_ssr_0/inst/u_top_system/u_dsp_chain/u_agg/feat_mem_reg[12][3]_i_166_n_0
    SLICE_X103Y117       CARRY4 (Prop_carry4_CI_CO[3])
                                                      0.114    13.562 r  zedboard_pnyq_ssr_i/top_ssr_0/inst/u_top_system/u_dsp_chain/u_agg/feat_mem_reg[12][3]_i_147/CO[3]
                         net (fo=1, routed)           0.000    13.562    zedboard_pnyq_ssr_i/top_ssr_0/inst/u_top_system/u_dsp_chain/u_agg/feat_mem_reg[12][3]_i_147_n_0
    SLICE_X103Y118       CARRY4 (Prop_carry4_CI_CO[3])
                                                      0.114    13.676 r  zedboard_pnyq_ssr_i/top_ssr_0/inst/u_top_system/u_dsp_chain/u_agg/feat_mem_reg[12][3]_i_119/CO[3]
                         net (fo=1, routed)           0.000    13.676    zedboard_pnyq_ssr_i/top_ssr_0/inst/u_top_system/u_dsp_chain/u_agg/feat_mem_reg[12][3]_i_119_n_0
    SLICE_X103Y119       CARRY4 (Prop_carry4_CI_O[3])
                                                      0.313    13.989 r  zedboard_pnyq_ssr_i/top_ssr_0/inst/u_top_system/u_dsp_chain/u_agg/feat_mem_reg[12][3]_i_88/O[3]
                         net (fo=3, routed)           1.066    15.054    zedboard_pnyq_ssr_i/top_ssr_0/inst/u_top_system/u_dsp_chain/u_agg/feat_mem_reg[12][3]_i_88_n_4
    SLICE_X108Y120       LUT3 (Prop_lut3_I2_O)        0.330    15.384 r  zedboard_pnyq_ssr_i/top_ssr_0/inst/u_top_system/u_dsp_chain/u_agg/feat_mem[12][3]_i_92/O
                         net (fo=2, routed)           1.157    16.541    zedboard_pnyq_ssr_i/top_ssr_0/inst/u_top_system/u_dsp_chain/u_agg/feat_mem[12][3]_i_92_n_0
    SLICE_X107Y119       LUT6 (Prop_lut6_I5_O)        0.328    16.869 r  zedboard_pnyq_ssr_i/top_ssr_0/inst/u_top_system/u_dsp_chain/u_agg/feat_mem[12][3]_i_57/O
                         net (fo=1, routed)           0.000    16.869    zedboard_pnyq_ssr_i/top_ssr_0/inst/u_top_system/u_dsp_chain/u_agg/feat_mem[12][3]_i_57_n_0
    SLICE_X107Y119       CARRY4 (Prop_carry4_S[1]_CO[3])
                                                      0.550    17.419 r  zedboard_pnyq_ssr_i/top_ssr_0/inst/u_top_system/u_dsp_chain/u_agg/feat_mem_reg[12][3]_i_29/CO[3]
                         net (fo=1, routed)           0.000    17.419    zedboard_pnyq_ssr_i/top_ssr_0/inst/u_top_system/u_dsp_chain/u_agg/feat_mem_reg[12][3]_i_29_n_0
    SLICE_X107Y120       CARRY4 (Prop_carry4_CI_CO[3])
                                                      0.114    17.533 r  zedboard_pnyq_ssr_i/top_ssr_0/inst/u_top_system/u_dsp_chain/u_agg/feat_mem_reg[12][3]_i_12/CO[3]
                         net (fo=1, routed)           0.000    17.533    zedboard_pnyq_ssr_i/top_ssr_0/inst/u_top_system/u_dsp_chain/u_agg/feat_mem_reg[12][3]_i_12_n_0
    SLICE_X107Y121       CARRY4 (Prop_carry4_CI_O[3])
                                                      0.313    17.846 r  zedboard_pnyq_ssr_i/top_ssr_0/inst/u_top_system/u_dsp_chain/u_agg/feat_mem_reg[12][3]_i_3/O[3]
                         net (fo=9, routed)           0.641    18.487    zedboard_pnyq_ssr_i/top_ssr_0/inst_n_12
    SLICE_X106Y120       LUT2 (Prop_lut2_I1_O)        0.306    18.793 r  zedboard_pnyq_ssr_i/top_ssr_0/feat_mem[12][15]_i_171/O
                         net (fo=1, routed)           0.000    18.793    zedboard_pnyq_ssr_i/top_ssr_0/feat_mem[12][15]_i_171_n_0
    SLICE_X106Y120       CARRY4 (Prop_carry4_S[1]_CO[3])
                                                      0.550    19.343 r  zedboard_pnyq_ssr_i/top_ssr_0/feat_mem_reg[12][15]_i_147/CO[3]
                         net (fo=1, routed)           0.000    19.343    zedboard_pnyq_ssr_i/top_ssr_0/feat_mem_reg[12][15]_i_147_n_0
    SLICE_X106Y121       CARRY4 (Prop_carry4_CI_O[2])
                                                      0.239    19.582 r  zedboard_pnyq_ssr_i/top_ssr_0/feat_mem_reg[12][15]_i_124/O[2]
                         net (fo=2, routed)           0.870    20.452    zedboard_pnyq_ssr_i/top_ssr_0/feat_mem_reg[12][15]_i_124_n_5
    SLICE_X112Y123       LUT3 (Prop_lut3_I1_O)        0.302    20.754 r  zedboard_pnyq_ssr_i/top_ssr_0/feat_mem[12][15]_i_96/O
                         net (fo=2, routed)           0.435    21.189    zedboard_pnyq_ssr_i/top_ssr_0/feat_mem[12][15]_i_96_n_0
    SLICE_X110Y123       LUT4 (Prop_lut4_I3_O)        0.124    21.313 r  zedboard_pnyq_ssr_i/top_ssr_0/feat_mem[12][15]_i_100/O
                         net (fo=1, routed)           0.000    21.313    zedboard_pnyq_ssr_i/top_ssr_0/feat_mem[12][15]_i_100_n_0
    SLICE_X110Y123       CARRY4 (Prop_carry4_S[0]_CO[3])
                                                      0.532    21.845 r  zedboard_pnyq_ssr_i/top_ssr_0/feat_mem_reg[12][15]_i_68/CO[3]
                         net (fo=1, routed)           0.000    21.845    zedboard_pnyq_ssr_i/top_ssr_0/feat_mem_reg[12][15]_i_68_n_0
    SLICE_X110Y124       CARRY4 (Prop_carry4_CI_CO[3])
                                                      0.114    21.959 r  zedboard_pnyq_ssr_i/top_ssr_0/feat_mem_reg[12][15]_i_44/CO[3]
                         net (fo=1, routed)           0.009    21.968    zedboard_pnyq_ssr_i/top_ssr_0/feat_mem_reg[12][15]_i_44_n_0
    SLICE_X110Y125       CARRY4 (Prop_carry4_CI_O[1])
                                                      0.334    22.302 r  zedboard_pnyq_ssr_i/top_ssr_0/feat_mem_reg[12][15]_i_24/O[1]
                         net (fo=3, routed)           0.984    23.286    zedboard_pnyq_ssr_i/top_ssr_0/inst/u_top_system/u_dsp_chain/u_agg/feat_mem_reg[12][15]_i_15_0[1]
    SLICE_X105Y125       LUT4 (Prop_lut4_I1_O)        0.303    23.589 r  zedboard_pnyq_ssr_i/top_ssr_0/inst/u_top_system/u_dsp_chain/u_agg/feat_mem[12][15]_i_37/O
                         net (fo=1, routed)           0.000    23.589    zedboard_pnyq_ssr_i/top_ssr_0/inst/u_top_system/u_dsp_chain/u_agg/feat_mem[12][15]_i_37_n_0
    SLICE_X105Y125       CARRY4 (Prop_carry4_S[1]_CO[3])
                                                      0.550    24.139 r  zedboard_pnyq_ssr_i/top_ssr_0/inst/u_top_system/u_dsp_chain/u_agg/feat_mem_reg[12][15]_i_15/CO[3]
                         net (fo=1, routed)           0.000    24.139    zedboard_pnyq_ssr_i/top_ssr_0/inst/u_top_system/u_dsp_chain/u_agg/feat_mem_reg[12][15]_i_15_n_0
    SLICE_X105Y126       CARRY4 (Prop_carry4_CI_CO[1])
                                                      0.157    24.296 r  zedboard_pnyq_ssr_i/top_ssr_0/inst/u_top_system/u_dsp_chain/u_agg/feat_mem_reg[12][15]_i_10/CO[1]
                         net (fo=1, routed)           0.506    24.802    zedboard_pnyq_ssr_i/top_ssr_0/inst/u_top_system/u_dsp_chain/u_agg/feat_mem_reg[12][15]_i_10_n_2
    SLICE_X106Y126       LUT4 (Prop_lut4_I0_O)        0.329    25.131 r  zedboard_pnyq_ssr_i/top_ssr_0/inst/u_top_system/u_dsp_chain/u_agg/feat_mem[12][15]_i_4/O
                         net (fo=42, routed)          0.724    25.855    zedboard_pnyq_ssr_i/top_ssr_0/inst/u_top_system/u_dsp_chain/u_agg/feat_mem[12][15]_i_4_n_0
    SLICE_X111Y120       LUT3 (Prop_lut3_I1_O)        0.124    25.979 r  zedboard_pnyq_ssr_i/top_ssr_0/inst/u_top_system/u_dsp_chain/u_agg/feat_mem[12][2]_i_13/O
                         net (fo=1, routed)           0.613    26.591    zedboard_pnyq_ssr_i/top_ssr_0/inst/u_top_system/u_dsp_chain/u_agg/feat_mem[12][2]_i_13_n_0
    SLICE_X111Y121       CARRY4 (Prop_carry4_CYINIT_CO[3])
                                                      0.580    27.171 r  zedboard_pnyq_ssr_i/top_ssr_0/inst/u_top_system/u_dsp_chain/u_agg/feat_mem_reg[12][2]_i_8/CO[3]
                         net (fo=1, routed)           0.000    27.171    zedboard_pnyq_ssr_i/top_ssr_0/inst/u_top_system/u_dsp_chain/u_agg/feat_mem_reg[12][2]_i_8_n_0
    SLICE_X111Y122       CARRY4 (Prop_carry4_CI_CO[3])
                                                      0.114    27.285 r  zedboard_pnyq_ssr_i/top_ssr_0/inst/u_top_system/u_dsp_chain/u_agg/feat_mem_reg[12][2]_i_3/CO[3]
                         net (fo=1, routed)           0.000    27.285    zedboard_pnyq_ssr_i/top_ssr_0/inst/u_top_system/u_dsp_chain/u_agg/feat_mem_reg[12][2]_i_3_n_0
    SLICE_X111Y123       CARRY4 (Prop_carry4_CI_CO[3])
                                                      0.114    27.399 r  zedboard_pnyq_ssr_i/top_ssr_0/inst/u_top_system/u_dsp_chain/u_agg/feat_mem_reg[12][2]_i_2/CO[3]
                         net (fo=1, routed)           0.000    27.399    zedboard_pnyq_ssr_i/top_ssr_0/inst/u_top_system/u_dsp_chain/u_agg/feat_mem_reg[12][2]_i_2_n_0
    SLICE_X111Y124       CARRY4 (Prop_carry4_CI_CO[3])
                                                      0.114    27.513 r  zedboard_pnyq_ssr_i/top_ssr_0/inst/u_top_system/u_dsp_chain/u_agg/feat_mem_reg[12][6]_i_2/CO[3]
                         net (fo=1, routed)           0.009    27.522    zedboard_pnyq_ssr_i/top_ssr_0/inst/u_top_system/u_dsp_chain/u_agg/feat_mem_reg[12][6]_i_2_n_0
    SLICE_X111Y125       CARRY4 (Prop_carry4_CI_CO[3])
                                                      0.114    27.636 r  zedboard_pnyq_ssr_i/top_ssr_0/inst/u_top_system/u_dsp_chain/u_agg/feat_mem_reg[12][10]_i_2/CO[3]
                         net (fo=1, routed)           0.000    27.636    zedboard_pnyq_ssr_i/top_ssr_0/inst/u_top_system/u_dsp_chain/u_agg/feat_mem_reg[12][10]_i_2_n_0
    SLICE_X111Y126       CARRY4 (Prop_carry4_CI_CO[3])
                                                      0.114    27.750 r  zedboard_pnyq_ssr_i/top_ssr_0/inst/u_top_system/u_dsp_chain/u_agg/feat_mem_reg[12][14]_i_2/CO[3]
                         net (fo=1, routed)           0.000    27.750    zedboard_pnyq_ssr_i/top_ssr_0/inst/u_top_system/u_dsp_chain/u_agg/feat_mem_reg[12][14]_i_2_n_0
    SLICE_X111Y127       CARRY4 (Prop_carry4_CI_O[0])
                                                      0.222    27.972 r  zedboard_pnyq_ssr_i/top_ssr_0/inst/u_top_system/u_dsp_chain/u_agg/feat_mem_reg[12][15]_i_2/O[0]
                         net (fo=1, routed)           0.434    28.406    zedboard_pnyq_ssr_i/top_ssr_0/inst/u_top_system/u_dsp_chain/u_agg/feat_mem_reg[12][15]_i_2_n_7
    SLICE_X110Y127       LUT5 (Prop_lut5_I1_O)        0.299    28.705 r  zedboard_pnyq_ssr_i/top_ssr_0/inst/u_top_system/u_dsp_chain/u_agg/feat_mem[12][15]_i_1/O
                         net (fo=16, routed)          1.505    30.210    zedboard_pnyq_ssr_i/top_ssr_0/inst/u_top_system/u_dsp_chain/u_agg/p_1_in[15]
    SLICE_X89Y129        LUT6 (Prop_lut6_I5_O)        0.124    30.334 r  zedboard_pnyq_ssr_i/top_ssr_0/inst/u_top_system/u_dsp_chain/u_agg/feat_mem[14][15]_i_2/O
                         net (fo=1, routed)           0.000    30.334    zedboard_pnyq_ssr_i/top_ssr_0/inst/u_top_system/u_dsp_chain/u_agg/feat_mem[14][15]_i_2_n_0
    SLICE_X89Y129        FDRE                                         r  zedboard_pnyq_ssr_i/top_ssr_0/inst/u_top_system/u_dsp_chain/u_agg/feat_mem_reg[14][15]/D
  -------------------------------------------------------------------    -------------------

                         (clock clk_fpga_0 rise edge)
                                                     50.000    50.000 r  
    PS7_X0Y0             PS7                          0.000    50.000 r  zedboard_pnyq_ssr_i/processing_system7_0/inst/PS7_i/FCLKCLK[0]
                         net (fo=1, routed)           1.088    51.088    zedboard_pnyq_ssr_i/processing_system7_0/inst/FCLK_CLK_unbuffered[0]
    BUFGCTRL_X0Y16       BUFG (Prop_bufg_I_O)         0.091    51.179 r  zedboard_pnyq_ssr_i/processing_system7_0/inst/buffer_fclk_clk_0.FCLK_CLK_0_BUFG/O
                         net (fo=21462, routed)       1.709    52.888    zedboard_pnyq_ssr_i/top_ssr_0/inst/u_top_system/u_dsp_chain/u_agg/s00_axi_aclk
    SLICE_X89Y129        FDRE                                         r  zedboard_pnyq_ssr_i/top_ssr_0/inst/u_top_system/u_dsp_chain/u_agg/feat_mem_reg[14][15]/C
                         clock pessimism              0.247    53.135    
                         clock uncertainty           -0.751    52.384    
    SLICE_X89Y129        FDRE (Setup_fdre_C_D)        0.029    52.413    zedboard_pnyq_ssr_i/top_ssr_0/inst/u_top_system/u_dsp_chain/u_agg/feat_mem_reg[14][15]
  -------------------------------------------------------------------
                         required time                         52.413    
                         arrival time                         -30.334    
  -------------------------------------------------------------------
                         slack                                 22.079    

Slack (MET) :             22.087ns  (required time - arrival time)
  Source:                 zedboard_pnyq_ssr_i/top_ssr_0/inst/u_top_system/u_dsp_chain/u_agg/calc_k_reg[1]/C
                            (rising edge-triggered cell FDRE clocked by clk_fpga_0  {rise@0.000ns fall@25.000ns period=50.000ns})
  Destination:            zedboard_pnyq_ssr_i/top_ssr_0/inst/u_top_system/u_dsp_chain/u_agg/feat_mem_reg[6][14]/D
                            (rising edge-triggered cell FDRE clocked by clk_fpga_0  {rise@0.000ns fall@25.000ns period=50.000ns})
  Path Group:             clk_fpga_0
  Path Type:              Setup (Max at Slow Process Corner)
  Requirement:            50.000ns  (clk_fpga_0 rise@50.000ns - clk_fpga_0 rise@0.000ns)
  Data Path Delay:        27.026ns  (logic 10.841ns (40.113%)  route 16.185ns (59.887%))
  Logic Levels:           38  (CARRY4=23 LUT1=1 LUT2=1 LUT3=5 LUT4=4 LUT5=1 LUT6=3)
  Clock Path Skew:        -0.055ns (DCD - SCD + CPR)
    Destination Clock Delay (DCD):    2.887ns = ( 52.887 - 50.000 ) 
    Source Clock Delay      (SCD):    3.189ns
    Clock Pessimism Removal (CPR):    0.247ns
  Clock Uncertainty:      0.751ns  ((TSJ^2 + TIJ^2)^1/2 + DJ) / 2 + PE
    Total System Jitter     (TSJ):    0.071ns
    Total Input Jitter      (TIJ):    1.500ns
    Discrete Jitter          (DJ):    0.000ns
    Phase Error              (PE):    0.000ns

    Location             Delay type                Incr(ns)  Path(ns)    Netlist Resource(s)
  -------------------------------------------------------------------    -------------------
                         (clock clk_fpga_0 rise edge)
                                                      0.000     0.000 r  
    PS7_X0Y0             PS7                          0.000     0.000 r  zedboard_pnyq_ssr_i/processing_system7_0/inst/PS7_i/FCLKCLK[0]
                         net (fo=1, routed)           1.193     1.193    zedboard_pnyq_ssr_i/processing_system7_0/inst/FCLK_CLK_unbuffered[0]
    BUFGCTRL_X0Y16       BUFG (Prop_bufg_I_O)         0.101     1.294 r  zedboard_pnyq_ssr_i/processing_system7_0/inst/buffer_fclk_clk_0.FCLK_CLK_0_BUFG/O
                         net (fo=21462, routed)       1.895     3.189    zedboard_pnyq_ssr_i/top_ssr_0/inst/u_top_system/u_dsp_chain/u_agg/s00_axi_aclk
    SLICE_X80Y126        FDRE                                         r  zedboard_pnyq_ssr_i/top_ssr_0/inst/u_top_system/u_dsp_chain/u_agg/calc_k_reg[1]/C
  -------------------------------------------------------------------    -------------------
    SLICE_X80Y126        FDRE (Prop_fdre_C_Q)         0.456     3.645 r  zedboard_pnyq_ssr_i/top_ssr_0/inst/u_top_system/u_dsp_chain/u_agg/calc_k_reg[1]/Q
                         net (fo=309, routed)         2.473     6.118    zedboard_pnyq_ssr_i/top_ssr_0/inst/u_top_system/u_dsp_chain/u_agg/sel0[1]
    SLICE_X105Y110       LUT6 (Prop_lut6_I2_O)        0.124     6.242 f  zedboard_pnyq_ssr_i/top_ssr_0/inst/u_top_system/u_dsp_chain/u_agg/suma_sq0_i_97/O
                         net (fo=1, routed)           1.071     7.314    zedboard_pnyq_ssr_i/top_ssr_0/inst/u_top_system/u_dsp_chain/u_agg/suma_sq0_i_97_n_0
    SLICE_X107Y111       LUT6 (Prop_lut6_I1_O)        0.124     7.438 f  zedboard_pnyq_ssr_i/top_ssr_0/inst/u_top_system/u_dsp_chain/u_agg/suma_sq0_i_30/O
                         net (fo=7, routed)           0.711     8.149    zedboard_pnyq_ssr_i/top_ssr_0/inst/u_top_system/u_dsp_chain/u_agg/suma_sq0_i_30_n_0
    SLICE_X104Y111       LUT1 (Prop_lut1_I0_O)        0.124     8.273 r  zedboard_pnyq_ssr_i/top_ssr_0/inst/u_top_system/u_dsp_chain/u_agg/feat_mem[12][3]_i_158/O
                         net (fo=1, routed)           0.000     8.273    zedboard_pnyq_ssr_i/top_ssr_0/inst/u_top_system/u_dsp_chain/u_agg/feat_mem[12][3]_i_158_n_0
    SLICE_X104Y111       CARRY4 (Prop_carry4_S[1]_CO[3])
                                                      0.533     8.806 r  zedboard_pnyq_ssr_i/top_ssr_0/inst/u_top_system/u_dsp_chain/u_agg/feat_mem_reg[12][3]_i_134/CO[3]
                         net (fo=1, routed)           0.000     8.806    zedboard_pnyq_ssr_i/top_ssr_0/inst/u_top_system/u_dsp_chain/u_agg/feat_mem_reg[12][3]_i_134_n_0
    SLICE_X104Y112       CARRY4 (Prop_carry4_CI_CO[3])
                                                      0.117     8.923 r  zedboard_pnyq_ssr_i/top_ssr_0/inst/u_top_system/u_dsp_chain/u_agg/feat_mem_reg[12][3]_i_105/CO[3]
                         net (fo=1, routed)           0.000     8.923    zedboard_pnyq_ssr_i/top_ssr_0/inst/u_top_system/u_dsp_chain/u_agg/feat_mem_reg[12][3]_i_105_n_0
    SLICE_X104Y113       CARRY4 (Prop_carry4_CI_O[2])
                                                      0.239     9.162 r  zedboard_pnyq_ssr_i/top_ssr_0/inst/u_top_system/u_dsp_chain/u_agg/feat_mem_reg[12][3]_i_74/O[2]
                         net (fo=1, routed)           1.379    10.541    zedboard_pnyq_ssr_i/top_ssr_0/inst/u_top_system/u_dsp_chain/u_agg/feat_mem_reg[12][3]_i_74_n_5
    SLICE_X108Y115       LUT3 (Prop_lut3_I1_O)        0.327    10.868 r  zedboard_pnyq_ssr_i/top_ssr_0/inst/u_top_system/u_dsp_chain/u_agg/feat_mem[12][3]_i_45/O
                         net (fo=19, routed)          0.994    11.862    zedboard_pnyq_ssr_i/top_ssr_0/inst/u_top_system/u_dsp_chain/u_agg/feat_mem[12][3]_i_45_n_0
    SLICE_X102Y116       LUT3 (Prop_lut3_I1_O)        0.328    12.190 r  zedboard_pnyq_ssr_i/top_ssr_0/inst/u_top_system/u_dsp_chain/u_agg/feat_mem[12][3]_i_186/O
                         net (fo=2, routed)           0.584    12.774    zedboard_pnyq_ssr_i/top_ssr_0/inst/u_top_system/u_dsp_chain/u_agg/feat_mem[12][3]_i_186_n_0
    SLICE_X103Y116       LUT4 (Prop_lut4_I3_O)        0.124    12.898 r  zedboard_pnyq_ssr_i/top_ssr_0/inst/u_top_system/u_dsp_chain/u_agg/feat_mem[12][3]_i_190/O
                         net (fo=1, routed)           0.000    12.898    zedboard_pnyq_ssr_i/top_ssr_0/inst/u_top_system/u_dsp_chain/u_agg/feat_mem[12][3]_i_190_n_0
    SLICE_X103Y116       CARRY4 (Prop_carry4_S[1]_CO[3])
                                                      0.550    13.448 r  zedboard_pnyq_ssr_i/top_ssr_0/inst/u_top_system/u_dsp_chain/u_agg/feat_mem_reg[12][3]_i_166/CO[3]
                         net (fo=1, routed)           0.000    13.448    zedboard_pnyq_ssr_i/top_ssr_0/inst/u_top_system/u_dsp_chain/u_agg/feat_mem_reg[12][3]_i_166_n_0
    SLICE_X103Y117       CARRY4 (Prop_carry4_CI_CO[3])
                                                      0.114    13.562 r  zedboard_pnyq_ssr_i/top_ssr_0/inst/u_top_system/u_dsp_chain/u_agg/feat_mem_reg[12][3]_i_147/CO[3]
                         net (fo=1, routed)           0.000    13.562    zedboard_pnyq_ssr_i/top_ssr_0/inst/u_top_system/u_dsp_chain/u_agg/feat_mem_reg[12][3]_i_147_n_0
    SLICE_X103Y118       CARRY4 (Prop_carry4_CI_CO[3])
                                                      0.114    13.676 r  zedboard_pnyq_ssr_i/top_ssr_0/inst/u_top_system/u_dsp_chain/u_agg/feat_mem_reg[12][3]_i_119/CO[3]
                         net (fo=1, routed)           0.000    13.676    zedboard_pnyq_ssr_i/top_ssr_0/inst/u_top_system/u_dsp_chain/u_agg/feat_mem_reg[12][3]_i_119_n_0
    SLICE_X103Y119       CARRY4 (Prop_carry4_CI_O[3])
                                                      0.313    13.989 r  zedboard_pnyq_ssr_i/top_ssr_0/inst/u_top_system/u_dsp_chain/u_agg/feat_mem_reg[12][3]_i_88/O[3]
                         net (fo=3, routed)           1.066    15.054    zedboard_pnyq_ssr_i/top_ssr_0/inst/u_top_system/u_dsp_chain/u_agg/feat_mem_reg[12][3]_i_88_n_4
    SLICE_X108Y120       LUT3 (Prop_lut3_I2_O)        0.330    15.384 r  zedboard_pnyq_ssr_i/top_ssr_0/inst/u_top_system/u_dsp_chain/u_agg/feat_mem[12][3]_i_92/O
                         net (fo=2, routed)           1.157    16.541    zedboard_pnyq_ssr_i/top_ssr_0/inst/u_top_system/u_dsp_chain/u_agg/feat_mem[12][3]_i_92_n_0
    SLICE_X107Y119       LUT6 (Prop_lut6_I5_O)        0.328    16.869 r  zedboard_pnyq_ssr_i/top_ssr_0/inst/u_top_system/u_dsp_chain/u_agg/feat_mem[12][3]_i_57/O
                         net (fo=1, routed)           0.000    16.869    zedboard_pnyq_ssr_i/top_ssr_0/inst/u_top_system/u_dsp_chain/u_agg/feat_mem[12][3]_i_57_n_0
    SLICE_X107Y119       CARRY4 (Prop_carry4_S[1]_CO[3])
                                                      0.550    17.419 r  zedboard_pnyq_ssr_i/top_ssr_0/inst/u_top_system/u_dsp_chain/u_agg/feat_mem_reg[12][3]_i_29/CO[3]
                         net (fo=1, routed)           0.000    17.419    zedboard_pnyq_ssr_i/top_ssr_0/inst/u_top_system/u_dsp_chain/u_agg/feat_mem_reg[12][3]_i_29_n_0
    SLICE_X107Y120       CARRY4 (Prop_carry4_CI_CO[3])
                                                      0.114    17.533 r  zedboard_pnyq_ssr_i/top_ssr_0/inst/u_top_system/u_dsp_chain/u_agg/feat_mem_reg[12][3]_i_12/CO[3]
                         net (fo=1, routed)           0.000    17.533    zedboard_pnyq_ssr_i/top_ssr_0/inst/u_top_system/u_dsp_chain/u_agg/feat_mem_reg[12][3]_i_12_n_0
    SLICE_X107Y121       CARRY4 (Prop_carry4_CI_O[3])
                                                      0.313    17.846 r  zedboard_pnyq_ssr_i/top_ssr_0/inst/u_top_system/u_dsp_chain/u_agg/feat_mem_reg[12][3]_i_3/O[3]
                         net (fo=9, routed)           0.641    18.487    zedboard_pnyq_ssr_i/top_ssr_0/inst_n_12
    SLICE_X106Y120       LUT2 (Prop_lut2_I1_O)        0.306    18.793 r  zedboard_pnyq_ssr_i/top_ssr_0/feat_mem[12][15]_i_171/O
                         net (fo=1, routed)           0.000    18.793    zedboard_pnyq_ssr_i/top_ssr_0/feat_mem[12][15]_i_171_n_0
    SLICE_X106Y120       CARRY4 (Prop_carry4_S[1]_CO[3])
                                                      0.550    19.343 r  zedboard_pnyq_ssr_i/top_ssr_0/feat_mem_reg[12][15]_i_147/CO[3]
                         net (fo=1, routed)           0.000    19.343    zedboard_pnyq_ssr_i/top_ssr_0/feat_mem_reg[12][15]_i_147_n_0
    SLICE_X106Y121       CARRY4 (Prop_carry4_CI_O[2])
                                                      0.239    19.582 r  zedboard_pnyq_ssr_i/top_ssr_0/feat_mem_reg[12][15]_i_124/O[2]
                         net (fo=2, routed)           0.870    20.452    zedboard_pnyq_ssr_i/top_ssr_0/feat_mem_reg[12][15]_i_124_n_5
    SLICE_X112Y123       LUT3 (Prop_lut3_I1_O)        0.302    20.754 r  zedboard_pnyq_ssr_i/top_ssr_0/feat_mem[12][15]_i_96/O
                         net (fo=2, routed)           0.435    21.189    zedboard_pnyq_ssr_i/top_ssr_0/feat_mem[12][15]_i_96_n_0
    SLICE_X110Y123       LUT4 (Prop_lut4_I3_O)        0.124    21.313 r  zedboard_pnyq_ssr_i/top_ssr_0/feat_mem[12][15]_i_100/O
                         net (fo=1, routed)           0.000    21.313    zedboard_pnyq_ssr_i/top_ssr_0/feat_mem[12][15]_i_100_n_0
    SLICE_X110Y123       CARRY4 (Prop_carry4_S[0]_CO[3])
                                                      0.532    21.845 r  zedboard_pnyq_ssr_i/top_ssr_0/feat_mem_reg[12][15]_i_68/CO[3]
                         net (fo=1, routed)           0.000    21.845    zedboard_pnyq_ssr_i/top_ssr_0/feat_mem_reg[12][15]_i_68_n_0
    SLICE_X110Y124       CARRY4 (Prop_carry4_CI_CO[3])
                                                      0.114    21.959 r  zedboard_pnyq_ssr_i/top_ssr_0/feat_mem_reg[12][15]_i_44/CO[3]
                         net (fo=1, routed)           0.009    21.968    zedboard_pnyq_ssr_i/top_ssr_0/feat_mem_reg[12][15]_i_44_n_0
    SLICE_X110Y125       CARRY4 (Prop_carry4_CI_O[1])
                                                      0.334    22.302 r  zedboard_pnyq_ssr_i/top_ssr_0/feat_mem_reg[12][15]_i_24/O[1]
                         net (fo=3, routed)           0.984    23.286    zedboard_pnyq_ssr_i/top_ssr_0/inst/u_top_system/u_dsp_chain/u_agg/feat_mem_reg[12][15]_i_15_0[1]
    SLICE_X105Y125       LUT4 (Prop_lut4_I1_O)        0.303    23.589 r  zedboard_pnyq_ssr_i/top_ssr_0/inst/u_top_system/u_dsp_chain/u_agg/feat_mem[12][15]_i_37/O
                         net (fo=1, routed)           0.000    23.589    zedboard_pnyq_ssr_i/top_ssr_0/inst/u_top_system/u_dsp_chain/u_agg/feat_mem[12][15]_i_37_n_0
    SLICE_X105Y125       CARRY4 (Prop_carry4_S[1]_CO[3])
                                                      0.550    24.139 r  zedboard_pnyq_ssr_i/top_ssr_0/inst/u_top_system/u_dsp_chain/u_agg/feat_mem_reg[12][15]_i_15/CO[3]
                         net (fo=1, routed)           0.000    24.139    zedboard_pnyq_ssr_i/top_ssr_0/inst/u_top_system/u_dsp_chain/u_agg/feat_mem_reg[12][15]_i_15_n_0
    SLICE_X105Y126       CARRY4 (Prop_carry4_CI_CO[1])
                                                      0.157    24.296 r  zedboard_pnyq_ssr_i/top_ssr_0/inst/u_top_system/u_dsp_chain/u_agg/feat_mem_reg[12][15]_i_10/CO[1]
                         net (fo=1, routed)           0.506    24.802    zedboard_pnyq_ssr_i/top_ssr_0/inst/u_top_system/u_dsp_chain/u_agg/feat_mem_reg[12][15]_i_10_n_2
    SLICE_X106Y126       LUT4 (Prop_lut4_I0_O)        0.329    25.131 r  zedboard_pnyq_ssr_i/top_ssr_0/inst/u_top_system/u_dsp_chain/u_agg/feat_mem[12][15]_i_4/O
                         net (fo=42, routed)          0.724    25.855    zedboard_pnyq_ssr_i/top_ssr_0/inst/u_top_system/u_dsp_chain/u_agg/feat_mem[12][15]_i_4_n_0
    SLICE_X111Y120       LUT3 (Prop_lut3_I1_O)        0.124    25.979 r  zedboard_pnyq_ssr_i/top_ssr_0/inst/u_top_system/u_dsp_chain/u_agg/feat_mem[12][2]_i_13/O
                         net (fo=1, routed)           0.613    26.591    zedboard_pnyq_ssr_i/top_ssr_0/inst/u_top_system/u_dsp_chain/u_agg/feat_mem[12][2]_i_13_n_0
    SLICE_X111Y121       CARRY4 (Prop_carry4_CYINIT_CO[3])
                                                      0.580    27.171 r  zedboard_pnyq_ssr_i/top_ssr_0/inst/u_top_system/u_dsp_chain/u_agg/feat_mem_reg[12][2]_i_8/CO[3]
                         net (fo=1, routed)           0.000    27.171    zedboard_pnyq_ssr_i/top_ssr_0/inst/u_top_system/u_dsp_chain/u_agg/feat_mem_reg[12][2]_i_8_n_0
    SLICE_X111Y122       CARRY4 (Prop_carry4_CI_CO[3])
                                                      0.114    27.285 r  zedboard_pnyq_ssr_i/top_ssr_0/inst/u_top_system/u_dsp_chain/u_agg/feat_mem_reg[12][2]_i_3/CO[3]
                         net (fo=1, routed)           0.000    27.285    zedboard_pnyq_ssr_i/top_ssr_0/inst/u_top_system/u_dsp_chain/u_agg/feat_mem_reg[12][2]_i_3_n_0
    SLICE_X111Y123       CARRY4 (Prop_carry4_CI_CO[3])
                                                      0.114    27.399 r  zedboard_pnyq_ssr_i/top_ssr_0/inst/u_top_system/u_dsp_chain/u_agg/feat_mem_reg[12][2]_i_2/CO[3]
                         net (fo=1, routed)           0.000    27.399    zedboard_pnyq_ssr_i/top_ssr_0/inst/u_top_system/u_dsp_chain/u_agg/feat_mem_reg[12][2]_i_2_n_0
    SLICE_X111Y124       CARRY4 (Prop_carry4_CI_CO[3])
                                                      0.114    27.513 r  zedboard_pnyq_ssr_i/top_ssr_0/inst/u_top_system/u_dsp_chain/u_agg/feat_mem_reg[12][6]_i_2/CO[3]
                         net (fo=1, routed)           0.009    27.522    zedboard_pnyq_ssr_i/top_ssr_0/inst/u_top_system/u_dsp_chain/u_agg/feat_mem_reg[12][6]_i_2_n_0
    SLICE_X111Y125       CARRY4 (Prop_carry4_CI_CO[3])
                                                      0.114    27.636 r  zedboard_pnyq_ssr_i/top_ssr_0/inst/u_top_system/u_dsp_chain/u_agg/feat_mem_reg[12][10]_i_2/CO[3]
                         net (fo=1, routed)           0.000    27.636    zedboard_pnyq_ssr_i/top_ssr_0/inst/u_top_system/u_dsp_chain/u_agg/feat_mem_reg[12][10]_i_2_n_0
    SLICE_X111Y126       CARRY4 (Prop_carry4_CI_O[3])
                                                      0.313    27.949 r  zedboard_pnyq_ssr_i/top_ssr_0/inst/u_top_system/u_dsp_chain/u_agg/feat_mem_reg[12][14]_i_2/O[3]
                         net (fo=1, routed)           0.315    28.264    zedboard_pnyq_ssr_i/top_ssr_0/inst/u_top_system/u_dsp_chain/u_agg/feat_mem_reg[12][14]_i_2_n_4
    SLICE_X106Y126       LUT5 (Prop_lut5_I1_O)        0.306    28.570 r  zedboard_pnyq_ssr_i/top_ssr_0/inst/u_top_system/u_dsp_chain/u_agg/feat_mem[12][14]_i_1/O
                         net (fo=16, routed)          1.645    30.215    zedboard_pnyq_ssr_i/top_ssr_0/inst/u_top_system/u_dsp_chain/u_agg/p_1_in[14]
    SLICE_X85Y128        FDRE                                         r  zedboard_pnyq_ssr_i/top_ssr_0/inst/u_top_system/u_dsp_chain/u_agg/feat_mem_reg[6][14]/D
  -------------------------------------------------------------------    -------------------

                         (clock clk_fpga_0 rise edge)
                                                     50.000    50.000 r  
    PS7_X0Y0             PS7                          0.000    50.000 r  zedboard_pnyq_ssr_i/processing_system7_0/inst/PS7_i/FCLKCLK[0]
                         net (fo=1, routed)           1.088    51.088    zedboard_pnyq_ssr_i/processing_system7_0/inst/FCLK_CLK_unbuffered[0]
    BUFGCTRL_X0Y16       BUFG (Prop_bufg_I_O)         0.091    51.179 r  zedboard_pnyq_ssr_i/processing_system7_0/inst/buffer_fclk_clk_0.FCLK_CLK_0_BUFG/O
                         net (fo=21462, routed)       1.708    52.887    zedboard_pnyq_ssr_i/top_ssr_0/inst/u_top_system/u_dsp_chain/u_agg/s00_axi_aclk
    SLICE_X85Y128        FDRE                                         r  zedboard_pnyq_ssr_i/top_ssr_0/inst/u_top_system/u_dsp_chain/u_agg/feat_mem_reg[6][14]/C
                         clock pessimism              0.247    53.134    
                         clock uncertainty           -0.751    52.383    
    SLICE_X85Y128        FDRE (Setup_fdre_C_D)       -0.081    52.302    zedboard_pnyq_ssr_i/top_ssr_0/inst/u_top_system/u_dsp_chain/u_agg/feat_mem_reg[6][14]
  -------------------------------------------------------------------
                         required time                         52.302    
                         arrival time                         -30.215    
  -------------------------------------------------------------------
                         slack                                 22.087    

Slack (MET) :             22.125ns  (required time - arrival time)
  Source:                 zedboard_pnyq_ssr_i/top_ssr_0/inst/u_top_system/u_dsp_chain/u_agg/calc_k_reg[1]/C
                            (rising edge-triggered cell FDRE clocked by clk_fpga_0  {rise@0.000ns fall@25.000ns period=50.000ns})
  Destination:            zedboard_pnyq_ssr_i/top_ssr_0/inst/u_top_system/u_dsp_chain/u_agg/feat_mem_reg[10][4]/D
                            (rising edge-triggered cell FDRE clocked by clk_fpga_0  {rise@0.000ns fall@25.000ns period=50.000ns})
  Path Group:             clk_fpga_0
  Path Type:              Setup (Max at Slow Process Corner)
  Requirement:            50.000ns  (clk_fpga_0 rise@50.000ns - clk_fpga_0 rise@0.000ns)
  Data Path Delay:        27.003ns  (logic 10.631ns (39.369%)  route 16.372ns (60.631%))
  Logic Levels:           36  (CARRY4=21 LUT1=1 LUT2=1 LUT3=5 LUT4=4 LUT5=1 LUT6=3)
  Clock Path Skew:        -0.054ns (DCD - SCD + CPR)
    Destination Clock Delay (DCD):    2.888ns = ( 52.888 - 50.000 ) 
    Source Clock Delay      (SCD):    3.189ns
    Clock Pessimism Removal (CPR):    0.247ns
  Clock Uncertainty:      0.751ns  ((TSJ^2 + TIJ^2)^1/2 + DJ) / 2 + PE
    Total System Jitter     (TSJ):    0.071ns
    Total Input Jitter      (TIJ):    1.500ns
    Discrete Jitter          (DJ):    0.000ns
    Phase Error              (PE):    0.000ns

    Location             Delay type                Incr(ns)  Path(ns)    Netlist Resource(s)
  -------------------------------------------------------------------    -------------------
                         (clock clk_fpga_0 rise edge)
                                                      0.000     0.000 r  
    PS7_X0Y0             PS7                          0.000     0.000 r  zedboard_pnyq_ssr_i/processing_system7_0/inst/PS7_i/FCLKCLK[0]
                         net (fo=1, routed)           1.193     1.193    zedboard_pnyq_ssr_i/processing_system7_0/inst/FCLK_CLK_unbuffered[0]
    BUFGCTRL_X0Y16       BUFG (Prop_bufg_I_O)         0.101     1.294 r  zedboard_pnyq_ssr_i/processing_system7_0/inst/buffer_fclk_clk_0.FCLK_CLK_0_BUFG/O
                         net (fo=21462, routed)       1.895     3.189    zedboard_pnyq_ssr_i/top_ssr_0/inst/u_top_system/u_dsp_chain/u_agg/s00_axi_aclk
    SLICE_X80Y126        FDRE                                         r  zedboard_pnyq_ssr_i/top_ssr_0/inst/u_top_system/u_dsp_chain/u_agg/calc_k_reg[1]/C
  -------------------------------------------------------------------    -------------------
    SLICE_X80Y126        FDRE (Prop_fdre_C_Q)         0.456     3.645 r  zedboard_pnyq_ssr_i/top_ssr_0/inst/u_top_system/u_dsp_chain/u_agg/calc_k_reg[1]/Q
                         net (fo=309, routed)         2.473     6.118    zedboard_pnyq_ssr_i/top_ssr_0/inst/u_top_system/u_dsp_chain/u_agg/sel0[1]
    SLICE_X105Y110       LUT6 (Prop_lut6_I2_O)        0.124     6.242 f  zedboard_pnyq_ssr_i/top_ssr_0/inst/u_top_system/u_dsp_chain/u_agg/suma_sq0_i_97/O
                         net (fo=1, routed)           1.071     7.314    zedboard_pnyq_ssr_i/top_ssr_0/inst/u_top_system/u_dsp_chain/u_agg/suma_sq0_i_97_n_0
    SLICE_X107Y111       LUT6 (Prop_lut6_I1_O)        0.124     7.438 f  zedboard_pnyq_ssr_i/top_ssr_0/inst/u_top_system/u_dsp_chain/u_agg/suma_sq0_i_30/O
                         net (fo=7, routed)           0.711     8.149    zedboard_pnyq_ssr_i/top_ssr_0/inst/u_top_system/u_dsp_chain/u_agg/suma_sq0_i_30_n_0
    SLICE_X104Y111       LUT1 (Prop_lut1_I0_O)        0.124     8.273 r  zedboard_pnyq_ssr_i/top_ssr_0/inst/u_top_system/u_dsp_chain/u_agg/feat_mem[12][3]_i_158/O
                         net (fo=1, routed)           0.000     8.273    zedboard_pnyq_ssr_i/top_ssr_0/inst/u_top_system/u_dsp_chain/u_agg/feat_mem[12][3]_i_158_n_0
    SLICE_X104Y111       CARRY4 (Prop_carry4_S[1]_CO[3])
                                                      0.533     8.806 r  zedboard_pnyq_ssr_i/top_ssr_0/inst/u_top_system/u_dsp_chain/u_agg/feat_mem_reg[12][3]_i_134/CO[3]
                         net (fo=1, routed)           0.000     8.806    zedboard_pnyq_ssr_i/top_ssr_0/inst/u_top_system/u_dsp_chain/u_agg/feat_mem_reg[12][3]_i_134_n_0
    SLICE_X104Y112       CARRY4 (Prop_carry4_CI_CO[3])
                                                      0.117     8.923 r  zedboard_pnyq_ssr_i/top_ssr_0/inst/u_top_system/u_dsp_chain/u_agg/feat_mem_reg[12][3]_i_105/CO[3]
                         net (fo=1, routed)           0.000     8.923    zedboard_pnyq_ssr_i/top_ssr_0/inst/u_top_system/u_dsp_chain/u_agg/feat_mem_reg[12][3]_i_105_n_0
    SLICE_X104Y113       CARRY4 (Prop_carry4_CI_O[2])
                                                      0.239     9.162 r  zedboard_pnyq_ssr_i/top_ssr_0/inst/u_top_system/u_dsp_chain/u_agg/feat_mem_reg[12][3]_i_74/O[2]
                         net (fo=1, routed)           1.379    10.541    zedboard_pnyq_ssr_i/top_ssr_0/inst/u_top_system/u_dsp_chain/u_agg/feat_mem_reg[12][3]_i_74_n_5
    SLICE_X108Y115       LUT3 (Prop_lut3_I1_O)        0.327    10.868 r  zedboard_pnyq_ssr_i/top_ssr_0/inst/u_top_system/u_dsp_chain/u_agg/feat_mem[12][3]_i_45/O
                         net (fo=19, routed)          0.994    11.862    zedboard_pnyq_ssr_i/top_ssr_0/inst/u_top_system/u_dsp_chain/u_agg/feat_mem[12][3]_i_45_n_0
    SLICE_X102Y116       LUT3 (Prop_lut3_I1_O)        0.328    12.190 r  zedboard_pnyq_ssr_i/top_ssr_0/inst/u_top_system/u_dsp_chain/u_agg/feat_mem[12][3]_i_186/O
                         net (fo=2, routed)           0.584    12.774    zedboard_pnyq_ssr_i/top_ssr_0/inst/u_top_system/u_dsp_chain/u_agg/feat_mem[12][3]_i_186_n_0
    SLICE_X103Y116       LUT4 (Prop_lut4_I3_O)        0.124    12.898 r  zedboard_pnyq_ssr_i/top_ssr_0/inst/u_top_system/u_dsp_chain/u_agg/feat_mem[12][3]_i_190/O
                         net (fo=1, routed)           0.000    12.898    zedboard_pnyq_ssr_i/top_ssr_0/inst/u_top_system/u_dsp_chain/u_agg/feat_mem[12][3]_i_190_n_0
    SLICE_X103Y116       CARRY4 (Prop_carry4_S[1]_CO[3])
                                                      0.550    13.448 r  zedboard_pnyq_ssr_i/top_ssr_0/inst/u_top_system/u_dsp_chain/u_agg/feat_mem_reg[12][3]_i_166/CO[3]
                         net (fo=1, routed)           0.000    13.448    zedboard_pnyq_ssr_i/top_ssr_0/inst/u_top_system/u_dsp_chain/u_agg/feat_mem_reg[12][3]_i_166_n_0
    SLICE_X103Y117       CARRY4 (Prop_carry4_CI_CO[3])
                                                      0.114    13.562 r  zedboard_pnyq_ssr_i/top_ssr_0/inst/u_top_system/u_dsp_chain/u_agg/feat_mem_reg[12][3]_i_147/CO[3]
                         net (fo=1, routed)           0.000    13.562    zedboard_pnyq_ssr_i/top_ssr_0/inst/u_top_system/u_dsp_chain/u_agg/feat_mem_reg[12][3]_i_147_n_0
    SLICE_X103Y118       CARRY4 (Prop_carry4_CI_CO[3])
                                                      0.114    13.676 r  zedboard_pnyq_ssr_i/top_ssr_0/inst/u_top_system/u_dsp_chain/u_agg/feat_mem_reg[12][3]_i_119/CO[3]
                         net (fo=1, routed)           0.000    13.676    zedboard_pnyq_ssr_i/top_ssr_0/inst/u_top_system/u_dsp_chain/u_agg/feat_mem_reg[12][3]_i_119_n_0
    SLICE_X103Y119       CARRY4 (Prop_carry4_CI_O[3])
                                                      0.313    13.989 r  zedboard_pnyq_ssr_i/top_ssr_0/inst/u_top_system/u_dsp_chain/u_agg/feat_mem_reg[12][3]_i_88/O[3]
                         net (fo=3, routed)           1.066    15.054    zedboard_pnyq_ssr_i/top_ssr_0/inst/u_top_system/u_dsp_chain/u_agg/feat_mem_reg[12][3]_i_88_n_4
    SLICE_X108Y120       LUT3 (Prop_lut3_I2_O)        0.330    15.384 r  zedboard_pnyq_ssr_i/top_ssr_0/inst/u_top_system/u_dsp_chain/u_agg/feat_mem[12][3]_i_92/O
                         net (fo=2, routed)           1.157    16.541    zedboard_pnyq_ssr_i/top_ssr_0/inst/u_top_system/u_dsp_chain/u_agg/feat_mem[12][3]_i_92_n_0
    SLICE_X107Y119       LUT6 (Prop_lut6_I5_O)        0.328    16.869 r  zedboard_pnyq_ssr_i/top_ssr_0/inst/u_top_system/u_dsp_chain/u_agg/feat_mem[12][3]_i_57/O
                         net (fo=1, routed)           0.000    16.869    zedboard_pnyq_ssr_i/top_ssr_0/inst/u_top_system/u_dsp_chain/u_agg/feat_mem[12][3]_i_57_n_0
    SLICE_X107Y119       CARRY4 (Prop_carry4_S[1]_CO[3])
                                                      0.550    17.419 r  zedboard_pnyq_ssr_i/top_ssr_0/inst/u_top_system/u_dsp_chain/u_agg/feat_mem_reg[12][3]_i_29/CO[3]
                         net (fo=1, routed)           0.000    17.419    zedboard_pnyq_ssr_i/top_ssr_0/inst/u_top_system/u_dsp_chain/u_agg/feat_mem_reg[12][3]_i_29_n_0
    SLICE_X107Y120       CARRY4 (Prop_carry4_CI_CO[3])
                                                      0.114    17.533 r  zedboard_pnyq_ssr_i/top_ssr_0/inst/u_top_system/u_dsp_chain/u_agg/feat_mem_reg[12][3]_i_12/CO[3]
                         net (fo=1, routed)           0.000    17.533    zedboard_pnyq_ssr_i/top_ssr_0/inst/u_top_system/u_dsp_chain/u_agg/feat_mem_reg[12][3]_i_12_n_0
    SLICE_X107Y121       CARRY4 (Prop_carry4_CI_O[3])
                                                      0.313    17.846 r  zedboard_pnyq_ssr_i/top_ssr_0/inst/u_top_system/u_dsp_chain/u_agg/feat_mem_reg[12][3]_i_3/O[3]
                         net (fo=9, routed)           0.641    18.487    zedboard_pnyq_ssr_i/top_ssr_0/inst_n_12
    SLICE_X106Y120       LUT2 (Prop_lut2_I1_O)        0.306    18.793 r  zedboard_pnyq_ssr_i/top_ssr_0/feat_mem[12][15]_i_171/O
                         net (fo=1, routed)           0.000    18.793    zedboard_pnyq_ssr_i/top_ssr_0/feat_mem[12][15]_i_171_n_0
    SLICE_X106Y120       CARRY4 (Prop_carry4_S[1]_CO[3])
                                                      0.550    19.343 r  zedboard_pnyq_ssr_i/top_ssr_0/feat_mem_reg[12][15]_i_147/CO[3]
                         net (fo=1, routed)           0.000    19.343    zedboard_pnyq_ssr_i/top_ssr_0/feat_mem_reg[12][15]_i_147_n_0
    SLICE_X106Y121       CARRY4 (Prop_carry4_CI_O[2])
                                                      0.239    19.582 r  zedboard_pnyq_ssr_i/top_ssr_0/feat_mem_reg[12][15]_i_124/O[2]
                         net (fo=2, routed)           0.870    20.452    zedboard_pnyq_ssr_i/top_ssr_0/feat_mem_reg[12][15]_i_124_n_5
    SLICE_X112Y123       LUT3 (Prop_lut3_I1_O)        0.302    20.754 r  zedboard_pnyq_ssr_i/top_ssr_0/feat_mem[12][15]_i_96/O
                         net (fo=2, routed)           0.435    21.189    zedboard_pnyq_ssr_i/top_ssr_0/feat_mem[12][15]_i_96_n_0
    SLICE_X110Y123       LUT4 (Prop_lut4_I3_O)        0.124    21.313 r  zedboard_pnyq_ssr_i/top_ssr_0/feat_mem[12][15]_i_100/O
                         net (fo=1, routed)           0.000    21.313    zedboard_pnyq_ssr_i/top_ssr_0/feat_mem[12][15]_i_100_n_0
    SLICE_X110Y123       CARRY4 (Prop_carry4_S[0]_CO[3])
                                                      0.532    21.845 r  zedboard_pnyq_ssr_i/top_ssr_0/feat_mem_reg[12][15]_i_68/CO[3]
                         net (fo=1, routed)           0.000    21.845    zedboard_pnyq_ssr_i/top_ssr_0/feat_mem_reg[12][15]_i_68_n_0
    SLICE_X110Y124       CARRY4 (Prop_carry4_CI_CO[3])
                                                      0.114    21.959 r  zedboard_pnyq_ssr_i/top_ssr_0/feat_mem_reg[12][15]_i_44/CO[3]
                         net (fo=1, routed)           0.009    21.968    zedboard_pnyq_ssr_i/top_ssr_0/feat_mem_reg[12][15]_i_44_n_0
    SLICE_X110Y125       CARRY4 (Prop_carry4_CI_O[1])
                                                      0.334    22.302 r  zedboard_pnyq_ssr_i/top_ssr_0/feat_mem_reg[12][15]_i_24/O[1]
                         net (fo=3, routed)           0.984    23.286    zedboard_pnyq_ssr_i/top_ssr_0/inst/u_top_system/u_dsp_chain/u_agg/feat_mem_reg[12][15]_i_15_0[1]
    SLICE_X105Y125       LUT4 (Prop_lut4_I1_O)        0.303    23.589 r  zedboard_pnyq_ssr_i/top_ssr_0/inst/u_top_system/u_dsp_chain/u_agg/feat_mem[12][15]_i_37/O
                         net (fo=1, routed)           0.000    23.589    zedboard_pnyq_ssr_i/top_ssr_0/inst/u_top_system/u_dsp_chain/u_agg/feat_mem[12][15]_i_37_n_0
    SLICE_X105Y125       CARRY4 (Prop_carry4_S[1]_CO[3])
                                                      0.550    24.139 r  zedboard_pnyq_ssr_i/top_ssr_0/inst/u_top_system/u_dsp_chain/u_agg/feat_mem_reg[12][15]_i_15/CO[3]
                         net (fo=1, routed)           0.000    24.139    zedboard_pnyq_ssr_i/top_ssr_0/inst/u_top_system/u_dsp_chain/u_agg/feat_mem_reg[12][15]_i_15_n_0
    SLICE_X105Y126       CARRY4 (Prop_carry4_CI_CO[1])
                                                      0.157    24.296 r  zedboard_pnyq_ssr_i/top_ssr_0/inst/u_top_system/u_dsp_chain/u_agg/feat_mem_reg[12][15]_i_10/CO[1]
                         net (fo=1, routed)           0.506    24.802    zedboard_pnyq_ssr_i/top_ssr_0/inst/u_top_system/u_dsp_chain/u_agg/feat_mem_reg[12][15]_i_10_n_2
    SLICE_X106Y126       LUT4 (Prop_lut4_I0_O)        0.329    25.131 r  zedboard_pnyq_ssr_i/top_ssr_0/inst/u_top_system/u_dsp_chain/u_agg/feat_mem[12][15]_i_4/O
                         net (fo=42, routed)          0.724    25.855    zedboard_pnyq_ssr_i/top_ssr_0/inst/u_top_system/u_dsp_chain/u_agg/feat_mem[12][15]_i_4_n_0
    SLICE_X111Y120       LUT3 (Prop_lut3_I1_O)        0.124    25.979 r  zedboard_pnyq_ssr_i/top_ssr_0/inst/u_top_system/u_dsp_chain/u_agg/feat_mem[12][2]_i_13/O
                         net (fo=1, routed)           0.613    26.591    zedboard_pnyq_ssr_i/top_ssr_0/inst/u_top_system/u_dsp_chain/u_agg/feat_mem[12][2]_i_13_n_0
    SLICE_X111Y121       CARRY4 (Prop_carry4_CYINIT_CO[3])
                                                      0.580    27.171 r  zedboard_pnyq_ssr_i/top_ssr_0/inst/u_top_system/u_dsp_chain/u_agg/feat_mem_reg[12][2]_i_8/CO[3]
                         net (fo=1, routed)           0.000    27.171    zedboard_pnyq_ssr_i/top_ssr_0/inst/u_top_system/u_dsp_chain/u_agg/feat_mem_reg[12][2]_i_8_n_0
    SLICE_X111Y122       CARRY4 (Prop_carry4_CI_CO[3])
                                                      0.114    27.285 r  zedboard_pnyq_ssr_i/top_ssr_0/inst/u_top_system/u_dsp_chain/u_agg/feat_mem_reg[12][2]_i_3/CO[3]
                         net (fo=1, routed)           0.000    27.285    zedboard_pnyq_ssr_i/top_ssr_0/inst/u_top_system/u_dsp_chain/u_agg/feat_mem_reg[12][2]_i_3_n_0
    SLICE_X111Y123       CARRY4 (Prop_carry4_CI_CO[3])
                                                      0.114    27.399 r  zedboard_pnyq_ssr_i/top_ssr_0/inst/u_top_system/u_dsp_chain/u_agg/feat_mem_reg[12][2]_i_2/CO[3]
                         net (fo=1, routed)           0.000    27.399    zedboard_pnyq_ssr_i/top_ssr_0/inst/u_top_system/u_dsp_chain/u_agg/feat_mem_reg[12][2]_i_2_n_0
    SLICE_X111Y124       CARRY4 (Prop_carry4_CI_O[1])
                                                      0.334    27.733 r  zedboard_pnyq_ssr_i/top_ssr_0/inst/u_top_system/u_dsp_chain/u_agg/feat_mem_reg[12][6]_i_2/O[1]
                         net (fo=1, routed)           0.505    28.238    zedboard_pnyq_ssr_i/top_ssr_0/inst/u_top_system/u_dsp_chain/u_agg/feat_mem_reg[12][6]_i_2_n_6
    SLICE_X108Y124       LUT5 (Prop_lut5_I1_O)        0.303    28.541 r  zedboard_pnyq_ssr_i/top_ssr_0/inst/u_top_system/u_dsp_chain/u_agg/feat_mem[12][4]_i_1/O
                         net (fo=16, routed)          1.651    30.192    zedboard_pnyq_ssr_i/top_ssr_0/inst/u_top_system/u_dsp_chain/u_agg/p_1_in[4]
    SLICE_X89Y130        FDRE                                         r  zedboard_pnyq_ssr_i/top_ssr_0/inst/u_top_system/u_dsp_chain/u_agg/feat_mem_reg[10][4]/D
  -------------------------------------------------------------------    -------------------

                         (clock clk_fpga_0 rise edge)
                                                     50.000    50.000 r  
    PS7_X0Y0             PS7                          0.000    50.000 r  zedboard_pnyq_ssr_i/processing_system7_0/inst/PS7_i/FCLKCLK[0]
                         net (fo=1, routed)           1.088    51.088    zedboard_pnyq_ssr_i/processing_system7_0/inst/FCLK_CLK_unbuffered[0]
    BUFGCTRL_X0Y16       BUFG (Prop_bufg_I_O)         0.091    51.179 r  zedboard_pnyq_ssr_i/processing_system7_0/inst/buffer_fclk_clk_0.FCLK_CLK_0_BUFG/O
                         net (fo=21462, routed)       1.709    52.888    zedboard_pnyq_ssr_i/top_ssr_0/inst/u_top_system/u_dsp_chain/u_agg/s00_axi_aclk
    SLICE_X89Y130        FDRE                                         r  zedboard_pnyq_ssr_i/top_ssr_0/inst/u_top_system/u_dsp_chain/u_agg/feat_mem_reg[10][4]/C
                         clock pessimism              0.247    53.135    
                         clock uncertainty           -0.751    52.384    
    SLICE_X89Y130        FDRE (Setup_fdre_C_D)       -0.067    52.317    zedboard_pnyq_ssr_i/top_ssr_0/inst/u_top_system/u_dsp_chain/u_agg/feat_mem_reg[10][4]
  -------------------------------------------------------------------
                         required time                         52.317    
                         arrival time                         -30.192    
  -------------------------------------------------------------------
                         slack                                 22.125    

Slack (MET) :             22.135ns  (required time - arrival time)
  Source:                 zedboard_pnyq_ssr_i/top_ssr_0/inst/u_top_system/u_dsp_chain/u_agg/calc_k_reg[1]/C
                            (rising edge-triggered cell FDRE clocked by clk_fpga_0  {rise@0.000ns fall@25.000ns period=50.000ns})
  Destination:            zedboard_pnyq_ssr_i/top_ssr_0/inst/u_top_system/u_dsp_chain/u_agg/feat_mem_reg[4][4]/D
                            (rising edge-triggered cell FDRE clocked by clk_fpga_0  {rise@0.000ns fall@25.000ns period=50.000ns})
  Path Group:             clk_fpga_0
  Path Type:              Setup (Max at Slow Process Corner)
  Requirement:            50.000ns  (clk_fpga_0 rise@50.000ns - clk_fpga_0 rise@0.000ns)
  Data Path Delay:        27.036ns  (logic 10.631ns (39.322%)  route 16.405ns (60.678%))
  Logic Levels:           36  (CARRY4=21 LUT1=1 LUT2=1 LUT3=5 LUT4=4 LUT5=1 LUT6=3)
  Clock Path Skew:        -0.051ns (DCD - SCD + CPR)
    Destination Clock Delay (DCD):    2.891ns = ( 52.891 - 50.000 ) 
    Source Clock Delay      (SCD):    3.189ns
    Clock Pessimism Removal (CPR):    0.247ns
  Clock Uncertainty:      0.751ns  ((TSJ^2 + TIJ^2)^1/2 + DJ) / 2 + PE
    Total System Jitter     (TSJ):    0.071ns
    Total Input Jitter      (TIJ):    1.500ns
    Discrete Jitter          (DJ):    0.000ns
    Phase Error              (PE):    0.000ns

    Location             Delay type                Incr(ns)  Path(ns)    Netlist Resource(s)
  -------------------------------------------------------------------    -------------------
                         (clock clk_fpga_0 rise edge)
                                                      0.000     0.000 r  
    PS7_X0Y0             PS7                          0.000     0.000 r  zedboard_pnyq_ssr_i/processing_system7_0/inst/PS7_i/FCLKCLK[0]
                         net (fo=1, routed)           1.193     1.193    zedboard_pnyq_ssr_i/processing_system7_0/inst/FCLK_CLK_unbuffered[0]
    BUFGCTRL_X0Y16       BUFG (Prop_bufg_I_O)         0.101     1.294 r  zedboard_pnyq_ssr_i/processing_system7_0/inst/buffer_fclk_clk_0.FCLK_CLK_0_BUFG/O
                         net (fo=21462, routed)       1.895     3.189    zedboard_pnyq_ssr_i/top_ssr_0/inst/u_top_system/u_dsp_chain/u_agg/s00_axi_aclk
    SLICE_X80Y126        FDRE                                         r  zedboard_pnyq_ssr_i/top_ssr_0/inst/u_top_system/u_dsp_chain/u_agg/calc_k_reg[1]/C
  -------------------------------------------------------------------    -------------------
    SLICE_X80Y126        FDRE (Prop_fdre_C_Q)         0.456     3.645 r  zedboard_pnyq_ssr_i/top_ssr_0/inst/u_top_system/u_dsp_chain/u_agg/calc_k_reg[1]/Q
                         net (fo=309, routed)         2.473     6.118    zedboard_pnyq_ssr_i/top_ssr_0/inst/u_top_system/u_dsp_chain/u_agg/sel0[1]
    SLICE_X105Y110       LUT6 (Prop_lut6_I2_O)        0.124     6.242 f  zedboard_pnyq_ssr_i/top_ssr_0/inst/u_top_system/u_dsp_chain/u_agg/suma_sq0_i_97/O
                         net (fo=1, routed)           1.071     7.314    zedboard_pnyq_ssr_i/top_ssr_0/inst/u_top_system/u_dsp_chain/u_agg/suma_sq0_i_97_n_0
    SLICE_X107Y111       LUT6 (Prop_lut6_I1_O)        0.124     7.438 f  zedboard_pnyq_ssr_i/top_ssr_0/inst/u_top_system/u_dsp_chain/u_agg/suma_sq0_i_30/O
                         net (fo=7, routed)           0.711     8.149    zedboard_pnyq_ssr_i/top_ssr_0/inst/u_top_system/u_dsp_chain/u_agg/suma_sq0_i_30_n_0
    SLICE_X104Y111       LUT1 (Prop_lut1_I0_O)        0.124     8.273 r  zedboard_pnyq_ssr_i/top_ssr_0/inst/u_top_system/u_dsp_chain/u_agg/feat_mem[12][3]_i_158/O
                         net (fo=1, routed)           0.000     8.273    zedboard_pnyq_ssr_i/top_ssr_0/inst/u_top_system/u_dsp_chain/u_agg/feat_mem[12][3]_i_158_n_0
    SLICE_X104Y111       CARRY4 (Prop_carry4_S[1]_CO[3])
                                                      0.533     8.806 r  zedboard_pnyq_ssr_i/top_ssr_0/inst/u_top_system/u_dsp_chain/u_agg/feat_mem_reg[12][3]_i_134/CO[3]
                         net (fo=1, routed)           0.000     8.806    zedboard_pnyq_ssr_i/top_ssr_0/inst/u_top_system/u_dsp_chain/u_agg/feat_mem_reg[12][3]_i_134_n_0
    SLICE_X104Y112       CARRY4 (Prop_carry4_CI_CO[3])
                                                      0.117     8.923 r  zedboard_pnyq_ssr_i/top_ssr_0/inst/u_top_system/u_dsp_chain/u_agg/feat_mem_reg[12][3]_i_105/CO[3]
                         net (fo=1, routed)           0.000     8.923    zedboard_pnyq_ssr_i/top_ssr_0/inst/u_top_system/u_dsp_chain/u_agg/feat_mem_reg[12][3]_i_105_n_0
    SLICE_X104Y113       CARRY4 (Prop_carry4_CI_O[2])
                                                      0.239     9.162 r  zedboard_pnyq_ssr_i/top_ssr_0/inst/u_top_system/u_dsp_chain/u_agg/feat_mem_reg[12][3]_i_74/O[2]
                         net (fo=1, routed)           1.379    10.541    zedboard_pnyq_ssr_i/top_ssr_0/inst/u_top_system/u_dsp_chain/u_agg/feat_mem_reg[12][3]_i_74_n_5
    SLICE_X108Y115       LUT3 (Prop_lut3_I1_O)        0.327    10.868 r  zedboard_pnyq_ssr_i/top_ssr_0/inst/u_top_system/u_dsp_chain/u_agg/feat_mem[12][3]_i_45/O
                         net (fo=19, routed)          0.994    11.862    zedboard_pnyq_ssr_i/top_ssr_0/inst/u_top_system/u_dsp_chain/u_agg/feat_mem[12][3]_i_45_n_0
    SLICE_X102Y116       LUT3 (Prop_lut3_I1_O)        0.328    12.190 r  zedboard_pnyq_ssr_i/top_ssr_0/inst/u_top_system/u_dsp_chain/u_agg/feat_mem[12][3]_i_186/O
                         net (fo=2, routed)           0.584    12.774    zedboard_pnyq_ssr_i/top_ssr_0/inst/u_top_system/u_dsp_chain/u_agg/feat_mem[12][3]_i_186_n_0
    SLICE_X103Y116       LUT4 (Prop_lut4_I3_O)        0.124    12.898 r  zedboard_pnyq_ssr_i/top_ssr_0/inst/u_top_system/u_dsp_chain/u_agg/feat_mem[12][3]_i_190/O
                         net (fo=1, routed)           0.000    12.898    zedboard_pnyq_ssr_i/top_ssr_0/inst/u_top_system/u_dsp_chain/u_agg/feat_mem[12][3]_i_190_n_0
    SLICE_X103Y116       CARRY4 (Prop_carry4_S[1]_CO[3])
                                                      0.550    13.448 r  zedboard_pnyq_ssr_i/top_ssr_0/inst/u_top_system/u_dsp_chain/u_agg/feat_mem_reg[12][3]_i_166/CO[3]
                         net (fo=1, routed)           0.000    13.448    zedboard_pnyq_ssr_i/top_ssr_0/inst/u_top_system/u_dsp_chain/u_agg/feat_mem_reg[12][3]_i_166_n_0
    SLICE_X103Y117       CARRY4 (Prop_carry4_CI_CO[3])
                                                      0.114    13.562 r  zedboard_pnyq_ssr_i/top_ssr_0/inst/u_top_system/u_dsp_chain/u_agg/feat_mem_reg[12][3]_i_147/CO[3]
                         net (fo=1, routed)           0.000    13.562    zedboard_pnyq_ssr_i/top_ssr_0/inst/u_top_system/u_dsp_chain/u_agg/feat_mem_reg[12][3]_i_147_n_0
    SLICE_X103Y118       CARRY4 (Prop_carry4_CI_CO[3])
                                                      0.114    13.676 r  zedboard_pnyq_ssr_i/top_ssr_0/inst/u_top_system/u_dsp_chain/u_agg/feat_mem_reg[12][3]_i_119/CO[3]
                         net (fo=1, routed)           0.000    13.676    zedboard_pnyq_ssr_i/top_ssr_0/inst/u_top_system/u_dsp_chain/u_agg/feat_mem_reg[12][3]_i_119_n_0
    SLICE_X103Y119       CARRY4 (Prop_carry4_CI_O[3])
                                                      0.313    13.989 r  zedboard_pnyq_ssr_i/top_ssr_0/inst/u_top_system/u_dsp_chain/u_agg/feat_mem_reg[12][3]_i_88/O[3]
                         net (fo=3, routed)           1.066    15.054    zedboard_pnyq_ssr_i/top_ssr_0/inst/u_top_system/u_dsp_chain/u_agg/feat_mem_reg[12][3]_i_88_n_4
    SLICE_X108Y120       LUT3 (Prop_lut3_I2_O)        0.330    15.384 r  zedboard_pnyq_ssr_i/top_ssr_0/inst/u_top_system/u_dsp_chain/u_agg/feat_mem[12][3]_i_92/O
                         net (fo=2, routed)           1.157    16.541    zedboard_pnyq_ssr_i/top_ssr_0/inst/u_top_system/u_dsp_chain/u_agg/feat_mem[12][3]_i_92_n_0
    SLICE_X107Y119       LUT6 (Prop_lut6_I5_O)        0.328    16.869 r  zedboard_pnyq_ssr_i/top_ssr_0/inst/u_top_system/u_dsp_chain/u_agg/feat_mem[12][3]_i_57/O
                         net (fo=1, routed)           0.000    16.869    zedboard_pnyq_ssr_i/top_ssr_0/inst/u_top_system/u_dsp_chain/u_agg/feat_mem[12][3]_i_57_n_0
    SLICE_X107Y119       CARRY4 (Prop_carry4_S[1]_CO[3])
                                                      0.550    17.419 r  zedboard_pnyq_ssr_i/top_ssr_0/inst/u_top_system/u_dsp_chain/u_agg/feat_mem_reg[12][3]_i_29/CO[3]
                         net (fo=1, routed)           0.000    17.419    zedboard_pnyq_ssr_i/top_ssr_0/inst/u_top_system/u_dsp_chain/u_agg/feat_mem_reg[12][3]_i_29_n_0
    SLICE_X107Y120       CARRY4 (Prop_carry4_CI_CO[3])
                                                      0.114    17.533 r  zedboard_pnyq_ssr_i/top_ssr_0/inst/u_top_system/u_dsp_chain/u_agg/feat_mem_reg[12][3]_i_12/CO[3]
                         net (fo=1, routed)           0.000    17.533    zedboard_pnyq_ssr_i/top_ssr_0/inst/u_top_system/u_dsp_chain/u_agg/feat_mem_reg[12][3]_i_12_n_0
    SLICE_X107Y121       CARRY4 (Prop_carry4_CI_O[3])
                                                      0.313    17.846 r  zedboard_pnyq_ssr_i/top_ssr_0/inst/u_top_system/u_dsp_chain/u_agg/feat_mem_reg[12][3]_i_3/O[3]
                         net (fo=9, routed)           0.641    18.487    zedboard_pnyq_ssr_i/top_ssr_0/inst_n_12
    SLICE_X106Y120       LUT2 (Prop_lut2_I1_O)        0.306    18.793 r  zedboard_pnyq_ssr_i/top_ssr_0/feat_mem[12][15]_i_171/O
                         net (fo=1, routed)           0.000    18.793    zedboard_pnyq_ssr_i/top_ssr_0/feat_mem[12][15]_i_171_n_0
    SLICE_X106Y120       CARRY4 (Prop_carry4_S[1]_CO[3])
                                                      0.550    19.343 r  zedboard_pnyq_ssr_i/top_ssr_0/feat_mem_reg[12][15]_i_147/CO[3]
                         net (fo=1, routed)           0.000    19.343    zedboard_pnyq_ssr_i/top_ssr_0/feat_mem_reg[12][15]_i_147_n_0
    SLICE_X106Y121       CARRY4 (Prop_carry4_CI_O[2])
                                                      0.239    19.582 r  zedboard_pnyq_ssr_i/top_ssr_0/feat_mem_reg[12][15]_i_124/O[2]
                         net (fo=2, routed)           0.870    20.452    zedboard_pnyq_ssr_i/top_ssr_0/feat_mem_reg[12][15]_i_124_n_5
    SLICE_X112Y123       LUT3 (Prop_lut3_I1_O)        0.302    20.754 r  zedboard_pnyq_ssr_i/top_ssr_0/feat_mem[12][15]_i_96/O
                         net (fo=2, routed)           0.435    21.189    zedboard_pnyq_ssr_i/top_ssr_0/feat_mem[12][15]_i_96_n_0
    SLICE_X110Y123       LUT4 (Prop_lut4_I3_O)        0.124    21.313 r  zedboard_pnyq_ssr_i/top_ssr_0/feat_mem[12][15]_i_100/O
                         net (fo=1, routed)           0.000    21.313    zedboard_pnyq_ssr_i/top_ssr_0/feat_mem[12][15]_i_100_n_0
    SLICE_X110Y123       CARRY4 (Prop_carry4_S[0]_CO[3])
                                                      0.532    21.845 r  zedboard_pnyq_ssr_i/top_ssr_0/feat_mem_reg[12][15]_i_68/CO[3]
                         net (fo=1, routed)           0.000    21.845    zedboard_pnyq_ssr_i/top_ssr_0/feat_mem_reg[12][15]_i_68_n_0
    SLICE_X110Y124       CARRY4 (Prop_carry4_CI_CO[3])
                                                      0.114    21.959 r  zedboard_pnyq_ssr_i/top_ssr_0/feat_mem_reg[12][15]_i_44/CO[3]
                         net (fo=1, routed)           0.009    21.968    zedboard_pnyq_ssr_i/top_ssr_0/feat_mem_reg[12][15]_i_44_n_0
    SLICE_X110Y125       CARRY4 (Prop_carry4_CI_O[1])
                                                      0.334    22.302 r  zedboard_pnyq_ssr_i/top_ssr_0/feat_mem_reg[12][15]_i_24/O[1]
                         net (fo=3, routed)           0.984    23.286    zedboard_pnyq_ssr_i/top_ssr_0/inst/u_top_system/u_dsp_chain/u_agg/feat_mem_reg[12][15]_i_15_0[1]
    SLICE_X105Y125       LUT4 (Prop_lut4_I1_O)        0.303    23.589 r  zedboard_pnyq_ssr_i/top_ssr_0/inst/u_top_system/u_dsp_chain/u_agg/feat_mem[12][15]_i_37/O
                         net (fo=1, routed)           0.000    23.589    zedboard_pnyq_ssr_i/top_ssr_0/inst/u_top_system/u_dsp_chain/u_agg/feat_mem[12][15]_i_37_n_0
    SLICE_X105Y125       CARRY4 (Prop_carry4_S[1]_CO[3])
                                                      0.550    24.139 r  zedboard_pnyq_ssr_i/top_ssr_0/inst/u_top_system/u_dsp_chain/u_agg/feat_mem_reg[12][15]_i_15/CO[3]
                         net (fo=1, routed)           0.000    24.139    zedboard_pnyq_ssr_i/top_ssr_0/inst/u_top_system/u_dsp_chain/u_agg/feat_mem_reg[12][15]_i_15_n_0
    SLICE_X105Y126       CARRY4 (Prop_carry4_CI_CO[1])
                                                      0.157    24.296 r  zedboard_pnyq_ssr_i/top_ssr_0/inst/u_top_system/u_dsp_chain/u_agg/feat_mem_reg[12][15]_i_10/CO[1]
                         net (fo=1, routed)           0.506    24.802    zedboard_pnyq_ssr_i/top_ssr_0/inst/u_top_system/u_dsp_chain/u_agg/feat_mem_reg[12][15]_i_10_n_2
    SLICE_X106Y126       LUT4 (Prop_lut4_I0_O)        0.329    25.131 r  zedboard_pnyq_ssr_i/top_ssr_0/inst/u_top_system/u_dsp_chain/u_agg/feat_mem[12][15]_i_4/O
                         net (fo=42, routed)          0.724    25.855    zedboard_pnyq_ssr_i/top_ssr_0/inst/u_top_system/u_dsp_chain/u_agg/feat_mem[12][15]_i_4_n_0
    SLICE_X111Y120       LUT3 (Prop_lut3_I1_O)        0.124    25.979 r  zedboard_pnyq_ssr_i/top_ssr_0/inst/u_top_system/u_dsp_chain/u_agg/feat_mem[12][2]_i_13/O
                         net (fo=1, routed)           0.613    26.591    zedboard_pnyq_ssr_i/top_ssr_0/inst/u_top_system/u_dsp_chain/u_agg/feat_mem[12][2]_i_13_n_0
    SLICE_X111Y121       CARRY4 (Prop_carry4_CYINIT_CO[3])
                                                      0.580    27.171 r  zedboard_pnyq_ssr_i/top_ssr_0/inst/u_top_system/u_dsp_chain/u_agg/feat_mem_reg[12][2]_i_8/CO[3]
                         net (fo=1, routed)           0.000    27.171    zedboard_pnyq_ssr_i/top_ssr_0/inst/u_top_system/u_dsp_chain/u_agg/feat_mem_reg[12][2]_i_8_n_0
    SLICE_X111Y122       CARRY4 (Prop_carry4_CI_CO[3])
                                                      0.114    27.285 r  zedboard_pnyq_ssr_i/top_ssr_0/inst/u_top_system/u_dsp_chain/u_agg/feat_mem_reg[12][2]_i_3/CO[3]
                         net (fo=1, routed)           0.000    27.285    zedboard_pnyq_ssr_i/top_ssr_0/inst/u_top_system/u_dsp_chain/u_agg/feat_mem_reg[12][2]_i_3_n_0
    SLICE_X111Y123       CARRY4 (Prop_carry4_CI_CO[3])
                                                      0.114    27.399 r  zedboard_pnyq_ssr_i/top_ssr_0/inst/u_top_system/u_dsp_chain/u_agg/feat_mem_reg[12][2]_i_2/CO[3]
                         net (fo=1, routed)           0.000    27.399    zedboard_pnyq_ssr_i/top_ssr_0/inst/u_top_system/u_dsp_chain/u_agg/feat_mem_reg[12][2]_i_2_n_0
    SLICE_X111Y124       CARRY4 (Prop_carry4_CI_O[1])
                                                      0.334    27.733 r  zedboard_pnyq_ssr_i/top_ssr_0/inst/u_top_system/u_dsp_chain/u_agg/feat_mem_reg[12][6]_i_2/O[1]
                         net (fo=1, routed)           0.505    28.238    zedboard_pnyq_ssr_i/top_ssr_0/inst/u_top_system/u_dsp_chain/u_agg/feat_mem_reg[12][6]_i_2_n_6
    SLICE_X108Y124       LUT5 (Prop_lut5_I1_O)        0.303    28.541 r  zedboard_pnyq_ssr_i/top_ssr_0/inst/u_top_system/u_dsp_chain/u_agg/feat_mem[12][4]_i_1/O
                         net (fo=16, routed)          1.683    30.225    zedboard_pnyq_ssr_i/top_ssr_0/inst/u_top_system/u_dsp_chain/u_agg/p_1_in[4]
    SLICE_X86Y132        FDRE                                         r  zedboard_pnyq_ssr_i/top_ssr_0/inst/u_top_system/u_dsp_chain/u_agg/feat_mem_reg[4][4]/D
  -------------------------------------------------------------------    -------------------

                         (clock clk_fpga_0 rise edge)
                                                     50.000    50.000 r  
    PS7_X0Y0             PS7                          0.000    50.000 r  zedboard_pnyq_ssr_i/processing_system7_0/inst/PS7_i/FCLKCLK[0]
                         net (fo=1, routed)           1.088    51.088    zedboard_pnyq_ssr_i/processing_system7_0/inst/FCLK_CLK_unbuffered[0]
    BUFGCTRL_X0Y16       BUFG (Prop_bufg_I_O)         0.091    51.179 r  zedboard_pnyq_ssr_i/processing_system7_0/inst/buffer_fclk_clk_0.FCLK_CLK_0_BUFG/O
                         net (fo=21462, routed)       1.712    52.891    zedboard_pnyq_ssr_i/top_ssr_0/inst/u_top_system/u_dsp_chain/u_agg/s00_axi_aclk
    SLICE_X86Y132        FDRE                                         r  zedboard_pnyq_ssr_i/top_ssr_0/inst/u_top_system/u_dsp_chain/u_agg/feat_mem_reg[4][4]/C
                         clock pessimism              0.247    53.138    
                         clock uncertainty           -0.751    52.387    
    SLICE_X86Y132        FDRE (Setup_fdre_C_D)       -0.028    52.359    zedboard_pnyq_ssr_i/top_ssr_0/inst/u_top_system/u_dsp_chain/u_agg/feat_mem_reg[4][4]
  -------------------------------------------------------------------
                         required time                         52.359    
                         arrival time                         -30.225    
  -------------------------------------------------------------------
                         slack                                 22.135    

Slack (MET) :             22.158ns  (required time - arrival time)
  Source:                 zedboard_pnyq_ssr_i/top_ssr_0/inst/u_top_system/u_dsp_chain/u_agg/calc_k_reg[1]/C
                            (rising edge-triggered cell FDRE clocked by clk_fpga_0  {rise@0.000ns fall@25.000ns period=50.000ns})
  Destination:            zedboard_pnyq_ssr_i/top_ssr_0/inst/u_top_system/u_dsp_chain/u_agg/feat_mem_reg[11][14]/D
                            (rising edge-triggered cell FDRE clocked by clk_fpga_0  {rise@0.000ns fall@25.000ns period=50.000ns})
  Path Group:             clk_fpga_0
  Path Type:              Setup (Max at Slow Process Corner)
  Requirement:            50.000ns  (clk_fpga_0 rise@50.000ns - clk_fpga_0 rise@0.000ns)
  Data Path Delay:        26.970ns  (logic 10.841ns (40.197%)  route 16.129ns (59.803%))
  Logic Levels:           38  (CARRY4=23 LUT1=1 LUT2=1 LUT3=5 LUT4=4 LUT5=1 LUT6=3)
  Clock Path Skew:        -0.054ns (DCD - SCD + CPR)
    Destination Clock Delay (DCD):    2.888ns = ( 52.888 - 50.000 ) 
    Source Clock Delay      (SCD):    3.189ns
    Clock Pessimism Removal (CPR):    0.247ns
  Clock Uncertainty:      0.751ns  ((TSJ^2 + TIJ^2)^1/2 + DJ) / 2 + PE
    Total System Jitter     (TSJ):    0.071ns
    Total Input Jitter      (TIJ):    1.500ns
    Discrete Jitter          (DJ):    0.000ns
    Phase Error              (PE):    0.000ns

    Location             Delay type                Incr(ns)  Path(ns)    Netlist Resource(s)
  -------------------------------------------------------------------    -------------------
                         (clock clk_fpga_0 rise edge)
                                                      0.000     0.000 r  
    PS7_X0Y0             PS7                          0.000     0.000 r  zedboard_pnyq_ssr_i/processing_system7_0/inst/PS7_i/FCLKCLK[0]
                         net (fo=1, routed)           1.193     1.193    zedboard_pnyq_ssr_i/processing_system7_0/inst/FCLK_CLK_unbuffered[0]
    BUFGCTRL_X0Y16       BUFG (Prop_bufg_I_O)         0.101     1.294 r  zedboard_pnyq_ssr_i/processing_system7_0/inst/buffer_fclk_clk_0.FCLK_CLK_0_BUFG/O
                         net (fo=21462, routed)       1.895     3.189    zedboard_pnyq_ssr_i/top_ssr_0/inst/u_top_system/u_dsp_chain/u_agg/s00_axi_aclk
    SLICE_X80Y126        FDRE                                         r  zedboard_pnyq_ssr_i/top_ssr_0/inst/u_top_system/u_dsp_chain/u_agg/calc_k_reg[1]/C
  -------------------------------------------------------------------    -------------------
    SLICE_X80Y126        FDRE (Prop_fdre_C_Q)         0.456     3.645 r  zedboard_pnyq_ssr_i/top_ssr_0/inst/u_top_system/u_dsp_chain/u_agg/calc_k_reg[1]/Q
                         net (fo=309, routed)         2.473     6.118    zedboard_pnyq_ssr_i/top_ssr_0/inst/u_top_system/u_dsp_chain/u_agg/sel0[1]
    SLICE_X105Y110       LUT6 (Prop_lut6_I2_O)        0.124     6.242 f  zedboard_pnyq_ssr_i/top_ssr_0/inst/u_top_system/u_dsp_chain/u_agg/suma_sq0_i_97/O
                         net (fo=1, routed)           1.071     7.314    zedboard_pnyq_ssr_i/top_ssr_0/inst/u_top_system/u_dsp_chain/u_agg/suma_sq0_i_97_n_0
    SLICE_X107Y111       LUT6 (Prop_lut6_I1_O)        0.124     7.438 f  zedboard_pnyq_ssr_i/top_ssr_0/inst/u_top_system/u_dsp_chain/u_agg/suma_sq0_i_30/O
                         net (fo=7, routed)           0.711     8.149    zedboard_pnyq_ssr_i/top_ssr_0/inst/u_top_system/u_dsp_chain/u_agg/suma_sq0_i_30_n_0
    SLICE_X104Y111       LUT1 (Prop_lut1_I0_O)        0.124     8.273 r  zedboard_pnyq_ssr_i/top_ssr_0/inst/u_top_system/u_dsp_chain/u_agg/feat_mem[12][3]_i_158/O
                         net (fo=1, routed)           0.000     8.273    zedboard_pnyq_ssr_i/top_ssr_0/inst/u_top_system/u_dsp_chain/u_agg/feat_mem[12][3]_i_158_n_0
    SLICE_X104Y111       CARRY4 (Prop_carry4_S[1]_CO[3])
                                                      0.533     8.806 r  zedboard_pnyq_ssr_i/top_ssr_0/inst/u_top_system/u_dsp_chain/u_agg/feat_mem_reg[12][3]_i_134/CO[3]
                         net (fo=1, routed)           0.000     8.806    zedboard_pnyq_ssr_i/top_ssr_0/inst/u_top_system/u_dsp_chain/u_agg/feat_mem_reg[12][3]_i_134_n_0
    SLICE_X104Y112       CARRY4 (Prop_carry4_CI_CO[3])
                                                      0.117     8.923 r  zedboard_pnyq_ssr_i/top_ssr_0/inst/u_top_system/u_dsp_chain/u_agg/feat_mem_reg[12][3]_i_105/CO[3]
                         net (fo=1, routed)           0.000     8.923    zedboard_pnyq_ssr_i/top_ssr_0/inst/u_top_system/u_dsp_chain/u_agg/feat_mem_reg[12][3]_i_105_n_0
    SLICE_X104Y113       CARRY4 (Prop_carry4_CI_O[2])
                                                      0.239     9.162 r  zedboard_pnyq_ssr_i/top_ssr_0/inst/u_top_system/u_dsp_chain/u_agg/feat_mem_reg[12][3]_i_74/O[2]
                         net (fo=1, routed)           1.379    10.541    zedboard_pnyq_ssr_i/top_ssr_0/inst/u_top_system/u_dsp_chain/u_agg/feat_mem_reg[12][3]_i_74_n_5
    SLICE_X108Y115       LUT3 (Prop_lut3_I1_O)        0.327    10.868 r  zedboard_pnyq_ssr_i/top_ssr_0/inst/u_top_system/u_dsp_chain/u_agg/feat_mem[12][3]_i_45/O
                         net (fo=19, routed)          0.994    11.862    zedboard_pnyq_ssr_i/top_ssr_0/inst/u_top_system/u_dsp_chain/u_agg/feat_mem[12][3]_i_45_n_0
    SLICE_X102Y116       LUT3 (Prop_lut3_I1_O)        0.328    12.190 r  zedboard_pnyq_ssr_i/top_ssr_0/inst/u_top_system/u_dsp_chain/u_agg/feat_mem[12][3]_i_186/O
                         net (fo=2, routed)           0.584    12.774    zedboard_pnyq_ssr_i/top_ssr_0/inst/u_top_system/u_dsp_chain/u_agg/feat_mem[12][3]_i_186_n_0
    SLICE_X103Y116       LUT4 (Prop_lut4_I3_O)        0.124    12.898 r  zedboard_pnyq_ssr_i/top_ssr_0/inst/u_top_system/u_dsp_chain/u_agg/feat_mem[12][3]_i_190/O
                         net (fo=1, routed)           0.000    12.898    zedboard_pnyq_ssr_i/top_ssr_0/inst/u_top_system/u_dsp_chain/u_agg/feat_mem[12][3]_i_190_n_0
    SLICE_X103Y116       CARRY4 (Prop_carry4_S[1]_CO[3])
                                                      0.550    13.448 r  zedboard_pnyq_ssr_i/top_ssr_0/inst/u_top_system/u_dsp_chain/u_agg/feat_mem_reg[12][3]_i_166/CO[3]
                         net (fo=1, routed)           0.000    13.448    zedboard_pnyq_ssr_i/top_ssr_0/inst/u_top_system/u_dsp_chain/u_agg/feat_mem_reg[12][3]_i_166_n_0
    SLICE_X103Y117       CARRY4 (Prop_carry4_CI_CO[3])
                                                      0.114    13.562 r  zedboard_pnyq_ssr_i/top_ssr_0/inst/u_top_system/u_dsp_chain/u_agg/feat_mem_reg[12][3]_i_147/CO[3]
                         net (fo=1, routed)           0.000    13.562    zedboard_pnyq_ssr_i/top_ssr_0/inst/u_top_system/u_dsp_chain/u_agg/feat_mem_reg[12][3]_i_147_n_0
    SLICE_X103Y118       CARRY4 (Prop_carry4_CI_CO[3])
                                                      0.114    13.676 r  zedboard_pnyq_ssr_i/top_ssr_0/inst/u_top_system/u_dsp_chain/u_agg/feat_mem_reg[12][3]_i_119/CO[3]
                         net (fo=1, routed)           0.000    13.676    zedboard_pnyq_ssr_i/top_ssr_0/inst/u_top_system/u_dsp_chain/u_agg/feat_mem_reg[12][3]_i_119_n_0
    SLICE_X103Y119       CARRY4 (Prop_carry4_CI_O[3])
                                                      0.313    13.989 r  zedboard_pnyq_ssr_i/top_ssr_0/inst/u_top_system/u_dsp_chain/u_agg/feat_mem_reg[12][3]_i_88/O[3]
                         net (fo=3, routed)           1.066    15.054    zedboard_pnyq_ssr_i/top_ssr_0/inst/u_top_system/u_dsp_chain/u_agg/feat_mem_reg[12][3]_i_88_n_4
    SLICE_X108Y120       LUT3 (Prop_lut3_I2_O)        0.330    15.384 r  zedboard_pnyq_ssr_i/top_ssr_0/inst/u_top_system/u_dsp_chain/u_agg/feat_mem[12][3]_i_92/O
                         net (fo=2, routed)           1.157    16.541    zedboard_pnyq_ssr_i/top_ssr_0/inst/u_top_system/u_dsp_chain/u_agg/feat_mem[12][3]_i_92_n_0
    SLICE_X107Y119       LUT6 (Prop_lut6_I5_O)        0.328    16.869 r  zedboard_pnyq_ssr_i/top_ssr_0/inst/u_top_system/u_dsp_chain/u_agg/feat_mem[12][3]_i_57/O
                         net (fo=1, routed)           0.000    16.869    zedboard_pnyq_ssr_i/top_ssr_0/inst/u_top_system/u_dsp_chain/u_agg/feat_mem[12][3]_i_57_n_0
    SLICE_X107Y119       CARRY4 (Prop_carry4_S[1]_CO[3])
                                                      0.550    17.419 r  zedboard_pnyq_ssr_i/top_ssr_0/inst/u_top_system/u_dsp_chain/u_agg/feat_mem_reg[12][3]_i_29/CO[3]
                         net (fo=1, routed)           0.000    17.419    zedboard_pnyq_ssr_i/top_ssr_0/inst/u_top_system/u_dsp_chain/u_agg/feat_mem_reg[12][3]_i_29_n_0
    SLICE_X107Y120       CARRY4 (Prop_carry4_CI_CO[3])
                                                      0.114    17.533 r  zedboard_pnyq_ssr_i/top_ssr_0/inst/u_top_system/u_dsp_chain/u_agg/feat_mem_reg[12][3]_i_12/CO[3]
                         net (fo=1, routed)           0.000    17.533    zedboard_pnyq_ssr_i/top_ssr_0/inst/u_top_system/u_dsp_chain/u_agg/feat_mem_reg[12][3]_i_12_n_0
    SLICE_X107Y121       CARRY4 (Prop_carry4_CI_O[3])
                                                      0.313    17.846 r  zedboard_pnyq_ssr_i/top_ssr_0/inst/u_top_system/u_dsp_chain/u_agg/feat_mem_reg[12][3]_i_3/O[3]
                         net (fo=9, routed)           0.641    18.487    zedboard_pnyq_ssr_i/top_ssr_0/inst_n_12
    SLICE_X106Y120       LUT2 (Prop_lut2_I1_O)        0.306    18.793 r  zedboard_pnyq_ssr_i/top_ssr_0/feat_mem[12][15]_i_171/O
                         net (fo=1, routed)           0.000    18.793    zedboard_pnyq_ssr_i/top_ssr_0/feat_mem[12][15]_i_171_n_0
    SLICE_X106Y120       CARRY4 (Prop_carry4_S[1]_CO[3])
                                                      0.550    19.343 r  zedboard_pnyq_ssr_i/top_ssr_0/feat_mem_reg[12][15]_i_147/CO[3]
                         net (fo=1, routed)           0.000    19.343    zedboard_pnyq_ssr_i/top_ssr_0/feat_mem_reg[12][15]_i_147_n_0
    SLICE_X106Y121       CARRY4 (Prop_carry4_CI_O[2])
                                                      0.239    19.582 r  zedboard_pnyq_ssr_i/top_ssr_0/feat_mem_reg[12][15]_i_124/O[2]
                         net (fo=2, routed)           0.870    20.452    zedboard_pnyq_ssr_i/top_ssr_0/feat_mem_reg[12][15]_i_124_n_5
    SLICE_X112Y123       LUT3 (Prop_lut3_I1_O)        0.302    20.754 r  zedboard_pnyq_ssr_i/top_ssr_0/feat_mem[12][15]_i_96/O
                         net (fo=2, routed)           0.435    21.189    zedboard_pnyq_ssr_i/top_ssr_0/feat_mem[12][15]_i_96_n_0
    SLICE_X110Y123       LUT4 (Prop_lut4_I3_O)        0.124    21.313 r  zedboard_pnyq_ssr_i/top_ssr_0/feat_mem[12][15]_i_100/O
                         net (fo=1, routed)           0.000    21.313    zedboard_pnyq_ssr_i/top_ssr_0/feat_mem[12][15]_i_100_n_0
    SLICE_X110Y123       CARRY4 (Prop_carry4_S[0]_CO[3])
                                                      0.532    21.845 r  zedboard_pnyq_ssr_i/top_ssr_0/feat_mem_reg[12][15]_i_68/CO[3]
                         net (fo=1, routed)           0.000    21.845    zedboard_pnyq_ssr_i/top_ssr_0/feat_mem_reg[12][15]_i_68_n_0
    SLICE_X110Y124       CARRY4 (Prop_carry4_CI_CO[3])
                                                      0.114    21.959 r  zedboard_pnyq_ssr_i/top_ssr_0/feat_mem_reg[12][15]_i_44/CO[3]
                         net (fo=1, routed)           0.009    21.968    zedboard_pnyq_ssr_i/top_ssr_0/feat_mem_reg[12][15]_i_44_n_0
    SLICE_X110Y125       CARRY4 (Prop_carry4_CI_O[1])
                                                      0.334    22.302 r  zedboard_pnyq_ssr_i/top_ssr_0/feat_mem_reg[12][15]_i_24/O[1]
                         net (fo=3, routed)           0.984    23.286    zedboard_pnyq_ssr_i/top_ssr_0/inst/u_top_system/u_dsp_chain/u_agg/feat_mem_reg[12][15]_i_15_0[1]
    SLICE_X105Y125       LUT4 (Prop_lut4_I1_O)        0.303    23.589 r  zedboard_pnyq_ssr_i/top_ssr_0/inst/u_top_system/u_dsp_chain/u_agg/feat_mem[12][15]_i_37/O
                         net (fo=1, routed)           0.000    23.589    zedboard_pnyq_ssr_i/top_ssr_0/inst/u_top_system/u_dsp_chain/u_agg/feat_mem[12][15]_i_37_n_0
    SLICE_X105Y125       CARRY4 (Prop_carry4_S[1]_CO[3])
                                                      0.550    24.139 r  zedboard_pnyq_ssr_i/top_ssr_0/inst/u_top_system/u_dsp_chain/u_agg/feat_mem_reg[12][15]_i_15/CO[3]
                         net (fo=1, routed)           0.000    24.139    zedboard_pnyq_ssr_i/top_ssr_0/inst/u_top_system/u_dsp_chain/u_agg/feat_mem_reg[12][15]_i_15_n_0
    SLICE_X105Y126       CARRY4 (Prop_carry4_CI_CO[1])
                                                      0.157    24.296 r  zedboard_pnyq_ssr_i/top_ssr_0/inst/u_top_system/u_dsp_chain/u_agg/feat_mem_reg[12][15]_i_10/CO[1]
                         net (fo=1, routed)           0.506    24.802    zedboard_pnyq_ssr_i/top_ssr_0/inst/u_top_system/u_dsp_chain/u_agg/feat_mem_reg[12][15]_i_10_n_2
    SLICE_X106Y126       LUT4 (Prop_lut4_I0_O)        0.329    25.131 r  zedboard_pnyq_ssr_i/top_ssr_0/inst/u_top_system/u_dsp_chain/u_agg/feat_mem[12][15]_i_4/O
                         net (fo=42, routed)          0.724    25.855    zedboard_pnyq_ssr_i/top_ssr_0/inst/u_top_system/u_dsp_chain/u_agg/feat_mem[12][15]_i_4_n_0
    SLICE_X111Y120       LUT3 (Prop_lut3_I1_O)        0.124    25.979 r  zedboard_pnyq_ssr_i/top_ssr_0/inst/u_top_system/u_dsp_chain/u_agg/feat_mem[12][2]_i_13/O
                         net (fo=1, routed)           0.613    26.591    zedboard_pnyq_ssr_i/top_ssr_0/inst/u_top_system/u_dsp_chain/u_agg/feat_mem[12][2]_i_13_n_0
    SLICE_X111Y121       CARRY4 (Prop_carry4_CYINIT_CO[3])
                                                      0.580    27.171 r  zedboard_pnyq_ssr_i/top_ssr_0/inst/u_top_system/u_dsp_chain/u_agg/feat_mem_reg[12][2]_i_8/CO[3]
                         net (fo=1, routed)           0.000    27.171    zedboard_pnyq_ssr_i/top_ssr_0/inst/u_top_system/u_dsp_chain/u_agg/feat_mem_reg[12][2]_i_8_n_0
    SLICE_X111Y122       CARRY4 (Prop_carry4_CI_CO[3])
                                                      0.114    27.285 r  zedboard_pnyq_ssr_i/top_ssr_0/inst/u_top_system/u_dsp_chain/u_agg/feat_mem_reg[12][2]_i_3/CO[3]
                         net (fo=1, routed)           0.000    27.285    zedboard_pnyq_ssr_i/top_ssr_0/inst/u_top_system/u_dsp_chain/u_agg/feat_mem_reg[12][2]_i_3_n_0
    SLICE_X111Y123       CARRY4 (Prop_carry4_CI_CO[3])
                                                      0.114    27.399 r  zedboard_pnyq_ssr_i/top_ssr_0/inst/u_top_system/u_dsp_chain/u_agg/feat_mem_reg[12][2]_i_2/CO[3]
                         net (fo=1, routed)           0.000    27.399    zedboard_pnyq_ssr_i/top_ssr_0/inst/u_top_system/u_dsp_chain/u_agg/feat_mem_reg[12][2]_i_2_n_0
    SLICE_X111Y124       CARRY4 (Prop_carry4_CI_CO[3])
                                                      0.114    27.513 r  zedboard_pnyq_ssr_i/top_ssr_0/inst/u_top_system/u_dsp_chain/u_agg/feat_mem_reg[12][6]_i_2/CO[3]
                         net (fo=1, routed)           0.009    27.522    zedboard_pnyq_ssr_i/top_ssr_0/inst/u_top_system/u_dsp_chain/u_agg/feat_mem_reg[12][6]_i_2_n_0
    SLICE_X111Y125       CARRY4 (Prop_carry4_CI_CO[3])
                                                      0.114    27.636 r  zedboard_pnyq_ssr_i/top_ssr_0/inst/u_top_system/u_dsp_chain/u_agg/feat_mem_reg[12][10]_i_2/CO[3]
                         net (fo=1, routed)           0.000    27.636    zedboard_pnyq_ssr_i/top_ssr_0/inst/u_top_system/u_dsp_chain/u_agg/feat_mem_reg[12][10]_i_2_n_0
    SLICE_X111Y126       CARRY4 (Prop_carry4_CI_O[3])
                                                      0.313    27.949 r  zedboard_pnyq_ssr_i/top_ssr_0/inst/u_top_system/u_dsp_chain/u_agg/feat_mem_reg[12][14]_i_2/O[3]
                         net (fo=1, routed)           0.315    28.264    zedboard_pnyq_ssr_i/top_ssr_0/inst/u_top_system/u_dsp_chain/u_agg/feat_mem_reg[12][14]_i_2_n_4
    SLICE_X106Y126       LUT5 (Prop_lut5_I1_O)        0.306    28.570 r  zedboard_pnyq_ssr_i/top_ssr_0/inst/u_top_system/u_dsp_chain/u_agg/feat_mem[12][14]_i_1/O
                         net (fo=16, routed)          1.588    30.159    zedboard_pnyq_ssr_i/top_ssr_0/inst/u_top_system/u_dsp_chain/u_agg/p_1_in[14]
    SLICE_X83Y129        FDRE                                         r  zedboard_pnyq_ssr_i/top_ssr_0/inst/u_top_system/u_dsp_chain/u_agg/feat_mem_reg[11][14]/D
  -------------------------------------------------------------------    -------------------

                         (clock clk_fpga_0 rise edge)
                                                     50.000    50.000 r  
    PS7_X0Y0             PS7                          0.000    50.000 r  zedboard_pnyq_ssr_i/processing_system7_0/inst/PS7_i/FCLKCLK[0]
                         net (fo=1, routed)           1.088    51.088    zedboard_pnyq_ssr_i/processing_system7_0/inst/FCLK_CLK_unbuffered[0]
    BUFGCTRL_X0Y16       BUFG (Prop_bufg_I_O)         0.091    51.179 r  zedboard_pnyq_ssr_i/processing_system7_0/inst/buffer_fclk_clk_0.FCLK_CLK_0_BUFG/O
                         net (fo=21462, routed)       1.709    52.888    zedboard_pnyq_ssr_i/top_ssr_0/inst/u_top_system/u_dsp_chain/u_agg/s00_axi_aclk
    SLICE_X83Y129        FDRE                                         r  zedboard_pnyq_ssr_i/top_ssr_0/inst/u_top_system/u_dsp_chain/u_agg/feat_mem_reg[11][14]/C
                         clock pessimism              0.247    53.135    
                         clock uncertainty           -0.751    52.384    
    SLICE_X83Y129        FDRE (Setup_fdre_C_D)       -0.067    52.317    zedboard_pnyq_ssr_i/top_ssr_0/inst/u_top_system/u_dsp_chain/u_agg/feat_mem_reg[11][14]
  -------------------------------------------------------------------
                         required time                         52.317    
                         arrival time                         -30.159    
  -------------------------------------------------------------------
                         slack                                 22.158    

Slack (MET) :             22.173ns  (required time - arrival time)
  Source:                 zedboard_pnyq_ssr_i/top_ssr_0/inst/u_top_system/u_dsp_chain/u_agg/calc_k_reg[1]/C
                            (rising edge-triggered cell FDRE clocked by clk_fpga_0  {rise@0.000ns fall@25.000ns period=50.000ns})
  Destination:            zedboard_pnyq_ssr_i/top_ssr_0/inst/u_top_system/u_dsp_chain/u_agg/feat_mem_reg[6][4]/D
                            (rising edge-triggered cell FDRE clocked by clk_fpga_0  {rise@0.000ns fall@25.000ns period=50.000ns})
  Path Group:             clk_fpga_0
  Path Type:              Setup (Max at Slow Process Corner)
  Requirement:            50.000ns  (clk_fpga_0 rise@50.000ns - clk_fpga_0 rise@0.000ns)
  Data Path Delay:        26.962ns  (logic 10.631ns (39.430%)  route 16.331ns (60.570%))
  Logic Levels:           36  (CARRY4=21 LUT1=1 LUT2=1 LUT3=5 LUT4=4 LUT5=1 LUT6=3)
  Clock Path Skew:        -0.054ns (DCD - SCD + CPR)
    Destination Clock Delay (DCD):    2.888ns = ( 52.888 - 50.000 ) 
    Source Clock Delay      (SCD):    3.189ns
    Clock Pessimism Removal (CPR):    0.247ns
  Clock Uncertainty:      0.751ns  ((TSJ^2 + TIJ^2)^1/2 + DJ) / 2 + PE
    Total System Jitter     (TSJ):    0.071ns
    Total Input Jitter      (TIJ):    1.500ns
    Discrete Jitter          (DJ):    0.000ns
    Phase Error              (PE):    0.000ns

    Location             Delay type                Incr(ns)  Path(ns)    Netlist Resource(s)
  -------------------------------------------------------------------    -------------------
                         (clock clk_fpga_0 rise edge)
                                                      0.000     0.000 r  
    PS7_X0Y0             PS7                          0.000     0.000 r  zedboard_pnyq_ssr_i/processing_system7_0/inst/PS7_i/FCLKCLK[0]
                         net (fo=1, routed)           1.193     1.193    zedboard_pnyq_ssr_i/processing_system7_0/inst/FCLK_CLK_unbuffered[0]
    BUFGCTRL_X0Y16       BUFG (Prop_bufg_I_O)         0.101     1.294 r  zedboard_pnyq_ssr_i/processing_system7_0/inst/buffer_fclk_clk_0.FCLK_CLK_0_BUFG/O
                         net (fo=21462, routed)       1.895     3.189    zedboard_pnyq_ssr_i/top_ssr_0/inst/u_top_system/u_dsp_chain/u_agg/s00_axi_aclk
    SLICE_X80Y126        FDRE                                         r  zedboard_pnyq_ssr_i/top_ssr_0/inst/u_top_system/u_dsp_chain/u_agg/calc_k_reg[1]/C
  -------------------------------------------------------------------    -------------------
    SLICE_X80Y126        FDRE (Prop_fdre_C_Q)         0.456     3.645 r  zedboard_pnyq_ssr_i/top_ssr_0/inst/u_top_system/u_dsp_chain/u_agg/calc_k_reg[1]/Q
                         net (fo=309, routed)         2.473     6.118    zedboard_pnyq_ssr_i/top_ssr_0/inst/u_top_system/u_dsp_chain/u_agg/sel0[1]
    SLICE_X105Y110       LUT6 (Prop_lut6_I2_O)        0.124     6.242 f  zedboard_pnyq_ssr_i/top_ssr_0/inst/u_top_system/u_dsp_chain/u_agg/suma_sq0_i_97/O
                         net (fo=1, routed)           1.071     7.314    zedboard_pnyq_ssr_i/top_ssr_0/inst/u_top_system/u_dsp_chain/u_agg/suma_sq0_i_97_n_0
    SLICE_X107Y111       LUT6 (Prop_lut6_I1_O)        0.124     7.438 f  zedboard_pnyq_ssr_i/top_ssr_0/inst/u_top_system/u_dsp_chain/u_agg/suma_sq0_i_30/O
                         net (fo=7, routed)           0.711     8.149    zedboard_pnyq_ssr_i/top_ssr_0/inst/u_top_system/u_dsp_chain/u_agg/suma_sq0_i_30_n_0
    SLICE_X104Y111       LUT1 (Prop_lut1_I0_O)        0.124     8.273 r  zedboard_pnyq_ssr_i/top_ssr_0/inst/u_top_system/u_dsp_chain/u_agg/feat_mem[12][3]_i_158/O
                         net (fo=1, routed)           0.000     8.273    zedboard_pnyq_ssr_i/top_ssr_0/inst/u_top_system/u_dsp_chain/u_agg/feat_mem[12][3]_i_158_n_0
    SLICE_X104Y111       CARRY4 (Prop_carry4_S[1]_CO[3])
                                                      0.533     8.806 r  zedboard_pnyq_ssr_i/top_ssr_0/inst/u_top_system/u_dsp_chain/u_agg/feat_mem_reg[12][3]_i_134/CO[3]
                         net (fo=1, routed)           0.000     8.806    zedboard_pnyq_ssr_i/top_ssr_0/inst/u_top_system/u_dsp_chain/u_agg/feat_mem_reg[12][3]_i_134_n_0
    SLICE_X104Y112       CARRY4 (Prop_carry4_CI_CO[3])
                                                      0.117     8.923 r  zedboard_pnyq_ssr_i/top_ssr_0/inst/u_top_system/u_dsp_chain/u_agg/feat_mem_reg[12][3]_i_105/CO[3]
                         net (fo=1, routed)           0.000     8.923    zedboard_pnyq_ssr_i/top_ssr_0/inst/u_top_system/u_dsp_chain/u_agg/feat_mem_reg[12][3]_i_105_n_0
    SLICE_X104Y113       CARRY4 (Prop_carry4_CI_O[2])
                                                      0.239     9.162 r  zedboard_pnyq_ssr_i/top_ssr_0/inst/u_top_system/u_dsp_chain/u_agg/feat_mem_reg[12][3]_i_74/O[2]
                         net (fo=1, routed)           1.379    10.541    zedboard_pnyq_ssr_i/top_ssr_0/inst/u_top_system/u_dsp_chain/u_agg/feat_mem_reg[12][3]_i_74_n_5
    SLICE_X108Y115       LUT3 (Prop_lut3_I1_O)        0.327    10.868 r  zedboard_pnyq_ssr_i/top_ssr_0/inst/u_top_system/u_dsp_chain/u_agg/feat_mem[12][3]_i_45/O
                         net (fo=19, routed)          0.994    11.862    zedboard_pnyq_ssr_i/top_ssr_0/inst/u_top_system/u_dsp_chain/u_agg/feat_mem[12][3]_i_45_n_0
    SLICE_X102Y116       LUT3 (Prop_lut3_I1_O)        0.328    12.190 r  zedboard_pnyq_ssr_i/top_ssr_0/inst/u_top_system/u_dsp_chain/u_agg/feat_mem[12][3]_i_186/O
                         net (fo=2, routed)           0.584    12.774    zedboard_pnyq_ssr_i/top_ssr_0/inst/u_top_system/u_dsp_chain/u_agg/feat_mem[12][3]_i_186_n_0
    SLICE_X103Y116       LUT4 (Prop_lut4_I3_O)        0.124    12.898 r  zedboard_pnyq_ssr_i/top_ssr_0/inst/u_top_system/u_dsp_chain/u_agg/feat_mem[12][3]_i_190/O
                         net (fo=1, routed)           0.000    12.898    zedboard_pnyq_ssr_i/top_ssr_0/inst/u_top_system/u_dsp_chain/u_agg/feat_mem[12][3]_i_190_n_0
    SLICE_X103Y116       CARRY4 (Prop_carry4_S[1]_CO[3])
                                                      0.550    13.448 r  zedboard_pnyq_ssr_i/top_ssr_0/inst/u_top_system/u_dsp_chain/u_agg/feat_mem_reg[12][3]_i_166/CO[3]
                         net (fo=1, routed)           0.000    13.448    zedboard_pnyq_ssr_i/top_ssr_0/inst/u_top_system/u_dsp_chain/u_agg/feat_mem_reg[12][3]_i_166_n_0
    SLICE_X103Y117       CARRY4 (Prop_carry4_CI_CO[3])
                                                      0.114    13.562 r  zedboard_pnyq_ssr_i/top_ssr_0/inst/u_top_system/u_dsp_chain/u_agg/feat_mem_reg[12][3]_i_147/CO[3]
                         net (fo=1, routed)           0.000    13.562    zedboard_pnyq_ssr_i/top_ssr_0/inst/u_top_system/u_dsp_chain/u_agg/feat_mem_reg[12][3]_i_147_n_0
    SLICE_X103Y118       CARRY4 (Prop_carry4_CI_CO[3])
                                                      0.114    13.676 r  zedboard_pnyq_ssr_i/top_ssr_0/inst/u_top_system/u_dsp_chain/u_agg/feat_mem_reg[12][3]_i_119/CO[3]
                         net (fo=1, routed)           0.000    13.676    zedboard_pnyq_ssr_i/top_ssr_0/inst/u_top_system/u_dsp_chain/u_agg/feat_mem_reg[12][3]_i_119_n_0
    SLICE_X103Y119       CARRY4 (Prop_carry4_CI_O[3])
                                                      0.313    13.989 r  zedboard_pnyq_ssr_i/top_ssr_0/inst/u_top_system/u_dsp_chain/u_agg/feat_mem_reg[12][3]_i_88/O[3]
                         net (fo=3, routed)           1.066    15.054    zedboard_pnyq_ssr_i/top_ssr_0/inst/u_top_system/u_dsp_chain/u_agg/feat_mem_reg[12][3]_i_88_n_4
    SLICE_X108Y120       LUT3 (Prop_lut3_I2_O)        0.330    15.384 r  zedboard_pnyq_ssr_i/top_ssr_0/inst/u_top_system/u_dsp_chain/u_agg/feat_mem[12][3]_i_92/O
                         net (fo=2, routed)           1.157    16.541    zedboard_pnyq_ssr_i/top_ssr_0/inst/u_top_system/u_dsp_chain/u_agg/feat_mem[12][3]_i_92_n_0
    SLICE_X107Y119       LUT6 (Prop_lut6_I5_O)        0.328    16.869 r  zedboard_pnyq_ssr_i/top_ssr_0/inst/u_top_system/u_dsp_chain/u_agg/feat_mem[12][3]_i_57/O
                         net (fo=1, routed)           0.000    16.869    zedboard_pnyq_ssr_i/top_ssr_0/inst/u_top_system/u_dsp_chain/u_agg/feat_mem[12][3]_i_57_n_0
    SLICE_X107Y119       CARRY4 (Prop_carry4_S[1]_CO[3])
                                                      0.550    17.419 r  zedboard_pnyq_ssr_i/top_ssr_0/inst/u_top_system/u_dsp_chain/u_agg/feat_mem_reg[12][3]_i_29/CO[3]
                         net (fo=1, routed)           0.000    17.419    zedboard_pnyq_ssr_i/top_ssr_0/inst/u_top_system/u_dsp_chain/u_agg/feat_mem_reg[12][3]_i_29_n_0
    SLICE_X107Y120       CARRY4 (Prop_carry4_CI_CO[3])
                                                      0.114    17.533 r  zedboard_pnyq_ssr_i/top_ssr_0/inst/u_top_system/u_dsp_chain/u_agg/feat_mem_reg[12][3]_i_12/CO[3]
                         net (fo=1, routed)           0.000    17.533    zedboard_pnyq_ssr_i/top_ssr_0/inst/u_top_system/u_dsp_chain/u_agg/feat_mem_reg[12][3]_i_12_n_0
    SLICE_X107Y121       CARRY4 (Prop_carry4_CI_O[3])
                                                      0.313    17.846 r  zedboard_pnyq_ssr_i/top_ssr_0/inst/u_top_system/u_dsp_chain/u_agg/feat_mem_reg[12][3]_i_3/O[3]
                         net (fo=9, routed)           0.641    18.487    zedboard_pnyq_ssr_i/top_ssr_0/inst_n_12
    SLICE_X106Y120       LUT2 (Prop_lut2_I1_O)        0.306    18.793 r  zedboard_pnyq_ssr_i/top_ssr_0/feat_mem[12][15]_i_171/O
                         net (fo=1, routed)           0.000    18.793    zedboard_pnyq_ssr_i/top_ssr_0/feat_mem[12][15]_i_171_n_0
    SLICE_X106Y120       CARRY4 (Prop_carry4_S[1]_CO[3])
                                                      0.550    19.343 r  zedboard_pnyq_ssr_i/top_ssr_0/feat_mem_reg[12][15]_i_147/CO[3]
                         net (fo=1, routed)           0.000    19.343    zedboard_pnyq_ssr_i/top_ssr_0/feat_mem_reg[12][15]_i_147_n_0
    SLICE_X106Y121       CARRY4 (Prop_carry4_CI_O[2])
                                                      0.239    19.582 r  zedboard_pnyq_ssr_i/top_ssr_0/feat_mem_reg[12][15]_i_124/O[2]
                         net (fo=2, routed)           0.870    20.452    zedboard_pnyq_ssr_i/top_ssr_0/feat_mem_reg[12][15]_i_124_n_5
    SLICE_X112Y123       LUT3 (Prop_lut3_I1_O)        0.302    20.754 r  zedboard_pnyq_ssr_i/top_ssr_0/feat_mem[12][15]_i_96/O
                         net (fo=2, routed)           0.435    21.189    zedboard_pnyq_ssr_i/top_ssr_0/feat_mem[12][15]_i_96_n_0
    SLICE_X110Y123       LUT4 (Prop_lut4_I3_O)        0.124    21.313 r  zedboard_pnyq_ssr_i/top_ssr_0/feat_mem[12][15]_i_100/O
                         net (fo=1, routed)           0.000    21.313    zedboard_pnyq_ssr_i/top_ssr_0/feat_mem[12][15]_i_100_n_0
    SLICE_X110Y123       CARRY4 (Prop_carry4_S[0]_CO[3])
                                                      0.532    21.845 r  zedboard_pnyq_ssr_i/top_ssr_0/feat_mem_reg[12][15]_i_68/CO[3]
                         net (fo=1, routed)           0.000    21.845    zedboard_pnyq_ssr_i/top_ssr_0/feat_mem_reg[12][15]_i_68_n_0
    SLICE_X110Y124       CARRY4 (Prop_carry4_CI_CO[3])
                                                      0.114    21.959 r  zedboard_pnyq_ssr_i/top_ssr_0/feat_mem_reg[12][15]_i_44/CO[3]
                         net (fo=1, routed)           0.009    21.968    zedboard_pnyq_ssr_i/top_ssr_0/feat_mem_reg[12][15]_i_44_n_0
    SLICE_X110Y125       CARRY4 (Prop_carry4_CI_O[1])
                                                      0.334    22.302 r  zedboard_pnyq_ssr_i/top_ssr_0/feat_mem_reg[12][15]_i_24/O[1]
                         net (fo=3, routed)           0.984    23.286    zedboard_pnyq_ssr_i/top_ssr_0/inst/u_top_system/u_dsp_chain/u_agg/feat_mem_reg[12][15]_i_15_0[1]
    SLICE_X105Y125       LUT4 (Prop_lut4_I1_O)        0.303    23.589 r  zedboard_pnyq_ssr_i/top_ssr_0/inst/u_top_system/u_dsp_chain/u_agg/feat_mem[12][15]_i_37/O
                         net (fo=1, routed)           0.000    23.589    zedboard_pnyq_ssr_i/top_ssr_0/inst/u_top_system/u_dsp_chain/u_agg/feat_mem[12][15]_i_37_n_0
    SLICE_X105Y125       CARRY4 (Prop_carry4_S[1]_CO[3])
                                                      0.550    24.139 r  zedboard_pnyq_ssr_i/top_ssr_0/inst/u_top_system/u_dsp_chain/u_agg/feat_mem_reg[12][15]_i_15/CO[3]
                         net (fo=1, routed)           0.000    24.139    zedboard_pnyq_ssr_i/top_ssr_0/inst/u_top_system/u_dsp_chain/u_agg/feat_mem_reg[12][15]_i_15_n_0
    SLICE_X105Y126       CARRY4 (Prop_carry4_CI_CO[1])
                                                      0.157    24.296 r  zedboard_pnyq_ssr_i/top_ssr_0/inst/u_top_system/u_dsp_chain/u_agg/feat_mem_reg[12][15]_i_10/CO[1]
                         net (fo=1, routed)           0.506    24.802    zedboard_pnyq_ssr_i/top_ssr_0/inst/u_top_system/u_dsp_chain/u_agg/feat_mem_reg[12][15]_i_10_n_2
    SLICE_X106Y126       LUT4 (Prop_lut4_I0_O)        0.329    25.131 r  zedboard_pnyq_ssr_i/top_ssr_0/inst/u_top_system/u_dsp_chain/u_agg/feat_mem[12][15]_i_4/O
                         net (fo=42, routed)          0.724    25.855    zedboard_pnyq_ssr_i/top_ssr_0/inst/u_top_system/u_dsp_chain/u_agg/feat_mem[12][15]_i_4_n_0
    SLICE_X111Y120       LUT3 (Prop_lut3_I1_O)        0.124    25.979 r  zedboard_pnyq_ssr_i/top_ssr_0/inst/u_top_system/u_dsp_chain/u_agg/feat_mem[12][2]_i_13/O
                         net (fo=1, routed)           0.613    26.591    zedboard_pnyq_ssr_i/top_ssr_0/inst/u_top_system/u_dsp_chain/u_agg/feat_mem[12][2]_i_13_n_0
    SLICE_X111Y121       CARRY4 (Prop_carry4_CYINIT_CO[3])
                                                      0.580    27.171 r  zedboard_pnyq_ssr_i/top_ssr_0/inst/u_top_system/u_dsp_chain/u_agg/feat_mem_reg[12][2]_i_8/CO[3]
                         net (fo=1, routed)           0.000    27.171    zedboard_pnyq_ssr_i/top_ssr_0/inst/u_top_system/u_dsp_chain/u_agg/feat_mem_reg[12][2]_i_8_n_0
    SLICE_X111Y122       CARRY4 (Prop_carry4_CI_CO[3])
                                                      0.114    27.285 r  zedboard_pnyq_ssr_i/top_ssr_0/inst/u_top_system/u_dsp_chain/u_agg/feat_mem_reg[12][2]_i_3/CO[3]
                         net (fo=1, routed)           0.000    27.285    zedboard_pnyq_ssr_i/top_ssr_0/inst/u_top_system/u_dsp_chain/u_agg/feat_mem_reg[12][2]_i_3_n_0
    SLICE_X111Y123       CARRY4 (Prop_carry4_CI_CO[3])
                                                      0.114    27.399 r  zedboard_pnyq_ssr_i/top_ssr_0/inst/u_top_system/u_dsp_chain/u_agg/feat_mem_reg[12][2]_i_2/CO[3]
                         net (fo=1, routed)           0.000    27.399    zedboard_pnyq_ssr_i/top_ssr_0/inst/u_top_system/u_dsp_chain/u_agg/feat_mem_reg[12][2]_i_2_n_0
    SLICE_X111Y124       CARRY4 (Prop_carry4_CI_O[1])
                                                      0.334    27.733 r  zedboard_pnyq_ssr_i/top_ssr_0/inst/u_top_system/u_dsp_chain/u_agg/feat_mem_reg[12][6]_i_2/O[1]
                         net (fo=1, routed)           0.505    28.238    zedboard_pnyq_ssr_i/top_ssr_0/inst/u_top_system/u_dsp_chain/u_agg/feat_mem_reg[12][6]_i_2_n_6
    SLICE_X108Y124       LUT5 (Prop_lut5_I1_O)        0.303    28.541 r  zedboard_pnyq_ssr_i/top_ssr_0/inst/u_top_system/u_dsp_chain/u_agg/feat_mem[12][4]_i_1/O
                         net (fo=16, routed)          1.610    30.151    zedboard_pnyq_ssr_i/top_ssr_0/inst/u_top_system/u_dsp_chain/u_agg/p_1_in[4]
    SLICE_X87Y130        FDRE                                         r  zedboard_pnyq_ssr_i/top_ssr_0/inst/u_top_system/u_dsp_chain/u_agg/feat_mem_reg[6][4]/D
  -------------------------------------------------------------------    -------------------

                         (clock clk_fpga_0 rise edge)
                                                     50.000    50.000 r  
    PS7_X0Y0             PS7                          0.000    50.000 r  zedboard_pnyq_ssr_i/processing_system7_0/inst/PS7_i/FCLKCLK[0]
                         net (fo=1, routed)           1.088    51.088    zedboard_pnyq_ssr_i/processing_system7_0/inst/FCLK_CLK_unbuffered[0]
    BUFGCTRL_X0Y16       BUFG (Prop_bufg_I_O)         0.091    51.179 r  zedboard_pnyq_ssr_i/processing_system7_0/inst/buffer_fclk_clk_0.FCLK_CLK_0_BUFG/O
                         net (fo=21462, routed)       1.709    52.888    zedboard_pnyq_ssr_i/top_ssr_0/inst/u_top_system/u_dsp_chain/u_agg/s00_axi_aclk
    SLICE_X87Y130        FDRE                                         r  zedboard_pnyq_ssr_i/top_ssr_0/inst/u_top_system/u_dsp_chain/u_agg/feat_mem_reg[6][4]/C
                         clock pessimism              0.247    53.135    
                         clock uncertainty           -0.751    52.384    
    SLICE_X87Y130        FDRE (Setup_fdre_C_D)       -0.061    52.323    zedboard_pnyq_ssr_i/top_ssr_0/inst/u_top_system/u_dsp_chain/u_agg/feat_mem_reg[6][4]
  -------------------------------------------------------------------
                         required time                         52.323    
                         arrival time                         -30.151    
  -------------------------------------------------------------------
                         slack                                 22.173    





Min Delay Paths
--------------------------------------------------------------------------------------
Slack (MET) :             0.032ns  (arrival time - required time)
  Source:                 zedboard_pnyq_ssr_i/top_ssr_0/inst/u_top_system/u_top_nn/u_dense_layer_1/output_vector_reg[22][9]/C
                            (rising edge-triggered cell FDRE clocked by clk_fpga_0  {rise@0.000ns fall@25.000ns period=50.000ns})
  Destination:            zedboard_pnyq_ssr_i/top_ssr_0/inst/u_top_system/u_top_nn/u_dense_layer_1/output_vector_reg[22][20]/D
                            (rising edge-triggered cell FDRE clocked by clk_fpga_0  {rise@0.000ns fall@25.000ns period=50.000ns})
  Path Group:             clk_fpga_0
  Path Type:              Hold (Min at Fast Process Corner)
  Requirement:            0.000ns  (clk_fpga_0 rise@0.000ns - clk_fpga_0 rise@0.000ns)
  Data Path Delay:        0.489ns  (logic 0.420ns (85.938%)  route 0.069ns (14.062%))
  Logic Levels:           4  (CARRY4=4)
  Clock Path Skew:        0.351ns (DCD - SCD - CPR)
    Destination Clock Delay (DCD):    1.330ns
    Source Clock Delay      (SCD):    0.944ns
    Clock Pessimism Removal (CPR):    0.035ns

    Location             Delay type                Incr(ns)  Path(ns)    Netlist Resource(s)
  -------------------------------------------------------------------    -------------------
                         (clock clk_fpga_0 rise edge)
                                                      0.000     0.000 r  
    PS7_X0Y0             PS7                          0.000     0.000 r  zedboard_pnyq_ssr_i/processing_system7_0/inst/PS7_i/FCLKCLK[0]
                         net (fo=1, routed)           0.310     0.310    zedboard_pnyq_ssr_i/processing_system7_0/inst/FCLK_CLK_unbuffered[0]
    BUFGCTRL_X0Y16       BUFG (Prop_bufg_I_O)         0.026     0.336 r  zedboard_pnyq_ssr_i/processing_system7_0/inst/buffer_fclk_clk_0.FCLK_CLK_0_BUFG/O
                         net (fo=21462, routed)       0.608     0.944    zedboard_pnyq_ssr_i/top_ssr_0/inst/u_top_system/u_top_nn/u_dense_layer_1/s00_axi_aclk
    SLICE_X97Y97         FDRE                                         r  zedboard_pnyq_ssr_i/top_ssr_0/inst/u_top_system/u_top_nn/u_dense_layer_1/output_vector_reg[22][9]/C
  -------------------------------------------------------------------    -------------------
    SLICE_X97Y97         FDRE (Prop_fdre_C_Q)         0.141     1.085 r  zedboard_pnyq_ssr_i/top_ssr_0/inst/u_top_system/u_top_nn/u_dense_layer_1/output_vector_reg[22][9]/Q
                         net (fo=5, routed)           0.068     1.153    zedboard_pnyq_ssr_i/top_ssr_0/inst/u_top_system/u_top_nn/u_dense_layer_1/dslayer1_output[22]_310[9]
    SLICE_X97Y97         CARRY4 (Prop_carry4_DI[1]_CO[3])
                                                      0.147     1.300 r  zedboard_pnyq_ssr_i/top_ssr_0/inst/u_top_system/u_top_nn/u_dense_layer_1/output_vector_reg[22][8]_i_1/CO[3]
                         net (fo=1, routed)           0.000     1.300    zedboard_pnyq_ssr_i/top_ssr_0/inst/u_top_system/u_top_nn/u_dense_layer_1/output_vector_reg[22][8]_i_1_n_0
    SLICE_X97Y98         CARRY4 (Prop_carry4_CI_CO[3])
                                                      0.039     1.339 r  zedboard_pnyq_ssr_i/top_ssr_0/inst/u_top_system/u_top_nn/u_dense_layer_1/output_vector_reg[22][12]_i_1/CO[3]
                         net (fo=1, routed)           0.000     1.339    zedboard_pnyq_ssr_i/top_ssr_0/inst/u_top_system/u_top_nn/u_dense_layer_1/output_vector_reg[22][12]_i_1_n_0
    SLICE_X97Y99         CARRY4 (Prop_carry4_CI_CO[3])
                                                      0.039     1.378 r  zedboard_pnyq_ssr_i/top_ssr_0/inst/u_top_system/u_top_nn/u_dense_layer_1/output_vector_reg[22][16]_i_1/CO[3]
                         net (fo=1, routed)           0.001     1.378    zedboard_pnyq_ssr_i/top_ssr_0/inst/u_top_system/u_top_nn/u_dense_layer_1/output_vector_reg[22][16]_i_1_n_0
    SLICE_X97Y100        CARRY4 (Prop_carry4_CI_O[0])
                                                      0.054     1.432 r  zedboard_pnyq_ssr_i/top_ssr_0/inst/u_top_system/u_top_nn/u_dense_layer_1/output_vector_reg[22][20]_i_1/O[0]
                         net (fo=1, routed)           0.000     1.432    zedboard_pnyq_ssr_i/top_ssr_0/inst/u_top_system/u_top_nn/u_dense_layer_1/output_vector_reg[22][20]_i_1_n_7
    SLICE_X97Y100        FDRE                                         r  zedboard_pnyq_ssr_i/top_ssr_0/inst/u_top_system/u_top_nn/u_dense_layer_1/output_vector_reg[22][20]/D
  -------------------------------------------------------------------    -------------------

                         (clock clk_fpga_0 rise edge)
                                                      0.000     0.000 r  
    PS7_X0Y0             PS7                          0.000     0.000 r  zedboard_pnyq_ssr_i/processing_system7_0/inst/PS7_i/FCLKCLK[0]
                         net (fo=1, routed)           0.337     0.337    zedboard_pnyq_ssr_i/processing_system7_0/inst/FCLK_CLK_unbuffered[0]
    BUFGCTRL_X0Y16       BUFG (Prop_bufg_I_O)         0.029     0.366 r  zedboard_pnyq_ssr_i/processing_system7_0/inst/buffer_fclk_clk_0.FCLK_CLK_0_BUFG/O
                         net (fo=21462, routed)       0.964     1.330    zedboard_pnyq_ssr_i/top_ssr_0/inst/u_top_system/u_top_nn/u_dense_layer_1/s00_axi_aclk
    SLICE_X97Y100        FDRE                                         r  zedboard_pnyq_ssr_i/top_ssr_0/inst/u_top_system/u_top_nn/u_dense_layer_1/output_vector_reg[22][20]/C
                         clock pessimism             -0.035     1.295    
    SLICE_X97Y100        FDRE (Hold_fdre_C_D)         0.105     1.400    zedboard_pnyq_ssr_i/top_ssr_0/inst/u_top_system/u_top_nn/u_dense_layer_1/output_vector_reg[22][20]
  -------------------------------------------------------------------
                         required time                         -1.400    
                         arrival time                           1.432    
  -------------------------------------------------------------------
                         slack                                  0.032    

Slack (MET) :             0.041ns  (arrival time - required time)
  Source:                 zedboard_pnyq_ssr_i/axi_smc/inst/s00_entry_pipeline/s00_mmu/inst/r_sreg/m_vector_i_reg[1082]/C
                            (rising edge-triggered cell FDRE clocked by clk_fpga_0  {rise@0.000ns fall@25.000ns period=50.000ns})
  Destination:            zedboard_pnyq_ssr_i/axi_dma_0/U0/I_PRMRY_DATAMOVER/GEN_MM2S_FULL.I_MM2S_FULL_WRAPPER/GEN_INCLUDE_MM2S_SF.I_RD_SF/I_DATA_FIFO/BLK_MEM.I_SYNC_FIFOGEN_FIFO/xpm_fifo_instance.xpm_fifo_sync_inst/xpm_fifo_base_inst/gen_sdpram.xpm_memory_base_inst/gen_wr_a.gen_word_narrow.mem_reg/DIADI[23]
                            (rising edge-triggered cell RAMB36E1 clocked by clk_fpga_0  {rise@0.000ns fall@25.000ns period=50.000ns})
  Path Group:             clk_fpga_0
  Path Type:              Hold (Min at Fast Process Corner)
  Requirement:            0.000ns  (clk_fpga_0 rise@0.000ns - clk_fpga_0 rise@0.000ns)
  Data Path Delay:        0.414ns  (logic 0.164ns (39.588%)  route 0.250ns (60.412%))
  Logic Levels:           0  
  Clock Path Skew:        0.077ns (DCD - SCD - CPR)
    Destination Clock Delay (DCD):    1.272ns
    Source Clock Delay      (SCD):    0.932ns
    Clock Pessimism Removal (CPR):    0.263ns

    Location             Delay type                Incr(ns)  Path(ns)    Netlist Resource(s)
  -------------------------------------------------------------------    -------------------
                         (clock clk_fpga_0 rise edge)
                                                      0.000     0.000 r  
    PS7_X0Y0             PS7                          0.000     0.000 r  zedboard_pnyq_ssr_i/processing_system7_0/inst/PS7_i/FCLKCLK[0]
                         net (fo=1, routed)           0.310     0.310    zedboard_pnyq_ssr_i/processing_system7_0/inst/FCLK_CLK_unbuffered[0]
    BUFGCTRL_X0Y16       BUFG (Prop_bufg_I_O)         0.026     0.336 r  zedboard_pnyq_ssr_i/processing_system7_0/inst/buffer_fclk_clk_0.FCLK_CLK_0_BUFG/O
                         net (fo=21462, routed)       0.596     0.932    zedboard_pnyq_ssr_i/axi_smc/inst/s00_entry_pipeline/s00_mmu/inst/r_sreg/aclk
    SLICE_X14Y45         FDRE                                         r  zedboard_pnyq_ssr_i/axi_smc/inst/s00_entry_pipeline/s00_mmu/inst/r_sreg/m_vector_i_reg[1082]/C
  -------------------------------------------------------------------    -------------------
    SLICE_X14Y45         FDRE (Prop_fdre_C_Q)         0.164     1.095 r  zedboard_pnyq_ssr_i/axi_smc/inst/s00_entry_pipeline/s00_mmu/inst/r_sreg/m_vector_i_reg[1082]/Q
                         net (fo=1, routed)           0.250     1.346    zedboard_pnyq_ssr_i/axi_dma_0/U0/I_PRMRY_DATAMOVER/GEN_MM2S_FULL.I_MM2S_FULL_WRAPPER/GEN_INCLUDE_MM2S_SF.I_RD_SF/I_DATA_FIFO/BLK_MEM.I_SYNC_FIFOGEN_FIFO/xpm_fifo_instance.xpm_fifo_sync_inst/xpm_fifo_base_inst/gen_sdpram.xpm_memory_base_inst/dina[23]
    RAMB36_X0Y8          RAMB36E1                                     r  zedboard_pnyq_ssr_i/axi_dma_0/U0/I_PRMRY_DATAMOVER/GEN_MM2S_FULL.I_MM2S_FULL_WRAPPER/GEN_INCLUDE_MM2S_SF.I_RD_SF/I_DATA_FIFO/BLK_MEM.I_SYNC_FIFOGEN_FIFO/xpm_fifo_instance.xpm_fifo_sync_inst/xpm_fifo_base_inst/gen_sdpram.xpm_memory_base_inst/gen_wr_a.gen_word_narrow.mem_reg/DIADI[23]
  -------------------------------------------------------------------    -------------------

                         (clock clk_fpga_0 rise edge)
                                                      0.000     0.000 r  
    PS7_X0Y0             PS7                          0.000     0.000 r  zedboard_pnyq_ssr_i/processing_system7_0/inst/PS7_i/FCLKCLK[0]
                         net (fo=1, routed)           0.337     0.337    zedboard_pnyq_ssr_i/processing_system7_0/inst/FCLK_CLK_unbuffered[0]
    BUFGCTRL_X0Y16       BUFG (Prop_bufg_I_O)         0.029     0.366 r  zedboard_pnyq_ssr_i/processing_system7_0/inst/buffer_fclk_clk_0.FCLK_CLK_0_BUFG/O
                         net (fo=21462, routed)       0.906     1.272    zedboard_pnyq_ssr_i/axi_dma_0/U0/I_PRMRY_DATAMOVER/GEN_MM2S_FULL.I_MM2S_FULL_WRAPPER/GEN_INCLUDE_MM2S_SF.I_RD_SF/I_DATA_FIFO/BLK_MEM.I_SYNC_FIFOGEN_FIFO/xpm_fifo_instance.xpm_fifo_sync_inst/xpm_fifo_base_inst/gen_sdpram.xpm_memory_base_inst/clka
    RAMB36_X0Y8          RAMB36E1                                     r  zedboard_pnyq_ssr_i/axi_dma_0/U0/I_PRMRY_DATAMOVER/GEN_MM2S_FULL.I_MM2S_FULL_WRAPPER/GEN_INCLUDE_MM2S_SF.I_RD_SF/I_DATA_FIFO/BLK_MEM.I_SYNC_FIFOGEN_FIFO/xpm_fifo_instance.xpm_fifo_sync_inst/xpm_fifo_base_inst/gen_sdpram.xpm_memory_base_inst/gen_wr_a.gen_word_narrow.mem_reg/CLKBWRCLK
                         clock pessimism             -0.263     1.009    
    RAMB36_X0Y8          RAMB36E1 (Hold_ramb36e1_CLKBWRCLK_DIADI[23])
                                                      0.296     1.305    zedboard_pnyq_ssr_i/axi_dma_0/U0/I_PRMRY_DATAMOVER/GEN_MM2S_FULL.I_MM2S_FULL_WRAPPER/GEN_INCLUDE_MM2S_SF.I_RD_SF/I_DATA_FIFO/BLK_MEM.I_SYNC_FIFOGEN_FIFO/xpm_fifo_instance.xpm_fifo_sync_inst/xpm_fifo_base_inst/gen_sdpram.xpm_memory_base_inst/gen_wr_a.gen_word_narrow.mem_reg
  -------------------------------------------------------------------
                         required time                         -1.305    
                         arrival time                           1.346    
  -------------------------------------------------------------------
                         slack                                  0.041    

Slack (MET) :             0.043ns  (arrival time - required time)
  Source:                 zedboard_pnyq_ssr_i/top_ssr_0/inst/u_top_system/u_top_nn/u_dense_layer_1/output_vector_reg[22][9]/C
                            (rising edge-triggered cell FDRE clocked by clk_fpga_0  {rise@0.000ns fall@25.000ns period=50.000ns})
  Destination:            zedboard_pnyq_ssr_i/top_ssr_0/inst/u_top_system/u_top_nn/u_dense_layer_1/output_vector_reg[22][22]/D
                            (rising edge-triggered cell FDRE clocked by clk_fpga_0  {rise@0.000ns fall@25.000ns period=50.000ns})
  Path Group:             clk_fpga_0
  Path Type:              Hold (Min at Fast Process Corner)
  Requirement:            0.000ns  (clk_fpga_0 rise@0.000ns - clk_fpga_0 rise@0.000ns)
  Data Path Delay:        0.500ns  (logic 0.431ns (86.247%)  route 0.069ns (13.753%))
  Logic Levels:           4  (CARRY4=4)
  Clock Path Skew:        0.351ns (DCD - SCD - CPR)
    Destination Clock Delay (DCD):    1.330ns
    Source Clock Delay      (SCD):    0.944ns
    Clock Pessimism Removal (CPR):    0.035ns

    Location             Delay type                Incr(ns)  Path(ns)    Netlist Resource(s)
  -------------------------------------------------------------------    -------------------
                         (clock clk_fpga_0 rise edge)
                                                      0.000     0.000 r  
    PS7_X0Y0             PS7                          0.000     0.000 r  zedboard_pnyq_ssr_i/processing_system7_0/inst/PS7_i/FCLKCLK[0]
                         net (fo=1, routed)           0.310     0.310    zedboard_pnyq_ssr_i/processing_system7_0/inst/FCLK_CLK_unbuffered[0]
    BUFGCTRL_X0Y16       BUFG (Prop_bufg_I_O)         0.026     0.336 r  zedboard_pnyq_ssr_i/processing_system7_0/inst/buffer_fclk_clk_0.FCLK_CLK_0_BUFG/O
                         net (fo=21462, routed)       0.608     0.944    zedboard_pnyq_ssr_i/top_ssr_0/inst/u_top_system/u_top_nn/u_dense_layer_1/s00_axi_aclk
    SLICE_X97Y97         FDRE                                         r  zedboard_pnyq_ssr_i/top_ssr_0/inst/u_top_system/u_top_nn/u_dense_layer_1/output_vector_reg[22][9]/C
  -------------------------------------------------------------------    -------------------
    SLICE_X97Y97         FDRE (Prop_fdre_C_Q)         0.141     1.085 r  zedboard_pnyq_ssr_i/top_ssr_0/inst/u_top_system/u_top_nn/u_dense_layer_1/output_vector_reg[22][9]/Q
                         net (fo=5, routed)           0.068     1.153    zedboard_pnyq_ssr_i/top_ssr_0/inst/u_top_system/u_top_nn/u_dense_layer_1/dslayer1_output[22]_310[9]
    SLICE_X97Y97         CARRY4 (Prop_carry4_DI[1]_CO[3])
                                                      0.147     1.300 r  zedboard_pnyq_ssr_i/top_ssr_0/inst/u_top_system/u_top_nn/u_dense_layer_1/output_vector_reg[22][8]_i_1/CO[3]
                         net (fo=1, routed)           0.000     1.300    zedboard_pnyq_ssr_i/top_ssr_0/inst/u_top_system/u_top_nn/u_dense_layer_1/output_vector_reg[22][8]_i_1_n_0
    SLICE_X97Y98         CARRY4 (Prop_carry4_CI_CO[3])
                                                      0.039     1.339 r  zedboard_pnyq_ssr_i/top_ssr_0/inst/u_top_system/u_top_nn/u_dense_layer_1/output_vector_reg[22][12]_i_1/CO[3]
                         net (fo=1, routed)           0.000     1.339    zedboard_pnyq_ssr_i/top_ssr_0/inst/u_top_system/u_top_nn/u_dense_layer_1/output_vector_reg[22][12]_i_1_n_0
    SLICE_X97Y99         CARRY4 (Prop_carry4_CI_CO[3])
                                                      0.039     1.378 r  zedboard_pnyq_ssr_i/top_ssr_0/inst/u_top_system/u_top_nn/u_dense_layer_1/output_vector_reg[22][16]_i_1/CO[3]
                         net (fo=1, routed)           0.001     1.378    zedboard_pnyq_ssr_i/top_ssr_0/inst/u_top_system/u_top_nn/u_dense_layer_1/output_vector_reg[22][16]_i_1_n_0
    SLICE_X97Y100        CARRY4 (Prop_carry4_CI_O[2])
                                                      0.065     1.443 r  zedboard_pnyq_ssr_i/top_ssr_0/inst/u_top_system/u_top_nn/u_dense_layer_1/output_vector_reg[22][20]_i_1/O[2]
                         net (fo=1, routed)           0.000     1.443    zedboard_pnyq_ssr_i/top_ssr_0/inst/u_top_system/u_top_nn/u_dense_layer_1/output_vector_reg[22][20]_i_1_n_5
    SLICE_X97Y100        FDRE                                         r  zedboard_pnyq_ssr_i/top_ssr_0/inst/u_top_system/u_top_nn/u_dense_layer_1/output_vector_reg[22][22]/D
  -------------------------------------------------------------------    -------------------

                         (clock clk_fpga_0 rise edge)
                                                      0.000     0.000 r  
    PS7_X0Y0             PS7                          0.000     0.000 r  zedboard_pnyq_ssr_i/processing_system7_0/inst/PS7_i/FCLKCLK[0]
                         net (fo=1, routed)           0.337     0.337    zedboard_pnyq_ssr_i/processing_system7_0/inst/FCLK_CLK_unbuffered[0]
    BUFGCTRL_X0Y16       BUFG (Prop_bufg_I_O)         0.029     0.366 r  zedboard_pnyq_ssr_i/processing_system7_0/inst/buffer_fclk_clk_0.FCLK_CLK_0_BUFG/O
                         net (fo=21462, routed)       0.964     1.330    zedboard_pnyq_ssr_i/top_ssr_0/inst/u_top_system/u_top_nn/u_dense_layer_1/s00_axi_aclk
    SLICE_X97Y100        FDRE                                         r  zedboard_pnyq_ssr_i/top_ssr_0/inst/u_top_system/u_top_nn/u_dense_layer_1/output_vector_reg[22][22]/C
                         clock pessimism             -0.035     1.295    
    SLICE_X97Y100        FDRE (Hold_fdre_C_D)         0.105     1.400    zedboard_pnyq_ssr_i/top_ssr_0/inst/u_top_system/u_top_nn/u_dense_layer_1/output_vector_reg[22][22]
  -------------------------------------------------------------------
                         required time                         -1.400    
                         arrival time                           1.443    
  -------------------------------------------------------------------
                         slack                                  0.043    

Slack (MET) :             0.044ns  (arrival time - required time)
  Source:                 zedboard_pnyq_ssr_i/ps7_0_axi_periph/xbar/inst/gen_sasd.crossbar_sasd_0/reg_slice_r/m_payload_i_reg[12]/C
                            (rising edge-triggered cell FDRE clocked by clk_fpga_0  {rise@0.000ns fall@25.000ns period=50.000ns})
  Destination:            zedboard_pnyq_ssr_i/ps7_0_axi_periph/s00_couplers/auto_pc/inst/gen_axilite.gen_b2s_conv.axilite_b2s/RD.r_channel_0/rd_data_fifo_0/memory_reg[31][9]_srl32/D
                            (rising edge-triggered cell SRLC32E clocked by clk_fpga_0  {rise@0.000ns fall@25.000ns period=50.000ns})
  Path Group:             clk_fpga_0
  Path Type:              Hold (Min at Fast Process Corner)
  Requirement:            0.000ns  (clk_fpga_0 rise@0.000ns - clk_fpga_0 rise@0.000ns)
  Data Path Delay:        0.260ns  (logic 0.141ns (54.313%)  route 0.119ns (45.687%))
  Logic Levels:           0  
  Clock Path Skew:        0.033ns (DCD - SCD - CPR)
    Destination Clock Delay (DCD):    1.207ns
    Source Clock Delay      (SCD):    0.910ns
    Clock Pessimism Removal (CPR):    0.264ns

    Location             Delay type                Incr(ns)  Path(ns)    Netlist Resource(s)
  -------------------------------------------------------------------    -------------------
                         (clock clk_fpga_0 rise edge)
                                                      0.000     0.000 r  
    PS7_X0Y0             PS7                          0.000     0.000 r  zedboard_pnyq_ssr_i/processing_system7_0/inst/PS7_i/FCLKCLK[0]
                         net (fo=1, routed)           0.310     0.310    zedboard_pnyq_ssr_i/processing_system7_0/inst/FCLK_CLK_unbuffered[0]
    BUFGCTRL_X0Y16       BUFG (Prop_bufg_I_O)         0.026     0.336 r  zedboard_pnyq_ssr_i/processing_system7_0/inst/buffer_fclk_clk_0.FCLK_CLK_0_BUFG/O
                         net (fo=21462, routed)       0.574     0.910    zedboard_pnyq_ssr_i/ps7_0_axi_periph/xbar/inst/gen_sasd.crossbar_sasd_0/reg_slice_r/aclk
    SLICE_X28Y88         FDRE                                         r  zedboard_pnyq_ssr_i/ps7_0_axi_periph/xbar/inst/gen_sasd.crossbar_sasd_0/reg_slice_r/m_payload_i_reg[12]/C
  -------------------------------------------------------------------    -------------------
    SLICE_X28Y88         FDRE (Prop_fdre_C_Q)         0.141     1.051 r  zedboard_pnyq_ssr_i/ps7_0_axi_periph/xbar/inst/gen_sasd.crossbar_sasd_0/reg_slice_r/m_payload_i_reg[12]/Q
                         net (fo=1, routed)           0.119     1.169    zedboard_pnyq_ssr_i/ps7_0_axi_periph/s00_couplers/auto_pc/inst/gen_axilite.gen_b2s_conv.axilite_b2s/RD.r_channel_0/rd_data_fifo_0/in[9]
    SLICE_X26Y88         SRLC32E                                      r  zedboard_pnyq_ssr_i/ps7_0_axi_periph/s00_couplers/auto_pc/inst/gen_axilite.gen_b2s_conv.axilite_b2s/RD.r_channel_0/rd_data_fifo_0/memory_reg[31][9]_srl32/D
  -------------------------------------------------------------------    -------------------

                         (clock clk_fpga_0 rise edge)
                                                      0.000     0.000 r  
    PS7_X0Y0             PS7                          0.000     0.000 r  zedboard_pnyq_ssr_i/processing_system7_0/inst/PS7_i/FCLKCLK[0]
                         net (fo=1, routed)           0.337     0.337    zedboard_pnyq_ssr_i/processing_system7_0/inst/FCLK_CLK_unbuffered[0]
    BUFGCTRL_X0Y16       BUFG (Prop_bufg_I_O)         0.029     0.366 r  zedboard_pnyq_ssr_i/processing_system7_0/inst/buffer_fclk_clk_0.FCLK_CLK_0_BUFG/O
                         net (fo=21462, routed)       0.841     1.207    zedboard_pnyq_ssr_i/ps7_0_axi_periph/s00_couplers/auto_pc/inst/gen_axilite.gen_b2s_conv.axilite_b2s/RD.r_channel_0/rd_data_fifo_0/aclk
    SLICE_X26Y88         SRLC32E                                      r  zedboard_pnyq_ssr_i/ps7_0_axi_periph/s00_couplers/auto_pc/inst/gen_axilite.gen_b2s_conv.axilite_b2s/RD.r_channel_0/rd_data_fifo_0/memory_reg[31][9]_srl32/CLK
                         clock pessimism             -0.264     0.943    
    SLICE_X26Y88         SRLC32E (Hold_srlc32e_CLK_D)
                                                      0.183     1.126    zedboard_pnyq_ssr_i/ps7_0_axi_periph/s00_couplers/auto_pc/inst/gen_axilite.gen_b2s_conv.axilite_b2s/RD.r_channel_0/rd_data_fifo_0/memory_reg[31][9]_srl32
  -------------------------------------------------------------------
                         required time                         -1.126    
                         arrival time                           1.169    
  -------------------------------------------------------------------
                         slack                                  0.044    

Slack (MET) :             0.045ns  (arrival time - required time)
  Source:                 zedboard_pnyq_ssr_i/top_ssr_0/inst/u_top_system/u_top_nn/u_dense_layer_1/output_vector_reg[16][5]/C
                            (rising edge-triggered cell FDRE clocked by clk_fpga_0  {rise@0.000ns fall@25.000ns period=50.000ns})
  Destination:            zedboard_pnyq_ssr_i/top_ssr_0/inst/u_top_system/u_top_nn/u_dense_layer_1/output_vector_reg[16][16]/D
                            (rising edge-triggered cell FDRE clocked by clk_fpga_0  {rise@0.000ns fall@25.000ns period=50.000ns})
  Path Group:             clk_fpga_0
  Path Type:              Hold (Min at Fast Process Corner)
  Requirement:            0.000ns  (clk_fpga_0 rise@0.000ns - clk_fpga_0 rise@0.000ns)
  Data Path Delay:        0.501ns  (logic 0.420ns (83.845%)  route 0.081ns (16.155%))
  Logic Levels:           4  (CARRY4=4)
  Clock Path Skew:        0.351ns (DCD - SCD - CPR)
    Destination Clock Delay (DCD):    1.331ns
    Source Clock Delay      (SCD):    0.945ns
    Clock Pessimism Removal (CPR):    0.035ns

    Location             Delay type                Incr(ns)  Path(ns)    Netlist Resource(s)
  -------------------------------------------------------------------    -------------------
                         (clock clk_fpga_0 rise edge)
                                                      0.000     0.000 r  
    PS7_X0Y0             PS7                          0.000     0.000 r  zedboard_pnyq_ssr_i/processing_system7_0/inst/PS7_i/FCLKCLK[0]
                         net (fo=1, routed)           0.310     0.310    zedboard_pnyq_ssr_i/processing_system7_0/inst/FCLK_CLK_unbuffered[0]
    BUFGCTRL_X0Y16       BUFG (Prop_bufg_I_O)         0.026     0.336 r  zedboard_pnyq_ssr_i/processing_system7_0/inst/buffer_fclk_clk_0.FCLK_CLK_0_BUFG/O
                         net (fo=21462, routed)       0.609     0.945    zedboard_pnyq_ssr_i/top_ssr_0/inst/u_top_system/u_top_nn/u_dense_layer_1/s00_axi_aclk
    SLICE_X101Y97        FDRE                                         r  zedboard_pnyq_ssr_i/top_ssr_0/inst/u_top_system/u_top_nn/u_dense_layer_1/output_vector_reg[16][5]/C
  -------------------------------------------------------------------    -------------------
    SLICE_X101Y97        FDRE (Prop_fdre_C_Q)         0.141     1.086 r  zedboard_pnyq_ssr_i/top_ssr_0/inst/u_top_system/u_top_nn/u_dense_layer_1/output_vector_reg[16][5]/Q
                         net (fo=5, routed)           0.080     1.166    zedboard_pnyq_ssr_i/top_ssr_0/inst/u_top_system/u_top_nn/u_dense_layer_1/dslayer1_output[16]_295[5]
    SLICE_X101Y97        CARRY4 (Prop_carry4_DI[1]_CO[3])
                                                      0.147     1.313 r  zedboard_pnyq_ssr_i/top_ssr_0/inst/u_top_system/u_top_nn/u_dense_layer_1/output_vector_reg[16][7]_i_1/CO[3]
                         net (fo=1, routed)           0.000     1.313    zedboard_pnyq_ssr_i/top_ssr_0/inst/u_top_system/u_top_nn/u_dense_layer_1/output_vector_reg[16][7]_i_1_n_0
    SLICE_X101Y98        CARRY4 (Prop_carry4_CI_CO[3])
                                                      0.039     1.352 r  zedboard_pnyq_ssr_i/top_ssr_0/inst/u_top_system/u_top_nn/u_dense_layer_1/output_vector_reg[16][11]_i_1/CO[3]
                         net (fo=1, routed)           0.000     1.352    zedboard_pnyq_ssr_i/top_ssr_0/inst/u_top_system/u_top_nn/u_dense_layer_1/output_vector_reg[16][11]_i_1_n_0
    SLICE_X101Y99        CARRY4 (Prop_carry4_CI_CO[3])
                                                      0.039     1.391 r  zedboard_pnyq_ssr_i/top_ssr_0/inst/u_top_system/u_top_nn/u_dense_layer_1/output_vector_reg[16][15]_i_1/CO[3]
                         net (fo=1, routed)           0.001     1.392    zedboard_pnyq_ssr_i/top_ssr_0/inst/u_top_system/u_top_nn/u_dense_layer_1/output_vector_reg[16][15]_i_1_n_0
    SLICE_X101Y100       CARRY4 (Prop_carry4_CI_O[0])
                                                      0.054     1.446 r  zedboard_pnyq_ssr_i/top_ssr_0/inst/u_top_system/u_top_nn/u_dense_layer_1/output_vector_reg[16][19]_i_1/O[0]
                         net (fo=1, routed)           0.000     1.446    zedboard_pnyq_ssr_i/top_ssr_0/inst/u_top_system/u_top_nn/u_dense_layer_1/lDadR4dsP_dspDelayedAccum[16]
    SLICE_X101Y100       FDRE                                         r  zedboard_pnyq_ssr_i/top_ssr_0/inst/u_top_system/u_top_nn/u_dense_layer_1/output_vector_reg[16][16]/D
  -------------------------------------------------------------------    -------------------

                         (clock clk_fpga_0 rise edge)
                                                      0.000     0.000 r  
    PS7_X0Y0             PS7                          0.000     0.000 r  zedboard_pnyq_ssr_i/processing_system7_0/inst/PS7_i/FCLKCLK[0]
                         net (fo=1, routed)           0.337     0.337    zedboard_pnyq_ssr_i/processing_system7_0/inst/FCLK_CLK_unbuffered[0]
    BUFGCTRL_X0Y16       BUFG (Prop_bufg_I_O)         0.029     0.366 r  zedboard_pnyq_ssr_i/processing_system7_0/inst/buffer_fclk_clk_0.FCLK_CLK_0_BUFG/O
                         net (fo=21462, routed)       0.965     1.331    zedboard_pnyq_ssr_i/top_ssr_0/inst/u_top_system/u_top_nn/u_dense_layer_1/s00_axi_aclk
    SLICE_X101Y100       FDRE                                         r  zedboard_pnyq_ssr_i/top_ssr_0/inst/u_top_system/u_top_nn/u_dense_layer_1/output_vector_reg[16][16]/C
                         clock pessimism             -0.035     1.296    
    SLICE_X101Y100       FDRE (Hold_fdre_C_D)         0.105     1.401    zedboard_pnyq_ssr_i/top_ssr_0/inst/u_top_system/u_top_nn/u_dense_layer_1/output_vector_reg[16][16]
  -------------------------------------------------------------------
                         required time                         -1.401    
                         arrival time                           1.446    
  -------------------------------------------------------------------
                         slack                                  0.045    

Slack (MET) :             0.046ns  (arrival time - required time)
  Source:                 zedboard_pnyq_ssr_i/axi_smc/inst/s00_entry_pipeline/s00_mmu/inst/r_sreg/m_vector_i_reg[1074]/C
                            (rising edge-triggered cell FDRE clocked by clk_fpga_0  {rise@0.000ns fall@25.000ns period=50.000ns})
  Destination:            zedboard_pnyq_ssr_i/axi_dma_0/U0/I_PRMRY_DATAMOVER/GEN_MM2S_FULL.I_MM2S_FULL_WRAPPER/GEN_INCLUDE_MM2S_SF.I_RD_SF/I_DATA_FIFO/BLK_MEM.I_SYNC_FIFOGEN_FIFO/xpm_fifo_instance.xpm_fifo_sync_inst/xpm_fifo_base_inst/gen_sdpram.xpm_memory_base_inst/gen_wr_a.gen_word_narrow.mem_reg/DIADI[15]
                            (rising edge-triggered cell RAMB36E1 clocked by clk_fpga_0  {rise@0.000ns fall@25.000ns period=50.000ns})
  Path Group:             clk_fpga_0
  Path Type:              Hold (Min at Fast Process Corner)
  Requirement:            0.000ns  (clk_fpga_0 rise@0.000ns - clk_fpga_0 rise@0.000ns)
  Data Path Delay:        0.419ns  (logic 0.164ns (39.097%)  route 0.255ns (60.903%))
  Logic Levels:           0  
  Clock Path Skew:        0.077ns (DCD - SCD - CPR)
    Destination Clock Delay (DCD):    1.272ns
    Source Clock Delay      (SCD):    0.932ns
    Clock Pessimism Removal (CPR):    0.263ns

    Location             Delay type                Incr(ns)  Path(ns)    Netlist Resource(s)
  -------------------------------------------------------------------    -------------------
                         (clock clk_fpga_0 rise edge)
                                                      0.000     0.000 r  
    PS7_X0Y0             PS7                          0.000     0.000 r  zedboard_pnyq_ssr_i/processing_system7_0/inst/PS7_i/FCLKCLK[0]
                         net (fo=1, routed)           0.310     0.310    zedboard_pnyq_ssr_i/processing_system7_0/inst/FCLK_CLK_unbuffered[0]
    BUFGCTRL_X0Y16       BUFG (Prop_bufg_I_O)         0.026     0.336 r  zedboard_pnyq_ssr_i/processing_system7_0/inst/buffer_fclk_clk_0.FCLK_CLK_0_BUFG/O
                         net (fo=21462, routed)       0.596     0.932    zedboard_pnyq_ssr_i/axi_smc/inst/s00_entry_pipeline/s00_mmu/inst/r_sreg/aclk
    SLICE_X14Y44         FDRE                                         r  zedboard_pnyq_ssr_i/axi_smc/inst/s00_entry_pipeline/s00_mmu/inst/r_sreg/m_vector_i_reg[1074]/C
  -------------------------------------------------------------------    -------------------
    SLICE_X14Y44         FDRE (Prop_fdre_C_Q)         0.164     1.095 r  zedboard_pnyq_ssr_i/axi_smc/inst/s00_entry_pipeline/s00_mmu/inst/r_sreg/m_vector_i_reg[1074]/Q
                         net (fo=1, routed)           0.255     1.351    zedboard_pnyq_ssr_i/axi_dma_0/U0/I_PRMRY_DATAMOVER/GEN_MM2S_FULL.I_MM2S_FULL_WRAPPER/GEN_INCLUDE_MM2S_SF.I_RD_SF/I_DATA_FIFO/BLK_MEM.I_SYNC_FIFOGEN_FIFO/xpm_fifo_instance.xpm_fifo_sync_inst/xpm_fifo_base_inst/gen_sdpram.xpm_memory_base_inst/dina[15]
    RAMB36_X0Y8          RAMB36E1                                     r  zedboard_pnyq_ssr_i/axi_dma_0/U0/I_PRMRY_DATAMOVER/GEN_MM2S_FULL.I_MM2S_FULL_WRAPPER/GEN_INCLUDE_MM2S_SF.I_RD_SF/I_DATA_FIFO/BLK_MEM.I_SYNC_FIFOGEN_FIFO/xpm_fifo_instance.xpm_fifo_sync_inst/xpm_fifo_base_inst/gen_sdpram.xpm_memory_base_inst/gen_wr_a.gen_word_narrow.mem_reg/DIADI[15]
  -------------------------------------------------------------------    -------------------

                         (clock clk_fpga_0 rise edge)
                                                      0.000     0.000 r  
    PS7_X0Y0             PS7                          0.000     0.000 r  zedboard_pnyq_ssr_i/processing_system7_0/inst/PS7_i/FCLKCLK[0]
                         net (fo=1, routed)           0.337     0.337    zedboard_pnyq_ssr_i/processing_system7_0/inst/FCLK_CLK_unbuffered[0]
    BUFGCTRL_X0Y16       BUFG (Prop_bufg_I_O)         0.029     0.366 r  zedboard_pnyq_ssr_i/processing_system7_0/inst/buffer_fclk_clk_0.FCLK_CLK_0_BUFG/O
                         net (fo=21462, routed)       0.906     1.272    zedboard_pnyq_ssr_i/axi_dma_0/U0/I_PRMRY_DATAMOVER/GEN_MM2S_FULL.I_MM2S_FULL_WRAPPER/GEN_INCLUDE_MM2S_SF.I_RD_SF/I_DATA_FIFO/BLK_MEM.I_SYNC_FIFOGEN_FIFO/xpm_fifo_instance.xpm_fifo_sync_inst/xpm_fifo_base_inst/gen_sdpram.xpm_memory_base_inst/clka
    RAMB36_X0Y8          RAMB36E1                                     r  zedboard_pnyq_ssr_i/axi_dma_0/U0/I_PRMRY_DATAMOVER/GEN_MM2S_FULL.I_MM2S_FULL_WRAPPER/GEN_INCLUDE_MM2S_SF.I_RD_SF/I_DATA_FIFO/BLK_MEM.I_SYNC_FIFOGEN_FIFO/xpm_fifo_instance.xpm_fifo_sync_inst/xpm_fifo_base_inst/gen_sdpram.xpm_memory_base_inst/gen_wr_a.gen_word_narrow.mem_reg/CLKBWRCLK
                         clock pessimism             -0.263     1.009    
    RAMB36_X0Y8          RAMB36E1 (Hold_ramb36e1_CLKBWRCLK_DIADI[15])
                                                      0.296     1.305    zedboard_pnyq_ssr_i/axi_dma_0/U0/I_PRMRY_DATAMOVER/GEN_MM2S_FULL.I_MM2S_FULL_WRAPPER/GEN_INCLUDE_MM2S_SF.I_RD_SF/I_DATA_FIFO/BLK_MEM.I_SYNC_FIFOGEN_FIFO/xpm_fifo_instance.xpm_fifo_sync_inst/xpm_fifo_base_inst/gen_sdpram.xpm_memory_base_inst/gen_wr_a.gen_word_narrow.mem_reg
  -------------------------------------------------------------------
                         required time                         -1.305    
                         arrival time                           1.351    
  -------------------------------------------------------------------
                         slack                                  0.046    

Slack (MET) :             0.051ns  (arrival time - required time)
  Source:                 zedboard_pnyq_ssr_i/top_ssr_0/inst/u_top_system/u_dsp_chain/u_framing/buffer_reg[208][10]/C
                            (rising edge-triggered cell FDRE clocked by clk_fpga_0  {rise@0.000ns fall@25.000ns period=50.000ns})
  Destination:            zedboard_pnyq_ssr_i/top_ssr_0/inst/u_top_system/u_dsp_chain/u_framing/buffer_reg[207][10]/D
                            (rising edge-triggered cell FDRE clocked by clk_fpga_0  {rise@0.000ns fall@25.000ns period=50.000ns})
  Path Group:             clk_fpga_0
  Path Type:              Hold (Min at Fast Process Corner)
  Requirement:            0.000ns  (clk_fpga_0 rise@0.000ns - clk_fpga_0 rise@0.000ns)
  Data Path Delay:        0.390ns  (logic 0.164ns (42.053%)  route 0.226ns (57.947%))
  Logic Levels:           0  
  Clock Path Skew:        0.267ns (DCD - SCD - CPR)
    Destination Clock Delay (DCD):    1.191ns
    Source Clock Delay      (SCD):    0.889ns
    Clock Pessimism Removal (CPR):    0.035ns

    Location             Delay type                Incr(ns)  Path(ns)    Netlist Resource(s)
  -------------------------------------------------------------------    -------------------
                         (clock clk_fpga_0 rise edge)
                                                      0.000     0.000 r  
    PS7_X0Y0             PS7                          0.000     0.000 r  zedboard_pnyq_ssr_i/processing_system7_0/inst/PS7_i/FCLKCLK[0]
                         net (fo=1, routed)           0.310     0.310    zedboard_pnyq_ssr_i/processing_system7_0/inst/FCLK_CLK_unbuffered[0]
    BUFGCTRL_X0Y16       BUFG (Prop_bufg_I_O)         0.026     0.336 r  zedboard_pnyq_ssr_i/processing_system7_0/inst/buffer_fclk_clk_0.FCLK_CLK_0_BUFG/O
                         net (fo=21462, routed)       0.553     0.889    zedboard_pnyq_ssr_i/top_ssr_0/inst/u_top_system/u_dsp_chain/u_framing/s00_axi_aclk
    SLICE_X50Y16         FDRE                                         r  zedboard_pnyq_ssr_i/top_ssr_0/inst/u_top_system/u_dsp_chain/u_framing/buffer_reg[208][10]/C
  -------------------------------------------------------------------    -------------------
    SLICE_X50Y16         FDRE (Prop_fdre_C_Q)         0.164     1.053 r  zedboard_pnyq_ssr_i/top_ssr_0/inst/u_top_system/u_dsp_chain/u_framing/buffer_reg[208][10]/Q
                         net (fo=2, routed)           0.226     1.278    zedboard_pnyq_ssr_i/top_ssr_0/inst/u_top_system/u_dsp_chain/u_framing/buffer_reg[208]_73[10]
    SLICE_X48Y12         FDRE                                         r  zedboard_pnyq_ssr_i/top_ssr_0/inst/u_top_system/u_dsp_chain/u_framing/buffer_reg[207][10]/D
  -------------------------------------------------------------------    -------------------

                         (clock clk_fpga_0 rise edge)
                                                      0.000     0.000 r  
    PS7_X0Y0             PS7                          0.000     0.000 r  zedboard_pnyq_ssr_i/processing_system7_0/inst/PS7_i/FCLKCLK[0]
                         net (fo=1, routed)           0.337     0.337    zedboard_pnyq_ssr_i/processing_system7_0/inst/FCLK_CLK_unbuffered[0]
    BUFGCTRL_X0Y16       BUFG (Prop_bufg_I_O)         0.029     0.366 r  zedboard_pnyq_ssr_i/processing_system7_0/inst/buffer_fclk_clk_0.FCLK_CLK_0_BUFG/O
                         net (fo=21462, routed)       0.825     1.191    zedboard_pnyq_ssr_i/top_ssr_0/inst/u_top_system/u_dsp_chain/u_framing/s00_axi_aclk
    SLICE_X48Y12         FDRE                                         r  zedboard_pnyq_ssr_i/top_ssr_0/inst/u_top_system/u_dsp_chain/u_framing/buffer_reg[207][10]/C
                         clock pessimism             -0.035     1.156    
    SLICE_X48Y12         FDRE (Hold_fdre_C_D)         0.072     1.228    zedboard_pnyq_ssr_i/top_ssr_0/inst/u_top_system/u_dsp_chain/u_framing/buffer_reg[207][10]
  -------------------------------------------------------------------
                         required time                         -1.228    
                         arrival time                           1.278    
  -------------------------------------------------------------------
                         slack                                  0.051    

Slack (MET) :             0.056ns  (arrival time - required time)
  Source:                 zedboard_pnyq_ssr_i/top_ssr_0/inst/u_top_system/u_top_nn/u_dense_layer_1/output_vector_reg[16][5]/C
                            (rising edge-triggered cell FDRE clocked by clk_fpga_0  {rise@0.000ns fall@25.000ns period=50.000ns})
  Destination:            zedboard_pnyq_ssr_i/top_ssr_0/inst/u_top_system/u_top_nn/u_dense_layer_1/output_vector_reg[16][18]/D
                            (rising edge-triggered cell FDRE clocked by clk_fpga_0  {rise@0.000ns fall@25.000ns period=50.000ns})
  Path Group:             clk_fpga_0
  Path Type:              Hold (Min at Fast Process Corner)
  Requirement:            0.000ns  (clk_fpga_0 rise@0.000ns - clk_fpga_0 rise@0.000ns)
  Data Path Delay:        0.512ns  (logic 0.431ns (84.192%)  route 0.081ns (15.808%))
  Logic Levels:           4  (CARRY4=4)
  Clock Path Skew:        0.351ns (DCD - SCD - CPR)
    Destination Clock Delay (DCD):    1.331ns
    Source Clock Delay      (SCD):    0.945ns
    Clock Pessimism Removal (CPR):    0.035ns

    Location             Delay type                Incr(ns)  Path(ns)    Netlist Resource(s)
  -------------------------------------------------------------------    -------------------
                         (clock clk_fpga_0 rise edge)
                                                      0.000     0.000 r  
    PS7_X0Y0             PS7                          0.000     0.000 r  zedboard_pnyq_ssr_i/processing_system7_0/inst/PS7_i/FCLKCLK[0]
                         net (fo=1, routed)           0.310     0.310    zedboard_pnyq_ssr_i/processing_system7_0/inst/FCLK_CLK_unbuffered[0]
    BUFGCTRL_X0Y16       BUFG (Prop_bufg_I_O)         0.026     0.336 r  zedboard_pnyq_ssr_i/processing_system7_0/inst/buffer_fclk_clk_0.FCLK_CLK_0_BUFG/O
                         net (fo=21462, routed)       0.609     0.945    zedboard_pnyq_ssr_i/top_ssr_0/inst/u_top_system/u_top_nn/u_dense_layer_1/s00_axi_aclk
    SLICE_X101Y97        FDRE                                         r  zedboard_pnyq_ssr_i/top_ssr_0/inst/u_top_system/u_top_nn/u_dense_layer_1/output_vector_reg[16][5]/C
  -------------------------------------------------------------------    -------------------
    SLICE_X101Y97        FDRE (Prop_fdre_C_Q)         0.141     1.086 r  zedboard_pnyq_ssr_i/top_ssr_0/inst/u_top_system/u_top_nn/u_dense_layer_1/output_vector_reg[16][5]/Q
                         net (fo=5, routed)           0.080     1.166    zedboard_pnyq_ssr_i/top_ssr_0/inst/u_top_system/u_top_nn/u_dense_layer_1/dslayer1_output[16]_295[5]
    SLICE_X101Y97        CARRY4 (Prop_carry4_DI[1]_CO[3])
                                                      0.147     1.313 r  zedboard_pnyq_ssr_i/top_ssr_0/inst/u_top_system/u_top_nn/u_dense_layer_1/output_vector_reg[16][7]_i_1/CO[3]
                         net (fo=1, routed)           0.000     1.313    zedboard_pnyq_ssr_i/top_ssr_0/inst/u_top_system/u_top_nn/u_dense_layer_1/output_vector_reg[16][7]_i_1_n_0
    SLICE_X101Y98        CARRY4 (Prop_carry4_CI_CO[3])
                                                      0.039     1.352 r  zedboard_pnyq_ssr_i/top_ssr_0/inst/u_top_system/u_top_nn/u_dense_layer_1/output_vector_reg[16][11]_i_1/CO[3]
                         net (fo=1, routed)           0.000     1.352    zedboard_pnyq_ssr_i/top_ssr_0/inst/u_top_system/u_top_nn/u_dense_layer_1/output_vector_reg[16][11]_i_1_n_0
    SLICE_X101Y99        CARRY4 (Prop_carry4_CI_CO[3])
                                                      0.039     1.391 r  zedboard_pnyq_ssr_i/top_ssr_0/inst/u_top_system/u_top_nn/u_dense_layer_1/output_vector_reg[16][15]_i_1/CO[3]
                         net (fo=1, routed)           0.001     1.392    zedboard_pnyq_ssr_i/top_ssr_0/inst/u_top_system/u_top_nn/u_dense_layer_1/output_vector_reg[16][15]_i_1_n_0
    SLICE_X101Y100       CARRY4 (Prop_carry4_CI_O[2])
                                                      0.065     1.457 r  zedboard_pnyq_ssr_i/top_ssr_0/inst/u_top_system/u_top_nn/u_dense_layer_1/output_vector_reg[16][19]_i_1/O[2]
                         net (fo=1, routed)           0.000     1.457    zedboard_pnyq_ssr_i/top_ssr_0/inst/u_top_system/u_top_nn/u_dense_layer_1/lDadR4dsP_dspDelayedAccum[18]
    SLICE_X101Y100       FDRE                                         r  zedboard_pnyq_ssr_i/top_ssr_0/inst/u_top_system/u_top_nn/u_dense_layer_1/output_vector_reg[16][18]/D
  -------------------------------------------------------------------    -------------------

                         (clock clk_fpga_0 rise edge)
                                                      0.000     0.000 r  
    PS7_X0Y0             PS7                          0.000     0.000 r  zedboard_pnyq_ssr_i/processing_system7_0/inst/PS7_i/FCLKCLK[0]
                         net (fo=1, routed)           0.337     0.337    zedboard_pnyq_ssr_i/processing_system7_0/inst/FCLK_CLK_unbuffered[0]
    BUFGCTRL_X0Y16       BUFG (Prop_bufg_I_O)         0.029     0.366 r  zedboard_pnyq_ssr_i/processing_system7_0/inst/buffer_fclk_clk_0.FCLK_CLK_0_BUFG/O
                         net (fo=21462, routed)       0.965     1.331    zedboard_pnyq_ssr_i/top_ssr_0/inst/u_top_system/u_top_nn/u_dense_layer_1/s00_axi_aclk
    SLICE_X101Y100       FDRE                                         r  zedboard_pnyq_ssr_i/top_ssr_0/inst/u_top_system/u_top_nn/u_dense_layer_1/output_vector_reg[16][18]/C
                         clock pessimism             -0.035     1.296    
    SLICE_X101Y100       FDRE (Hold_fdre_C_D)         0.105     1.401    zedboard_pnyq_ssr_i/top_ssr_0/inst/u_top_system/u_top_nn/u_dense_layer_1/output_vector_reg[16][18]
  -------------------------------------------------------------------
                         required time                         -1.401    
                         arrival time                           1.457    
  -------------------------------------------------------------------
                         slack                                  0.056    

Slack (MET) :             0.059ns  (arrival time - required time)
  Source:                 zedboard_pnyq_ssr_i/axi_smc/inst/s00_entry_pipeline/s00_mmu/inst/r_sreg/m_vector_i_reg[1063]/C
                            (rising edge-triggered cell FDRE clocked by clk_fpga_0  {rise@0.000ns fall@25.000ns period=50.000ns})
  Destination:            zedboard_pnyq_ssr_i/axi_dma_0/U0/I_PRMRY_DATAMOVER/GEN_MM2S_FULL.I_MM2S_FULL_WRAPPER/GEN_INCLUDE_MM2S_SF.I_RD_SF/I_DATA_FIFO/BLK_MEM.I_SYNC_FIFOGEN_FIFO/xpm_fifo_instance.xpm_fifo_sync_inst/xpm_fifo_base_inst/gen_sdpram.xpm_memory_base_inst/gen_wr_a.gen_word_narrow.mem_reg/DIADI[4]
                            (rising edge-triggered cell RAMB36E1 clocked by clk_fpga_0  {rise@0.000ns fall@25.000ns period=50.000ns})
  Path Group:             clk_fpga_0
  Path Type:              Hold (Min at Fast Process Corner)
  Requirement:            0.000ns  (clk_fpga_0 rise@0.000ns - clk_fpga_0 rise@0.000ns)
  Data Path Delay:        0.433ns  (logic 0.164ns (37.899%)  route 0.269ns (62.101%))
  Logic Levels:           0  
  Clock Path Skew:        0.077ns (DCD - SCD - CPR)
    Destination Clock Delay (DCD):    1.272ns
    Source Clock Delay      (SCD):    0.932ns
    Clock Pessimism Removal (CPR):    0.263ns

    Location             Delay type                Incr(ns)  Path(ns)    Netlist Resource(s)
  -------------------------------------------------------------------    -------------------
                         (clock clk_fpga_0 rise edge)
                                                      0.000     0.000 r  
    PS7_X0Y0             PS7                          0.000     0.000 r  zedboard_pnyq_ssr_i/processing_system7_0/inst/PS7_i/FCLKCLK[0]
                         net (fo=1, routed)           0.310     0.310    zedboard_pnyq_ssr_i/processing_system7_0/inst/FCLK_CLK_unbuffered[0]
    BUFGCTRL_X0Y16       BUFG (Prop_bufg_I_O)         0.026     0.336 r  zedboard_pnyq_ssr_i/processing_system7_0/inst/buffer_fclk_clk_0.FCLK_CLK_0_BUFG/O
                         net (fo=21462, routed)       0.596     0.932    zedboard_pnyq_ssr_i/axi_smc/inst/s00_entry_pipeline/s00_mmu/inst/r_sreg/aclk
    SLICE_X14Y45         FDRE                                         r  zedboard_pnyq_ssr_i/axi_smc/inst/s00_entry_pipeline/s00_mmu/inst/r_sreg/m_vector_i_reg[1063]/C
  -------------------------------------------------------------------    -------------------
    SLICE_X14Y45         FDRE (Prop_fdre_C_Q)         0.164     1.095 r  zedboard_pnyq_ssr_i/axi_smc/inst/s00_entry_pipeline/s00_mmu/inst/r_sreg/m_vector_i_reg[1063]/Q
                         net (fo=1, routed)           0.269     1.364    zedboard_pnyq_ssr_i/axi_dma_0/U0/I_PRMRY_DATAMOVER/GEN_MM2S_FULL.I_MM2S_FULL_WRAPPER/GEN_INCLUDE_MM2S_SF.I_RD_SF/I_DATA_FIFO/BLK_MEM.I_SYNC_FIFOGEN_FIFO/xpm_fifo_instance.xpm_fifo_sync_inst/xpm_fifo_base_inst/gen_sdpram.xpm_memory_base_inst/dina[4]
    RAMB36_X0Y8          RAMB36E1                                     r  zedboard_pnyq_ssr_i/axi_dma_0/U0/I_PRMRY_DATAMOVER/GEN_MM2S_FULL.I_MM2S_FULL_WRAPPER/GEN_INCLUDE_MM2S_SF.I_RD_SF/I_DATA_FIFO/BLK_MEM.I_SYNC_FIFOGEN_FIFO/xpm_fifo_instance.xpm_fifo_sync_inst/xpm_fifo_base_inst/gen_sdpram.xpm_memory_base_inst/gen_wr_a.gen_word_narrow.mem_reg/DIADI[4]
  -------------------------------------------------------------------    -------------------

                         (clock clk_fpga_0 rise edge)
                                                      0.000     0.000 r  
    PS7_X0Y0             PS7                          0.000     0.000 r  zedboard_pnyq_ssr_i/processing_system7_0/inst/PS7_i/FCLKCLK[0]
                         net (fo=1, routed)           0.337     0.337    zedboard_pnyq_ssr_i/processing_system7_0/inst/FCLK_CLK_unbuffered[0]
    BUFGCTRL_X0Y16       BUFG (Prop_bufg_I_O)         0.029     0.366 r  zedboard_pnyq_ssr_i/processing_system7_0/inst/buffer_fclk_clk_0.FCLK_CLK_0_BUFG/O
                         net (fo=21462, routed)       0.906     1.272    zedboard_pnyq_ssr_i/axi_dma_0/U0/I_PRMRY_DATAMOVER/GEN_MM2S_FULL.I_MM2S_FULL_WRAPPER/GEN_INCLUDE_MM2S_SF.I_RD_SF/I_DATA_FIFO/BLK_MEM.I_SYNC_FIFOGEN_FIFO/xpm_fifo_instance.xpm_fifo_sync_inst/xpm_fifo_base_inst/gen_sdpram.xpm_memory_base_inst/clka
    RAMB36_X0Y8          RAMB36E1                                     r  zedboard_pnyq_ssr_i/axi_dma_0/U0/I_PRMRY_DATAMOVER/GEN_MM2S_FULL.I_MM2S_FULL_WRAPPER/GEN_INCLUDE_MM2S_SF.I_RD_SF/I_DATA_FIFO/BLK_MEM.I_SYNC_FIFOGEN_FIFO/xpm_fifo_instance.xpm_fifo_sync_inst/xpm_fifo_base_inst/gen_sdpram.xpm_memory_base_inst/gen_wr_a.gen_word_narrow.mem_reg/CLKBWRCLK
                         clock pessimism             -0.263     1.009    
    RAMB36_X0Y8          RAMB36E1 (Hold_ramb36e1_CLKBWRCLK_DIADI[4])
                                                      0.296     1.305    zedboard_pnyq_ssr_i/axi_dma_0/U0/I_PRMRY_DATAMOVER/GEN_MM2S_FULL.I_MM2S_FULL_WRAPPER/GEN_INCLUDE_MM2S_SF.I_RD_SF/I_DATA_FIFO/BLK_MEM.I_SYNC_FIFOGEN_FIFO/xpm_fifo_instance.xpm_fifo_sync_inst/xpm_fifo_base_inst/gen_sdpram.xpm_memory_base_inst/gen_wr_a.gen_word_narrow.mem_reg
  -------------------------------------------------------------------
                         required time                         -1.305    
                         arrival time                           1.364    
  -------------------------------------------------------------------
                         slack                                  0.059    

Slack (MET) :             0.060ns  (arrival time - required time)
  Source:                 zedboard_pnyq_ssr_i/top_ssr_0/inst/u_top_system/u_top_nn/u_dense_layer_1/output_vector_reg[23][0]/C
                            (rising edge-triggered cell FDRE clocked by clk_fpga_0  {rise@0.000ns fall@25.000ns period=50.000ns})
  Destination:            zedboard_pnyq_ssr_i/top_ssr_0/inst/u_top_system/u_top_nn/u_dense_layer_1/output_vector_reg[23][12]/D
                            (rising edge-triggered cell FDRE clocked by clk_fpga_0  {rise@0.000ns fall@25.000ns period=50.000ns})
  Path Group:             clk_fpga_0
  Path Type:              Hold (Min at Fast Process Corner)
  Requirement:            0.000ns  (clk_fpga_0 rise@0.000ns - clk_fpga_0 rise@0.000ns)
  Data Path Delay:        0.546ns  (logic 0.466ns (85.365%)  route 0.080ns (14.635%))
  Logic Levels:           4  (CARRY4=4)
  Clock Path Skew:        0.352ns (DCD - SCD - CPR)
    Destination Clock Delay (DCD):    1.332ns
    Source Clock Delay      (SCD):    0.945ns
    Clock Pessimism Removal (CPR):    0.035ns

    Location             Delay type                Incr(ns)  Path(ns)    Netlist Resource(s)
  -------------------------------------------------------------------    -------------------
                         (clock clk_fpga_0 rise edge)
                                                      0.000     0.000 r  
    PS7_X0Y0             PS7                          0.000     0.000 r  zedboard_pnyq_ssr_i/processing_system7_0/inst/PS7_i/FCLKCLK[0]
                         net (fo=1, routed)           0.310     0.310    zedboard_pnyq_ssr_i/processing_system7_0/inst/FCLK_CLK_unbuffered[0]
    BUFGCTRL_X0Y16       BUFG (Prop_bufg_I_O)         0.026     0.336 r  zedboard_pnyq_ssr_i/processing_system7_0/inst/buffer_fclk_clk_0.FCLK_CLK_0_BUFG/O
                         net (fo=21462, routed)       0.609     0.945    zedboard_pnyq_ssr_i/top_ssr_0/inst/u_top_system/u_top_nn/u_dense_layer_1/s00_axi_aclk
    SLICE_X104Y97        FDRE                                         r  zedboard_pnyq_ssr_i/top_ssr_0/inst/u_top_system/u_top_nn/u_dense_layer_1/output_vector_reg[23][0]/C
  -------------------------------------------------------------------    -------------------
    SLICE_X104Y97        FDRE (Prop_fdre_C_Q)         0.164     1.109 r  zedboard_pnyq_ssr_i/top_ssr_0/inst/u_top_system/u_top_nn/u_dense_layer_1/output_vector_reg[23][0]/Q
                         net (fo=4, routed)           0.079     1.188    zedboard_pnyq_ssr_i/top_ssr_0/inst/u_top_system/u_top_nn/u_dense_layer_1/dslayer1_output[23]_290[0]
    SLICE_X104Y97        CARRY4 (Prop_carry4_DI[0]_CO[3])
                                                      0.169     1.357 r  zedboard_pnyq_ssr_i/top_ssr_0/inst/u_top_system/u_top_nn/u_dense_layer_1/output_vector_reg[23][3]_i_1/CO[3]
                         net (fo=1, routed)           0.000     1.357    zedboard_pnyq_ssr_i/top_ssr_0/inst/u_top_system/u_top_nn/u_dense_layer_1/output_vector_reg[23][3]_i_1_n_0
    SLICE_X104Y98        CARRY4 (Prop_carry4_CI_CO[3])
                                                      0.040     1.397 r  zedboard_pnyq_ssr_i/top_ssr_0/inst/u_top_system/u_top_nn/u_dense_layer_1/output_vector_reg[23][7]_i_1/CO[3]
                         net (fo=1, routed)           0.000     1.397    zedboard_pnyq_ssr_i/top_ssr_0/inst/u_top_system/u_top_nn/u_dense_layer_1/output_vector_reg[23][7]_i_1_n_0
    SLICE_X104Y99        CARRY4 (Prop_carry4_CI_CO[3])
                                                      0.040     1.437 r  zedboard_pnyq_ssr_i/top_ssr_0/inst/u_top_system/u_top_nn/u_dense_layer_1/output_vector_reg[23][11]_i_1/CO[3]
                         net (fo=1, routed)           0.001     1.437    zedboard_pnyq_ssr_i/top_ssr_0/inst/u_top_system/u_top_nn/u_dense_layer_1/output_vector_reg[23][11]_i_1_n_0
    SLICE_X104Y100       CARRY4 (Prop_carry4_CI_O[0])
                                                      0.053     1.490 r  zedboard_pnyq_ssr_i/top_ssr_0/inst/u_top_system/u_top_nn/u_dense_layer_1/output_vector_reg[23][15]_i_1/O[0]
                         net (fo=1, routed)           0.000     1.490    zedboard_pnyq_ssr_i/top_ssr_0/inst/u_top_system/u_top_nn/u_dense_layer_1/output_vector_reg[23][15]_i_1_n_7
    SLICE_X104Y100       FDRE                                         r  zedboard_pnyq_ssr_i/top_ssr_0/inst/u_top_system/u_top_nn/u_dense_layer_1/output_vector_reg[23][12]/D
  -------------------------------------------------------------------    -------------------

                         (clock clk_fpga_0 rise edge)
                                                      0.000     0.000 r  
    PS7_X0Y0             PS7                          0.000     0.000 r  zedboard_pnyq_ssr_i/processing_system7_0/inst/PS7_i/FCLKCLK[0]
                         net (fo=1, routed)           0.337     0.337    zedboard_pnyq_ssr_i/processing_system7_0/inst/FCLK_CLK_unbuffered[0]
    BUFGCTRL_X0Y16       BUFG (Prop_bufg_I_O)         0.029     0.366 r  zedboard_pnyq_ssr_i/processing_system7_0/inst/buffer_fclk_clk_0.FCLK_CLK_0_BUFG/O
                         net (fo=21462, routed)       0.966     1.332    zedboard_pnyq_ssr_i/top_ssr_0/inst/u_top_system/u_top_nn/u_dense_layer_1/s00_axi_aclk
    SLICE_X104Y100       FDRE                                         r  zedboard_pnyq_ssr_i/top_ssr_0/inst/u_top_system/u_top_nn/u_dense_layer_1/output_vector_reg[23][12]/C
                         clock pessimism             -0.035     1.297    
    SLICE_X104Y100       FDRE (Hold_fdre_C_D)         0.134     1.431    zedboard_pnyq_ssr_i/top_ssr_0/inst/u_top_system/u_top_nn/u_dense_layer_1/output_vector_reg[23][12]
  -------------------------------------------------------------------
                         required time                         -1.431    
                         arrival time                           1.490    
  -------------------------------------------------------------------
                         slack                                  0.060    





Pulse Width Checks
--------------------------------------------------------------------------------------
Clock Name:         clk_fpga_0
Waveform(ns):       { 0.000 25.000 }
Period(ns):         50.000
Sources:            { zedboard_pnyq_ssr_i/processing_system7_0/inst/PS7_i/FCLKCLK[0] }

Check Type        Corner  Lib Pin             Reference Pin  Required(ns)  Actual(ns)  Slack(ns)  Location        Pin
Min Period        n/a     DSP48E1/CLK         n/a            3.884         50.000      46.116     DSP48_X1Y4      zedboard_pnyq_ssr_i/top_ssr_0/inst/u_top_system/u_dsp_chain/u_window/product/CLK
Min Period        n/a     RAMB36E1/CLKARDCLK  n/a            2.576         50.000      47.424     RAMB36_X0Y8     zedboard_pnyq_ssr_i/axi_dma_0/U0/I_PRMRY_DATAMOVER/GEN_MM2S_FULL.I_MM2S_FULL_WRAPPER/GEN_INCLUDE_MM2S_SF.I_RD_SF/I_DATA_FIFO/BLK_MEM.I_SYNC_FIFOGEN_FIFO/xpm_fifo_instance.xpm_fifo_sync_inst/xpm_fifo_base_inst/gen_sdpram.xpm_memory_base_inst/gen_wr_a.gen_word_narrow.mem_reg/CLKARDCLK
Min Period        n/a     RAMB36E1/CLKBWRCLK  n/a            2.576         50.000      47.424     RAMB36_X0Y8     zedboard_pnyq_ssr_i/axi_dma_0/U0/I_PRMRY_DATAMOVER/GEN_MM2S_FULL.I_MM2S_FULL_WRAPPER/GEN_INCLUDE_MM2S_SF.I_RD_SF/I_DATA_FIFO/BLK_MEM.I_SYNC_FIFOGEN_FIFO/xpm_fifo_instance.xpm_fifo_sync_inst/xpm_fifo_base_inst/gen_sdpram.xpm_memory_base_inst/gen_wr_a.gen_word_narrow.mem_reg/CLKBWRCLK
Min Period        n/a     RAMB18E1/CLKARDCLK  n/a            2.576         50.000      47.424     RAMB18_X1Y4     zedboard_pnyq_ssr_i/top_ssr_0/inst/u_top_system/u_dsp_chain/u_window/idx_reg_rep/CLKARDCLK
Min Period        n/a     BUFG/I              n/a            2.155         50.000      47.845     BUFGCTRL_X0Y16  zedboard_pnyq_ssr_i/processing_system7_0/inst/buffer_fclk_clk_0.FCLK_CLK_0_BUFG/I
Min Period        n/a     DSP48E1/CLK         n/a            2.154         50.000      47.846     DSP48_X4Y33     zedboard_pnyq_ssr_i/top_ssr_0/inst/u_top_system/u_dsp_chain/u_agg/n_sumsq_reg__3/CLK
Min Period        n/a     DSP48E1/CLK         n/a            2.154         50.000      47.846     DSP48_X3Y15     zedboard_pnyq_ssr_i/top_ssr_0/inst/u_top_system/u_dsp_chain/u_power/im_sq__2/CLK
Min Period        n/a     DSP48E1/CLK         n/a            2.154         50.000      47.846     DSP48_X4Y52     zedboard_pnyq_ssr_i/top_ssr_0/inst/u_top_system/u_top_nn/u_dense_layer_1/p_0_out__32/CLK
Min Period        n/a     DSP48E1/CLK         n/a            2.154         50.000      47.846     DSP48_X4Y49     zedboard_pnyq_ssr_i/top_ssr_0/inst/u_top_system/u_top_nn/u_dense_layer_1/p_0_out__39/CLK
Min Period        n/a     DSP48E1/CLK         n/a            2.154         50.000      47.846     DSP48_X4Y35     zedboard_pnyq_ssr_i/top_ssr_0/inst/u_top_system/u_top_nn/u_dense_layer_1/p_1_out__1/CLK
Low Pulse Width   Fast    RAMD32/CLK          n/a            1.250         25.000      23.750     SLICE_X20Y46    zedboard_pnyq_ssr_i/axi_smc/inst/s00_nodes/s00_r_node/inst/inst_mi_handler/gen_normal_area.inst_fifo_node_payld/gen_xpm_memory_fifo.inst_fifo/gen_mem_rep[0].inst_xpm_memory/xpm_memory_base_inst/gen_wr_a.gen_word_narrow.mem_reg_0_31_18_23/RAMA/CLK
Low Pulse Width   Fast    RAMD32/CLK          n/a            1.250         25.000      23.750     SLICE_X20Y46    zedboard_pnyq_ssr_i/axi_smc/inst/s00_nodes/s00_r_node/inst/inst_mi_handler/gen_normal_area.inst_fifo_node_payld/gen_xpm_memory_fifo.inst_fifo/gen_mem_rep[0].inst_xpm_memory/xpm_memory_base_inst/gen_wr_a.gen_word_narrow.mem_reg_0_31_18_23/RAMA_D1/CLK
Low Pulse Width   Fast    RAMD32/CLK          n/a            1.250         25.000      23.750     SLICE_X20Y46    zedboard_pnyq_ssr_i/axi_smc/inst/s00_nodes/s00_r_node/inst/inst_mi_handler/gen_normal_area.inst_fifo_node_payld/gen_xpm_memory_fifo.inst_fifo/gen_mem_rep[0].inst_xpm_memory/xpm_memory_base_inst/gen_wr_a.gen_word_narrow.mem_reg_0_31_18_23/RAMB/CLK
Low Pulse Width   Fast    RAMD32/CLK          n/a            1.250         25.000      23.750     SLICE_X20Y46    zedboard_pnyq_ssr_i/axi_smc/inst/s00_nodes/s00_r_node/inst/inst_mi_handler/gen_normal_area.inst_fifo_node_payld/gen_xpm_memory_fifo.inst_fifo/gen_mem_rep[0].inst_xpm_memory/xpm_memory_base_inst/gen_wr_a.gen_word_narrow.mem_reg_0_31_18_23/RAMB_D1/CLK
Low Pulse Width   Fast    RAMD32/CLK          n/a            1.250         25.000      23.750     SLICE_X20Y46    zedboard_pnyq_ssr_i/axi_smc/inst/s00_nodes/s00_r_node/inst/inst_mi_handler/gen_normal_area.inst_fifo_node_payld/gen_xpm_memory_fifo.inst_fifo/gen_mem_rep[0].inst_xpm_memory/xpm_memory_base_inst/gen_wr_a.gen_word_narrow.mem_reg_0_31_18_23/RAMC/CLK
Low Pulse Width   Fast    RAMD32/CLK          n/a            1.250         25.000      23.750     SLICE_X20Y46    zedboard_pnyq_ssr_i/axi_smc/inst/s00_nodes/s00_r_node/inst/inst_mi_handler/gen_normal_area.inst_fifo_node_payld/gen_xpm_memory_fifo.inst_fifo/gen_mem_rep[0].inst_xpm_memory/xpm_memory_base_inst/gen_wr_a.gen_word_narrow.mem_reg_0_31_18_23/RAMC_D1/CLK
Low Pulse Width   Fast    RAMS32/CLK          n/a            1.250         25.000      23.750     SLICE_X20Y46    zedboard_pnyq_ssr_i/axi_smc/inst/s00_nodes/s00_r_node/inst/inst_mi_handler/gen_normal_area.inst_fifo_node_payld/gen_xpm_memory_fifo.inst_fifo/gen_mem_rep[0].inst_xpm_memory/xpm_memory_base_inst/gen_wr_a.gen_word_narrow.mem_reg_0_31_18_23/RAMD/CLK
Low Pulse Width   Fast    RAMS32/CLK          n/a            1.250         25.000      23.750     SLICE_X20Y46    zedboard_pnyq_ssr_i/axi_smc/inst/s00_nodes/s00_r_node/inst/inst_mi_handler/gen_normal_area.inst_fifo_node_payld/gen_xpm_memory_fifo.inst_fifo/gen_mem_rep[0].inst_xpm_memory/xpm_memory_base_inst/gen_wr_a.gen_word_narrow.mem_reg_0_31_18_23/RAMD_D1/CLK
Low Pulse Width   Fast    RAMD32/CLK          n/a            1.250         25.000      23.750     SLICE_X20Y45    zedboard_pnyq_ssr_i/axi_smc/inst/s00_nodes/s00_r_node/inst/inst_mi_handler/gen_normal_area.inst_fifo_node_payld/gen_xpm_memory_fifo.inst_fifo/gen_mem_rep[0].inst_xpm_memory/xpm_memory_base_inst/gen_wr_a.gen_word_narrow.mem_reg_0_31_24_29/RAMA/CLK
Low Pulse Width   Fast    RAMD32/CLK          n/a            1.250         25.000      23.750     SLICE_X20Y45    zedboard_pnyq_ssr_i/axi_smc/inst/s00_nodes/s00_r_node/inst/inst_mi_handler/gen_normal_area.inst_fifo_node_payld/gen_xpm_memory_fifo.inst_fifo/gen_mem_rep[0].inst_xpm_memory/xpm_memory_base_inst/gen_wr_a.gen_word_narrow.mem_reg_0_31_24_29/RAMA_D1/CLK
High Pulse Width  Slow    RAMD32/CLK          n/a            1.250         25.000      23.750     SLICE_X32Y54    zedboard_pnyq_ssr_i/axi_smc/inst/s00_nodes/s00_ar_node/inst/inst_mi_handler/gen_normal_area.inst_fifo_node_payld/gen_xpm_memory_fifo.inst_fifo/gen_mem_rep[0].inst_xpm_memory/xpm_memory_base_inst/gen_wr_a.gen_word_narrow.mem_reg_0_31_132_137/RAMA/CLK
High Pulse Width  Slow    RAMD32/CLK          n/a            1.250         25.000      23.750     SLICE_X32Y54    zedboard_pnyq_ssr_i/axi_smc/inst/s00_nodes/s00_ar_node/inst/inst_mi_handler/gen_normal_area.inst_fifo_node_payld/gen_xpm_memory_fifo.inst_fifo/gen_mem_rep[0].inst_xpm_memory/xpm_memory_base_inst/gen_wr_a.gen_word_narrow.mem_reg_0_31_132_137/RAMA_D1/CLK
High Pulse Width  Slow    RAMD32/CLK          n/a            1.250         25.000      23.750     SLICE_X32Y54    zedboard_pnyq_ssr_i/axi_smc/inst/s00_nodes/s00_ar_node/inst/inst_mi_handler/gen_normal_area.inst_fifo_node_payld/gen_xpm_memory_fifo.inst_fifo/gen_mem_rep[0].inst_xpm_memory/xpm_memory_base_inst/gen_wr_a.gen_word_narrow.mem_reg_0_31_132_137/RAMB/CLK
High Pulse Width  Slow    RAMD32/CLK          n/a            1.250         25.000      23.750     SLICE_X32Y54    zedboard_pnyq_ssr_i/axi_smc/inst/s00_nodes/s00_ar_node/inst/inst_mi_handler/gen_normal_area.inst_fifo_node_payld/gen_xpm_memory_fifo.inst_fifo/gen_mem_rep[0].inst_xpm_memory/xpm_memory_base_inst/gen_wr_a.gen_word_narrow.mem_reg_0_31_132_137/RAMB_D1/CLK
High Pulse Width  Slow    RAMD32/CLK          n/a            1.250         25.000      23.750     SLICE_X32Y54    zedboard_pnyq_ssr_i/axi_smc/inst/s00_nodes/s00_ar_node/inst/inst_mi_handler/gen_normal_area.inst_fifo_node_payld/gen_xpm_memory_fifo.inst_fifo/gen_mem_rep[0].inst_xpm_memory/xpm_memory_base_inst/gen_wr_a.gen_word_narrow.mem_reg_0_31_132_137/RAMC/CLK
High Pulse Width  Slow    RAMD32/CLK          n/a            1.250         25.000      23.750     SLICE_X32Y54    zedboard_pnyq_ssr_i/axi_smc/inst/s00_nodes/s00_ar_node/inst/inst_mi_handler/gen_normal_area.inst_fifo_node_payld/gen_xpm_memory_fifo.inst_fifo/gen_mem_rep[0].inst_xpm_memory/xpm_memory_base_inst/gen_wr_a.gen_word_narrow.mem_reg_0_31_132_137/RAMC_D1/CLK
High Pulse Width  Slow    RAMS32/CLK          n/a            1.250         25.000      23.750     SLICE_X32Y54    zedboard_pnyq_ssr_i/axi_smc/inst/s00_nodes/s00_ar_node/inst/inst_mi_handler/gen_normal_area.inst_fifo_node_payld/gen_xpm_memory_fifo.inst_fifo/gen_mem_rep[0].inst_xpm_memory/xpm_memory_base_inst/gen_wr_a.gen_word_narrow.mem_reg_0_31_132_137/RAMD/CLK
High Pulse Width  Slow    RAMS32/CLK          n/a            1.250         25.000      23.750     SLICE_X32Y54    zedboard_pnyq_ssr_i/axi_smc/inst/s00_nodes/s00_ar_node/inst/inst_mi_handler/gen_normal_area.inst_fifo_node_payld/gen_xpm_memory_fifo.inst_fifo/gen_mem_rep[0].inst_xpm_memory/xpm_memory_base_inst/gen_wr_a.gen_word_narrow.mem_reg_0_31_132_137/RAMD_D1/CLK
High Pulse Width  Slow    RAMD32/CLK          n/a            1.250         25.000      23.750     SLICE_X36Y54    zedboard_pnyq_ssr_i/axi_smc/inst/s00_nodes/s00_ar_node/inst/inst_mi_handler/gen_normal_area.inst_fifo_node_payld/gen_xpm_memory_fifo.inst_fifo/gen_mem_rep[0].inst_xpm_memory/xpm_memory_base_inst/gen_wr_a.gen_word_narrow.mem_reg_0_31_78_83/RAMA/CLK
High Pulse Width  Slow    RAMD32/CLK          n/a            1.250         25.000      23.750     SLICE_X36Y54    zedboard_pnyq_ssr_i/axi_smc/inst/s00_nodes/s00_ar_node/inst/inst_mi_handler/gen_normal_area.inst_fifo_node_payld/gen_xpm_memory_fifo.inst_fifo/gen_mem_rep[0].inst_xpm_memory/xpm_memory_base_inst/gen_wr_a.gen_word_narrow.mem_reg_0_31_78_83/RAMA_D1/CLK



