Copyright 1986-2022 Xilinx, Inc. All Rights Reserved. Copyright 2022-2023 Advanced Micro Devices, Inc. All Rights Reserved.
---------------------------------------------------------------------------------------------------------------------------------------------------------------------------------------------------------------------------------------------------------
| Tool Version : Vivado v.2023.2 (win64) Build 4029153 Fri Oct 13 20:14:34 MDT 2023
| Date         : Tue Jun 16 09:06:55 2026
| Host         : DESKTOP-UQJIKI5 running 64-bit major release  (build 9200)
| Command      : report_timing_summary -max_paths 10 -report_unconstrained -file design_final_wrapper_timing_summary_routed.rpt -pb design_final_wrapper_timing_summary_routed.pb -rpx design_final_wrapper_timing_summary_routed.rpx -warn_on_violation
| Design       : design_final_wrapper
| Device       : 7z020-clg484
| Speed File   : -1  PRODUCTION 1.12 2019-11-22
| Design State : Routed
---------------------------------------------------------------------------------------------------------------------------------------------------------------------------------------------------------------------------------------------------------

Timing Summary Report

------------------------------------------------------------------------------------------------
| Timer Settings
| --------------
------------------------------------------------------------------------------------------------

  Enable Multi Corner Analysis               :  Yes
  Enable Pessimism Removal                   :  Yes
  Pessimism Removal Resolution               :  Nearest Common Node
  Enable Input Delay Default Clock           :  No
  Enable Preset / Clear Arcs                 :  No
  Disable Flight Delays                      :  No
  Ignore I/O Paths                           :  No
  Timing Early Launch at Borrowing Latches   :  No
  Borrow Time for Max Delay Exceptions       :  Yes
  Merge Timing Exceptions                    :  Yes
  Inter-SLR Compensation                     :  Conservative

  Corner  Analyze    Analyze    
  Name    Max Paths  Min Paths  
  ------  ---------  ---------  
  Slow    Yes        Yes        
  Fast    Yes        Yes        


------------------------------------------------------------------------------------------------
| Report Methodology
| ------------------
------------------------------------------------------------------------------------------------

Rule       Severity  Description                    Violations  
---------  --------  -----------------------------  ----------  
TIMING-18  Warning   Missing input or output delay  6           

Note: This report is based on the most recent report_methodology run and may not be up-to-date. Run report_methodology on the current design for the latest report.



check_timing report

Table of Contents
-----------------
1. checking no_clock (0)
2. checking constant_clock (0)
3. checking pulse_width_clock (0)
4. checking unconstrained_internal_endpoints (0)
5. checking no_input_delay (5)
6. checking no_output_delay (1)
7. checking multiple_clock (0)
8. checking generated_clocks (0)
9. checking loops (0)
10. checking partial_input_delay (0)
11. checking partial_output_delay (0)
12. checking latch_loops (0)

1. checking no_clock (0)
------------------------
 There are 0 register/latch pins with no clock.


2. checking constant_clock (0)
------------------------------
 There are 0 register/latch pins with constant_clock.


3. checking pulse_width_clock (0)
---------------------------------
 There are 0 register/latch pins which need pulse_width check


4. checking unconstrained_internal_endpoints (0)
------------------------------------------------
 There are 0 pins that are not constrained for maximum delay.

 There are 0 pins that are not constrained for maximum delay due to constant clock.


5. checking no_input_delay (5)
------------------------------
 There are 5 input ports with no input delay specified. (HIGH)

 There are 0 input ports with no input delay but user has a false path constraint.


6. checking no_output_delay (1)
-------------------------------
 There is 1 port with no output delay specified. (HIGH)

 There are 0 ports with no output delay but user has a false path constraint

 There are 0 ports with no output delay but with a timing clock defined on it or propagating through it


7. checking multiple_clock (0)
------------------------------
 There are 0 register/latch pins with multiple clocks.


8. checking generated_clocks (0)
--------------------------------
 There are 0 generated clocks that are not connected to a clock source.


9. checking loops (0)
---------------------
 There are 0 combinational loops in the design.


10. checking partial_input_delay (0)
------------------------------------
 There are 0 input ports with partial input delay specified.


11. checking partial_output_delay (0)
-------------------------------------
 There are 0 ports with partial output delay specified.


12. checking latch_loops (0)
----------------------------
 There are 0 combinational latch loops in the design through latch input



------------------------------------------------------------------------------------------------
| Design Timing Summary
| ---------------------
------------------------------------------------------------------------------------------------

    WNS(ns)      TNS(ns)  TNS Failing Endpoints  TNS Total Endpoints      WHS(ns)      THS(ns)  THS Failing Endpoints  THS Total Endpoints     WPWS(ns)     TPWS(ns)  TPWS Failing Endpoints  TPWS Total Endpoints  
    -------      -------  ---------------------  -------------------      -------      -------  ---------------------  -------------------     --------     --------  ----------------------  --------------------  
     21.114        0.000                      0                59774        0.048        0.000                      0                59774       24.020        0.000                       0                 19625  


All user specified timing constraints are met.


------------------------------------------------------------------------------------------------
| Clock Summary
| -------------
------------------------------------------------------------------------------------------------

Clock       Waveform(ns)       Period(ns)      Frequency(MHz)
-----       ------------       ----------      --------------
clk_fpga_0  {0.000 25.000}     50.000          20.000          


------------------------------------------------------------------------------------------------
| Intra Clock Table
| -----------------
------------------------------------------------------------------------------------------------

Clock             WNS(ns)      TNS(ns)  TNS Failing Endpoints  TNS Total Endpoints      WHS(ns)      THS(ns)  THS Failing Endpoints  THS Total Endpoints     WPWS(ns)     TPWS(ns)  TPWS Failing Endpoints  TPWS Total Endpoints  
-----             -------      -------  ---------------------  -------------------      -------      -------  ---------------------  -------------------     --------     --------  ----------------------  --------------------  
clk_fpga_0         21.114        0.000                      0                59774        0.048        0.000                      0                59774       24.020        0.000                       0                 19625  


------------------------------------------------------------------------------------------------
| Inter Clock Table
| -----------------
------------------------------------------------------------------------------------------------

From Clock    To Clock          WNS(ns)      TNS(ns)  TNS Failing Endpoints  TNS Total Endpoints      WHS(ns)      THS(ns)  THS Failing Endpoints  THS Total Endpoints  
----------    --------          -------      -------  ---------------------  -------------------      -------      -------  ---------------------  -------------------  


------------------------------------------------------------------------------------------------
| Other Path Groups Table
| -----------------------
------------------------------------------------------------------------------------------------

Path Group    From Clock    To Clock          WNS(ns)      TNS(ns)  TNS Failing Endpoints  TNS Total Endpoints      WHS(ns)      THS(ns)  THS Failing Endpoints  THS Total Endpoints  
----------    ----------    --------          -------      -------  ---------------------  -------------------      -------      -------  ---------------------  -------------------  


------------------------------------------------------------------------------------------------
| User Ignored Path Table
| -----------------------
------------------------------------------------------------------------------------------------

Path Group    From Clock    To Clock    
----------    ----------    --------    
(none)                      clk_fpga_0    


------------------------------------------------------------------------------------------------
| Unconstrained Path Table
| ------------------------
------------------------------------------------------------------------------------------------

Path Group    From Clock    To Clock    
----------    ----------    --------    
(none)        clk_fpga_0                  


------------------------------------------------------------------------------------------------
| Timing Details
| --------------
------------------------------------------------------------------------------------------------


---------------------------------------------------------------------------------------------------
From Clock:  clk_fpga_0
  To Clock:  clk_fpga_0

Setup :            0  Failing Endpoints,  Worst Slack       21.114ns,  Total Violation        0.000ns
Hold  :            0  Failing Endpoints,  Worst Slack        0.048ns,  Total Violation        0.000ns
PW    :            0  Failing Endpoints,  Worst Slack       24.020ns,  Total Violation        0.000ns
---------------------------------------------------------------------------------------------------


Max Delay Paths
--------------------------------------------------------------------------------------
Slack (MET) :             21.114ns  (required time - arrival time)
  Source:                 design_final_i/top_ssr_0/inst/u_top_system/u_dsp_chain/u_agg/calc_k_reg[1]/C
                            (rising edge-triggered cell FDRE clocked by clk_fpga_0  {rise@0.000ns fall@25.000ns period=50.000ns})
  Destination:            design_final_i/top_ssr_0/inst/u_top_system/u_dsp_chain/u_agg/feat_mem_reg[6][8]/D
                            (rising edge-triggered cell FDRE clocked by clk_fpga_0  {rise@0.000ns fall@25.000ns period=50.000ns})
  Path Group:             clk_fpga_0
  Path Type:              Setup (Max at Slow Process Corner)
  Requirement:            50.000ns  (clk_fpga_0 rise@50.000ns - clk_fpga_0 rise@0.000ns)
  Data Path Delay:        28.094ns  (logic 11.443ns (40.732%)  route 16.651ns (59.268%))
  Logic Levels:           38  (CARRY4=24 LUT1=1 LUT2=1 LUT3=5 LUT4=2 LUT5=2 LUT6=3)
  Clock Path Skew:        0.016ns (DCD - SCD + CPR)
    Destination Clock Delay (DCD):    3.025ns = ( 53.025 - 50.000 ) 
    Source Clock Delay      (SCD):    3.256ns
    Clock Pessimism Removal (CPR):    0.247ns
  Clock Uncertainty:      0.751ns  ((TSJ^2 + TIJ^2)^1/2 + DJ) / 2 + PE
    Total System Jitter     (TSJ):    0.071ns
    Total Input Jitter      (TIJ):    1.500ns
    Discrete Jitter          (DJ):    0.000ns
    Phase Error              (PE):    0.000ns

    Location             Delay type                Incr(ns)  Path(ns)    Netlist Resource(s)
  -------------------------------------------------------------------    -------------------
                         (clock clk_fpga_0 rise edge)
                                                      0.000     0.000 r  
    PS7_X0Y0             PS7                          0.000     0.000 r  design_final_i/processing_system7_0/inst/PS7_i/FCLKCLK[0]
                         net (fo=1, routed)           1.193     1.193    design_final_i/processing_system7_0/inst/FCLK_CLK_unbuffered[0]
    BUFGCTRL_X0Y16       BUFG (Prop_bufg_I_O)         0.101     1.294 r  design_final_i/processing_system7_0/inst/buffer_fclk_clk_0.FCLK_CLK_0_BUFG/O
                         net (fo=19638, routed)       1.962     3.256    design_final_i/top_ssr_0/inst/u_top_system/u_dsp_chain/u_agg/s00_axi_aclk
    SLICE_X95Y121        FDRE                                         r  design_final_i/top_ssr_0/inst/u_top_system/u_dsp_chain/u_agg/calc_k_reg[1]/C
  -------------------------------------------------------------------    -------------------
    SLICE_X95Y121        FDRE (Prop_fdre_C_Q)         0.419     3.675 r  design_final_i/top_ssr_0/inst/u_top_system/u_dsp_chain/u_agg/calc_k_reg[1]/Q
                         net (fo=118, routed)         1.858     5.533    design_final_i/top_ssr_0/inst/u_top_system/u_dsp_chain/u_agg/calc_k[1]
    SLICE_X87Y105        LUT6 (Prop_lut6_I2_O)        0.299     5.832 f  design_final_i/top_ssr_0/inst/u_top_system/u_dsp_chain/u_agg/suma_sq0_i_86/O
                         net (fo=1, routed)           0.796     6.628    design_final_i/top_ssr_0/inst/u_top_system/u_dsp_chain/u_agg/suma_sq0_i_86_n_0
    SLICE_X87Y106        LUT6 (Prop_lut6_I1_O)        0.124     6.752 f  design_final_i/top_ssr_0/inst/u_top_system/u_dsp_chain/u_agg/suma_sq0_i_27/O
                         net (fo=7, routed)           0.799     7.551    design_final_i/top_ssr_0/inst/u_top_system/u_dsp_chain/u_agg/suma_sq0_i_27_n_0
    SLICE_X83Y111        LUT1 (Prop_lut1_I0_O)        0.124     7.675 r  design_final_i/top_ssr_0/inst/u_top_system/u_dsp_chain/u_agg/feat_mem[12][3]_i_137/O
                         net (fo=1, routed)           0.000     7.675    design_final_i/top_ssr_0/inst/u_top_system/u_dsp_chain/u_agg/feat_mem[12][3]_i_137_n_0
    SLICE_X83Y111        CARRY4 (Prop_carry4_S[0]_CO[3])
                                                      0.532     8.207 r  design_final_i/top_ssr_0/inst/u_top_system/u_dsp_chain/u_agg/feat_mem_reg[12][3]_i_104/CO[3]
                         net (fo=1, routed)           0.000     8.207    design_final_i/top_ssr_0/inst/u_top_system/u_dsp_chain/u_agg/feat_mem_reg[12][3]_i_104_n_0
    SLICE_X83Y112        CARRY4 (Prop_carry4_CI_CO[3])
                                                      0.114     8.321 r  design_final_i/top_ssr_0/inst/u_top_system/u_dsp_chain/u_agg/feat_mem_reg[12][3]_i_73/CO[3]
                         net (fo=1, routed)           0.000     8.321    design_final_i/top_ssr_0/inst/u_top_system/u_dsp_chain/u_agg/feat_mem_reg[12][3]_i_73_n_0
    SLICE_X83Y113        CARRY4 (Prop_carry4_CI_CO[3])
                                                      0.114     8.435 r  design_final_i/top_ssr_0/inst/u_top_system/u_dsp_chain/u_agg/feat_mem_reg[12][3]_i_49/CO[3]
                         net (fo=1, routed)           0.000     8.435    design_final_i/top_ssr_0/inst/u_top_system/u_dsp_chain/u_agg/feat_mem_reg[12][3]_i_49_n_0
    SLICE_X83Y114        CARRY4 (Prop_carry4_CI_CO[3])
                                                      0.114     8.549 r  design_final_i/top_ssr_0/inst/u_top_system/u_dsp_chain/u_agg/feat_mem_reg[12][7]_i_15/CO[3]
                         net (fo=1, routed)           0.000     8.549    design_final_i/top_ssr_0/inst/u_top_system/u_dsp_chain/u_agg/feat_mem_reg[12][7]_i_15_n_0
    SLICE_X83Y115        CARRY4 (Prop_carry4_CI_CO[3])
                                                      0.114     8.663 r  design_final_i/top_ssr_0/inst/u_top_system/u_dsp_chain/u_agg/feat_mem_reg[12][15]_i_35/CO[3]
                         net (fo=1, routed)           0.000     8.663    design_final_i/top_ssr_0/inst/u_top_system/u_dsp_chain/u_agg/feat_mem_reg[12][15]_i_35_n_0
    SLICE_X83Y116        CARRY4 (Prop_carry4_CI_CO[3])
                                                      0.114     8.777 r  design_final_i/top_ssr_0/inst/u_top_system/u_dsp_chain/u_agg/feat_mem_reg[12][15]_i_16/CO[3]
                         net (fo=1, routed)           0.000     8.777    design_final_i/top_ssr_0/inst/u_top_system/u_dsp_chain/u_agg/feat_mem_reg[12][15]_i_16_n_0
    SLICE_X83Y117        CARRY4 (Prop_carry4_CI_O[0])
                                                      0.222     8.999 r  design_final_i/top_ssr_0/inst/u_top_system/u_dsp_chain/u_agg/feat_mem_reg[12][15]_i_11/O[0]
                         net (fo=3, routed)           1.435    10.434    design_final_i/top_ssr_0/inst/u_top_system/u_dsp_chain/u_agg/feat_mem_reg[12][15]_i_11_n_7
    SLICE_X86Y121        LUT3 (Prop_lut3_I2_O)        0.321    10.755 r  design_final_i/top_ssr_0/inst/u_top_system/u_dsp_chain/u_agg/feat_mem[12][11]_i_14/O
                         net (fo=16, routed)          1.199    11.954    design_final_i/top_ssr_0/inst/u_top_system/u_dsp_chain/u_agg/feat_mem[12][11]_i_14_n_0
    SLICE_X85Y118        LUT3 (Prop_lut3_I2_O)        0.356    12.310 r  design_final_i/top_ssr_0/inst/u_top_system/u_dsp_chain/u_agg/feat_mem[12][3]_i_127/O
                         net (fo=1, routed)           0.572    12.882    design_final_i/top_ssr_0/inst/u_top_system/u_dsp_chain/u_agg/feat_mem[12][3]_i_127_n_0
    SLICE_X84Y118        CARRY4 (Prop_carry4_DI[1]_CO[3])
                                                      0.709    13.591 r  design_final_i/top_ssr_0/inst/u_top_system/u_dsp_chain/u_agg/feat_mem_reg[12][3]_i_87/CO[3]
                         net (fo=1, routed)           0.000    13.591    design_final_i/top_ssr_0/inst/u_top_system/u_dsp_chain/u_agg/feat_mem_reg[12][3]_i_87_n_0
    SLICE_X84Y119        CARRY4 (Prop_carry4_CI_CO[3])
                                                      0.114    13.705 r  design_final_i/top_ssr_0/inst/u_top_system/u_dsp_chain/u_agg/feat_mem_reg[12][3]_i_60/CO[3]
                         net (fo=1, routed)           0.000    13.705    design_final_i/top_ssr_0/inst/u_top_system/u_dsp_chain/u_agg/feat_mem_reg[12][3]_i_60_n_0
    SLICE_X84Y120        CARRY4 (Prop_carry4_CI_CO[3])
                                                      0.114    13.819 r  design_final_i/top_ssr_0/inst/u_top_system/u_dsp_chain/u_agg/feat_mem_reg[12][3]_i_38/CO[3]
                         net (fo=1, routed)           0.000    13.819    design_final_i/top_ssr_0/inst/u_top_system/u_dsp_chain/u_agg/feat_mem_reg[12][3]_i_38_n_0
    SLICE_X84Y121        CARRY4 (Prop_carry4_CI_O[1])
                                                      0.334    14.153 r  design_final_i/top_ssr_0/inst/u_top_system/u_dsp_chain/u_agg/feat_mem_reg[12][3]_i_22/O[1]
                         net (fo=3, routed)           0.618    14.771    design_final_i/top_ssr_0/inst/u_top_system/u_dsp_chain/u_agg/feat_mem_reg[12][3]_i_22_n_6
    SLICE_X86Y121        LUT3 (Prop_lut3_I2_O)        0.303    15.074 r  design_final_i/top_ssr_0/inst/u_top_system/u_dsp_chain/u_agg/feat_mem[12][3]_i_27/O
                         net (fo=2, routed)           0.830    15.904    design_final_i/top_ssr_0/inst/u_top_system/u_dsp_chain/u_agg/feat_mem[12][3]_i_27_n_0
    SLICE_X86Y120        LUT5 (Prop_lut5_I4_O)        0.152    16.056 r  design_final_i/top_ssr_0/inst/u_top_system/u_dsp_chain/u_agg/feat_mem[12][3]_i_7/O
                         net (fo=2, routed)           0.697    16.753    design_final_i/top_ssr_0/inst/u_top_system/u_dsp_chain/u_agg/feat_mem[12][3]_i_7_n_0
    SLICE_X87Y121        LUT6 (Prop_lut6_I0_O)        0.348    17.101 r  design_final_i/top_ssr_0/inst/u_top_system/u_dsp_chain/u_agg/feat_mem[12][3]_i_11/O
                         net (fo=1, routed)           0.000    17.101    design_final_i/top_ssr_0/inst/u_top_system/u_dsp_chain/u_agg/feat_mem[12][3]_i_11_n_0
    SLICE_X87Y121        CARRY4 (Prop_carry4_S[0]_CO[3])
                                                      0.532    17.633 r  design_final_i/top_ssr_0/inst/u_top_system/u_dsp_chain/u_agg/feat_mem_reg[12][3]_i_2/CO[3]
                         net (fo=1, routed)           0.000    17.633    design_final_i/top_ssr_0/inst/u_top_system/u_dsp_chain/u_agg/feat_mem_reg[12][3]_i_2_n_0
    SLICE_X87Y122        CARRY4 (Prop_carry4_CI_O[0])
                                                      0.222    17.855 r  design_final_i/top_ssr_0/inst/u_top_system/u_dsp_chain/u_agg/feat_mem_reg[12][7]_i_2/O[0]
                         net (fo=10, routed)          0.825    18.680    design_final_i/top_ssr_0/inst/u_top_system/u_dsp_chain/u_agg/feat_mem_reg[12][7]_i_2_n_7
    SLICE_X82Y123        LUT2 (Prop_lut2_I0_O)        0.299    18.979 r  design_final_i/top_ssr_0/inst/u_top_system/u_dsp_chain/u_agg/feat_mem[12][15]_i_123/O
                         net (fo=1, routed)           0.000    18.979    design_final_i/top_ssr_0/inst/u_top_system/u_dsp_chain/u_agg/feat_mem[12][15]_i_123_n_0
    SLICE_X82Y123        CARRY4 (Prop_carry4_S[1]_CO[3])
                                                      0.533    19.512 r  design_final_i/top_ssr_0/inst/u_top_system/u_dsp_chain/u_agg/feat_mem_reg[12][15]_i_97/CO[3]
                         net (fo=1, routed)           0.000    19.512    design_final_i/top_ssr_0/inst/u_top_system/u_dsp_chain/u_agg/feat_mem_reg[12][15]_i_97_n_0
    SLICE_X82Y124        CARRY4 (Prop_carry4_CI_O[1])
                                                      0.323    19.835 r  design_final_i/top_ssr_0/inst/u_top_system/u_dsp_chain/u_agg/feat_mem_reg[12][15]_i_73/O[1]
                         net (fo=2, routed)           0.982    20.817    design_final_i/top_ssr_0/inst/u_top_system/u_dsp_chain/u_agg/feat_mem_reg[12][15]_i_73_n_6
    SLICE_X84Y124        LUT3 (Prop_lut3_I1_O)        0.334    21.151 r  design_final_i/top_ssr_0/inst/u_top_system/u_dsp_chain/u_agg/feat_mem[12][15]_i_65/O
                         net (fo=2, routed)           0.536    21.687    design_final_i/top_ssr_0/inst/u_top_system/u_dsp_chain/u_agg/feat_mem[12][15]_i_65_n_0
    SLICE_X83Y124        CARRY4 (Prop_carry4_DI[3]_CO[3])
                                                      0.587    22.274 r  design_final_i/top_ssr_0/inst/u_top_system/u_dsp_chain/u_agg/feat_mem_reg[12][15]_i_40/CO[3]
                         net (fo=1, routed)           0.009    22.283    design_final_i/top_ssr_0/inst/u_top_system/u_dsp_chain/u_agg/feat_mem_reg[12][15]_i_40_n_0
    SLICE_X83Y125        CARRY4 (Prop_carry4_CI_O[3])
                                                      0.313    22.596 r  design_final_i/top_ssr_0/inst/u_top_system/u_dsp_chain/u_agg/feat_mem_reg[12][15]_i_20/O[3]
                         net (fo=3, routed)           0.817    23.412    design_final_i/top_ssr_0/inst/u_top_system/u_dsp_chain/u_agg/feat_mem_reg[12][15]_i_20_n_4
    SLICE_X81Y126        LUT4 (Prop_lut4_I1_O)        0.306    23.718 r  design_final_i/top_ssr_0/inst/u_top_system/u_dsp_chain/u_agg/feat_mem[12][15]_i_32/O
                         net (fo=1, routed)           0.000    23.718    design_final_i/top_ssr_0/inst/u_top_system/u_dsp_chain/u_agg/feat_mem[12][15]_i_32_n_0
    SLICE_X81Y126        CARRY4 (Prop_carry4_S[2]_CO[3])
                                                      0.398    24.116 r  design_final_i/top_ssr_0/inst/u_top_system/u_dsp_chain/u_agg/feat_mem_reg[12][15]_i_13/CO[3]
                         net (fo=1, routed)           0.000    24.116    design_final_i/top_ssr_0/inst/u_top_system/u_dsp_chain/u_agg/feat_mem_reg[12][15]_i_13_n_0
    SLICE_X81Y127        CARRY4 (Prop_carry4_CI_CO[0])
                                                      0.271    24.387 r  design_final_i/top_ssr_0/inst/u_top_system/u_dsp_chain/u_agg/feat_mem_reg[12][15]_i_10/CO[0]
                         net (fo=1, routed)           0.472    24.859    design_final_i/top_ssr_0/inst/u_top_system/u_dsp_chain/u_agg/feat_mem_reg[12][15]_i_10_n_3
    SLICE_X82Y127        LUT4 (Prop_lut4_I0_O)        0.373    25.232 r  design_final_i/top_ssr_0/inst/u_top_system/u_dsp_chain/u_agg/feat_mem[12][15]_i_4/O
                         net (fo=42, routed)          0.945    26.177    design_final_i/top_ssr_0/inst/u_top_system/u_dsp_chain/u_agg/feat_mem[12][15]_i_4_n_0
    SLICE_X85Y120        LUT3 (Prop_lut3_I1_O)        0.150    26.327 r  design_final_i/top_ssr_0/inst/u_top_system/u_dsp_chain/u_agg/feat_mem[12][2]_i_13/O
                         net (fo=1, routed)           0.701    27.028    design_final_i/top_ssr_0/inst/u_top_system/u_dsp_chain/u_agg/feat_mem[12][2]_i_13_n_0
    SLICE_X91Y121        CARRY4 (Prop_carry4_CYINIT_CO[3])
                                                      0.782    27.810 r  design_final_i/top_ssr_0/inst/u_top_system/u_dsp_chain/u_agg/feat_mem_reg[12][2]_i_8/CO[3]
                         net (fo=1, routed)           0.000    27.810    design_final_i/top_ssr_0/inst/u_top_system/u_dsp_chain/u_agg/feat_mem_reg[12][2]_i_8_n_0
    SLICE_X91Y122        CARRY4 (Prop_carry4_CI_CO[3])
                                                      0.114    27.924 r  design_final_i/top_ssr_0/inst/u_top_system/u_dsp_chain/u_agg/feat_mem_reg[12][2]_i_3/CO[3]
                         net (fo=1, routed)           0.000    27.924    design_final_i/top_ssr_0/inst/u_top_system/u_dsp_chain/u_agg/feat_mem_reg[12][2]_i_3_n_0
    SLICE_X91Y123        CARRY4 (Prop_carry4_CI_CO[3])
                                                      0.114    28.038 r  design_final_i/top_ssr_0/inst/u_top_system/u_dsp_chain/u_agg/feat_mem_reg[12][2]_i_2/CO[3]
                         net (fo=1, routed)           0.000    28.038    design_final_i/top_ssr_0/inst/u_top_system/u_dsp_chain/u_agg/feat_mem_reg[12][2]_i_2_n_0
    SLICE_X91Y124        CARRY4 (Prop_carry4_CI_CO[3])
                                                      0.114    28.152 r  design_final_i/top_ssr_0/inst/u_top_system/u_dsp_chain/u_agg/feat_mem_reg[12][6]_i_2/CO[3]
                         net (fo=1, routed)           0.009    28.161    design_final_i/top_ssr_0/inst/u_top_system/u_dsp_chain/u_agg/feat_mem_reg[12][6]_i_2_n_0
    SLICE_X91Y125        CARRY4 (Prop_carry4_CI_O[1])
                                                      0.334    28.495 r  design_final_i/top_ssr_0/inst/u_top_system/u_dsp_chain/u_agg/feat_mem_reg[12][10]_i_2/O[1]
                         net (fo=1, routed)           0.822    29.317    design_final_i/top_ssr_0/inst/u_top_system/u_dsp_chain/u_agg/feat_mem_reg[12][10]_i_2_n_6
    SLICE_X89Y124        LUT5 (Prop_lut5_I1_O)        0.303    29.620 r  design_final_i/top_ssr_0/inst/u_top_system/u_dsp_chain/u_agg/feat_mem[12][8]_i_1/O
                         net (fo=16, routed)          1.729    31.350    design_final_i/top_ssr_0/inst/u_top_system/u_dsp_chain/u_agg/p_1_in[8]
    SLICE_X113Y127       FDRE                                         r  design_final_i/top_ssr_0/inst/u_top_system/u_dsp_chain/u_agg/feat_mem_reg[6][8]/D
  -------------------------------------------------------------------    -------------------

                         (clock clk_fpga_0 rise edge)
                                                     50.000    50.000 r  
    PS7_X0Y0             PS7                          0.000    50.000 r  design_final_i/processing_system7_0/inst/PS7_i/FCLKCLK[0]
                         net (fo=1, routed)           1.088    51.088    design_final_i/processing_system7_0/inst/FCLK_CLK_unbuffered[0]
    BUFGCTRL_X0Y16       BUFG (Prop_bufg_I_O)         0.091    51.179 r  design_final_i/processing_system7_0/inst/buffer_fclk_clk_0.FCLK_CLK_0_BUFG/O
                         net (fo=19638, routed)       1.846    53.025    design_final_i/top_ssr_0/inst/u_top_system/u_dsp_chain/u_agg/s00_axi_aclk
    SLICE_X113Y127       FDRE                                         r  design_final_i/top_ssr_0/inst/u_top_system/u_dsp_chain/u_agg/feat_mem_reg[6][8]/C
                         clock pessimism              0.247    53.272    
                         clock uncertainty           -0.751    52.521    
    SLICE_X113Y127       FDRE (Setup_fdre_C_D)       -0.058    52.463    design_final_i/top_ssr_0/inst/u_top_system/u_dsp_chain/u_agg/feat_mem_reg[6][8]
  -------------------------------------------------------------------
                         required time                         52.463    
                         arrival time                         -31.350    
  -------------------------------------------------------------------
                         slack                                 21.114    

Slack (MET) :             21.200ns  (required time - arrival time)
  Source:                 design_final_i/top_ssr_0/inst/u_top_system/u_dsp_chain/u_agg/calc_k_reg[1]/C
                            (rising edge-triggered cell FDRE clocked by clk_fpga_0  {rise@0.000ns fall@25.000ns period=50.000ns})
  Destination:            design_final_i/top_ssr_0/inst/u_top_system/u_dsp_chain/u_agg/feat_mem_reg[7][8]/D
                            (rising edge-triggered cell FDRE clocked by clk_fpga_0  {rise@0.000ns fall@25.000ns period=50.000ns})
  Path Group:             clk_fpga_0
  Path Type:              Setup (Max at Slow Process Corner)
  Requirement:            50.000ns  (clk_fpga_0 rise@50.000ns - clk_fpga_0 rise@0.000ns)
  Data Path Delay:        28.006ns  (logic 11.443ns (40.859%)  route 16.563ns (59.141%))
  Logic Levels:           38  (CARRY4=24 LUT1=1 LUT2=1 LUT3=5 LUT4=2 LUT5=2 LUT6=3)
  Clock Path Skew:        0.018ns (DCD - SCD + CPR)
    Destination Clock Delay (DCD):    3.027ns = ( 53.027 - 50.000 ) 
    Source Clock Delay      (SCD):    3.256ns
    Clock Pessimism Removal (CPR):    0.247ns
  Clock Uncertainty:      0.751ns  ((TSJ^2 + TIJ^2)^1/2 + DJ) / 2 + PE
    Total System Jitter     (TSJ):    0.071ns
    Total Input Jitter      (TIJ):    1.500ns
    Discrete Jitter          (DJ):    0.000ns
    Phase Error              (PE):    0.000ns

    Location             Delay type                Incr(ns)  Path(ns)    Netlist Resource(s)
  -------------------------------------------------------------------    -------------------
                         (clock clk_fpga_0 rise edge)
                                                      0.000     0.000 r  
    PS7_X0Y0             PS7                          0.000     0.000 r  design_final_i/processing_system7_0/inst/PS7_i/FCLKCLK[0]
                         net (fo=1, routed)           1.193     1.193    design_final_i/processing_system7_0/inst/FCLK_CLK_unbuffered[0]
    BUFGCTRL_X0Y16       BUFG (Prop_bufg_I_O)         0.101     1.294 r  design_final_i/processing_system7_0/inst/buffer_fclk_clk_0.FCLK_CLK_0_BUFG/O
                         net (fo=19638, routed)       1.962     3.256    design_final_i/top_ssr_0/inst/u_top_system/u_dsp_chain/u_agg/s00_axi_aclk
    SLICE_X95Y121        FDRE                                         r  design_final_i/top_ssr_0/inst/u_top_system/u_dsp_chain/u_agg/calc_k_reg[1]/C
  -------------------------------------------------------------------    -------------------
    SLICE_X95Y121        FDRE (Prop_fdre_C_Q)         0.419     3.675 r  design_final_i/top_ssr_0/inst/u_top_system/u_dsp_chain/u_agg/calc_k_reg[1]/Q
                         net (fo=118, routed)         1.858     5.533    design_final_i/top_ssr_0/inst/u_top_system/u_dsp_chain/u_agg/calc_k[1]
    SLICE_X87Y105        LUT6 (Prop_lut6_I2_O)        0.299     5.832 f  design_final_i/top_ssr_0/inst/u_top_system/u_dsp_chain/u_agg/suma_sq0_i_86/O
                         net (fo=1, routed)           0.796     6.628    design_final_i/top_ssr_0/inst/u_top_system/u_dsp_chain/u_agg/suma_sq0_i_86_n_0
    SLICE_X87Y106        LUT6 (Prop_lut6_I1_O)        0.124     6.752 f  design_final_i/top_ssr_0/inst/u_top_system/u_dsp_chain/u_agg/suma_sq0_i_27/O
                         net (fo=7, routed)           0.799     7.551    design_final_i/top_ssr_0/inst/u_top_system/u_dsp_chain/u_agg/suma_sq0_i_27_n_0
    SLICE_X83Y111        LUT1 (Prop_lut1_I0_O)        0.124     7.675 r  design_final_i/top_ssr_0/inst/u_top_system/u_dsp_chain/u_agg/feat_mem[12][3]_i_137/O
                         net (fo=1, routed)           0.000     7.675    design_final_i/top_ssr_0/inst/u_top_system/u_dsp_chain/u_agg/feat_mem[12][3]_i_137_n_0
    SLICE_X83Y111        CARRY4 (Prop_carry4_S[0]_CO[3])
                                                      0.532     8.207 r  design_final_i/top_ssr_0/inst/u_top_system/u_dsp_chain/u_agg/feat_mem_reg[12][3]_i_104/CO[3]
                         net (fo=1, routed)           0.000     8.207    design_final_i/top_ssr_0/inst/u_top_system/u_dsp_chain/u_agg/feat_mem_reg[12][3]_i_104_n_0
    SLICE_X83Y112        CARRY4 (Prop_carry4_CI_CO[3])
                                                      0.114     8.321 r  design_final_i/top_ssr_0/inst/u_top_system/u_dsp_chain/u_agg/feat_mem_reg[12][3]_i_73/CO[3]
                         net (fo=1, routed)           0.000     8.321    design_final_i/top_ssr_0/inst/u_top_system/u_dsp_chain/u_agg/feat_mem_reg[12][3]_i_73_n_0
    SLICE_X83Y113        CARRY4 (Prop_carry4_CI_CO[3])
                                                      0.114     8.435 r  design_final_i/top_ssr_0/inst/u_top_system/u_dsp_chain/u_agg/feat_mem_reg[12][3]_i_49/CO[3]
                         net (fo=1, routed)           0.000     8.435    design_final_i/top_ssr_0/inst/u_top_system/u_dsp_chain/u_agg/feat_mem_reg[12][3]_i_49_n_0
    SLICE_X83Y114        CARRY4 (Prop_carry4_CI_CO[3])
                                                      0.114     8.549 r  design_final_i/top_ssr_0/inst/u_top_system/u_dsp_chain/u_agg/feat_mem_reg[12][7]_i_15/CO[3]
                         net (fo=1, routed)           0.000     8.549    design_final_i/top_ssr_0/inst/u_top_system/u_dsp_chain/u_agg/feat_mem_reg[12][7]_i_15_n_0
    SLICE_X83Y115        CARRY4 (Prop_carry4_CI_CO[3])
                                                      0.114     8.663 r  design_final_i/top_ssr_0/inst/u_top_system/u_dsp_chain/u_agg/feat_mem_reg[12][15]_i_35/CO[3]
                         net (fo=1, routed)           0.000     8.663    design_final_i/top_ssr_0/inst/u_top_system/u_dsp_chain/u_agg/feat_mem_reg[12][15]_i_35_n_0
    SLICE_X83Y116        CARRY4 (Prop_carry4_CI_CO[3])
                                                      0.114     8.777 r  design_final_i/top_ssr_0/inst/u_top_system/u_dsp_chain/u_agg/feat_mem_reg[12][15]_i_16/CO[3]
                         net (fo=1, routed)           0.000     8.777    design_final_i/top_ssr_0/inst/u_top_system/u_dsp_chain/u_agg/feat_mem_reg[12][15]_i_16_n_0
    SLICE_X83Y117        CARRY4 (Prop_carry4_CI_O[0])
                                                      0.222     8.999 r  design_final_i/top_ssr_0/inst/u_top_system/u_dsp_chain/u_agg/feat_mem_reg[12][15]_i_11/O[0]
                         net (fo=3, routed)           1.435    10.434    design_final_i/top_ssr_0/inst/u_top_system/u_dsp_chain/u_agg/feat_mem_reg[12][15]_i_11_n_7
    SLICE_X86Y121        LUT3 (Prop_lut3_I2_O)        0.321    10.755 r  design_final_i/top_ssr_0/inst/u_top_system/u_dsp_chain/u_agg/feat_mem[12][11]_i_14/O
                         net (fo=16, routed)          1.199    11.954    design_final_i/top_ssr_0/inst/u_top_system/u_dsp_chain/u_agg/feat_mem[12][11]_i_14_n_0
    SLICE_X85Y118        LUT3 (Prop_lut3_I2_O)        0.356    12.310 r  design_final_i/top_ssr_0/inst/u_top_system/u_dsp_chain/u_agg/feat_mem[12][3]_i_127/O
                         net (fo=1, routed)           0.572    12.882    design_final_i/top_ssr_0/inst/u_top_system/u_dsp_chain/u_agg/feat_mem[12][3]_i_127_n_0
    SLICE_X84Y118        CARRY4 (Prop_carry4_DI[1]_CO[3])
                                                      0.709    13.591 r  design_final_i/top_ssr_0/inst/u_top_system/u_dsp_chain/u_agg/feat_mem_reg[12][3]_i_87/CO[3]
                         net (fo=1, routed)           0.000    13.591    design_final_i/top_ssr_0/inst/u_top_system/u_dsp_chain/u_agg/feat_mem_reg[12][3]_i_87_n_0
    SLICE_X84Y119        CARRY4 (Prop_carry4_CI_CO[3])
                                                      0.114    13.705 r  design_final_i/top_ssr_0/inst/u_top_system/u_dsp_chain/u_agg/feat_mem_reg[12][3]_i_60/CO[3]
                         net (fo=1, routed)           0.000    13.705    design_final_i/top_ssr_0/inst/u_top_system/u_dsp_chain/u_agg/feat_mem_reg[12][3]_i_60_n_0
    SLICE_X84Y120        CARRY4 (Prop_carry4_CI_CO[3])
                                                      0.114    13.819 r  design_final_i/top_ssr_0/inst/u_top_system/u_dsp_chain/u_agg/feat_mem_reg[12][3]_i_38/CO[3]
                         net (fo=1, routed)           0.000    13.819    design_final_i/top_ssr_0/inst/u_top_system/u_dsp_chain/u_agg/feat_mem_reg[12][3]_i_38_n_0
    SLICE_X84Y121        CARRY4 (Prop_carry4_CI_O[1])
                                                      0.334    14.153 r  design_final_i/top_ssr_0/inst/u_top_system/u_dsp_chain/u_agg/feat_mem_reg[12][3]_i_22/O[1]
                         net (fo=3, routed)           0.618    14.771    design_final_i/top_ssr_0/inst/u_top_system/u_dsp_chain/u_agg/feat_mem_reg[12][3]_i_22_n_6
    SLICE_X86Y121        LUT3 (Prop_lut3_I2_O)        0.303    15.074 r  design_final_i/top_ssr_0/inst/u_top_system/u_dsp_chain/u_agg/feat_mem[12][3]_i_27/O
                         net (fo=2, routed)           0.830    15.904    design_final_i/top_ssr_0/inst/u_top_system/u_dsp_chain/u_agg/feat_mem[12][3]_i_27_n_0
    SLICE_X86Y120        LUT5 (Prop_lut5_I4_O)        0.152    16.056 r  design_final_i/top_ssr_0/inst/u_top_system/u_dsp_chain/u_agg/feat_mem[12][3]_i_7/O
                         net (fo=2, routed)           0.697    16.753    design_final_i/top_ssr_0/inst/u_top_system/u_dsp_chain/u_agg/feat_mem[12][3]_i_7_n_0
    SLICE_X87Y121        LUT6 (Prop_lut6_I0_O)        0.348    17.101 r  design_final_i/top_ssr_0/inst/u_top_system/u_dsp_chain/u_agg/feat_mem[12][3]_i_11/O
                         net (fo=1, routed)           0.000    17.101    design_final_i/top_ssr_0/inst/u_top_system/u_dsp_chain/u_agg/feat_mem[12][3]_i_11_n_0
    SLICE_X87Y121        CARRY4 (Prop_carry4_S[0]_CO[3])
                                                      0.532    17.633 r  design_final_i/top_ssr_0/inst/u_top_system/u_dsp_chain/u_agg/feat_mem_reg[12][3]_i_2/CO[3]
                         net (fo=1, routed)           0.000    17.633    design_final_i/top_ssr_0/inst/u_top_system/u_dsp_chain/u_agg/feat_mem_reg[12][3]_i_2_n_0
    SLICE_X87Y122        CARRY4 (Prop_carry4_CI_O[0])
                                                      0.222    17.855 r  design_final_i/top_ssr_0/inst/u_top_system/u_dsp_chain/u_agg/feat_mem_reg[12][7]_i_2/O[0]
                         net (fo=10, routed)          0.825    18.680    design_final_i/top_ssr_0/inst/u_top_system/u_dsp_chain/u_agg/feat_mem_reg[12][7]_i_2_n_7
    SLICE_X82Y123        LUT2 (Prop_lut2_I0_O)        0.299    18.979 r  design_final_i/top_ssr_0/inst/u_top_system/u_dsp_chain/u_agg/feat_mem[12][15]_i_123/O
                         net (fo=1, routed)           0.000    18.979    design_final_i/top_ssr_0/inst/u_top_system/u_dsp_chain/u_agg/feat_mem[12][15]_i_123_n_0
    SLICE_X82Y123        CARRY4 (Prop_carry4_S[1]_CO[3])
                                                      0.533    19.512 r  design_final_i/top_ssr_0/inst/u_top_system/u_dsp_chain/u_agg/feat_mem_reg[12][15]_i_97/CO[3]
                         net (fo=1, routed)           0.000    19.512    design_final_i/top_ssr_0/inst/u_top_system/u_dsp_chain/u_agg/feat_mem_reg[12][15]_i_97_n_0
    SLICE_X82Y124        CARRY4 (Prop_carry4_CI_O[1])
                                                      0.323    19.835 r  design_final_i/top_ssr_0/inst/u_top_system/u_dsp_chain/u_agg/feat_mem_reg[12][15]_i_73/O[1]
                         net (fo=2, routed)           0.982    20.817    design_final_i/top_ssr_0/inst/u_top_system/u_dsp_chain/u_agg/feat_mem_reg[12][15]_i_73_n_6
    SLICE_X84Y124        LUT3 (Prop_lut3_I1_O)        0.334    21.151 r  design_final_i/top_ssr_0/inst/u_top_system/u_dsp_chain/u_agg/feat_mem[12][15]_i_65/O
                         net (fo=2, routed)           0.536    21.687    design_final_i/top_ssr_0/inst/u_top_system/u_dsp_chain/u_agg/feat_mem[12][15]_i_65_n_0
    SLICE_X83Y124        CARRY4 (Prop_carry4_DI[3]_CO[3])
                                                      0.587    22.274 r  design_final_i/top_ssr_0/inst/u_top_system/u_dsp_chain/u_agg/feat_mem_reg[12][15]_i_40/CO[3]
                         net (fo=1, routed)           0.009    22.283    design_final_i/top_ssr_0/inst/u_top_system/u_dsp_chain/u_agg/feat_mem_reg[12][15]_i_40_n_0
    SLICE_X83Y125        CARRY4 (Prop_carry4_CI_O[3])
                                                      0.313    22.596 r  design_final_i/top_ssr_0/inst/u_top_system/u_dsp_chain/u_agg/feat_mem_reg[12][15]_i_20/O[3]
                         net (fo=3, routed)           0.817    23.412    design_final_i/top_ssr_0/inst/u_top_system/u_dsp_chain/u_agg/feat_mem_reg[12][15]_i_20_n_4
    SLICE_X81Y126        LUT4 (Prop_lut4_I1_O)        0.306    23.718 r  design_final_i/top_ssr_0/inst/u_top_system/u_dsp_chain/u_agg/feat_mem[12][15]_i_32/O
                         net (fo=1, routed)           0.000    23.718    design_final_i/top_ssr_0/inst/u_top_system/u_dsp_chain/u_agg/feat_mem[12][15]_i_32_n_0
    SLICE_X81Y126        CARRY4 (Prop_carry4_S[2]_CO[3])
                                                      0.398    24.116 r  design_final_i/top_ssr_0/inst/u_top_system/u_dsp_chain/u_agg/feat_mem_reg[12][15]_i_13/CO[3]
                         net (fo=1, routed)           0.000    24.116    design_final_i/top_ssr_0/inst/u_top_system/u_dsp_chain/u_agg/feat_mem_reg[12][15]_i_13_n_0
    SLICE_X81Y127        CARRY4 (Prop_carry4_CI_CO[0])
                                                      0.271    24.387 r  design_final_i/top_ssr_0/inst/u_top_system/u_dsp_chain/u_agg/feat_mem_reg[12][15]_i_10/CO[0]
                         net (fo=1, routed)           0.472    24.859    design_final_i/top_ssr_0/inst/u_top_system/u_dsp_chain/u_agg/feat_mem_reg[12][15]_i_10_n_3
    SLICE_X82Y127        LUT4 (Prop_lut4_I0_O)        0.373    25.232 r  design_final_i/top_ssr_0/inst/u_top_system/u_dsp_chain/u_agg/feat_mem[12][15]_i_4/O
                         net (fo=42, routed)          0.945    26.177    design_final_i/top_ssr_0/inst/u_top_system/u_dsp_chain/u_agg/feat_mem[12][15]_i_4_n_0
    SLICE_X85Y120        LUT3 (Prop_lut3_I1_O)        0.150    26.327 r  design_final_i/top_ssr_0/inst/u_top_system/u_dsp_chain/u_agg/feat_mem[12][2]_i_13/O
                         net (fo=1, routed)           0.701    27.028    design_final_i/top_ssr_0/inst/u_top_system/u_dsp_chain/u_agg/feat_mem[12][2]_i_13_n_0
    SLICE_X91Y121        CARRY4 (Prop_carry4_CYINIT_CO[3])
                                                      0.782    27.810 r  design_final_i/top_ssr_0/inst/u_top_system/u_dsp_chain/u_agg/feat_mem_reg[12][2]_i_8/CO[3]
                         net (fo=1, routed)           0.000    27.810    design_final_i/top_ssr_0/inst/u_top_system/u_dsp_chain/u_agg/feat_mem_reg[12][2]_i_8_n_0
    SLICE_X91Y122        CARRY4 (Prop_carry4_CI_CO[3])
                                                      0.114    27.924 r  design_final_i/top_ssr_0/inst/u_top_system/u_dsp_chain/u_agg/feat_mem_reg[12][2]_i_3/CO[3]
                         net (fo=1, routed)           0.000    27.924    design_final_i/top_ssr_0/inst/u_top_system/u_dsp_chain/u_agg/feat_mem_reg[12][2]_i_3_n_0
    SLICE_X91Y123        CARRY4 (Prop_carry4_CI_CO[3])
                                                      0.114    28.038 r  design_final_i/top_ssr_0/inst/u_top_system/u_dsp_chain/u_agg/feat_mem_reg[12][2]_i_2/CO[3]
                         net (fo=1, routed)           0.000    28.038    design_final_i/top_ssr_0/inst/u_top_system/u_dsp_chain/u_agg/feat_mem_reg[12][2]_i_2_n_0
    SLICE_X91Y124        CARRY4 (Prop_carry4_CI_CO[3])
                                                      0.114    28.152 r  design_final_i/top_ssr_0/inst/u_top_system/u_dsp_chain/u_agg/feat_mem_reg[12][6]_i_2/CO[3]
                         net (fo=1, routed)           0.009    28.161    design_final_i/top_ssr_0/inst/u_top_system/u_dsp_chain/u_agg/feat_mem_reg[12][6]_i_2_n_0
    SLICE_X91Y125        CARRY4 (Prop_carry4_CI_O[1])
                                                      0.334    28.495 r  design_final_i/top_ssr_0/inst/u_top_system/u_dsp_chain/u_agg/feat_mem_reg[12][10]_i_2/O[1]
                         net (fo=1, routed)           0.822    29.317    design_final_i/top_ssr_0/inst/u_top_system/u_dsp_chain/u_agg/feat_mem_reg[12][10]_i_2_n_6
    SLICE_X89Y124        LUT5 (Prop_lut5_I1_O)        0.303    29.620 r  design_final_i/top_ssr_0/inst/u_top_system/u_dsp_chain/u_agg/feat_mem[12][8]_i_1/O
                         net (fo=16, routed)          1.641    31.262    design_final_i/top_ssr_0/inst/u_top_system/u_dsp_chain/u_agg/p_1_in[8]
    SLICE_X113Y128       FDRE                                         r  design_final_i/top_ssr_0/inst/u_top_system/u_dsp_chain/u_agg/feat_mem_reg[7][8]/D
  -------------------------------------------------------------------    -------------------

                         (clock clk_fpga_0 rise edge)
                                                     50.000    50.000 r  
    PS7_X0Y0             PS7                          0.000    50.000 r  design_final_i/processing_system7_0/inst/PS7_i/FCLKCLK[0]
                         net (fo=1, routed)           1.088    51.088    design_final_i/processing_system7_0/inst/FCLK_CLK_unbuffered[0]
    BUFGCTRL_X0Y16       BUFG (Prop_bufg_I_O)         0.091    51.179 r  design_final_i/processing_system7_0/inst/buffer_fclk_clk_0.FCLK_CLK_0_BUFG/O
                         net (fo=19638, routed)       1.848    53.027    design_final_i/top_ssr_0/inst/u_top_system/u_dsp_chain/u_agg/s00_axi_aclk
    SLICE_X113Y128       FDRE                                         r  design_final_i/top_ssr_0/inst/u_top_system/u_dsp_chain/u_agg/feat_mem_reg[7][8]/C
                         clock pessimism              0.247    53.274    
                         clock uncertainty           -0.751    52.523    
    SLICE_X113Y128       FDRE (Setup_fdre_C_D)       -0.061    52.462    design_final_i/top_ssr_0/inst/u_top_system/u_dsp_chain/u_agg/feat_mem_reg[7][8]
  -------------------------------------------------------------------
                         required time                         52.462    
                         arrival time                         -31.262    
  -------------------------------------------------------------------
                         slack                                 21.200    

Slack (MET) :             21.235ns  (required time - arrival time)
  Source:                 design_final_i/top_ssr_0/inst/u_top_system/u_dsp_chain/u_agg/calc_k_reg[1]/C
                            (rising edge-triggered cell FDRE clocked by clk_fpga_0  {rise@0.000ns fall@25.000ns period=50.000ns})
  Destination:            design_final_i/top_ssr_0/inst/u_top_system/u_dsp_chain/u_agg/feat_mem_reg[9][8]/D
                            (rising edge-triggered cell FDRE clocked by clk_fpga_0  {rise@0.000ns fall@25.000ns period=50.000ns})
  Path Group:             clk_fpga_0
  Path Type:              Setup (Max at Slow Process Corner)
  Requirement:            50.000ns  (clk_fpga_0 rise@50.000ns - clk_fpga_0 rise@0.000ns)
  Data Path Delay:        27.969ns  (logic 11.443ns (40.914%)  route 16.526ns (59.086%))
  Logic Levels:           38  (CARRY4=24 LUT1=1 LUT2=1 LUT3=5 LUT4=2 LUT5=2 LUT6=3)
  Clock Path Skew:        0.015ns (DCD - SCD + CPR)
    Destination Clock Delay (DCD):    3.024ns = ( 53.024 - 50.000 ) 
    Source Clock Delay      (SCD):    3.256ns
    Clock Pessimism Removal (CPR):    0.247ns
  Clock Uncertainty:      0.751ns  ((TSJ^2 + TIJ^2)^1/2 + DJ) / 2 + PE
    Total System Jitter     (TSJ):    0.071ns
    Total Input Jitter      (TIJ):    1.500ns
    Discrete Jitter          (DJ):    0.000ns
    Phase Error              (PE):    0.000ns

    Location             Delay type                Incr(ns)  Path(ns)    Netlist Resource(s)
  -------------------------------------------------------------------    -------------------
                         (clock clk_fpga_0 rise edge)
                                                      0.000     0.000 r  
    PS7_X0Y0             PS7                          0.000     0.000 r  design_final_i/processing_system7_0/inst/PS7_i/FCLKCLK[0]
                         net (fo=1, routed)           1.193     1.193    design_final_i/processing_system7_0/inst/FCLK_CLK_unbuffered[0]
    BUFGCTRL_X0Y16       BUFG (Prop_bufg_I_O)         0.101     1.294 r  design_final_i/processing_system7_0/inst/buffer_fclk_clk_0.FCLK_CLK_0_BUFG/O
                         net (fo=19638, routed)       1.962     3.256    design_final_i/top_ssr_0/inst/u_top_system/u_dsp_chain/u_agg/s00_axi_aclk
    SLICE_X95Y121        FDRE                                         r  design_final_i/top_ssr_0/inst/u_top_system/u_dsp_chain/u_agg/calc_k_reg[1]/C
  -------------------------------------------------------------------    -------------------
    SLICE_X95Y121        FDRE (Prop_fdre_C_Q)         0.419     3.675 r  design_final_i/top_ssr_0/inst/u_top_system/u_dsp_chain/u_agg/calc_k_reg[1]/Q
                         net (fo=118, routed)         1.858     5.533    design_final_i/top_ssr_0/inst/u_top_system/u_dsp_chain/u_agg/calc_k[1]
    SLICE_X87Y105        LUT6 (Prop_lut6_I2_O)        0.299     5.832 f  design_final_i/top_ssr_0/inst/u_top_system/u_dsp_chain/u_agg/suma_sq0_i_86/O
                         net (fo=1, routed)           0.796     6.628    design_final_i/top_ssr_0/inst/u_top_system/u_dsp_chain/u_agg/suma_sq0_i_86_n_0
    SLICE_X87Y106        LUT6 (Prop_lut6_I1_O)        0.124     6.752 f  design_final_i/top_ssr_0/inst/u_top_system/u_dsp_chain/u_agg/suma_sq0_i_27/O
                         net (fo=7, routed)           0.799     7.551    design_final_i/top_ssr_0/inst/u_top_system/u_dsp_chain/u_agg/suma_sq0_i_27_n_0
    SLICE_X83Y111        LUT1 (Prop_lut1_I0_O)        0.124     7.675 r  design_final_i/top_ssr_0/inst/u_top_system/u_dsp_chain/u_agg/feat_mem[12][3]_i_137/O
                         net (fo=1, routed)           0.000     7.675    design_final_i/top_ssr_0/inst/u_top_system/u_dsp_chain/u_agg/feat_mem[12][3]_i_137_n_0
    SLICE_X83Y111        CARRY4 (Prop_carry4_S[0]_CO[3])
                                                      0.532     8.207 r  design_final_i/top_ssr_0/inst/u_top_system/u_dsp_chain/u_agg/feat_mem_reg[12][3]_i_104/CO[3]
                         net (fo=1, routed)           0.000     8.207    design_final_i/top_ssr_0/inst/u_top_system/u_dsp_chain/u_agg/feat_mem_reg[12][3]_i_104_n_0
    SLICE_X83Y112        CARRY4 (Prop_carry4_CI_CO[3])
                                                      0.114     8.321 r  design_final_i/top_ssr_0/inst/u_top_system/u_dsp_chain/u_agg/feat_mem_reg[12][3]_i_73/CO[3]
                         net (fo=1, routed)           0.000     8.321    design_final_i/top_ssr_0/inst/u_top_system/u_dsp_chain/u_agg/feat_mem_reg[12][3]_i_73_n_0
    SLICE_X83Y113        CARRY4 (Prop_carry4_CI_CO[3])
                                                      0.114     8.435 r  design_final_i/top_ssr_0/inst/u_top_system/u_dsp_chain/u_agg/feat_mem_reg[12][3]_i_49/CO[3]
                         net (fo=1, routed)           0.000     8.435    design_final_i/top_ssr_0/inst/u_top_system/u_dsp_chain/u_agg/feat_mem_reg[12][3]_i_49_n_0
    SLICE_X83Y114        CARRY4 (Prop_carry4_CI_CO[3])
                                                      0.114     8.549 r  design_final_i/top_ssr_0/inst/u_top_system/u_dsp_chain/u_agg/feat_mem_reg[12][7]_i_15/CO[3]
                         net (fo=1, routed)           0.000     8.549    design_final_i/top_ssr_0/inst/u_top_system/u_dsp_chain/u_agg/feat_mem_reg[12][7]_i_15_n_0
    SLICE_X83Y115        CARRY4 (Prop_carry4_CI_CO[3])
                                                      0.114     8.663 r  design_final_i/top_ssr_0/inst/u_top_system/u_dsp_chain/u_agg/feat_mem_reg[12][15]_i_35/CO[3]
                         net (fo=1, routed)           0.000     8.663    design_final_i/top_ssr_0/inst/u_top_system/u_dsp_chain/u_agg/feat_mem_reg[12][15]_i_35_n_0
    SLICE_X83Y116        CARRY4 (Prop_carry4_CI_CO[3])
                                                      0.114     8.777 r  design_final_i/top_ssr_0/inst/u_top_system/u_dsp_chain/u_agg/feat_mem_reg[12][15]_i_16/CO[3]
                         net (fo=1, routed)           0.000     8.777    design_final_i/top_ssr_0/inst/u_top_system/u_dsp_chain/u_agg/feat_mem_reg[12][15]_i_16_n_0
    SLICE_X83Y117        CARRY4 (Prop_carry4_CI_O[0])
                                                      0.222     8.999 r  design_final_i/top_ssr_0/inst/u_top_system/u_dsp_chain/u_agg/feat_mem_reg[12][15]_i_11/O[0]
                         net (fo=3, routed)           1.435    10.434    design_final_i/top_ssr_0/inst/u_top_system/u_dsp_chain/u_agg/feat_mem_reg[12][15]_i_11_n_7
    SLICE_X86Y121        LUT3 (Prop_lut3_I2_O)        0.321    10.755 r  design_final_i/top_ssr_0/inst/u_top_system/u_dsp_chain/u_agg/feat_mem[12][11]_i_14/O
                         net (fo=16, routed)          1.199    11.954    design_final_i/top_ssr_0/inst/u_top_system/u_dsp_chain/u_agg/feat_mem[12][11]_i_14_n_0
    SLICE_X85Y118        LUT3 (Prop_lut3_I2_O)        0.356    12.310 r  design_final_i/top_ssr_0/inst/u_top_system/u_dsp_chain/u_agg/feat_mem[12][3]_i_127/O
                         net (fo=1, routed)           0.572    12.882    design_final_i/top_ssr_0/inst/u_top_system/u_dsp_chain/u_agg/feat_mem[12][3]_i_127_n_0
    SLICE_X84Y118        CARRY4 (Prop_carry4_DI[1]_CO[3])
                                                      0.709    13.591 r  design_final_i/top_ssr_0/inst/u_top_system/u_dsp_chain/u_agg/feat_mem_reg[12][3]_i_87/CO[3]
                         net (fo=1, routed)           0.000    13.591    design_final_i/top_ssr_0/inst/u_top_system/u_dsp_chain/u_agg/feat_mem_reg[12][3]_i_87_n_0
    SLICE_X84Y119        CARRY4 (Prop_carry4_CI_CO[3])
                                                      0.114    13.705 r  design_final_i/top_ssr_0/inst/u_top_system/u_dsp_chain/u_agg/feat_mem_reg[12][3]_i_60/CO[3]
                         net (fo=1, routed)           0.000    13.705    design_final_i/top_ssr_0/inst/u_top_system/u_dsp_chain/u_agg/feat_mem_reg[12][3]_i_60_n_0
    SLICE_X84Y120        CARRY4 (Prop_carry4_CI_CO[3])
                                                      0.114    13.819 r  design_final_i/top_ssr_0/inst/u_top_system/u_dsp_chain/u_agg/feat_mem_reg[12][3]_i_38/CO[3]
                         net (fo=1, routed)           0.000    13.819    design_final_i/top_ssr_0/inst/u_top_system/u_dsp_chain/u_agg/feat_mem_reg[12][3]_i_38_n_0
    SLICE_X84Y121        CARRY4 (Prop_carry4_CI_O[1])
                                                      0.334    14.153 r  design_final_i/top_ssr_0/inst/u_top_system/u_dsp_chain/u_agg/feat_mem_reg[12][3]_i_22/O[1]
                         net (fo=3, routed)           0.618    14.771    design_final_i/top_ssr_0/inst/u_top_system/u_dsp_chain/u_agg/feat_mem_reg[12][3]_i_22_n_6
    SLICE_X86Y121        LUT3 (Prop_lut3_I2_O)        0.303    15.074 r  design_final_i/top_ssr_0/inst/u_top_system/u_dsp_chain/u_agg/feat_mem[12][3]_i_27/O
                         net (fo=2, routed)           0.830    15.904    design_final_i/top_ssr_0/inst/u_top_system/u_dsp_chain/u_agg/feat_mem[12][3]_i_27_n_0
    SLICE_X86Y120        LUT5 (Prop_lut5_I4_O)        0.152    16.056 r  design_final_i/top_ssr_0/inst/u_top_system/u_dsp_chain/u_agg/feat_mem[12][3]_i_7/O
                         net (fo=2, routed)           0.697    16.753    design_final_i/top_ssr_0/inst/u_top_system/u_dsp_chain/u_agg/feat_mem[12][3]_i_7_n_0
    SLICE_X87Y121        LUT6 (Prop_lut6_I0_O)        0.348    17.101 r  design_final_i/top_ssr_0/inst/u_top_system/u_dsp_chain/u_agg/feat_mem[12][3]_i_11/O
                         net (fo=1, routed)           0.000    17.101    design_final_i/top_ssr_0/inst/u_top_system/u_dsp_chain/u_agg/feat_mem[12][3]_i_11_n_0
    SLICE_X87Y121        CARRY4 (Prop_carry4_S[0]_CO[3])
                                                      0.532    17.633 r  design_final_i/top_ssr_0/inst/u_top_system/u_dsp_chain/u_agg/feat_mem_reg[12][3]_i_2/CO[3]
                         net (fo=1, routed)           0.000    17.633    design_final_i/top_ssr_0/inst/u_top_system/u_dsp_chain/u_agg/feat_mem_reg[12][3]_i_2_n_0
    SLICE_X87Y122        CARRY4 (Prop_carry4_CI_O[0])
                                                      0.222    17.855 r  design_final_i/top_ssr_0/inst/u_top_system/u_dsp_chain/u_agg/feat_mem_reg[12][7]_i_2/O[0]
                         net (fo=10, routed)          0.825    18.680    design_final_i/top_ssr_0/inst/u_top_system/u_dsp_chain/u_agg/feat_mem_reg[12][7]_i_2_n_7
    SLICE_X82Y123        LUT2 (Prop_lut2_I0_O)        0.299    18.979 r  design_final_i/top_ssr_0/inst/u_top_system/u_dsp_chain/u_agg/feat_mem[12][15]_i_123/O
                         net (fo=1, routed)           0.000    18.979    design_final_i/top_ssr_0/inst/u_top_system/u_dsp_chain/u_agg/feat_mem[12][15]_i_123_n_0
    SLICE_X82Y123        CARRY4 (Prop_carry4_S[1]_CO[3])
                                                      0.533    19.512 r  design_final_i/top_ssr_0/inst/u_top_system/u_dsp_chain/u_agg/feat_mem_reg[12][15]_i_97/CO[3]
                         net (fo=1, routed)           0.000    19.512    design_final_i/top_ssr_0/inst/u_top_system/u_dsp_chain/u_agg/feat_mem_reg[12][15]_i_97_n_0
    SLICE_X82Y124        CARRY4 (Prop_carry4_CI_O[1])
                                                      0.323    19.835 r  design_final_i/top_ssr_0/inst/u_top_system/u_dsp_chain/u_agg/feat_mem_reg[12][15]_i_73/O[1]
                         net (fo=2, routed)           0.982    20.817    design_final_i/top_ssr_0/inst/u_top_system/u_dsp_chain/u_agg/feat_mem_reg[12][15]_i_73_n_6
    SLICE_X84Y124        LUT3 (Prop_lut3_I1_O)        0.334    21.151 r  design_final_i/top_ssr_0/inst/u_top_system/u_dsp_chain/u_agg/feat_mem[12][15]_i_65/O
                         net (fo=2, routed)           0.536    21.687    design_final_i/top_ssr_0/inst/u_top_system/u_dsp_chain/u_agg/feat_mem[12][15]_i_65_n_0
    SLICE_X83Y124        CARRY4 (Prop_carry4_DI[3]_CO[3])
                                                      0.587    22.274 r  design_final_i/top_ssr_0/inst/u_top_system/u_dsp_chain/u_agg/feat_mem_reg[12][15]_i_40/CO[3]
                         net (fo=1, routed)           0.009    22.283    design_final_i/top_ssr_0/inst/u_top_system/u_dsp_chain/u_agg/feat_mem_reg[12][15]_i_40_n_0
    SLICE_X83Y125        CARRY4 (Prop_carry4_CI_O[3])
                                                      0.313    22.596 r  design_final_i/top_ssr_0/inst/u_top_system/u_dsp_chain/u_agg/feat_mem_reg[12][15]_i_20/O[3]
                         net (fo=3, routed)           0.817    23.412    design_final_i/top_ssr_0/inst/u_top_system/u_dsp_chain/u_agg/feat_mem_reg[12][15]_i_20_n_4
    SLICE_X81Y126        LUT4 (Prop_lut4_I1_O)        0.306    23.718 r  design_final_i/top_ssr_0/inst/u_top_system/u_dsp_chain/u_agg/feat_mem[12][15]_i_32/O
                         net (fo=1, routed)           0.000    23.718    design_final_i/top_ssr_0/inst/u_top_system/u_dsp_chain/u_agg/feat_mem[12][15]_i_32_n_0
    SLICE_X81Y126        CARRY4 (Prop_carry4_S[2]_CO[3])
                                                      0.398    24.116 r  design_final_i/top_ssr_0/inst/u_top_system/u_dsp_chain/u_agg/feat_mem_reg[12][15]_i_13/CO[3]
                         net (fo=1, routed)           0.000    24.116    design_final_i/top_ssr_0/inst/u_top_system/u_dsp_chain/u_agg/feat_mem_reg[12][15]_i_13_n_0
    SLICE_X81Y127        CARRY4 (Prop_carry4_CI_CO[0])
                                                      0.271    24.387 r  design_final_i/top_ssr_0/inst/u_top_system/u_dsp_chain/u_agg/feat_mem_reg[12][15]_i_10/CO[0]
                         net (fo=1, routed)           0.472    24.859    design_final_i/top_ssr_0/inst/u_top_system/u_dsp_chain/u_agg/feat_mem_reg[12][15]_i_10_n_3
    SLICE_X82Y127        LUT4 (Prop_lut4_I0_O)        0.373    25.232 r  design_final_i/top_ssr_0/inst/u_top_system/u_dsp_chain/u_agg/feat_mem[12][15]_i_4/O
                         net (fo=42, routed)          0.945    26.177    design_final_i/top_ssr_0/inst/u_top_system/u_dsp_chain/u_agg/feat_mem[12][15]_i_4_n_0
    SLICE_X85Y120        LUT3 (Prop_lut3_I1_O)        0.150    26.327 r  design_final_i/top_ssr_0/inst/u_top_system/u_dsp_chain/u_agg/feat_mem[12][2]_i_13/O
                         net (fo=1, routed)           0.701    27.028    design_final_i/top_ssr_0/inst/u_top_system/u_dsp_chain/u_agg/feat_mem[12][2]_i_13_n_0
    SLICE_X91Y121        CARRY4 (Prop_carry4_CYINIT_CO[3])
                                                      0.782    27.810 r  design_final_i/top_ssr_0/inst/u_top_system/u_dsp_chain/u_agg/feat_mem_reg[12][2]_i_8/CO[3]
                         net (fo=1, routed)           0.000    27.810    design_final_i/top_ssr_0/inst/u_top_system/u_dsp_chain/u_agg/feat_mem_reg[12][2]_i_8_n_0
    SLICE_X91Y122        CARRY4 (Prop_carry4_CI_CO[3])
                                                      0.114    27.924 r  design_final_i/top_ssr_0/inst/u_top_system/u_dsp_chain/u_agg/feat_mem_reg[12][2]_i_3/CO[3]
                         net (fo=1, routed)           0.000    27.924    design_final_i/top_ssr_0/inst/u_top_system/u_dsp_chain/u_agg/feat_mem_reg[12][2]_i_3_n_0
    SLICE_X91Y123        CARRY4 (Prop_carry4_CI_CO[3])
                                                      0.114    28.038 r  design_final_i/top_ssr_0/inst/u_top_system/u_dsp_chain/u_agg/feat_mem_reg[12][2]_i_2/CO[3]
                         net (fo=1, routed)           0.000    28.038    design_final_i/top_ssr_0/inst/u_top_system/u_dsp_chain/u_agg/feat_mem_reg[12][2]_i_2_n_0
    SLICE_X91Y124        CARRY4 (Prop_carry4_CI_CO[3])
                                                      0.114    28.152 r  design_final_i/top_ssr_0/inst/u_top_system/u_dsp_chain/u_agg/feat_mem_reg[12][6]_i_2/CO[3]
                         net (fo=1, routed)           0.009    28.161    design_final_i/top_ssr_0/inst/u_top_system/u_dsp_chain/u_agg/feat_mem_reg[12][6]_i_2_n_0
    SLICE_X91Y125        CARRY4 (Prop_carry4_CI_O[1])
                                                      0.334    28.495 r  design_final_i/top_ssr_0/inst/u_top_system/u_dsp_chain/u_agg/feat_mem_reg[12][10]_i_2/O[1]
                         net (fo=1, routed)           0.822    29.317    design_final_i/top_ssr_0/inst/u_top_system/u_dsp_chain/u_agg/feat_mem_reg[12][10]_i_2_n_6
    SLICE_X89Y124        LUT5 (Prop_lut5_I1_O)        0.303    29.620 r  design_final_i/top_ssr_0/inst/u_top_system/u_dsp_chain/u_agg/feat_mem[12][8]_i_1/O
                         net (fo=16, routed)          1.604    31.225    design_final_i/top_ssr_0/inst/u_top_system/u_dsp_chain/u_agg/p_1_in[8]
    SLICE_X113Y126       FDRE                                         r  design_final_i/top_ssr_0/inst/u_top_system/u_dsp_chain/u_agg/feat_mem_reg[9][8]/D
  -------------------------------------------------------------------    -------------------

                         (clock clk_fpga_0 rise edge)
                                                     50.000    50.000 r  
    PS7_X0Y0             PS7                          0.000    50.000 r  design_final_i/processing_system7_0/inst/PS7_i/FCLKCLK[0]
                         net (fo=1, routed)           1.088    51.088    design_final_i/processing_system7_0/inst/FCLK_CLK_unbuffered[0]
    BUFGCTRL_X0Y16       BUFG (Prop_bufg_I_O)         0.091    51.179 r  design_final_i/processing_system7_0/inst/buffer_fclk_clk_0.FCLK_CLK_0_BUFG/O
                         net (fo=19638, routed)       1.845    53.024    design_final_i/top_ssr_0/inst/u_top_system/u_dsp_chain/u_agg/s00_axi_aclk
    SLICE_X113Y126       FDRE                                         r  design_final_i/top_ssr_0/inst/u_top_system/u_dsp_chain/u_agg/feat_mem_reg[9][8]/C
                         clock pessimism              0.247    53.271    
                         clock uncertainty           -0.751    52.520    
    SLICE_X113Y126       FDRE (Setup_fdre_C_D)       -0.061    52.459    design_final_i/top_ssr_0/inst/u_top_system/u_dsp_chain/u_agg/feat_mem_reg[9][8]
  -------------------------------------------------------------------
                         required time                         52.459    
                         arrival time                         -31.225    
  -------------------------------------------------------------------
                         slack                                 21.235    

Slack (MET) :             21.236ns  (required time - arrival time)
  Source:                 design_final_i/top_ssr_0/inst/u_top_system/u_dsp_chain/u_agg/calc_k_reg[1]/C
                            (rising edge-triggered cell FDRE clocked by clk_fpga_0  {rise@0.000ns fall@25.000ns period=50.000ns})
  Destination:            design_final_i/top_ssr_0/inst/u_top_system/u_dsp_chain/u_agg/feat_mem_reg[3][8]/D
                            (rising edge-triggered cell FDRE clocked by clk_fpga_0  {rise@0.000ns fall@25.000ns period=50.000ns})
  Path Group:             clk_fpga_0
  Path Type:              Setup (Max at Slow Process Corner)
  Requirement:            50.000ns  (clk_fpga_0 rise@50.000ns - clk_fpga_0 rise@0.000ns)
  Data Path Delay:        28.003ns  (logic 11.443ns (40.863%)  route 16.560ns (59.137%))
  Logic Levels:           38  (CARRY4=24 LUT1=1 LUT2=1 LUT3=5 LUT4=2 LUT5=2 LUT6=3)
  Clock Path Skew:        0.018ns (DCD - SCD + CPR)
    Destination Clock Delay (DCD):    3.027ns = ( 53.027 - 50.000 ) 
    Source Clock Delay      (SCD):    3.256ns
    Clock Pessimism Removal (CPR):    0.247ns
  Clock Uncertainty:      0.751ns  ((TSJ^2 + TIJ^2)^1/2 + DJ) / 2 + PE
    Total System Jitter     (TSJ):    0.071ns
    Total Input Jitter      (TIJ):    1.500ns
    Discrete Jitter          (DJ):    0.000ns
    Phase Error              (PE):    0.000ns

    Location             Delay type                Incr(ns)  Path(ns)    Netlist Resource(s)
  -------------------------------------------------------------------    -------------------
                         (clock clk_fpga_0 rise edge)
                                                      0.000     0.000 r  
    PS7_X0Y0             PS7                          0.000     0.000 r  design_final_i/processing_system7_0/inst/PS7_i/FCLKCLK[0]
                         net (fo=1, routed)           1.193     1.193    design_final_i/processing_system7_0/inst/FCLK_CLK_unbuffered[0]
    BUFGCTRL_X0Y16       BUFG (Prop_bufg_I_O)         0.101     1.294 r  design_final_i/processing_system7_0/inst/buffer_fclk_clk_0.FCLK_CLK_0_BUFG/O
                         net (fo=19638, routed)       1.962     3.256    design_final_i/top_ssr_0/inst/u_top_system/u_dsp_chain/u_agg/s00_axi_aclk
    SLICE_X95Y121        FDRE                                         r  design_final_i/top_ssr_0/inst/u_top_system/u_dsp_chain/u_agg/calc_k_reg[1]/C
  -------------------------------------------------------------------    -------------------
    SLICE_X95Y121        FDRE (Prop_fdre_C_Q)         0.419     3.675 r  design_final_i/top_ssr_0/inst/u_top_system/u_dsp_chain/u_agg/calc_k_reg[1]/Q
                         net (fo=118, routed)         1.858     5.533    design_final_i/top_ssr_0/inst/u_top_system/u_dsp_chain/u_agg/calc_k[1]
    SLICE_X87Y105        LUT6 (Prop_lut6_I2_O)        0.299     5.832 f  design_final_i/top_ssr_0/inst/u_top_system/u_dsp_chain/u_agg/suma_sq0_i_86/O
                         net (fo=1, routed)           0.796     6.628    design_final_i/top_ssr_0/inst/u_top_system/u_dsp_chain/u_agg/suma_sq0_i_86_n_0
    SLICE_X87Y106        LUT6 (Prop_lut6_I1_O)        0.124     6.752 f  design_final_i/top_ssr_0/inst/u_top_system/u_dsp_chain/u_agg/suma_sq0_i_27/O
                         net (fo=7, routed)           0.799     7.551    design_final_i/top_ssr_0/inst/u_top_system/u_dsp_chain/u_agg/suma_sq0_i_27_n_0
    SLICE_X83Y111        LUT1 (Prop_lut1_I0_O)        0.124     7.675 r  design_final_i/top_ssr_0/inst/u_top_system/u_dsp_chain/u_agg/feat_mem[12][3]_i_137/O
                         net (fo=1, routed)           0.000     7.675    design_final_i/top_ssr_0/inst/u_top_system/u_dsp_chain/u_agg/feat_mem[12][3]_i_137_n_0
    SLICE_X83Y111        CARRY4 (Prop_carry4_S[0]_CO[3])
                                                      0.532     8.207 r  design_final_i/top_ssr_0/inst/u_top_system/u_dsp_chain/u_agg/feat_mem_reg[12][3]_i_104/CO[3]
                         net (fo=1, routed)           0.000     8.207    design_final_i/top_ssr_0/inst/u_top_system/u_dsp_chain/u_agg/feat_mem_reg[12][3]_i_104_n_0
    SLICE_X83Y112        CARRY4 (Prop_carry4_CI_CO[3])
                                                      0.114     8.321 r  design_final_i/top_ssr_0/inst/u_top_system/u_dsp_chain/u_agg/feat_mem_reg[12][3]_i_73/CO[3]
                         net (fo=1, routed)           0.000     8.321    design_final_i/top_ssr_0/inst/u_top_system/u_dsp_chain/u_agg/feat_mem_reg[12][3]_i_73_n_0
    SLICE_X83Y113        CARRY4 (Prop_carry4_CI_CO[3])
                                                      0.114     8.435 r  design_final_i/top_ssr_0/inst/u_top_system/u_dsp_chain/u_agg/feat_mem_reg[12][3]_i_49/CO[3]
                         net (fo=1, routed)           0.000     8.435    design_final_i/top_ssr_0/inst/u_top_system/u_dsp_chain/u_agg/feat_mem_reg[12][3]_i_49_n_0
    SLICE_X83Y114        CARRY4 (Prop_carry4_CI_CO[3])
                                                      0.114     8.549 r  design_final_i/top_ssr_0/inst/u_top_system/u_dsp_chain/u_agg/feat_mem_reg[12][7]_i_15/CO[3]
                         net (fo=1, routed)           0.000     8.549    design_final_i/top_ssr_0/inst/u_top_system/u_dsp_chain/u_agg/feat_mem_reg[12][7]_i_15_n_0
    SLICE_X83Y115        CARRY4 (Prop_carry4_CI_CO[3])
                                                      0.114     8.663 r  design_final_i/top_ssr_0/inst/u_top_system/u_dsp_chain/u_agg/feat_mem_reg[12][15]_i_35/CO[3]
                         net (fo=1, routed)           0.000     8.663    design_final_i/top_ssr_0/inst/u_top_system/u_dsp_chain/u_agg/feat_mem_reg[12][15]_i_35_n_0
    SLICE_X83Y116        CARRY4 (Prop_carry4_CI_CO[3])
                                                      0.114     8.777 r  design_final_i/top_ssr_0/inst/u_top_system/u_dsp_chain/u_agg/feat_mem_reg[12][15]_i_16/CO[3]
                         net (fo=1, routed)           0.000     8.777    design_final_i/top_ssr_0/inst/u_top_system/u_dsp_chain/u_agg/feat_mem_reg[12][15]_i_16_n_0
    SLICE_X83Y117        CARRY4 (Prop_carry4_CI_O[0])
                                                      0.222     8.999 r  design_final_i/top_ssr_0/inst/u_top_system/u_dsp_chain/u_agg/feat_mem_reg[12][15]_i_11/O[0]
                         net (fo=3, routed)           1.435    10.434    design_final_i/top_ssr_0/inst/u_top_system/u_dsp_chain/u_agg/feat_mem_reg[12][15]_i_11_n_7
    SLICE_X86Y121        LUT3 (Prop_lut3_I2_O)        0.321    10.755 r  design_final_i/top_ssr_0/inst/u_top_system/u_dsp_chain/u_agg/feat_mem[12][11]_i_14/O
                         net (fo=16, routed)          1.199    11.954    design_final_i/top_ssr_0/inst/u_top_system/u_dsp_chain/u_agg/feat_mem[12][11]_i_14_n_0
    SLICE_X85Y118        LUT3 (Prop_lut3_I2_O)        0.356    12.310 r  design_final_i/top_ssr_0/inst/u_top_system/u_dsp_chain/u_agg/feat_mem[12][3]_i_127/O
                         net (fo=1, routed)           0.572    12.882    design_final_i/top_ssr_0/inst/u_top_system/u_dsp_chain/u_agg/feat_mem[12][3]_i_127_n_0
    SLICE_X84Y118        CARRY4 (Prop_carry4_DI[1]_CO[3])
                                                      0.709    13.591 r  design_final_i/top_ssr_0/inst/u_top_system/u_dsp_chain/u_agg/feat_mem_reg[12][3]_i_87/CO[3]
                         net (fo=1, routed)           0.000    13.591    design_final_i/top_ssr_0/inst/u_top_system/u_dsp_chain/u_agg/feat_mem_reg[12][3]_i_87_n_0
    SLICE_X84Y119        CARRY4 (Prop_carry4_CI_CO[3])
                                                      0.114    13.705 r  design_final_i/top_ssr_0/inst/u_top_system/u_dsp_chain/u_agg/feat_mem_reg[12][3]_i_60/CO[3]
                         net (fo=1, routed)           0.000    13.705    design_final_i/top_ssr_0/inst/u_top_system/u_dsp_chain/u_agg/feat_mem_reg[12][3]_i_60_n_0
    SLICE_X84Y120        CARRY4 (Prop_carry4_CI_CO[3])
                                                      0.114    13.819 r  design_final_i/top_ssr_0/inst/u_top_system/u_dsp_chain/u_agg/feat_mem_reg[12][3]_i_38/CO[3]
                         net (fo=1, routed)           0.000    13.819    design_final_i/top_ssr_0/inst/u_top_system/u_dsp_chain/u_agg/feat_mem_reg[12][3]_i_38_n_0
    SLICE_X84Y121        CARRY4 (Prop_carry4_CI_O[1])
                                                      0.334    14.153 r  design_final_i/top_ssr_0/inst/u_top_system/u_dsp_chain/u_agg/feat_mem_reg[12][3]_i_22/O[1]
                         net (fo=3, routed)           0.618    14.771    design_final_i/top_ssr_0/inst/u_top_system/u_dsp_chain/u_agg/feat_mem_reg[12][3]_i_22_n_6
    SLICE_X86Y121        LUT3 (Prop_lut3_I2_O)        0.303    15.074 r  design_final_i/top_ssr_0/inst/u_top_system/u_dsp_chain/u_agg/feat_mem[12][3]_i_27/O
                         net (fo=2, routed)           0.830    15.904    design_final_i/top_ssr_0/inst/u_top_system/u_dsp_chain/u_agg/feat_mem[12][3]_i_27_n_0
    SLICE_X86Y120        LUT5 (Prop_lut5_I4_O)        0.152    16.056 r  design_final_i/top_ssr_0/inst/u_top_system/u_dsp_chain/u_agg/feat_mem[12][3]_i_7/O
                         net (fo=2, routed)           0.697    16.753    design_final_i/top_ssr_0/inst/u_top_system/u_dsp_chain/u_agg/feat_mem[12][3]_i_7_n_0
    SLICE_X87Y121        LUT6 (Prop_lut6_I0_O)        0.348    17.101 r  design_final_i/top_ssr_0/inst/u_top_system/u_dsp_chain/u_agg/feat_mem[12][3]_i_11/O
                         net (fo=1, routed)           0.000    17.101    design_final_i/top_ssr_0/inst/u_top_system/u_dsp_chain/u_agg/feat_mem[12][3]_i_11_n_0
    SLICE_X87Y121        CARRY4 (Prop_carry4_S[0]_CO[3])
                                                      0.532    17.633 r  design_final_i/top_ssr_0/inst/u_top_system/u_dsp_chain/u_agg/feat_mem_reg[12][3]_i_2/CO[3]
                         net (fo=1, routed)           0.000    17.633    design_final_i/top_ssr_0/inst/u_top_system/u_dsp_chain/u_agg/feat_mem_reg[12][3]_i_2_n_0
    SLICE_X87Y122        CARRY4 (Prop_carry4_CI_O[0])
                                                      0.222    17.855 r  design_final_i/top_ssr_0/inst/u_top_system/u_dsp_chain/u_agg/feat_mem_reg[12][7]_i_2/O[0]
                         net (fo=10, routed)          0.825    18.680    design_final_i/top_ssr_0/inst/u_top_system/u_dsp_chain/u_agg/feat_mem_reg[12][7]_i_2_n_7
    SLICE_X82Y123        LUT2 (Prop_lut2_I0_O)        0.299    18.979 r  design_final_i/top_ssr_0/inst/u_top_system/u_dsp_chain/u_agg/feat_mem[12][15]_i_123/O
                         net (fo=1, routed)           0.000    18.979    design_final_i/top_ssr_0/inst/u_top_system/u_dsp_chain/u_agg/feat_mem[12][15]_i_123_n_0
    SLICE_X82Y123        CARRY4 (Prop_carry4_S[1]_CO[3])
                                                      0.533    19.512 r  design_final_i/top_ssr_0/inst/u_top_system/u_dsp_chain/u_agg/feat_mem_reg[12][15]_i_97/CO[3]
                         net (fo=1, routed)           0.000    19.512    design_final_i/top_ssr_0/inst/u_top_system/u_dsp_chain/u_agg/feat_mem_reg[12][15]_i_97_n_0
    SLICE_X82Y124        CARRY4 (Prop_carry4_CI_O[1])
                                                      0.323    19.835 r  design_final_i/top_ssr_0/inst/u_top_system/u_dsp_chain/u_agg/feat_mem_reg[12][15]_i_73/O[1]
                         net (fo=2, routed)           0.982    20.817    design_final_i/top_ssr_0/inst/u_top_system/u_dsp_chain/u_agg/feat_mem_reg[12][15]_i_73_n_6
    SLICE_X84Y124        LUT3 (Prop_lut3_I1_O)        0.334    21.151 r  design_final_i/top_ssr_0/inst/u_top_system/u_dsp_chain/u_agg/feat_mem[12][15]_i_65/O
                         net (fo=2, routed)           0.536    21.687    design_final_i/top_ssr_0/inst/u_top_system/u_dsp_chain/u_agg/feat_mem[12][15]_i_65_n_0
    SLICE_X83Y124        CARRY4 (Prop_carry4_DI[3]_CO[3])
                                                      0.587    22.274 r  design_final_i/top_ssr_0/inst/u_top_system/u_dsp_chain/u_agg/feat_mem_reg[12][15]_i_40/CO[3]
                         net (fo=1, routed)           0.009    22.283    design_final_i/top_ssr_0/inst/u_top_system/u_dsp_chain/u_agg/feat_mem_reg[12][15]_i_40_n_0
    SLICE_X83Y125        CARRY4 (Prop_carry4_CI_O[3])
                                                      0.313    22.596 r  design_final_i/top_ssr_0/inst/u_top_system/u_dsp_chain/u_agg/feat_mem_reg[12][15]_i_20/O[3]
                         net (fo=3, routed)           0.817    23.412    design_final_i/top_ssr_0/inst/u_top_system/u_dsp_chain/u_agg/feat_mem_reg[12][15]_i_20_n_4
    SLICE_X81Y126        LUT4 (Prop_lut4_I1_O)        0.306    23.718 r  design_final_i/top_ssr_0/inst/u_top_system/u_dsp_chain/u_agg/feat_mem[12][15]_i_32/O
                         net (fo=1, routed)           0.000    23.718    design_final_i/top_ssr_0/inst/u_top_system/u_dsp_chain/u_agg/feat_mem[12][15]_i_32_n_0
    SLICE_X81Y126        CARRY4 (Prop_carry4_S[2]_CO[3])
                                                      0.398    24.116 r  design_final_i/top_ssr_0/inst/u_top_system/u_dsp_chain/u_agg/feat_mem_reg[12][15]_i_13/CO[3]
                         net (fo=1, routed)           0.000    24.116    design_final_i/top_ssr_0/inst/u_top_system/u_dsp_chain/u_agg/feat_mem_reg[12][15]_i_13_n_0
    SLICE_X81Y127        CARRY4 (Prop_carry4_CI_CO[0])
                                                      0.271    24.387 r  design_final_i/top_ssr_0/inst/u_top_system/u_dsp_chain/u_agg/feat_mem_reg[12][15]_i_10/CO[0]
                         net (fo=1, routed)           0.472    24.859    design_final_i/top_ssr_0/inst/u_top_system/u_dsp_chain/u_agg/feat_mem_reg[12][15]_i_10_n_3
    SLICE_X82Y127        LUT4 (Prop_lut4_I0_O)        0.373    25.232 r  design_final_i/top_ssr_0/inst/u_top_system/u_dsp_chain/u_agg/feat_mem[12][15]_i_4/O
                         net (fo=42, routed)          0.945    26.177    design_final_i/top_ssr_0/inst/u_top_system/u_dsp_chain/u_agg/feat_mem[12][15]_i_4_n_0
    SLICE_X85Y120        LUT3 (Prop_lut3_I1_O)        0.150    26.327 r  design_final_i/top_ssr_0/inst/u_top_system/u_dsp_chain/u_agg/feat_mem[12][2]_i_13/O
                         net (fo=1, routed)           0.701    27.028    design_final_i/top_ssr_0/inst/u_top_system/u_dsp_chain/u_agg/feat_mem[12][2]_i_13_n_0
    SLICE_X91Y121        CARRY4 (Prop_carry4_CYINIT_CO[3])
                                                      0.782    27.810 r  design_final_i/top_ssr_0/inst/u_top_system/u_dsp_chain/u_agg/feat_mem_reg[12][2]_i_8/CO[3]
                         net (fo=1, routed)           0.000    27.810    design_final_i/top_ssr_0/inst/u_top_system/u_dsp_chain/u_agg/feat_mem_reg[12][2]_i_8_n_0
    SLICE_X91Y122        CARRY4 (Prop_carry4_CI_CO[3])
                                                      0.114    27.924 r  design_final_i/top_ssr_0/inst/u_top_system/u_dsp_chain/u_agg/feat_mem_reg[12][2]_i_3/CO[3]
                         net (fo=1, routed)           0.000    27.924    design_final_i/top_ssr_0/inst/u_top_system/u_dsp_chain/u_agg/feat_mem_reg[12][2]_i_3_n_0
    SLICE_X91Y123        CARRY4 (Prop_carry4_CI_CO[3])
                                                      0.114    28.038 r  design_final_i/top_ssr_0/inst/u_top_system/u_dsp_chain/u_agg/feat_mem_reg[12][2]_i_2/CO[3]
                         net (fo=1, routed)           0.000    28.038    design_final_i/top_ssr_0/inst/u_top_system/u_dsp_chain/u_agg/feat_mem_reg[12][2]_i_2_n_0
    SLICE_X91Y124        CARRY4 (Prop_carry4_CI_CO[3])
                                                      0.114    28.152 r  design_final_i/top_ssr_0/inst/u_top_system/u_dsp_chain/u_agg/feat_mem_reg[12][6]_i_2/CO[3]
                         net (fo=1, routed)           0.009    28.161    design_final_i/top_ssr_0/inst/u_top_system/u_dsp_chain/u_agg/feat_mem_reg[12][6]_i_2_n_0
    SLICE_X91Y125        CARRY4 (Prop_carry4_CI_O[1])
                                                      0.334    28.495 r  design_final_i/top_ssr_0/inst/u_top_system/u_dsp_chain/u_agg/feat_mem_reg[12][10]_i_2/O[1]
                         net (fo=1, routed)           0.822    29.317    design_final_i/top_ssr_0/inst/u_top_system/u_dsp_chain/u_agg/feat_mem_reg[12][10]_i_2_n_6
    SLICE_X89Y124        LUT5 (Prop_lut5_I1_O)        0.303    29.620 r  design_final_i/top_ssr_0/inst/u_top_system/u_dsp_chain/u_agg/feat_mem[12][8]_i_1/O
                         net (fo=16, routed)          1.639    31.259    design_final_i/top_ssr_0/inst/u_top_system/u_dsp_chain/u_agg/p_1_in[8]
    SLICE_X112Y128       FDRE                                         r  design_final_i/top_ssr_0/inst/u_top_system/u_dsp_chain/u_agg/feat_mem_reg[3][8]/D
  -------------------------------------------------------------------    -------------------

                         (clock clk_fpga_0 rise edge)
                                                     50.000    50.000 r  
    PS7_X0Y0             PS7                          0.000    50.000 r  design_final_i/processing_system7_0/inst/PS7_i/FCLKCLK[0]
                         net (fo=1, routed)           1.088    51.088    design_final_i/processing_system7_0/inst/FCLK_CLK_unbuffered[0]
    BUFGCTRL_X0Y16       BUFG (Prop_bufg_I_O)         0.091    51.179 r  design_final_i/processing_system7_0/inst/buffer_fclk_clk_0.FCLK_CLK_0_BUFG/O
                         net (fo=19638, routed)       1.848    53.027    design_final_i/top_ssr_0/inst/u_top_system/u_dsp_chain/u_agg/s00_axi_aclk
    SLICE_X112Y128       FDRE                                         r  design_final_i/top_ssr_0/inst/u_top_system/u_dsp_chain/u_agg/feat_mem_reg[3][8]/C
                         clock pessimism              0.247    53.274    
                         clock uncertainty           -0.751    52.523    
    SLICE_X112Y128       FDRE (Setup_fdre_C_D)       -0.028    52.495    design_final_i/top_ssr_0/inst/u_top_system/u_dsp_chain/u_agg/feat_mem_reg[3][8]
  -------------------------------------------------------------------
                         required time                         52.495    
                         arrival time                         -31.259    
  -------------------------------------------------------------------
                         slack                                 21.236    

Slack (MET) :             21.241ns  (required time - arrival time)
  Source:                 design_final_i/top_ssr_0/inst/u_top_system/u_dsp_chain/u_agg/calc_k_reg[1]/C
                            (rising edge-triggered cell FDRE clocked by clk_fpga_0  {rise@0.000ns fall@25.000ns period=50.000ns})
  Destination:            design_final_i/top_ssr_0/inst/u_top_system/u_dsp_chain/u_agg/feat_mem_reg[2][8]/D
                            (rising edge-triggered cell FDRE clocked by clk_fpga_0  {rise@0.000ns fall@25.000ns period=50.000ns})
  Path Group:             clk_fpga_0
  Path Type:              Setup (Max at Slow Process Corner)
  Requirement:            50.000ns  (clk_fpga_0 rise@50.000ns - clk_fpga_0 rise@0.000ns)
  Data Path Delay:        27.963ns  (logic 11.443ns (40.922%)  route 16.520ns (59.078%))
  Logic Levels:           38  (CARRY4=24 LUT1=1 LUT2=1 LUT3=5 LUT4=2 LUT5=2 LUT6=3)
  Clock Path Skew:        0.016ns (DCD - SCD + CPR)
    Destination Clock Delay (DCD):    3.025ns = ( 53.025 - 50.000 ) 
    Source Clock Delay      (SCD):    3.256ns
    Clock Pessimism Removal (CPR):    0.247ns
  Clock Uncertainty:      0.751ns  ((TSJ^2 + TIJ^2)^1/2 + DJ) / 2 + PE
    Total System Jitter     (TSJ):    0.071ns
    Total Input Jitter      (TIJ):    1.500ns
    Discrete Jitter          (DJ):    0.000ns
    Phase Error              (PE):    0.000ns

    Location             Delay type                Incr(ns)  Path(ns)    Netlist Resource(s)
  -------------------------------------------------------------------    -------------------
                         (clock clk_fpga_0 rise edge)
                                                      0.000     0.000 r  
    PS7_X0Y0             PS7                          0.000     0.000 r  design_final_i/processing_system7_0/inst/PS7_i/FCLKCLK[0]
                         net (fo=1, routed)           1.193     1.193    design_final_i/processing_system7_0/inst/FCLK_CLK_unbuffered[0]
    BUFGCTRL_X0Y16       BUFG (Prop_bufg_I_O)         0.101     1.294 r  design_final_i/processing_system7_0/inst/buffer_fclk_clk_0.FCLK_CLK_0_BUFG/O
                         net (fo=19638, routed)       1.962     3.256    design_final_i/top_ssr_0/inst/u_top_system/u_dsp_chain/u_agg/s00_axi_aclk
    SLICE_X95Y121        FDRE                                         r  design_final_i/top_ssr_0/inst/u_top_system/u_dsp_chain/u_agg/calc_k_reg[1]/C
  -------------------------------------------------------------------    -------------------
    SLICE_X95Y121        FDRE (Prop_fdre_C_Q)         0.419     3.675 r  design_final_i/top_ssr_0/inst/u_top_system/u_dsp_chain/u_agg/calc_k_reg[1]/Q
                         net (fo=118, routed)         1.858     5.533    design_final_i/top_ssr_0/inst/u_top_system/u_dsp_chain/u_agg/calc_k[1]
    SLICE_X87Y105        LUT6 (Prop_lut6_I2_O)        0.299     5.832 f  design_final_i/top_ssr_0/inst/u_top_system/u_dsp_chain/u_agg/suma_sq0_i_86/O
                         net (fo=1, routed)           0.796     6.628    design_final_i/top_ssr_0/inst/u_top_system/u_dsp_chain/u_agg/suma_sq0_i_86_n_0
    SLICE_X87Y106        LUT6 (Prop_lut6_I1_O)        0.124     6.752 f  design_final_i/top_ssr_0/inst/u_top_system/u_dsp_chain/u_agg/suma_sq0_i_27/O
                         net (fo=7, routed)           0.799     7.551    design_final_i/top_ssr_0/inst/u_top_system/u_dsp_chain/u_agg/suma_sq0_i_27_n_0
    SLICE_X83Y111        LUT1 (Prop_lut1_I0_O)        0.124     7.675 r  design_final_i/top_ssr_0/inst/u_top_system/u_dsp_chain/u_agg/feat_mem[12][3]_i_137/O
                         net (fo=1, routed)           0.000     7.675    design_final_i/top_ssr_0/inst/u_top_system/u_dsp_chain/u_agg/feat_mem[12][3]_i_137_n_0
    SLICE_X83Y111        CARRY4 (Prop_carry4_S[0]_CO[3])
                                                      0.532     8.207 r  design_final_i/top_ssr_0/inst/u_top_system/u_dsp_chain/u_agg/feat_mem_reg[12][3]_i_104/CO[3]
                         net (fo=1, routed)           0.000     8.207    design_final_i/top_ssr_0/inst/u_top_system/u_dsp_chain/u_agg/feat_mem_reg[12][3]_i_104_n_0
    SLICE_X83Y112        CARRY4 (Prop_carry4_CI_CO[3])
                                                      0.114     8.321 r  design_final_i/top_ssr_0/inst/u_top_system/u_dsp_chain/u_agg/feat_mem_reg[12][3]_i_73/CO[3]
                         net (fo=1, routed)           0.000     8.321    design_final_i/top_ssr_0/inst/u_top_system/u_dsp_chain/u_agg/feat_mem_reg[12][3]_i_73_n_0
    SLICE_X83Y113        CARRY4 (Prop_carry4_CI_CO[3])
                                                      0.114     8.435 r  design_final_i/top_ssr_0/inst/u_top_system/u_dsp_chain/u_agg/feat_mem_reg[12][3]_i_49/CO[3]
                         net (fo=1, routed)           0.000     8.435    design_final_i/top_ssr_0/inst/u_top_system/u_dsp_chain/u_agg/feat_mem_reg[12][3]_i_49_n_0
    SLICE_X83Y114        CARRY4 (Prop_carry4_CI_CO[3])
                                                      0.114     8.549 r  design_final_i/top_ssr_0/inst/u_top_system/u_dsp_chain/u_agg/feat_mem_reg[12][7]_i_15/CO[3]
                         net (fo=1, routed)           0.000     8.549    design_final_i/top_ssr_0/inst/u_top_system/u_dsp_chain/u_agg/feat_mem_reg[12][7]_i_15_n_0
    SLICE_X83Y115        CARRY4 (Prop_carry4_CI_CO[3])
                                                      0.114     8.663 r  design_final_i/top_ssr_0/inst/u_top_system/u_dsp_chain/u_agg/feat_mem_reg[12][15]_i_35/CO[3]
                         net (fo=1, routed)           0.000     8.663    design_final_i/top_ssr_0/inst/u_top_system/u_dsp_chain/u_agg/feat_mem_reg[12][15]_i_35_n_0
    SLICE_X83Y116        CARRY4 (Prop_carry4_CI_CO[3])
                                                      0.114     8.777 r  design_final_i/top_ssr_0/inst/u_top_system/u_dsp_chain/u_agg/feat_mem_reg[12][15]_i_16/CO[3]
                         net (fo=1, routed)           0.000     8.777    design_final_i/top_ssr_0/inst/u_top_system/u_dsp_chain/u_agg/feat_mem_reg[12][15]_i_16_n_0
    SLICE_X83Y117        CARRY4 (Prop_carry4_CI_O[0])
                                                      0.222     8.999 r  design_final_i/top_ssr_0/inst/u_top_system/u_dsp_chain/u_agg/feat_mem_reg[12][15]_i_11/O[0]
                         net (fo=3, routed)           1.435    10.434    design_final_i/top_ssr_0/inst/u_top_system/u_dsp_chain/u_agg/feat_mem_reg[12][15]_i_11_n_7
    SLICE_X86Y121        LUT3 (Prop_lut3_I2_O)        0.321    10.755 r  design_final_i/top_ssr_0/inst/u_top_system/u_dsp_chain/u_agg/feat_mem[12][11]_i_14/O
                         net (fo=16, routed)          1.199    11.954    design_final_i/top_ssr_0/inst/u_top_system/u_dsp_chain/u_agg/feat_mem[12][11]_i_14_n_0
    SLICE_X85Y118        LUT3 (Prop_lut3_I2_O)        0.356    12.310 r  design_final_i/top_ssr_0/inst/u_top_system/u_dsp_chain/u_agg/feat_mem[12][3]_i_127/O
                         net (fo=1, routed)           0.572    12.882    design_final_i/top_ssr_0/inst/u_top_system/u_dsp_chain/u_agg/feat_mem[12][3]_i_127_n_0
    SLICE_X84Y118        CARRY4 (Prop_carry4_DI[1]_CO[3])
                                                      0.709    13.591 r  design_final_i/top_ssr_0/inst/u_top_system/u_dsp_chain/u_agg/feat_mem_reg[12][3]_i_87/CO[3]
                         net (fo=1, routed)           0.000    13.591    design_final_i/top_ssr_0/inst/u_top_system/u_dsp_chain/u_agg/feat_mem_reg[12][3]_i_87_n_0
    SLICE_X84Y119        CARRY4 (Prop_carry4_CI_CO[3])
                                                      0.114    13.705 r  design_final_i/top_ssr_0/inst/u_top_system/u_dsp_chain/u_agg/feat_mem_reg[12][3]_i_60/CO[3]
                         net (fo=1, routed)           0.000    13.705    design_final_i/top_ssr_0/inst/u_top_system/u_dsp_chain/u_agg/feat_mem_reg[12][3]_i_60_n_0
    SLICE_X84Y120        CARRY4 (Prop_carry4_CI_CO[3])
                                                      0.114    13.819 r  design_final_i/top_ssr_0/inst/u_top_system/u_dsp_chain/u_agg/feat_mem_reg[12][3]_i_38/CO[3]
                         net (fo=1, routed)           0.000    13.819    design_final_i/top_ssr_0/inst/u_top_system/u_dsp_chain/u_agg/feat_mem_reg[12][3]_i_38_n_0
    SLICE_X84Y121        CARRY4 (Prop_carry4_CI_O[1])
                                                      0.334    14.153 r  design_final_i/top_ssr_0/inst/u_top_system/u_dsp_chain/u_agg/feat_mem_reg[12][3]_i_22/O[1]
                         net (fo=3, routed)           0.618    14.771    design_final_i/top_ssr_0/inst/u_top_system/u_dsp_chain/u_agg/feat_mem_reg[12][3]_i_22_n_6
    SLICE_X86Y121        LUT3 (Prop_lut3_I2_O)        0.303    15.074 r  design_final_i/top_ssr_0/inst/u_top_system/u_dsp_chain/u_agg/feat_mem[12][3]_i_27/O
                         net (fo=2, routed)           0.830    15.904    design_final_i/top_ssr_0/inst/u_top_system/u_dsp_chain/u_agg/feat_mem[12][3]_i_27_n_0
    SLICE_X86Y120        LUT5 (Prop_lut5_I4_O)        0.152    16.056 r  design_final_i/top_ssr_0/inst/u_top_system/u_dsp_chain/u_agg/feat_mem[12][3]_i_7/O
                         net (fo=2, routed)           0.697    16.753    design_final_i/top_ssr_0/inst/u_top_system/u_dsp_chain/u_agg/feat_mem[12][3]_i_7_n_0
    SLICE_X87Y121        LUT6 (Prop_lut6_I0_O)        0.348    17.101 r  design_final_i/top_ssr_0/inst/u_top_system/u_dsp_chain/u_agg/feat_mem[12][3]_i_11/O
                         net (fo=1, routed)           0.000    17.101    design_final_i/top_ssr_0/inst/u_top_system/u_dsp_chain/u_agg/feat_mem[12][3]_i_11_n_0
    SLICE_X87Y121        CARRY4 (Prop_carry4_S[0]_CO[3])
                                                      0.532    17.633 r  design_final_i/top_ssr_0/inst/u_top_system/u_dsp_chain/u_agg/feat_mem_reg[12][3]_i_2/CO[3]
                         net (fo=1, routed)           0.000    17.633    design_final_i/top_ssr_0/inst/u_top_system/u_dsp_chain/u_agg/feat_mem_reg[12][3]_i_2_n_0
    SLICE_X87Y122        CARRY4 (Prop_carry4_CI_O[0])
                                                      0.222    17.855 r  design_final_i/top_ssr_0/inst/u_top_system/u_dsp_chain/u_agg/feat_mem_reg[12][7]_i_2/O[0]
                         net (fo=10, routed)          0.825    18.680    design_final_i/top_ssr_0/inst/u_top_system/u_dsp_chain/u_agg/feat_mem_reg[12][7]_i_2_n_7
    SLICE_X82Y123        LUT2 (Prop_lut2_I0_O)        0.299    18.979 r  design_final_i/top_ssr_0/inst/u_top_system/u_dsp_chain/u_agg/feat_mem[12][15]_i_123/O
                         net (fo=1, routed)           0.000    18.979    design_final_i/top_ssr_0/inst/u_top_system/u_dsp_chain/u_agg/feat_mem[12][15]_i_123_n_0
    SLICE_X82Y123        CARRY4 (Prop_carry4_S[1]_CO[3])
                                                      0.533    19.512 r  design_final_i/top_ssr_0/inst/u_top_system/u_dsp_chain/u_agg/feat_mem_reg[12][15]_i_97/CO[3]
                         net (fo=1, routed)           0.000    19.512    design_final_i/top_ssr_0/inst/u_top_system/u_dsp_chain/u_agg/feat_mem_reg[12][15]_i_97_n_0
    SLICE_X82Y124        CARRY4 (Prop_carry4_CI_O[1])
                                                      0.323    19.835 r  design_final_i/top_ssr_0/inst/u_top_system/u_dsp_chain/u_agg/feat_mem_reg[12][15]_i_73/O[1]
                         net (fo=2, routed)           0.982    20.817    design_final_i/top_ssr_0/inst/u_top_system/u_dsp_chain/u_agg/feat_mem_reg[12][15]_i_73_n_6
    SLICE_X84Y124        LUT3 (Prop_lut3_I1_O)        0.334    21.151 r  design_final_i/top_ssr_0/inst/u_top_system/u_dsp_chain/u_agg/feat_mem[12][15]_i_65/O
                         net (fo=2, routed)           0.536    21.687    design_final_i/top_ssr_0/inst/u_top_system/u_dsp_chain/u_agg/feat_mem[12][15]_i_65_n_0
    SLICE_X83Y124        CARRY4 (Prop_carry4_DI[3]_CO[3])
                                                      0.587    22.274 r  design_final_i/top_ssr_0/inst/u_top_system/u_dsp_chain/u_agg/feat_mem_reg[12][15]_i_40/CO[3]
                         net (fo=1, routed)           0.009    22.283    design_final_i/top_ssr_0/inst/u_top_system/u_dsp_chain/u_agg/feat_mem_reg[12][15]_i_40_n_0
    SLICE_X83Y125        CARRY4 (Prop_carry4_CI_O[3])
                                                      0.313    22.596 r  design_final_i/top_ssr_0/inst/u_top_system/u_dsp_chain/u_agg/feat_mem_reg[12][15]_i_20/O[3]
                         net (fo=3, routed)           0.817    23.412    design_final_i/top_ssr_0/inst/u_top_system/u_dsp_chain/u_agg/feat_mem_reg[12][15]_i_20_n_4
    SLICE_X81Y126        LUT4 (Prop_lut4_I1_O)        0.306    23.718 r  design_final_i/top_ssr_0/inst/u_top_system/u_dsp_chain/u_agg/feat_mem[12][15]_i_32/O
                         net (fo=1, routed)           0.000    23.718    design_final_i/top_ssr_0/inst/u_top_system/u_dsp_chain/u_agg/feat_mem[12][15]_i_32_n_0
    SLICE_X81Y126        CARRY4 (Prop_carry4_S[2]_CO[3])
                                                      0.398    24.116 r  design_final_i/top_ssr_0/inst/u_top_system/u_dsp_chain/u_agg/feat_mem_reg[12][15]_i_13/CO[3]
                         net (fo=1, routed)           0.000    24.116    design_final_i/top_ssr_0/inst/u_top_system/u_dsp_chain/u_agg/feat_mem_reg[12][15]_i_13_n_0
    SLICE_X81Y127        CARRY4 (Prop_carry4_CI_CO[0])
                                                      0.271    24.387 r  design_final_i/top_ssr_0/inst/u_top_system/u_dsp_chain/u_agg/feat_mem_reg[12][15]_i_10/CO[0]
                         net (fo=1, routed)           0.472    24.859    design_final_i/top_ssr_0/inst/u_top_system/u_dsp_chain/u_agg/feat_mem_reg[12][15]_i_10_n_3
    SLICE_X82Y127        LUT4 (Prop_lut4_I0_O)        0.373    25.232 r  design_final_i/top_ssr_0/inst/u_top_system/u_dsp_chain/u_agg/feat_mem[12][15]_i_4/O
                         net (fo=42, routed)          0.945    26.177    design_final_i/top_ssr_0/inst/u_top_system/u_dsp_chain/u_agg/feat_mem[12][15]_i_4_n_0
    SLICE_X85Y120        LUT3 (Prop_lut3_I1_O)        0.150    26.327 r  design_final_i/top_ssr_0/inst/u_top_system/u_dsp_chain/u_agg/feat_mem[12][2]_i_13/O
                         net (fo=1, routed)           0.701    27.028    design_final_i/top_ssr_0/inst/u_top_system/u_dsp_chain/u_agg/feat_mem[12][2]_i_13_n_0
    SLICE_X91Y121        CARRY4 (Prop_carry4_CYINIT_CO[3])
                                                      0.782    27.810 r  design_final_i/top_ssr_0/inst/u_top_system/u_dsp_chain/u_agg/feat_mem_reg[12][2]_i_8/CO[3]
                         net (fo=1, routed)           0.000    27.810    design_final_i/top_ssr_0/inst/u_top_system/u_dsp_chain/u_agg/feat_mem_reg[12][2]_i_8_n_0
    SLICE_X91Y122        CARRY4 (Prop_carry4_CI_CO[3])
                                                      0.114    27.924 r  design_final_i/top_ssr_0/inst/u_top_system/u_dsp_chain/u_agg/feat_mem_reg[12][2]_i_3/CO[3]
                         net (fo=1, routed)           0.000    27.924    design_final_i/top_ssr_0/inst/u_top_system/u_dsp_chain/u_agg/feat_mem_reg[12][2]_i_3_n_0
    SLICE_X91Y123        CARRY4 (Prop_carry4_CI_CO[3])
                                                      0.114    28.038 r  design_final_i/top_ssr_0/inst/u_top_system/u_dsp_chain/u_agg/feat_mem_reg[12][2]_i_2/CO[3]
                         net (fo=1, routed)           0.000    28.038    design_final_i/top_ssr_0/inst/u_top_system/u_dsp_chain/u_agg/feat_mem_reg[12][2]_i_2_n_0
    SLICE_X91Y124        CARRY4 (Prop_carry4_CI_CO[3])
                                                      0.114    28.152 r  design_final_i/top_ssr_0/inst/u_top_system/u_dsp_chain/u_agg/feat_mem_reg[12][6]_i_2/CO[3]
                         net (fo=1, routed)           0.009    28.161    design_final_i/top_ssr_0/inst/u_top_system/u_dsp_chain/u_agg/feat_mem_reg[12][6]_i_2_n_0
    SLICE_X91Y125        CARRY4 (Prop_carry4_CI_O[1])
                                                      0.334    28.495 r  design_final_i/top_ssr_0/inst/u_top_system/u_dsp_chain/u_agg/feat_mem_reg[12][10]_i_2/O[1]
                         net (fo=1, routed)           0.822    29.317    design_final_i/top_ssr_0/inst/u_top_system/u_dsp_chain/u_agg/feat_mem_reg[12][10]_i_2_n_6
    SLICE_X89Y124        LUT5 (Prop_lut5_I1_O)        0.303    29.620 r  design_final_i/top_ssr_0/inst/u_top_system/u_dsp_chain/u_agg/feat_mem[12][8]_i_1/O
                         net (fo=16, routed)          1.598    31.219    design_final_i/top_ssr_0/inst/u_top_system/u_dsp_chain/u_agg/p_1_in[8]
    SLICE_X110Y127       FDRE                                         r  design_final_i/top_ssr_0/inst/u_top_system/u_dsp_chain/u_agg/feat_mem_reg[2][8]/D
  -------------------------------------------------------------------    -------------------

                         (clock clk_fpga_0 rise edge)
                                                     50.000    50.000 r  
    PS7_X0Y0             PS7                          0.000    50.000 r  design_final_i/processing_system7_0/inst/PS7_i/FCLKCLK[0]
                         net (fo=1, routed)           1.088    51.088    design_final_i/processing_system7_0/inst/FCLK_CLK_unbuffered[0]
    BUFGCTRL_X0Y16       BUFG (Prop_bufg_I_O)         0.091    51.179 r  design_final_i/processing_system7_0/inst/buffer_fclk_clk_0.FCLK_CLK_0_BUFG/O
                         net (fo=19638, routed)       1.846    53.025    design_final_i/top_ssr_0/inst/u_top_system/u_dsp_chain/u_agg/s00_axi_aclk
    SLICE_X110Y127       FDRE                                         r  design_final_i/top_ssr_0/inst/u_top_system/u_dsp_chain/u_agg/feat_mem_reg[2][8]/C
                         clock pessimism              0.247    53.272    
                         clock uncertainty           -0.751    52.521    
    SLICE_X110Y127       FDRE (Setup_fdre_C_D)       -0.061    52.460    design_final_i/top_ssr_0/inst/u_top_system/u_dsp_chain/u_agg/feat_mem_reg[2][8]
  -------------------------------------------------------------------
                         required time                         52.460    
                         arrival time                         -31.219    
  -------------------------------------------------------------------
                         slack                                 21.241    

Slack (MET) :             21.261ns  (required time - arrival time)
  Source:                 design_final_i/top_ssr_0/inst/u_top_system/u_dsp_chain/u_agg/calc_k_reg[1]/C
                            (rising edge-triggered cell FDRE clocked by clk_fpga_0  {rise@0.000ns fall@25.000ns period=50.000ns})
  Destination:            design_final_i/top_ssr_0/inst/u_top_system/u_dsp_chain/u_agg/feat_mem_reg[12][8]/D
                            (rising edge-triggered cell FDRE clocked by clk_fpga_0  {rise@0.000ns fall@25.000ns period=50.000ns})
  Path Group:             clk_fpga_0
  Path Type:              Setup (Max at Slow Process Corner)
  Requirement:            50.000ns  (clk_fpga_0 rise@50.000ns - clk_fpga_0 rise@0.000ns)
  Data Path Delay:        27.945ns  (logic 11.443ns (40.949%)  route 16.502ns (59.051%))
  Logic Levels:           38  (CARRY4=24 LUT1=1 LUT2=1 LUT3=5 LUT4=2 LUT5=2 LUT6=3)
  Clock Path Skew:        0.015ns (DCD - SCD + CPR)
    Destination Clock Delay (DCD):    3.024ns = ( 53.024 - 50.000 ) 
    Source Clock Delay      (SCD):    3.256ns
    Clock Pessimism Removal (CPR):    0.247ns
  Clock Uncertainty:      0.751ns  ((TSJ^2 + TIJ^2)^1/2 + DJ) / 2 + PE
    Total System Jitter     (TSJ):    0.071ns
    Total Input Jitter      (TIJ):    1.500ns
    Discrete Jitter          (DJ):    0.000ns
    Phase Error              (PE):    0.000ns

    Location             Delay type                Incr(ns)  Path(ns)    Netlist Resource(s)
  -------------------------------------------------------------------    -------------------
                         (clock clk_fpga_0 rise edge)
                                                      0.000     0.000 r  
    PS7_X0Y0             PS7                          0.000     0.000 r  design_final_i/processing_system7_0/inst/PS7_i/FCLKCLK[0]
                         net (fo=1, routed)           1.193     1.193    design_final_i/processing_system7_0/inst/FCLK_CLK_unbuffered[0]
    BUFGCTRL_X0Y16       BUFG (Prop_bufg_I_O)         0.101     1.294 r  design_final_i/processing_system7_0/inst/buffer_fclk_clk_0.FCLK_CLK_0_BUFG/O
                         net (fo=19638, routed)       1.962     3.256    design_final_i/top_ssr_0/inst/u_top_system/u_dsp_chain/u_agg/s00_axi_aclk
    SLICE_X95Y121        FDRE                                         r  design_final_i/top_ssr_0/inst/u_top_system/u_dsp_chain/u_agg/calc_k_reg[1]/C
  -------------------------------------------------------------------    -------------------
    SLICE_X95Y121        FDRE (Prop_fdre_C_Q)         0.419     3.675 r  design_final_i/top_ssr_0/inst/u_top_system/u_dsp_chain/u_agg/calc_k_reg[1]/Q
                         net (fo=118, routed)         1.858     5.533    design_final_i/top_ssr_0/inst/u_top_system/u_dsp_chain/u_agg/calc_k[1]
    SLICE_X87Y105        LUT6 (Prop_lut6_I2_O)        0.299     5.832 f  design_final_i/top_ssr_0/inst/u_top_system/u_dsp_chain/u_agg/suma_sq0_i_86/O
                         net (fo=1, routed)           0.796     6.628    design_final_i/top_ssr_0/inst/u_top_system/u_dsp_chain/u_agg/suma_sq0_i_86_n_0
    SLICE_X87Y106        LUT6 (Prop_lut6_I1_O)        0.124     6.752 f  design_final_i/top_ssr_0/inst/u_top_system/u_dsp_chain/u_agg/suma_sq0_i_27/O
                         net (fo=7, routed)           0.799     7.551    design_final_i/top_ssr_0/inst/u_top_system/u_dsp_chain/u_agg/suma_sq0_i_27_n_0
    SLICE_X83Y111        LUT1 (Prop_lut1_I0_O)        0.124     7.675 r  design_final_i/top_ssr_0/inst/u_top_system/u_dsp_chain/u_agg/feat_mem[12][3]_i_137/O
                         net (fo=1, routed)           0.000     7.675    design_final_i/top_ssr_0/inst/u_top_system/u_dsp_chain/u_agg/feat_mem[12][3]_i_137_n_0
    SLICE_X83Y111        CARRY4 (Prop_carry4_S[0]_CO[3])
                                                      0.532     8.207 r  design_final_i/top_ssr_0/inst/u_top_system/u_dsp_chain/u_agg/feat_mem_reg[12][3]_i_104/CO[3]
                         net (fo=1, routed)           0.000     8.207    design_final_i/top_ssr_0/inst/u_top_system/u_dsp_chain/u_agg/feat_mem_reg[12][3]_i_104_n_0
    SLICE_X83Y112        CARRY4 (Prop_carry4_CI_CO[3])
                                                      0.114     8.321 r  design_final_i/top_ssr_0/inst/u_top_system/u_dsp_chain/u_agg/feat_mem_reg[12][3]_i_73/CO[3]
                         net (fo=1, routed)           0.000     8.321    design_final_i/top_ssr_0/inst/u_top_system/u_dsp_chain/u_agg/feat_mem_reg[12][3]_i_73_n_0
    SLICE_X83Y113        CARRY4 (Prop_carry4_CI_CO[3])
                                                      0.114     8.435 r  design_final_i/top_ssr_0/inst/u_top_system/u_dsp_chain/u_agg/feat_mem_reg[12][3]_i_49/CO[3]
                         net (fo=1, routed)           0.000     8.435    design_final_i/top_ssr_0/inst/u_top_system/u_dsp_chain/u_agg/feat_mem_reg[12][3]_i_49_n_0
    SLICE_X83Y114        CARRY4 (Prop_carry4_CI_CO[3])
                                                      0.114     8.549 r  design_final_i/top_ssr_0/inst/u_top_system/u_dsp_chain/u_agg/feat_mem_reg[12][7]_i_15/CO[3]
                         net (fo=1, routed)           0.000     8.549    design_final_i/top_ssr_0/inst/u_top_system/u_dsp_chain/u_agg/feat_mem_reg[12][7]_i_15_n_0
    SLICE_X83Y115        CARRY4 (Prop_carry4_CI_CO[3])
                                                      0.114     8.663 r  design_final_i/top_ssr_0/inst/u_top_system/u_dsp_chain/u_agg/feat_mem_reg[12][15]_i_35/CO[3]
                         net (fo=1, routed)           0.000     8.663    design_final_i/top_ssr_0/inst/u_top_system/u_dsp_chain/u_agg/feat_mem_reg[12][15]_i_35_n_0
    SLICE_X83Y116        CARRY4 (Prop_carry4_CI_CO[3])
                                                      0.114     8.777 r  design_final_i/top_ssr_0/inst/u_top_system/u_dsp_chain/u_agg/feat_mem_reg[12][15]_i_16/CO[3]
                         net (fo=1, routed)           0.000     8.777    design_final_i/top_ssr_0/inst/u_top_system/u_dsp_chain/u_agg/feat_mem_reg[12][15]_i_16_n_0
    SLICE_X83Y117        CARRY4 (Prop_carry4_CI_O[0])
                                                      0.222     8.999 r  design_final_i/top_ssr_0/inst/u_top_system/u_dsp_chain/u_agg/feat_mem_reg[12][15]_i_11/O[0]
                         net (fo=3, routed)           1.435    10.434    design_final_i/top_ssr_0/inst/u_top_system/u_dsp_chain/u_agg/feat_mem_reg[12][15]_i_11_n_7
    SLICE_X86Y121        LUT3 (Prop_lut3_I2_O)        0.321    10.755 r  design_final_i/top_ssr_0/inst/u_top_system/u_dsp_chain/u_agg/feat_mem[12][11]_i_14/O
                         net (fo=16, routed)          1.199    11.954    design_final_i/top_ssr_0/inst/u_top_system/u_dsp_chain/u_agg/feat_mem[12][11]_i_14_n_0
    SLICE_X85Y118        LUT3 (Prop_lut3_I2_O)        0.356    12.310 r  design_final_i/top_ssr_0/inst/u_top_system/u_dsp_chain/u_agg/feat_mem[12][3]_i_127/O
                         net (fo=1, routed)           0.572    12.882    design_final_i/top_ssr_0/inst/u_top_system/u_dsp_chain/u_agg/feat_mem[12][3]_i_127_n_0
    SLICE_X84Y118        CARRY4 (Prop_carry4_DI[1]_CO[3])
                                                      0.709    13.591 r  design_final_i/top_ssr_0/inst/u_top_system/u_dsp_chain/u_agg/feat_mem_reg[12][3]_i_87/CO[3]
                         net (fo=1, routed)           0.000    13.591    design_final_i/top_ssr_0/inst/u_top_system/u_dsp_chain/u_agg/feat_mem_reg[12][3]_i_87_n_0
    SLICE_X84Y119        CARRY4 (Prop_carry4_CI_CO[3])
                                                      0.114    13.705 r  design_final_i/top_ssr_0/inst/u_top_system/u_dsp_chain/u_agg/feat_mem_reg[12][3]_i_60/CO[3]
                         net (fo=1, routed)           0.000    13.705    design_final_i/top_ssr_0/inst/u_top_system/u_dsp_chain/u_agg/feat_mem_reg[12][3]_i_60_n_0
    SLICE_X84Y120        CARRY4 (Prop_carry4_CI_CO[3])
                                                      0.114    13.819 r  design_final_i/top_ssr_0/inst/u_top_system/u_dsp_chain/u_agg/feat_mem_reg[12][3]_i_38/CO[3]
                         net (fo=1, routed)           0.000    13.819    design_final_i/top_ssr_0/inst/u_top_system/u_dsp_chain/u_agg/feat_mem_reg[12][3]_i_38_n_0
    SLICE_X84Y121        CARRY4 (Prop_carry4_CI_O[1])
                                                      0.334    14.153 r  design_final_i/top_ssr_0/inst/u_top_system/u_dsp_chain/u_agg/feat_mem_reg[12][3]_i_22/O[1]
                         net (fo=3, routed)           0.618    14.771    design_final_i/top_ssr_0/inst/u_top_system/u_dsp_chain/u_agg/feat_mem_reg[12][3]_i_22_n_6
    SLICE_X86Y121        LUT3 (Prop_lut3_I2_O)        0.303    15.074 r  design_final_i/top_ssr_0/inst/u_top_system/u_dsp_chain/u_agg/feat_mem[12][3]_i_27/O
                         net (fo=2, routed)           0.830    15.904    design_final_i/top_ssr_0/inst/u_top_system/u_dsp_chain/u_agg/feat_mem[12][3]_i_27_n_0
    SLICE_X86Y120        LUT5 (Prop_lut5_I4_O)        0.152    16.056 r  design_final_i/top_ssr_0/inst/u_top_system/u_dsp_chain/u_agg/feat_mem[12][3]_i_7/O
                         net (fo=2, routed)           0.697    16.753    design_final_i/top_ssr_0/inst/u_top_system/u_dsp_chain/u_agg/feat_mem[12][3]_i_7_n_0
    SLICE_X87Y121        LUT6 (Prop_lut6_I0_O)        0.348    17.101 r  design_final_i/top_ssr_0/inst/u_top_system/u_dsp_chain/u_agg/feat_mem[12][3]_i_11/O
                         net (fo=1, routed)           0.000    17.101    design_final_i/top_ssr_0/inst/u_top_system/u_dsp_chain/u_agg/feat_mem[12][3]_i_11_n_0
    SLICE_X87Y121        CARRY4 (Prop_carry4_S[0]_CO[3])
                                                      0.532    17.633 r  design_final_i/top_ssr_0/inst/u_top_system/u_dsp_chain/u_agg/feat_mem_reg[12][3]_i_2/CO[3]
                         net (fo=1, routed)           0.000    17.633    design_final_i/top_ssr_0/inst/u_top_system/u_dsp_chain/u_agg/feat_mem_reg[12][3]_i_2_n_0
    SLICE_X87Y122        CARRY4 (Prop_carry4_CI_O[0])
                                                      0.222    17.855 r  design_final_i/top_ssr_0/inst/u_top_system/u_dsp_chain/u_agg/feat_mem_reg[12][7]_i_2/O[0]
                         net (fo=10, routed)          0.825    18.680    design_final_i/top_ssr_0/inst/u_top_system/u_dsp_chain/u_agg/feat_mem_reg[12][7]_i_2_n_7
    SLICE_X82Y123        LUT2 (Prop_lut2_I0_O)        0.299    18.979 r  design_final_i/top_ssr_0/inst/u_top_system/u_dsp_chain/u_agg/feat_mem[12][15]_i_123/O
                         net (fo=1, routed)           0.000    18.979    design_final_i/top_ssr_0/inst/u_top_system/u_dsp_chain/u_agg/feat_mem[12][15]_i_123_n_0
    SLICE_X82Y123        CARRY4 (Prop_carry4_S[1]_CO[3])
                                                      0.533    19.512 r  design_final_i/top_ssr_0/inst/u_top_system/u_dsp_chain/u_agg/feat_mem_reg[12][15]_i_97/CO[3]
                         net (fo=1, routed)           0.000    19.512    design_final_i/top_ssr_0/inst/u_top_system/u_dsp_chain/u_agg/feat_mem_reg[12][15]_i_97_n_0
    SLICE_X82Y124        CARRY4 (Prop_carry4_CI_O[1])
                                                      0.323    19.835 r  design_final_i/top_ssr_0/inst/u_top_system/u_dsp_chain/u_agg/feat_mem_reg[12][15]_i_73/O[1]
                         net (fo=2, routed)           0.982    20.817    design_final_i/top_ssr_0/inst/u_top_system/u_dsp_chain/u_agg/feat_mem_reg[12][15]_i_73_n_6
    SLICE_X84Y124        LUT3 (Prop_lut3_I1_O)        0.334    21.151 r  design_final_i/top_ssr_0/inst/u_top_system/u_dsp_chain/u_agg/feat_mem[12][15]_i_65/O
                         net (fo=2, routed)           0.536    21.687    design_final_i/top_ssr_0/inst/u_top_system/u_dsp_chain/u_agg/feat_mem[12][15]_i_65_n_0
    SLICE_X83Y124        CARRY4 (Prop_carry4_DI[3]_CO[3])
                                                      0.587    22.274 r  design_final_i/top_ssr_0/inst/u_top_system/u_dsp_chain/u_agg/feat_mem_reg[12][15]_i_40/CO[3]
                         net (fo=1, routed)           0.009    22.283    design_final_i/top_ssr_0/inst/u_top_system/u_dsp_chain/u_agg/feat_mem_reg[12][15]_i_40_n_0
    SLICE_X83Y125        CARRY4 (Prop_carry4_CI_O[3])
                                                      0.313    22.596 r  design_final_i/top_ssr_0/inst/u_top_system/u_dsp_chain/u_agg/feat_mem_reg[12][15]_i_20/O[3]
                         net (fo=3, routed)           0.817    23.412    design_final_i/top_ssr_0/inst/u_top_system/u_dsp_chain/u_agg/feat_mem_reg[12][15]_i_20_n_4
    SLICE_X81Y126        LUT4 (Prop_lut4_I1_O)        0.306    23.718 r  design_final_i/top_ssr_0/inst/u_top_system/u_dsp_chain/u_agg/feat_mem[12][15]_i_32/O
                         net (fo=1, routed)           0.000    23.718    design_final_i/top_ssr_0/inst/u_top_system/u_dsp_chain/u_agg/feat_mem[12][15]_i_32_n_0
    SLICE_X81Y126        CARRY4 (Prop_carry4_S[2]_CO[3])
                                                      0.398    24.116 r  design_final_i/top_ssr_0/inst/u_top_system/u_dsp_chain/u_agg/feat_mem_reg[12][15]_i_13/CO[3]
                         net (fo=1, routed)           0.000    24.116    design_final_i/top_ssr_0/inst/u_top_system/u_dsp_chain/u_agg/feat_mem_reg[12][15]_i_13_n_0
    SLICE_X81Y127        CARRY4 (Prop_carry4_CI_CO[0])
                                                      0.271    24.387 r  design_final_i/top_ssr_0/inst/u_top_system/u_dsp_chain/u_agg/feat_mem_reg[12][15]_i_10/CO[0]
                         net (fo=1, routed)           0.472    24.859    design_final_i/top_ssr_0/inst/u_top_system/u_dsp_chain/u_agg/feat_mem_reg[12][15]_i_10_n_3
    SLICE_X82Y127        LUT4 (Prop_lut4_I0_O)        0.373    25.232 r  design_final_i/top_ssr_0/inst/u_top_system/u_dsp_chain/u_agg/feat_mem[12][15]_i_4/O
                         net (fo=42, routed)          0.945    26.177    design_final_i/top_ssr_0/inst/u_top_system/u_dsp_chain/u_agg/feat_mem[12][15]_i_4_n_0
    SLICE_X85Y120        LUT3 (Prop_lut3_I1_O)        0.150    26.327 r  design_final_i/top_ssr_0/inst/u_top_system/u_dsp_chain/u_agg/feat_mem[12][2]_i_13/O
                         net (fo=1, routed)           0.701    27.028    design_final_i/top_ssr_0/inst/u_top_system/u_dsp_chain/u_agg/feat_mem[12][2]_i_13_n_0
    SLICE_X91Y121        CARRY4 (Prop_carry4_CYINIT_CO[3])
                                                      0.782    27.810 r  design_final_i/top_ssr_0/inst/u_top_system/u_dsp_chain/u_agg/feat_mem_reg[12][2]_i_8/CO[3]
                         net (fo=1, routed)           0.000    27.810    design_final_i/top_ssr_0/inst/u_top_system/u_dsp_chain/u_agg/feat_mem_reg[12][2]_i_8_n_0
    SLICE_X91Y122        CARRY4 (Prop_carry4_CI_CO[3])
                                                      0.114    27.924 r  design_final_i/top_ssr_0/inst/u_top_system/u_dsp_chain/u_agg/feat_mem_reg[12][2]_i_3/CO[3]
                         net (fo=1, routed)           0.000    27.924    design_final_i/top_ssr_0/inst/u_top_system/u_dsp_chain/u_agg/feat_mem_reg[12][2]_i_3_n_0
    SLICE_X91Y123        CARRY4 (Prop_carry4_CI_CO[3])
                                                      0.114    28.038 r  design_final_i/top_ssr_0/inst/u_top_system/u_dsp_chain/u_agg/feat_mem_reg[12][2]_i_2/CO[3]
                         net (fo=1, routed)           0.000    28.038    design_final_i/top_ssr_0/inst/u_top_system/u_dsp_chain/u_agg/feat_mem_reg[12][2]_i_2_n_0
    SLICE_X91Y124        CARRY4 (Prop_carry4_CI_CO[3])
                                                      0.114    28.152 r  design_final_i/top_ssr_0/inst/u_top_system/u_dsp_chain/u_agg/feat_mem_reg[12][6]_i_2/CO[3]
                         net (fo=1, routed)           0.009    28.161    design_final_i/top_ssr_0/inst/u_top_system/u_dsp_chain/u_agg/feat_mem_reg[12][6]_i_2_n_0
    SLICE_X91Y125        CARRY4 (Prop_carry4_CI_O[1])
                                                      0.334    28.495 r  design_final_i/top_ssr_0/inst/u_top_system/u_dsp_chain/u_agg/feat_mem_reg[12][10]_i_2/O[1]
                         net (fo=1, routed)           0.822    29.317    design_final_i/top_ssr_0/inst/u_top_system/u_dsp_chain/u_agg/feat_mem_reg[12][10]_i_2_n_6
    SLICE_X89Y124        LUT5 (Prop_lut5_I1_O)        0.303    29.620 r  design_final_i/top_ssr_0/inst/u_top_system/u_dsp_chain/u_agg/feat_mem[12][8]_i_1/O
                         net (fo=16, routed)          1.580    31.201    design_final_i/top_ssr_0/inst/u_top_system/u_dsp_chain/u_agg/p_1_in[8]
    SLICE_X110Y126       FDRE                                         r  design_final_i/top_ssr_0/inst/u_top_system/u_dsp_chain/u_agg/feat_mem_reg[12][8]/D
  -------------------------------------------------------------------    -------------------

                         (clock clk_fpga_0 rise edge)
                                                     50.000    50.000 r  
    PS7_X0Y0             PS7                          0.000    50.000 r  design_final_i/processing_system7_0/inst/PS7_i/FCLKCLK[0]
                         net (fo=1, routed)           1.088    51.088    design_final_i/processing_system7_0/inst/FCLK_CLK_unbuffered[0]
    BUFGCTRL_X0Y16       BUFG (Prop_bufg_I_O)         0.091    51.179 r  design_final_i/processing_system7_0/inst/buffer_fclk_clk_0.FCLK_CLK_0_BUFG/O
                         net (fo=19638, routed)       1.845    53.024    design_final_i/top_ssr_0/inst/u_top_system/u_dsp_chain/u_agg/s00_axi_aclk
    SLICE_X110Y126       FDRE                                         r  design_final_i/top_ssr_0/inst/u_top_system/u_dsp_chain/u_agg/feat_mem_reg[12][8]/C
                         clock pessimism              0.247    53.271    
                         clock uncertainty           -0.751    52.520    
    SLICE_X110Y126       FDRE (Setup_fdre_C_D)       -0.058    52.462    design_final_i/top_ssr_0/inst/u_top_system/u_dsp_chain/u_agg/feat_mem_reg[12][8]
  -------------------------------------------------------------------
                         required time                         52.462    
                         arrival time                         -31.201    
  -------------------------------------------------------------------
                         slack                                 21.261    

Slack (MET) :             21.267ns  (required time - arrival time)
  Source:                 design_final_i/top_ssr_0/inst/u_top_system/u_dsp_chain/u_agg/calc_k_reg[1]/C
                            (rising edge-triggered cell FDRE clocked by clk_fpga_0  {rise@0.000ns fall@25.000ns period=50.000ns})
  Destination:            design_final_i/top_ssr_0/inst/u_top_system/u_dsp_chain/u_agg/feat_mem_reg[6][9]/D
                            (rising edge-triggered cell FDRE clocked by clk_fpga_0  {rise@0.000ns fall@25.000ns period=50.000ns})
  Path Group:             clk_fpga_0
  Path Type:              Setup (Max at Slow Process Corner)
  Requirement:            50.000ns  (clk_fpga_0 rise@50.000ns - clk_fpga_0 rise@0.000ns)
  Data Path Delay:        27.951ns  (logic 11.347ns (40.596%)  route 16.604ns (59.404%))
  Logic Levels:           38  (CARRY4=24 LUT1=1 LUT2=1 LUT3=5 LUT4=2 LUT5=2 LUT6=3)
  Clock Path Skew:        0.016ns (DCD - SCD + CPR)
    Destination Clock Delay (DCD):    3.025ns = ( 53.025 - 50.000 ) 
    Source Clock Delay      (SCD):    3.256ns
    Clock Pessimism Removal (CPR):    0.247ns
  Clock Uncertainty:      0.751ns  ((TSJ^2 + TIJ^2)^1/2 + DJ) / 2 + PE
    Total System Jitter     (TSJ):    0.071ns
    Total Input Jitter      (TIJ):    1.500ns
    Discrete Jitter          (DJ):    0.000ns
    Phase Error              (PE):    0.000ns

    Location             Delay type                Incr(ns)  Path(ns)    Netlist Resource(s)
  -------------------------------------------------------------------    -------------------
                         (clock clk_fpga_0 rise edge)
                                                      0.000     0.000 r  
    PS7_X0Y0             PS7                          0.000     0.000 r  design_final_i/processing_system7_0/inst/PS7_i/FCLKCLK[0]
                         net (fo=1, routed)           1.193     1.193    design_final_i/processing_system7_0/inst/FCLK_CLK_unbuffered[0]
    BUFGCTRL_X0Y16       BUFG (Prop_bufg_I_O)         0.101     1.294 r  design_final_i/processing_system7_0/inst/buffer_fclk_clk_0.FCLK_CLK_0_BUFG/O
                         net (fo=19638, routed)       1.962     3.256    design_final_i/top_ssr_0/inst/u_top_system/u_dsp_chain/u_agg/s00_axi_aclk
    SLICE_X95Y121        FDRE                                         r  design_final_i/top_ssr_0/inst/u_top_system/u_dsp_chain/u_agg/calc_k_reg[1]/C
  -------------------------------------------------------------------    -------------------
    SLICE_X95Y121        FDRE (Prop_fdre_C_Q)         0.419     3.675 r  design_final_i/top_ssr_0/inst/u_top_system/u_dsp_chain/u_agg/calc_k_reg[1]/Q
                         net (fo=118, routed)         1.858     5.533    design_final_i/top_ssr_0/inst/u_top_system/u_dsp_chain/u_agg/calc_k[1]
    SLICE_X87Y105        LUT6 (Prop_lut6_I2_O)        0.299     5.832 f  design_final_i/top_ssr_0/inst/u_top_system/u_dsp_chain/u_agg/suma_sq0_i_86/O
                         net (fo=1, routed)           0.796     6.628    design_final_i/top_ssr_0/inst/u_top_system/u_dsp_chain/u_agg/suma_sq0_i_86_n_0
    SLICE_X87Y106        LUT6 (Prop_lut6_I1_O)        0.124     6.752 f  design_final_i/top_ssr_0/inst/u_top_system/u_dsp_chain/u_agg/suma_sq0_i_27/O
                         net (fo=7, routed)           0.799     7.551    design_final_i/top_ssr_0/inst/u_top_system/u_dsp_chain/u_agg/suma_sq0_i_27_n_0
    SLICE_X83Y111        LUT1 (Prop_lut1_I0_O)        0.124     7.675 r  design_final_i/top_ssr_0/inst/u_top_system/u_dsp_chain/u_agg/feat_mem[12][3]_i_137/O
                         net (fo=1, routed)           0.000     7.675    design_final_i/top_ssr_0/inst/u_top_system/u_dsp_chain/u_agg/feat_mem[12][3]_i_137_n_0
    SLICE_X83Y111        CARRY4 (Prop_carry4_S[0]_CO[3])
                                                      0.532     8.207 r  design_final_i/top_ssr_0/inst/u_top_system/u_dsp_chain/u_agg/feat_mem_reg[12][3]_i_104/CO[3]
                         net (fo=1, routed)           0.000     8.207    design_final_i/top_ssr_0/inst/u_top_system/u_dsp_chain/u_agg/feat_mem_reg[12][3]_i_104_n_0
    SLICE_X83Y112        CARRY4 (Prop_carry4_CI_CO[3])
                                                      0.114     8.321 r  design_final_i/top_ssr_0/inst/u_top_system/u_dsp_chain/u_agg/feat_mem_reg[12][3]_i_73/CO[3]
                         net (fo=1, routed)           0.000     8.321    design_final_i/top_ssr_0/inst/u_top_system/u_dsp_chain/u_agg/feat_mem_reg[12][3]_i_73_n_0
    SLICE_X83Y113        CARRY4 (Prop_carry4_CI_CO[3])
                                                      0.114     8.435 r  design_final_i/top_ssr_0/inst/u_top_system/u_dsp_chain/u_agg/feat_mem_reg[12][3]_i_49/CO[3]
                         net (fo=1, routed)           0.000     8.435    design_final_i/top_ssr_0/inst/u_top_system/u_dsp_chain/u_agg/feat_mem_reg[12][3]_i_49_n_0
    SLICE_X83Y114        CARRY4 (Prop_carry4_CI_CO[3])
                                                      0.114     8.549 r  design_final_i/top_ssr_0/inst/u_top_system/u_dsp_chain/u_agg/feat_mem_reg[12][7]_i_15/CO[3]
                         net (fo=1, routed)           0.000     8.549    design_final_i/top_ssr_0/inst/u_top_system/u_dsp_chain/u_agg/feat_mem_reg[12][7]_i_15_n_0
    SLICE_X83Y115        CARRY4 (Prop_carry4_CI_CO[3])
                                                      0.114     8.663 r  design_final_i/top_ssr_0/inst/u_top_system/u_dsp_chain/u_agg/feat_mem_reg[12][15]_i_35/CO[3]
                         net (fo=1, routed)           0.000     8.663    design_final_i/top_ssr_0/inst/u_top_system/u_dsp_chain/u_agg/feat_mem_reg[12][15]_i_35_n_0
    SLICE_X83Y116        CARRY4 (Prop_carry4_CI_CO[3])
                                                      0.114     8.777 r  design_final_i/top_ssr_0/inst/u_top_system/u_dsp_chain/u_agg/feat_mem_reg[12][15]_i_16/CO[3]
                         net (fo=1, routed)           0.000     8.777    design_final_i/top_ssr_0/inst/u_top_system/u_dsp_chain/u_agg/feat_mem_reg[12][15]_i_16_n_0
    SLICE_X83Y117        CARRY4 (Prop_carry4_CI_O[0])
                                                      0.222     8.999 r  design_final_i/top_ssr_0/inst/u_top_system/u_dsp_chain/u_agg/feat_mem_reg[12][15]_i_11/O[0]
                         net (fo=3, routed)           1.435    10.434    design_final_i/top_ssr_0/inst/u_top_system/u_dsp_chain/u_agg/feat_mem_reg[12][15]_i_11_n_7
    SLICE_X86Y121        LUT3 (Prop_lut3_I2_O)        0.321    10.755 r  design_final_i/top_ssr_0/inst/u_top_system/u_dsp_chain/u_agg/feat_mem[12][11]_i_14/O
                         net (fo=16, routed)          1.199    11.954    design_final_i/top_ssr_0/inst/u_top_system/u_dsp_chain/u_agg/feat_mem[12][11]_i_14_n_0
    SLICE_X85Y118        LUT3 (Prop_lut3_I2_O)        0.356    12.310 r  design_final_i/top_ssr_0/inst/u_top_system/u_dsp_chain/u_agg/feat_mem[12][3]_i_127/O
                         net (fo=1, routed)           0.572    12.882    design_final_i/top_ssr_0/inst/u_top_system/u_dsp_chain/u_agg/feat_mem[12][3]_i_127_n_0
    SLICE_X84Y118        CARRY4 (Prop_carry4_DI[1]_CO[3])
                                                      0.709    13.591 r  design_final_i/top_ssr_0/inst/u_top_system/u_dsp_chain/u_agg/feat_mem_reg[12][3]_i_87/CO[3]
                         net (fo=1, routed)           0.000    13.591    design_final_i/top_ssr_0/inst/u_top_system/u_dsp_chain/u_agg/feat_mem_reg[12][3]_i_87_n_0
    SLICE_X84Y119        CARRY4 (Prop_carry4_CI_CO[3])
                                                      0.114    13.705 r  design_final_i/top_ssr_0/inst/u_top_system/u_dsp_chain/u_agg/feat_mem_reg[12][3]_i_60/CO[3]
                         net (fo=1, routed)           0.000    13.705    design_final_i/top_ssr_0/inst/u_top_system/u_dsp_chain/u_agg/feat_mem_reg[12][3]_i_60_n_0
    SLICE_X84Y120        CARRY4 (Prop_carry4_CI_CO[3])
                                                      0.114    13.819 r  design_final_i/top_ssr_0/inst/u_top_system/u_dsp_chain/u_agg/feat_mem_reg[12][3]_i_38/CO[3]
                         net (fo=1, routed)           0.000    13.819    design_final_i/top_ssr_0/inst/u_top_system/u_dsp_chain/u_agg/feat_mem_reg[12][3]_i_38_n_0
    SLICE_X84Y121        CARRY4 (Prop_carry4_CI_O[1])
                                                      0.334    14.153 r  design_final_i/top_ssr_0/inst/u_top_system/u_dsp_chain/u_agg/feat_mem_reg[12][3]_i_22/O[1]
                         net (fo=3, routed)           0.618    14.771    design_final_i/top_ssr_0/inst/u_top_system/u_dsp_chain/u_agg/feat_mem_reg[12][3]_i_22_n_6
    SLICE_X86Y121        LUT3 (Prop_lut3_I2_O)        0.303    15.074 r  design_final_i/top_ssr_0/inst/u_top_system/u_dsp_chain/u_agg/feat_mem[12][3]_i_27/O
                         net (fo=2, routed)           0.830    15.904    design_final_i/top_ssr_0/inst/u_top_system/u_dsp_chain/u_agg/feat_mem[12][3]_i_27_n_0
    SLICE_X86Y120        LUT5 (Prop_lut5_I4_O)        0.152    16.056 r  design_final_i/top_ssr_0/inst/u_top_system/u_dsp_chain/u_agg/feat_mem[12][3]_i_7/O
                         net (fo=2, routed)           0.697    16.753    design_final_i/top_ssr_0/inst/u_top_system/u_dsp_chain/u_agg/feat_mem[12][3]_i_7_n_0
    SLICE_X87Y121        LUT6 (Prop_lut6_I0_O)        0.348    17.101 r  design_final_i/top_ssr_0/inst/u_top_system/u_dsp_chain/u_agg/feat_mem[12][3]_i_11/O
                         net (fo=1, routed)           0.000    17.101    design_final_i/top_ssr_0/inst/u_top_system/u_dsp_chain/u_agg/feat_mem[12][3]_i_11_n_0
    SLICE_X87Y121        CARRY4 (Prop_carry4_S[0]_CO[3])
                                                      0.532    17.633 r  design_final_i/top_ssr_0/inst/u_top_system/u_dsp_chain/u_agg/feat_mem_reg[12][3]_i_2/CO[3]
                         net (fo=1, routed)           0.000    17.633    design_final_i/top_ssr_0/inst/u_top_system/u_dsp_chain/u_agg/feat_mem_reg[12][3]_i_2_n_0
    SLICE_X87Y122        CARRY4 (Prop_carry4_CI_O[0])
                                                      0.222    17.855 r  design_final_i/top_ssr_0/inst/u_top_system/u_dsp_chain/u_agg/feat_mem_reg[12][7]_i_2/O[0]
                         net (fo=10, routed)          0.825    18.680    design_final_i/top_ssr_0/inst/u_top_system/u_dsp_chain/u_agg/feat_mem_reg[12][7]_i_2_n_7
    SLICE_X82Y123        LUT2 (Prop_lut2_I0_O)        0.299    18.979 r  design_final_i/top_ssr_0/inst/u_top_system/u_dsp_chain/u_agg/feat_mem[12][15]_i_123/O
                         net (fo=1, routed)           0.000    18.979    design_final_i/top_ssr_0/inst/u_top_system/u_dsp_chain/u_agg/feat_mem[12][15]_i_123_n_0
    SLICE_X82Y123        CARRY4 (Prop_carry4_S[1]_CO[3])
                                                      0.533    19.512 r  design_final_i/top_ssr_0/inst/u_top_system/u_dsp_chain/u_agg/feat_mem_reg[12][15]_i_97/CO[3]
                         net (fo=1, routed)           0.000    19.512    design_final_i/top_ssr_0/inst/u_top_system/u_dsp_chain/u_agg/feat_mem_reg[12][15]_i_97_n_0
    SLICE_X82Y124        CARRY4 (Prop_carry4_CI_O[1])
                                                      0.323    19.835 r  design_final_i/top_ssr_0/inst/u_top_system/u_dsp_chain/u_agg/feat_mem_reg[12][15]_i_73/O[1]
                         net (fo=2, routed)           0.982    20.817    design_final_i/top_ssr_0/inst/u_top_system/u_dsp_chain/u_agg/feat_mem_reg[12][15]_i_73_n_6
    SLICE_X84Y124        LUT3 (Prop_lut3_I1_O)        0.334    21.151 r  design_final_i/top_ssr_0/inst/u_top_system/u_dsp_chain/u_agg/feat_mem[12][15]_i_65/O
                         net (fo=2, routed)           0.536    21.687    design_final_i/top_ssr_0/inst/u_top_system/u_dsp_chain/u_agg/feat_mem[12][15]_i_65_n_0
    SLICE_X83Y124        CARRY4 (Prop_carry4_DI[3]_CO[3])
                                                      0.587    22.274 r  design_final_i/top_ssr_0/inst/u_top_system/u_dsp_chain/u_agg/feat_mem_reg[12][15]_i_40/CO[3]
                         net (fo=1, routed)           0.009    22.283    design_final_i/top_ssr_0/inst/u_top_system/u_dsp_chain/u_agg/feat_mem_reg[12][15]_i_40_n_0
    SLICE_X83Y125        CARRY4 (Prop_carry4_CI_O[3])
                                                      0.313    22.596 r  design_final_i/top_ssr_0/inst/u_top_system/u_dsp_chain/u_agg/feat_mem_reg[12][15]_i_20/O[3]
                         net (fo=3, routed)           0.817    23.412    design_final_i/top_ssr_0/inst/u_top_system/u_dsp_chain/u_agg/feat_mem_reg[12][15]_i_20_n_4
    SLICE_X81Y126        LUT4 (Prop_lut4_I1_O)        0.306    23.718 r  design_final_i/top_ssr_0/inst/u_top_system/u_dsp_chain/u_agg/feat_mem[12][15]_i_32/O
                         net (fo=1, routed)           0.000    23.718    design_final_i/top_ssr_0/inst/u_top_system/u_dsp_chain/u_agg/feat_mem[12][15]_i_32_n_0
    SLICE_X81Y126        CARRY4 (Prop_carry4_S[2]_CO[3])
                                                      0.398    24.116 r  design_final_i/top_ssr_0/inst/u_top_system/u_dsp_chain/u_agg/feat_mem_reg[12][15]_i_13/CO[3]
                         net (fo=1, routed)           0.000    24.116    design_final_i/top_ssr_0/inst/u_top_system/u_dsp_chain/u_agg/feat_mem_reg[12][15]_i_13_n_0
    SLICE_X81Y127        CARRY4 (Prop_carry4_CI_CO[0])
                                                      0.271    24.387 r  design_final_i/top_ssr_0/inst/u_top_system/u_dsp_chain/u_agg/feat_mem_reg[12][15]_i_10/CO[0]
                         net (fo=1, routed)           0.472    24.859    design_final_i/top_ssr_0/inst/u_top_system/u_dsp_chain/u_agg/feat_mem_reg[12][15]_i_10_n_3
    SLICE_X82Y127        LUT4 (Prop_lut4_I0_O)        0.373    25.232 r  design_final_i/top_ssr_0/inst/u_top_system/u_dsp_chain/u_agg/feat_mem[12][15]_i_4/O
                         net (fo=42, routed)          0.945    26.177    design_final_i/top_ssr_0/inst/u_top_system/u_dsp_chain/u_agg/feat_mem[12][15]_i_4_n_0
    SLICE_X85Y120        LUT3 (Prop_lut3_I1_O)        0.150    26.327 r  design_final_i/top_ssr_0/inst/u_top_system/u_dsp_chain/u_agg/feat_mem[12][2]_i_13/O
                         net (fo=1, routed)           0.701    27.028    design_final_i/top_ssr_0/inst/u_top_system/u_dsp_chain/u_agg/feat_mem[12][2]_i_13_n_0
    SLICE_X91Y121        CARRY4 (Prop_carry4_CYINIT_CO[3])
                                                      0.782    27.810 r  design_final_i/top_ssr_0/inst/u_top_system/u_dsp_chain/u_agg/feat_mem_reg[12][2]_i_8/CO[3]
                         net (fo=1, routed)           0.000    27.810    design_final_i/top_ssr_0/inst/u_top_system/u_dsp_chain/u_agg/feat_mem_reg[12][2]_i_8_n_0
    SLICE_X91Y122        CARRY4 (Prop_carry4_CI_CO[3])
                                                      0.114    27.924 r  design_final_i/top_ssr_0/inst/u_top_system/u_dsp_chain/u_agg/feat_mem_reg[12][2]_i_3/CO[3]
                         net (fo=1, routed)           0.000    27.924    design_final_i/top_ssr_0/inst/u_top_system/u_dsp_chain/u_agg/feat_mem_reg[12][2]_i_3_n_0
    SLICE_X91Y123        CARRY4 (Prop_carry4_CI_CO[3])
                                                      0.114    28.038 r  design_final_i/top_ssr_0/inst/u_top_system/u_dsp_chain/u_agg/feat_mem_reg[12][2]_i_2/CO[3]
                         net (fo=1, routed)           0.000    28.038    design_final_i/top_ssr_0/inst/u_top_system/u_dsp_chain/u_agg/feat_mem_reg[12][2]_i_2_n_0
    SLICE_X91Y124        CARRY4 (Prop_carry4_CI_CO[3])
                                                      0.114    28.152 r  design_final_i/top_ssr_0/inst/u_top_system/u_dsp_chain/u_agg/feat_mem_reg[12][6]_i_2/CO[3]
                         net (fo=1, routed)           0.009    28.161    design_final_i/top_ssr_0/inst/u_top_system/u_dsp_chain/u_agg/feat_mem_reg[12][6]_i_2_n_0
    SLICE_X91Y125        CARRY4 (Prop_carry4_CI_O[2])
                                                      0.239    28.400 r  design_final_i/top_ssr_0/inst/u_top_system/u_dsp_chain/u_agg/feat_mem_reg[12][10]_i_2/O[2]
                         net (fo=1, routed)           0.727    29.127    design_final_i/top_ssr_0/inst/u_top_system/u_dsp_chain/u_agg/feat_mem_reg[12][10]_i_2_n_5
    SLICE_X89Y124        LUT5 (Prop_lut5_I1_O)        0.302    29.429 r  design_final_i/top_ssr_0/inst/u_top_system/u_dsp_chain/u_agg/feat_mem[12][9]_i_1/O
                         net (fo=16, routed)          1.778    31.207    design_final_i/top_ssr_0/inst/u_top_system/u_dsp_chain/u_agg/p_1_in[9]
    SLICE_X113Y127       FDRE                                         r  design_final_i/top_ssr_0/inst/u_top_system/u_dsp_chain/u_agg/feat_mem_reg[6][9]/D
  -------------------------------------------------------------------    -------------------

                         (clock clk_fpga_0 rise edge)
                                                     50.000    50.000 r  
    PS7_X0Y0             PS7                          0.000    50.000 r  design_final_i/processing_system7_0/inst/PS7_i/FCLKCLK[0]
                         net (fo=1, routed)           1.088    51.088    design_final_i/processing_system7_0/inst/FCLK_CLK_unbuffered[0]
    BUFGCTRL_X0Y16       BUFG (Prop_bufg_I_O)         0.091    51.179 r  design_final_i/processing_system7_0/inst/buffer_fclk_clk_0.FCLK_CLK_0_BUFG/O
                         net (fo=19638, routed)       1.846    53.025    design_final_i/top_ssr_0/inst/u_top_system/u_dsp_chain/u_agg/s00_axi_aclk
    SLICE_X113Y127       FDRE                                         r  design_final_i/top_ssr_0/inst/u_top_system/u_dsp_chain/u_agg/feat_mem_reg[6][9]/C
                         clock pessimism              0.247    53.272    
                         clock uncertainty           -0.751    52.521    
    SLICE_X113Y127       FDRE (Setup_fdre_C_D)       -0.047    52.474    design_final_i/top_ssr_0/inst/u_top_system/u_dsp_chain/u_agg/feat_mem_reg[6][9]
  -------------------------------------------------------------------
                         required time                         52.474    
                         arrival time                         -31.207    
  -------------------------------------------------------------------
                         slack                                 21.267    

Slack (MET) :             21.268ns  (required time - arrival time)
  Source:                 design_final_i/top_ssr_0/inst/u_top_system/u_dsp_chain/u_agg/calc_k_reg[1]/C
                            (rising edge-triggered cell FDRE clocked by clk_fpga_0  {rise@0.000ns fall@25.000ns period=50.000ns})
  Destination:            design_final_i/top_ssr_0/inst/u_top_system/u_dsp_chain/u_agg/feat_mem_reg[1][8]/D
                            (rising edge-triggered cell FDRE clocked by clk_fpga_0  {rise@0.000ns fall@25.000ns period=50.000ns})
  Path Group:             clk_fpga_0
  Path Type:              Setup (Max at Slow Process Corner)
  Requirement:            50.000ns  (clk_fpga_0 rise@50.000ns - clk_fpga_0 rise@0.000ns)
  Data Path Delay:        27.969ns  (logic 11.443ns (40.914%)  route 16.526ns (59.086%))
  Logic Levels:           38  (CARRY4=24 LUT1=1 LUT2=1 LUT3=5 LUT4=2 LUT5=2 LUT6=3)
  Clock Path Skew:        0.015ns (DCD - SCD + CPR)
    Destination Clock Delay (DCD):    3.024ns = ( 53.024 - 50.000 ) 
    Source Clock Delay      (SCD):    3.256ns
    Clock Pessimism Removal (CPR):    0.247ns
  Clock Uncertainty:      0.751ns  ((TSJ^2 + TIJ^2)^1/2 + DJ) / 2 + PE
    Total System Jitter     (TSJ):    0.071ns
    Total Input Jitter      (TIJ):    1.500ns
    Discrete Jitter          (DJ):    0.000ns
    Phase Error              (PE):    0.000ns

    Location             Delay type                Incr(ns)  Path(ns)    Netlist Resource(s)
  -------------------------------------------------------------------    -------------------
                         (clock clk_fpga_0 rise edge)
                                                      0.000     0.000 r  
    PS7_X0Y0             PS7                          0.000     0.000 r  design_final_i/processing_system7_0/inst/PS7_i/FCLKCLK[0]
                         net (fo=1, routed)           1.193     1.193    design_final_i/processing_system7_0/inst/FCLK_CLK_unbuffered[0]
    BUFGCTRL_X0Y16       BUFG (Prop_bufg_I_O)         0.101     1.294 r  design_final_i/processing_system7_0/inst/buffer_fclk_clk_0.FCLK_CLK_0_BUFG/O
                         net (fo=19638, routed)       1.962     3.256    design_final_i/top_ssr_0/inst/u_top_system/u_dsp_chain/u_agg/s00_axi_aclk
    SLICE_X95Y121        FDRE                                         r  design_final_i/top_ssr_0/inst/u_top_system/u_dsp_chain/u_agg/calc_k_reg[1]/C
  -------------------------------------------------------------------    -------------------
    SLICE_X95Y121        FDRE (Prop_fdre_C_Q)         0.419     3.675 r  design_final_i/top_ssr_0/inst/u_top_system/u_dsp_chain/u_agg/calc_k_reg[1]/Q
                         net (fo=118, routed)         1.858     5.533    design_final_i/top_ssr_0/inst/u_top_system/u_dsp_chain/u_agg/calc_k[1]
    SLICE_X87Y105        LUT6 (Prop_lut6_I2_O)        0.299     5.832 f  design_final_i/top_ssr_0/inst/u_top_system/u_dsp_chain/u_agg/suma_sq0_i_86/O
                         net (fo=1, routed)           0.796     6.628    design_final_i/top_ssr_0/inst/u_top_system/u_dsp_chain/u_agg/suma_sq0_i_86_n_0
    SLICE_X87Y106        LUT6 (Prop_lut6_I1_O)        0.124     6.752 f  design_final_i/top_ssr_0/inst/u_top_system/u_dsp_chain/u_agg/suma_sq0_i_27/O
                         net (fo=7, routed)           0.799     7.551    design_final_i/top_ssr_0/inst/u_top_system/u_dsp_chain/u_agg/suma_sq0_i_27_n_0
    SLICE_X83Y111        LUT1 (Prop_lut1_I0_O)        0.124     7.675 r  design_final_i/top_ssr_0/inst/u_top_system/u_dsp_chain/u_agg/feat_mem[12][3]_i_137/O
                         net (fo=1, routed)           0.000     7.675    design_final_i/top_ssr_0/inst/u_top_system/u_dsp_chain/u_agg/feat_mem[12][3]_i_137_n_0
    SLICE_X83Y111        CARRY4 (Prop_carry4_S[0]_CO[3])
                                                      0.532     8.207 r  design_final_i/top_ssr_0/inst/u_top_system/u_dsp_chain/u_agg/feat_mem_reg[12][3]_i_104/CO[3]
                         net (fo=1, routed)           0.000     8.207    design_final_i/top_ssr_0/inst/u_top_system/u_dsp_chain/u_agg/feat_mem_reg[12][3]_i_104_n_0
    SLICE_X83Y112        CARRY4 (Prop_carry4_CI_CO[3])
                                                      0.114     8.321 r  design_final_i/top_ssr_0/inst/u_top_system/u_dsp_chain/u_agg/feat_mem_reg[12][3]_i_73/CO[3]
                         net (fo=1, routed)           0.000     8.321    design_final_i/top_ssr_0/inst/u_top_system/u_dsp_chain/u_agg/feat_mem_reg[12][3]_i_73_n_0
    SLICE_X83Y113        CARRY4 (Prop_carry4_CI_CO[3])
                                                      0.114     8.435 r  design_final_i/top_ssr_0/inst/u_top_system/u_dsp_chain/u_agg/feat_mem_reg[12][3]_i_49/CO[3]
                         net (fo=1, routed)           0.000     8.435    design_final_i/top_ssr_0/inst/u_top_system/u_dsp_chain/u_agg/feat_mem_reg[12][3]_i_49_n_0
    SLICE_X83Y114        CARRY4 (Prop_carry4_CI_CO[3])
                                                      0.114     8.549 r  design_final_i/top_ssr_0/inst/u_top_system/u_dsp_chain/u_agg/feat_mem_reg[12][7]_i_15/CO[3]
                         net (fo=1, routed)           0.000     8.549    design_final_i/top_ssr_0/inst/u_top_system/u_dsp_chain/u_agg/feat_mem_reg[12][7]_i_15_n_0
    SLICE_X83Y115        CARRY4 (Prop_carry4_CI_CO[3])
                                                      0.114     8.663 r  design_final_i/top_ssr_0/inst/u_top_system/u_dsp_chain/u_agg/feat_mem_reg[12][15]_i_35/CO[3]
                         net (fo=1, routed)           0.000     8.663    design_final_i/top_ssr_0/inst/u_top_system/u_dsp_chain/u_agg/feat_mem_reg[12][15]_i_35_n_0
    SLICE_X83Y116        CARRY4 (Prop_carry4_CI_CO[3])
                                                      0.114     8.777 r  design_final_i/top_ssr_0/inst/u_top_system/u_dsp_chain/u_agg/feat_mem_reg[12][15]_i_16/CO[3]
                         net (fo=1, routed)           0.000     8.777    design_final_i/top_ssr_0/inst/u_top_system/u_dsp_chain/u_agg/feat_mem_reg[12][15]_i_16_n_0
    SLICE_X83Y117        CARRY4 (Prop_carry4_CI_O[0])
                                                      0.222     8.999 r  design_final_i/top_ssr_0/inst/u_top_system/u_dsp_chain/u_agg/feat_mem_reg[12][15]_i_11/O[0]
                         net (fo=3, routed)           1.435    10.434    design_final_i/top_ssr_0/inst/u_top_system/u_dsp_chain/u_agg/feat_mem_reg[12][15]_i_11_n_7
    SLICE_X86Y121        LUT3 (Prop_lut3_I2_O)        0.321    10.755 r  design_final_i/top_ssr_0/inst/u_top_system/u_dsp_chain/u_agg/feat_mem[12][11]_i_14/O
                         net (fo=16, routed)          1.199    11.954    design_final_i/top_ssr_0/inst/u_top_system/u_dsp_chain/u_agg/feat_mem[12][11]_i_14_n_0
    SLICE_X85Y118        LUT3 (Prop_lut3_I2_O)        0.356    12.310 r  design_final_i/top_ssr_0/inst/u_top_system/u_dsp_chain/u_agg/feat_mem[12][3]_i_127/O
                         net (fo=1, routed)           0.572    12.882    design_final_i/top_ssr_0/inst/u_top_system/u_dsp_chain/u_agg/feat_mem[12][3]_i_127_n_0
    SLICE_X84Y118        CARRY4 (Prop_carry4_DI[1]_CO[3])
                                                      0.709    13.591 r  design_final_i/top_ssr_0/inst/u_top_system/u_dsp_chain/u_agg/feat_mem_reg[12][3]_i_87/CO[3]
                         net (fo=1, routed)           0.000    13.591    design_final_i/top_ssr_0/inst/u_top_system/u_dsp_chain/u_agg/feat_mem_reg[12][3]_i_87_n_0
    SLICE_X84Y119        CARRY4 (Prop_carry4_CI_CO[3])
                                                      0.114    13.705 r  design_final_i/top_ssr_0/inst/u_top_system/u_dsp_chain/u_agg/feat_mem_reg[12][3]_i_60/CO[3]
                         net (fo=1, routed)           0.000    13.705    design_final_i/top_ssr_0/inst/u_top_system/u_dsp_chain/u_agg/feat_mem_reg[12][3]_i_60_n_0
    SLICE_X84Y120        CARRY4 (Prop_carry4_CI_CO[3])
                                                      0.114    13.819 r  design_final_i/top_ssr_0/inst/u_top_system/u_dsp_chain/u_agg/feat_mem_reg[12][3]_i_38/CO[3]
                         net (fo=1, routed)           0.000    13.819    design_final_i/top_ssr_0/inst/u_top_system/u_dsp_chain/u_agg/feat_mem_reg[12][3]_i_38_n_0
    SLICE_X84Y121        CARRY4 (Prop_carry4_CI_O[1])
                                                      0.334    14.153 r  design_final_i/top_ssr_0/inst/u_top_system/u_dsp_chain/u_agg/feat_mem_reg[12][3]_i_22/O[1]
                         net (fo=3, routed)           0.618    14.771    design_final_i/top_ssr_0/inst/u_top_system/u_dsp_chain/u_agg/feat_mem_reg[12][3]_i_22_n_6
    SLICE_X86Y121        LUT3 (Prop_lut3_I2_O)        0.303    15.074 r  design_final_i/top_ssr_0/inst/u_top_system/u_dsp_chain/u_agg/feat_mem[12][3]_i_27/O
                         net (fo=2, routed)           0.830    15.904    design_final_i/top_ssr_0/inst/u_top_system/u_dsp_chain/u_agg/feat_mem[12][3]_i_27_n_0
    SLICE_X86Y120        LUT5 (Prop_lut5_I4_O)        0.152    16.056 r  design_final_i/top_ssr_0/inst/u_top_system/u_dsp_chain/u_agg/feat_mem[12][3]_i_7/O
                         net (fo=2, routed)           0.697    16.753    design_final_i/top_ssr_0/inst/u_top_system/u_dsp_chain/u_agg/feat_mem[12][3]_i_7_n_0
    SLICE_X87Y121        LUT6 (Prop_lut6_I0_O)        0.348    17.101 r  design_final_i/top_ssr_0/inst/u_top_system/u_dsp_chain/u_agg/feat_mem[12][3]_i_11/O
                         net (fo=1, routed)           0.000    17.101    design_final_i/top_ssr_0/inst/u_top_system/u_dsp_chain/u_agg/feat_mem[12][3]_i_11_n_0
    SLICE_X87Y121        CARRY4 (Prop_carry4_S[0]_CO[3])
                                                      0.532    17.633 r  design_final_i/top_ssr_0/inst/u_top_system/u_dsp_chain/u_agg/feat_mem_reg[12][3]_i_2/CO[3]
                         net (fo=1, routed)           0.000    17.633    design_final_i/top_ssr_0/inst/u_top_system/u_dsp_chain/u_agg/feat_mem_reg[12][3]_i_2_n_0
    SLICE_X87Y122        CARRY4 (Prop_carry4_CI_O[0])
                                                      0.222    17.855 r  design_final_i/top_ssr_0/inst/u_top_system/u_dsp_chain/u_agg/feat_mem_reg[12][7]_i_2/O[0]
                         net (fo=10, routed)          0.825    18.680    design_final_i/top_ssr_0/inst/u_top_system/u_dsp_chain/u_agg/feat_mem_reg[12][7]_i_2_n_7
    SLICE_X82Y123        LUT2 (Prop_lut2_I0_O)        0.299    18.979 r  design_final_i/top_ssr_0/inst/u_top_system/u_dsp_chain/u_agg/feat_mem[12][15]_i_123/O
                         net (fo=1, routed)           0.000    18.979    design_final_i/top_ssr_0/inst/u_top_system/u_dsp_chain/u_agg/feat_mem[12][15]_i_123_n_0
    SLICE_X82Y123        CARRY4 (Prop_carry4_S[1]_CO[3])
                                                      0.533    19.512 r  design_final_i/top_ssr_0/inst/u_top_system/u_dsp_chain/u_agg/feat_mem_reg[12][15]_i_97/CO[3]
                         net (fo=1, routed)           0.000    19.512    design_final_i/top_ssr_0/inst/u_top_system/u_dsp_chain/u_agg/feat_mem_reg[12][15]_i_97_n_0
    SLICE_X82Y124        CARRY4 (Prop_carry4_CI_O[1])
                                                      0.323    19.835 r  design_final_i/top_ssr_0/inst/u_top_system/u_dsp_chain/u_agg/feat_mem_reg[12][15]_i_73/O[1]
                         net (fo=2, routed)           0.982    20.817    design_final_i/top_ssr_0/inst/u_top_system/u_dsp_chain/u_agg/feat_mem_reg[12][15]_i_73_n_6
    SLICE_X84Y124        LUT3 (Prop_lut3_I1_O)        0.334    21.151 r  design_final_i/top_ssr_0/inst/u_top_system/u_dsp_chain/u_agg/feat_mem[12][15]_i_65/O
                         net (fo=2, routed)           0.536    21.687    design_final_i/top_ssr_0/inst/u_top_system/u_dsp_chain/u_agg/feat_mem[12][15]_i_65_n_0
    SLICE_X83Y124        CARRY4 (Prop_carry4_DI[3]_CO[3])
                                                      0.587    22.274 r  design_final_i/top_ssr_0/inst/u_top_system/u_dsp_chain/u_agg/feat_mem_reg[12][15]_i_40/CO[3]
                         net (fo=1, routed)           0.009    22.283    design_final_i/top_ssr_0/inst/u_top_system/u_dsp_chain/u_agg/feat_mem_reg[12][15]_i_40_n_0
    SLICE_X83Y125        CARRY4 (Prop_carry4_CI_O[3])
                                                      0.313    22.596 r  design_final_i/top_ssr_0/inst/u_top_system/u_dsp_chain/u_agg/feat_mem_reg[12][15]_i_20/O[3]
                         net (fo=3, routed)           0.817    23.412    design_final_i/top_ssr_0/inst/u_top_system/u_dsp_chain/u_agg/feat_mem_reg[12][15]_i_20_n_4
    SLICE_X81Y126        LUT4 (Prop_lut4_I1_O)        0.306    23.718 r  design_final_i/top_ssr_0/inst/u_top_system/u_dsp_chain/u_agg/feat_mem[12][15]_i_32/O
                         net (fo=1, routed)           0.000    23.718    design_final_i/top_ssr_0/inst/u_top_system/u_dsp_chain/u_agg/feat_mem[12][15]_i_32_n_0
    SLICE_X81Y126        CARRY4 (Prop_carry4_S[2]_CO[3])
                                                      0.398    24.116 r  design_final_i/top_ssr_0/inst/u_top_system/u_dsp_chain/u_agg/feat_mem_reg[12][15]_i_13/CO[3]
                         net (fo=1, routed)           0.000    24.116    design_final_i/top_ssr_0/inst/u_top_system/u_dsp_chain/u_agg/feat_mem_reg[12][15]_i_13_n_0
    SLICE_X81Y127        CARRY4 (Prop_carry4_CI_CO[0])
                                                      0.271    24.387 r  design_final_i/top_ssr_0/inst/u_top_system/u_dsp_chain/u_agg/feat_mem_reg[12][15]_i_10/CO[0]
                         net (fo=1, routed)           0.472    24.859    design_final_i/top_ssr_0/inst/u_top_system/u_dsp_chain/u_agg/feat_mem_reg[12][15]_i_10_n_3
    SLICE_X82Y127        LUT4 (Prop_lut4_I0_O)        0.373    25.232 r  design_final_i/top_ssr_0/inst/u_top_system/u_dsp_chain/u_agg/feat_mem[12][15]_i_4/O
                         net (fo=42, routed)          0.945    26.177    design_final_i/top_ssr_0/inst/u_top_system/u_dsp_chain/u_agg/feat_mem[12][15]_i_4_n_0
    SLICE_X85Y120        LUT3 (Prop_lut3_I1_O)        0.150    26.327 r  design_final_i/top_ssr_0/inst/u_top_system/u_dsp_chain/u_agg/feat_mem[12][2]_i_13/O
                         net (fo=1, routed)           0.701    27.028    design_final_i/top_ssr_0/inst/u_top_system/u_dsp_chain/u_agg/feat_mem[12][2]_i_13_n_0
    SLICE_X91Y121        CARRY4 (Prop_carry4_CYINIT_CO[3])
                                                      0.782    27.810 r  design_final_i/top_ssr_0/inst/u_top_system/u_dsp_chain/u_agg/feat_mem_reg[12][2]_i_8/CO[3]
                         net (fo=1, routed)           0.000    27.810    design_final_i/top_ssr_0/inst/u_top_system/u_dsp_chain/u_agg/feat_mem_reg[12][2]_i_8_n_0
    SLICE_X91Y122        CARRY4 (Prop_carry4_CI_CO[3])
                                                      0.114    27.924 r  design_final_i/top_ssr_0/inst/u_top_system/u_dsp_chain/u_agg/feat_mem_reg[12][2]_i_3/CO[3]
                         net (fo=1, routed)           0.000    27.924    design_final_i/top_ssr_0/inst/u_top_system/u_dsp_chain/u_agg/feat_mem_reg[12][2]_i_3_n_0
    SLICE_X91Y123        CARRY4 (Prop_carry4_CI_CO[3])
                                                      0.114    28.038 r  design_final_i/top_ssr_0/inst/u_top_system/u_dsp_chain/u_agg/feat_mem_reg[12][2]_i_2/CO[3]
                         net (fo=1, routed)           0.000    28.038    design_final_i/top_ssr_0/inst/u_top_system/u_dsp_chain/u_agg/feat_mem_reg[12][2]_i_2_n_0
    SLICE_X91Y124        CARRY4 (Prop_carry4_CI_CO[3])
                                                      0.114    28.152 r  design_final_i/top_ssr_0/inst/u_top_system/u_dsp_chain/u_agg/feat_mem_reg[12][6]_i_2/CO[3]
                         net (fo=1, routed)           0.009    28.161    design_final_i/top_ssr_0/inst/u_top_system/u_dsp_chain/u_agg/feat_mem_reg[12][6]_i_2_n_0
    SLICE_X91Y125        CARRY4 (Prop_carry4_CI_O[1])
                                                      0.334    28.495 r  design_final_i/top_ssr_0/inst/u_top_system/u_dsp_chain/u_agg/feat_mem_reg[12][10]_i_2/O[1]
                         net (fo=1, routed)           0.822    29.317    design_final_i/top_ssr_0/inst/u_top_system/u_dsp_chain/u_agg/feat_mem_reg[12][10]_i_2_n_6
    SLICE_X89Y124        LUT5 (Prop_lut5_I1_O)        0.303    29.620 r  design_final_i/top_ssr_0/inst/u_top_system/u_dsp_chain/u_agg/feat_mem[12][8]_i_1/O
                         net (fo=16, routed)          1.604    31.225    design_final_i/top_ssr_0/inst/u_top_system/u_dsp_chain/u_agg/p_1_in[8]
    SLICE_X112Y126       FDRE                                         r  design_final_i/top_ssr_0/inst/u_top_system/u_dsp_chain/u_agg/feat_mem_reg[1][8]/D
  -------------------------------------------------------------------    -------------------

                         (clock clk_fpga_0 rise edge)
                                                     50.000    50.000 r  
    PS7_X0Y0             PS7                          0.000    50.000 r  design_final_i/processing_system7_0/inst/PS7_i/FCLKCLK[0]
                         net (fo=1, routed)           1.088    51.088    design_final_i/processing_system7_0/inst/FCLK_CLK_unbuffered[0]
    BUFGCTRL_X0Y16       BUFG (Prop_bufg_I_O)         0.091    51.179 r  design_final_i/processing_system7_0/inst/buffer_fclk_clk_0.FCLK_CLK_0_BUFG/O
                         net (fo=19638, routed)       1.845    53.024    design_final_i/top_ssr_0/inst/u_top_system/u_dsp_chain/u_agg/s00_axi_aclk
    SLICE_X112Y126       FDRE                                         r  design_final_i/top_ssr_0/inst/u_top_system/u_dsp_chain/u_agg/feat_mem_reg[1][8]/C
                         clock pessimism              0.247    53.271    
                         clock uncertainty           -0.751    52.520    
    SLICE_X112Y126       FDRE (Setup_fdre_C_D)       -0.028    52.492    design_final_i/top_ssr_0/inst/u_top_system/u_dsp_chain/u_agg/feat_mem_reg[1][8]
  -------------------------------------------------------------------
                         required time                         52.492    
                         arrival time                         -31.225    
  -------------------------------------------------------------------
                         slack                                 21.268    

Slack (MET) :             21.290ns  (required time - arrival time)
  Source:                 design_final_i/top_ssr_0/inst/u_top_system/u_dsp_chain/u_agg/calc_k_reg[1]/C
                            (rising edge-triggered cell FDRE clocked by clk_fpga_0  {rise@0.000ns fall@25.000ns period=50.000ns})
  Destination:            design_final_i/top_ssr_0/inst/u_top_system/u_dsp_chain/u_agg/feat_mem_reg[10][4]/D
                            (rising edge-triggered cell FDRE clocked by clk_fpga_0  {rise@0.000ns fall@25.000ns period=50.000ns})
  Path Group:             clk_fpga_0
  Path Type:              Setup (Max at Slow Process Corner)
  Requirement:            50.000ns  (clk_fpga_0 rise@50.000ns - clk_fpga_0 rise@0.000ns)
  Data Path Delay:        27.900ns  (logic 11.329ns (40.606%)  route 16.571ns (59.394%))
  Logic Levels:           37  (CARRY4=23 LUT1=1 LUT2=1 LUT3=5 LUT4=2 LUT5=2 LUT6=3)
  Clock Path Skew:        0.022ns (DCD - SCD + CPR)
    Destination Clock Delay (DCD):    3.031ns = ( 53.031 - 50.000 ) 
    Source Clock Delay      (SCD):    3.256ns
    Clock Pessimism Removal (CPR):    0.247ns
  Clock Uncertainty:      0.751ns  ((TSJ^2 + TIJ^2)^1/2 + DJ) / 2 + PE
    Total System Jitter     (TSJ):    0.071ns
    Total Input Jitter      (TIJ):    1.500ns
    Discrete Jitter          (DJ):    0.000ns
    Phase Error              (PE):    0.000ns

    Location             Delay type                Incr(ns)  Path(ns)    Netlist Resource(s)
  -------------------------------------------------------------------    -------------------
                         (clock clk_fpga_0 rise edge)
                                                      0.000     0.000 r  
    PS7_X0Y0             PS7                          0.000     0.000 r  design_final_i/processing_system7_0/inst/PS7_i/FCLKCLK[0]
                         net (fo=1, routed)           1.193     1.193    design_final_i/processing_system7_0/inst/FCLK_CLK_unbuffered[0]
    BUFGCTRL_X0Y16       BUFG (Prop_bufg_I_O)         0.101     1.294 r  design_final_i/processing_system7_0/inst/buffer_fclk_clk_0.FCLK_CLK_0_BUFG/O
                         net (fo=19638, routed)       1.962     3.256    design_final_i/top_ssr_0/inst/u_top_system/u_dsp_chain/u_agg/s00_axi_aclk
    SLICE_X95Y121        FDRE                                         r  design_final_i/top_ssr_0/inst/u_top_system/u_dsp_chain/u_agg/calc_k_reg[1]/C
  -------------------------------------------------------------------    -------------------
    SLICE_X95Y121        FDRE (Prop_fdre_C_Q)         0.419     3.675 r  design_final_i/top_ssr_0/inst/u_top_system/u_dsp_chain/u_agg/calc_k_reg[1]/Q
                         net (fo=118, routed)         1.858     5.533    design_final_i/top_ssr_0/inst/u_top_system/u_dsp_chain/u_agg/calc_k[1]
    SLICE_X87Y105        LUT6 (Prop_lut6_I2_O)        0.299     5.832 f  design_final_i/top_ssr_0/inst/u_top_system/u_dsp_chain/u_agg/suma_sq0_i_86/O
                         net (fo=1, routed)           0.796     6.628    design_final_i/top_ssr_0/inst/u_top_system/u_dsp_chain/u_agg/suma_sq0_i_86_n_0
    SLICE_X87Y106        LUT6 (Prop_lut6_I1_O)        0.124     6.752 f  design_final_i/top_ssr_0/inst/u_top_system/u_dsp_chain/u_agg/suma_sq0_i_27/O
                         net (fo=7, routed)           0.799     7.551    design_final_i/top_ssr_0/inst/u_top_system/u_dsp_chain/u_agg/suma_sq0_i_27_n_0
    SLICE_X83Y111        LUT1 (Prop_lut1_I0_O)        0.124     7.675 r  design_final_i/top_ssr_0/inst/u_top_system/u_dsp_chain/u_agg/feat_mem[12][3]_i_137/O
                         net (fo=1, routed)           0.000     7.675    design_final_i/top_ssr_0/inst/u_top_system/u_dsp_chain/u_agg/feat_mem[12][3]_i_137_n_0
    SLICE_X83Y111        CARRY4 (Prop_carry4_S[0]_CO[3])
                                                      0.532     8.207 r  design_final_i/top_ssr_0/inst/u_top_system/u_dsp_chain/u_agg/feat_mem_reg[12][3]_i_104/CO[3]
                         net (fo=1, routed)           0.000     8.207    design_final_i/top_ssr_0/inst/u_top_system/u_dsp_chain/u_agg/feat_mem_reg[12][3]_i_104_n_0
    SLICE_X83Y112        CARRY4 (Prop_carry4_CI_CO[3])
                                                      0.114     8.321 r  design_final_i/top_ssr_0/inst/u_top_system/u_dsp_chain/u_agg/feat_mem_reg[12][3]_i_73/CO[3]
                         net (fo=1, routed)           0.000     8.321    design_final_i/top_ssr_0/inst/u_top_system/u_dsp_chain/u_agg/feat_mem_reg[12][3]_i_73_n_0
    SLICE_X83Y113        CARRY4 (Prop_carry4_CI_CO[3])
                                                      0.114     8.435 r  design_final_i/top_ssr_0/inst/u_top_system/u_dsp_chain/u_agg/feat_mem_reg[12][3]_i_49/CO[3]
                         net (fo=1, routed)           0.000     8.435    design_final_i/top_ssr_0/inst/u_top_system/u_dsp_chain/u_agg/feat_mem_reg[12][3]_i_49_n_0
    SLICE_X83Y114        CARRY4 (Prop_carry4_CI_CO[3])
                                                      0.114     8.549 r  design_final_i/top_ssr_0/inst/u_top_system/u_dsp_chain/u_agg/feat_mem_reg[12][7]_i_15/CO[3]
                         net (fo=1, routed)           0.000     8.549    design_final_i/top_ssr_0/inst/u_top_system/u_dsp_chain/u_agg/feat_mem_reg[12][7]_i_15_n_0
    SLICE_X83Y115        CARRY4 (Prop_carry4_CI_CO[3])
                                                      0.114     8.663 r  design_final_i/top_ssr_0/inst/u_top_system/u_dsp_chain/u_agg/feat_mem_reg[12][15]_i_35/CO[3]
                         net (fo=1, routed)           0.000     8.663    design_final_i/top_ssr_0/inst/u_top_system/u_dsp_chain/u_agg/feat_mem_reg[12][15]_i_35_n_0
    SLICE_X83Y116        CARRY4 (Prop_carry4_CI_CO[3])
                                                      0.114     8.777 r  design_final_i/top_ssr_0/inst/u_top_system/u_dsp_chain/u_agg/feat_mem_reg[12][15]_i_16/CO[3]
                         net (fo=1, routed)           0.000     8.777    design_final_i/top_ssr_0/inst/u_top_system/u_dsp_chain/u_agg/feat_mem_reg[12][15]_i_16_n_0
    SLICE_X83Y117        CARRY4 (Prop_carry4_CI_O[0])
                                                      0.222     8.999 r  design_final_i/top_ssr_0/inst/u_top_system/u_dsp_chain/u_agg/feat_mem_reg[12][15]_i_11/O[0]
                         net (fo=3, routed)           1.435    10.434    design_final_i/top_ssr_0/inst/u_top_system/u_dsp_chain/u_agg/feat_mem_reg[12][15]_i_11_n_7
    SLICE_X86Y121        LUT3 (Prop_lut3_I2_O)        0.321    10.755 r  design_final_i/top_ssr_0/inst/u_top_system/u_dsp_chain/u_agg/feat_mem[12][11]_i_14/O
                         net (fo=16, routed)          1.199    11.954    design_final_i/top_ssr_0/inst/u_top_system/u_dsp_chain/u_agg/feat_mem[12][11]_i_14_n_0
    SLICE_X85Y118        LUT3 (Prop_lut3_I2_O)        0.356    12.310 r  design_final_i/top_ssr_0/inst/u_top_system/u_dsp_chain/u_agg/feat_mem[12][3]_i_127/O
                         net (fo=1, routed)           0.572    12.882    design_final_i/top_ssr_0/inst/u_top_system/u_dsp_chain/u_agg/feat_mem[12][3]_i_127_n_0
    SLICE_X84Y118        CARRY4 (Prop_carry4_DI[1]_CO[3])
                                                      0.709    13.591 r  design_final_i/top_ssr_0/inst/u_top_system/u_dsp_chain/u_agg/feat_mem_reg[12][3]_i_87/CO[3]
                         net (fo=1, routed)           0.000    13.591    design_final_i/top_ssr_0/inst/u_top_system/u_dsp_chain/u_agg/feat_mem_reg[12][3]_i_87_n_0
    SLICE_X84Y119        CARRY4 (Prop_carry4_CI_CO[3])
                                                      0.114    13.705 r  design_final_i/top_ssr_0/inst/u_top_system/u_dsp_chain/u_agg/feat_mem_reg[12][3]_i_60/CO[3]
                         net (fo=1, routed)           0.000    13.705    design_final_i/top_ssr_0/inst/u_top_system/u_dsp_chain/u_agg/feat_mem_reg[12][3]_i_60_n_0
    SLICE_X84Y120        CARRY4 (Prop_carry4_CI_CO[3])
                                                      0.114    13.819 r  design_final_i/top_ssr_0/inst/u_top_system/u_dsp_chain/u_agg/feat_mem_reg[12][3]_i_38/CO[3]
                         net (fo=1, routed)           0.000    13.819    design_final_i/top_ssr_0/inst/u_top_system/u_dsp_chain/u_agg/feat_mem_reg[12][3]_i_38_n_0
    SLICE_X84Y121        CARRY4 (Prop_carry4_CI_O[1])
                                                      0.334    14.153 r  design_final_i/top_ssr_0/inst/u_top_system/u_dsp_chain/u_agg/feat_mem_reg[12][3]_i_22/O[1]
                         net (fo=3, routed)           0.618    14.771    design_final_i/top_ssr_0/inst/u_top_system/u_dsp_chain/u_agg/feat_mem_reg[12][3]_i_22_n_6
    SLICE_X86Y121        LUT3 (Prop_lut3_I2_O)        0.303    15.074 r  design_final_i/top_ssr_0/inst/u_top_system/u_dsp_chain/u_agg/feat_mem[12][3]_i_27/O
                         net (fo=2, routed)           0.830    15.904    design_final_i/top_ssr_0/inst/u_top_system/u_dsp_chain/u_agg/feat_mem[12][3]_i_27_n_0
    SLICE_X86Y120        LUT5 (Prop_lut5_I4_O)        0.152    16.056 r  design_final_i/top_ssr_0/inst/u_top_system/u_dsp_chain/u_agg/feat_mem[12][3]_i_7/O
                         net (fo=2, routed)           0.697    16.753    design_final_i/top_ssr_0/inst/u_top_system/u_dsp_chain/u_agg/feat_mem[12][3]_i_7_n_0
    SLICE_X87Y121        LUT6 (Prop_lut6_I0_O)        0.348    17.101 r  design_final_i/top_ssr_0/inst/u_top_system/u_dsp_chain/u_agg/feat_mem[12][3]_i_11/O
                         net (fo=1, routed)           0.000    17.101    design_final_i/top_ssr_0/inst/u_top_system/u_dsp_chain/u_agg/feat_mem[12][3]_i_11_n_0
    SLICE_X87Y121        CARRY4 (Prop_carry4_S[0]_CO[3])
                                                      0.532    17.633 r  design_final_i/top_ssr_0/inst/u_top_system/u_dsp_chain/u_agg/feat_mem_reg[12][3]_i_2/CO[3]
                         net (fo=1, routed)           0.000    17.633    design_final_i/top_ssr_0/inst/u_top_system/u_dsp_chain/u_agg/feat_mem_reg[12][3]_i_2_n_0
    SLICE_X87Y122        CARRY4 (Prop_carry4_CI_O[0])
                                                      0.222    17.855 r  design_final_i/top_ssr_0/inst/u_top_system/u_dsp_chain/u_agg/feat_mem_reg[12][7]_i_2/O[0]
                         net (fo=10, routed)          0.825    18.680    design_final_i/top_ssr_0/inst/u_top_system/u_dsp_chain/u_agg/feat_mem_reg[12][7]_i_2_n_7
    SLICE_X82Y123        LUT2 (Prop_lut2_I0_O)        0.299    18.979 r  design_final_i/top_ssr_0/inst/u_top_system/u_dsp_chain/u_agg/feat_mem[12][15]_i_123/O
                         net (fo=1, routed)           0.000    18.979    design_final_i/top_ssr_0/inst/u_top_system/u_dsp_chain/u_agg/feat_mem[12][15]_i_123_n_0
    SLICE_X82Y123        CARRY4 (Prop_carry4_S[1]_CO[3])
                                                      0.533    19.512 r  design_final_i/top_ssr_0/inst/u_top_system/u_dsp_chain/u_agg/feat_mem_reg[12][15]_i_97/CO[3]
                         net (fo=1, routed)           0.000    19.512    design_final_i/top_ssr_0/inst/u_top_system/u_dsp_chain/u_agg/feat_mem_reg[12][15]_i_97_n_0
    SLICE_X82Y124        CARRY4 (Prop_carry4_CI_O[1])
                                                      0.323    19.835 r  design_final_i/top_ssr_0/inst/u_top_system/u_dsp_chain/u_agg/feat_mem_reg[12][15]_i_73/O[1]
                         net (fo=2, routed)           0.982    20.817    design_final_i/top_ssr_0/inst/u_top_system/u_dsp_chain/u_agg/feat_mem_reg[12][15]_i_73_n_6
    SLICE_X84Y124        LUT3 (Prop_lut3_I1_O)        0.334    21.151 r  design_final_i/top_ssr_0/inst/u_top_system/u_dsp_chain/u_agg/feat_mem[12][15]_i_65/O
                         net (fo=2, routed)           0.536    21.687    design_final_i/top_ssr_0/inst/u_top_system/u_dsp_chain/u_agg/feat_mem[12][15]_i_65_n_0
    SLICE_X83Y124        CARRY4 (Prop_carry4_DI[3]_CO[3])
                                                      0.587    22.274 r  design_final_i/top_ssr_0/inst/u_top_system/u_dsp_chain/u_agg/feat_mem_reg[12][15]_i_40/CO[3]
                         net (fo=1, routed)           0.009    22.283    design_final_i/top_ssr_0/inst/u_top_system/u_dsp_chain/u_agg/feat_mem_reg[12][15]_i_40_n_0
    SLICE_X83Y125        CARRY4 (Prop_carry4_CI_O[3])
                                                      0.313    22.596 r  design_final_i/top_ssr_0/inst/u_top_system/u_dsp_chain/u_agg/feat_mem_reg[12][15]_i_20/O[3]
                         net (fo=3, routed)           0.817    23.412    design_final_i/top_ssr_0/inst/u_top_system/u_dsp_chain/u_agg/feat_mem_reg[12][15]_i_20_n_4
    SLICE_X81Y126        LUT4 (Prop_lut4_I1_O)        0.306    23.718 r  design_final_i/top_ssr_0/inst/u_top_system/u_dsp_chain/u_agg/feat_mem[12][15]_i_32/O
                         net (fo=1, routed)           0.000    23.718    design_final_i/top_ssr_0/inst/u_top_system/u_dsp_chain/u_agg/feat_mem[12][15]_i_32_n_0
    SLICE_X81Y126        CARRY4 (Prop_carry4_S[2]_CO[3])
                                                      0.398    24.116 r  design_final_i/top_ssr_0/inst/u_top_system/u_dsp_chain/u_agg/feat_mem_reg[12][15]_i_13/CO[3]
                         net (fo=1, routed)           0.000    24.116    design_final_i/top_ssr_0/inst/u_top_system/u_dsp_chain/u_agg/feat_mem_reg[12][15]_i_13_n_0
    SLICE_X81Y127        CARRY4 (Prop_carry4_CI_CO[0])
                                                      0.271    24.387 r  design_final_i/top_ssr_0/inst/u_top_system/u_dsp_chain/u_agg/feat_mem_reg[12][15]_i_10/CO[0]
                         net (fo=1, routed)           0.472    24.859    design_final_i/top_ssr_0/inst/u_top_system/u_dsp_chain/u_agg/feat_mem_reg[12][15]_i_10_n_3
    SLICE_X82Y127        LUT4 (Prop_lut4_I0_O)        0.373    25.232 r  design_final_i/top_ssr_0/inst/u_top_system/u_dsp_chain/u_agg/feat_mem[12][15]_i_4/O
                         net (fo=42, routed)          0.945    26.177    design_final_i/top_ssr_0/inst/u_top_system/u_dsp_chain/u_agg/feat_mem[12][15]_i_4_n_0
    SLICE_X85Y120        LUT3 (Prop_lut3_I1_O)        0.150    26.327 r  design_final_i/top_ssr_0/inst/u_top_system/u_dsp_chain/u_agg/feat_mem[12][2]_i_13/O
                         net (fo=1, routed)           0.701    27.028    design_final_i/top_ssr_0/inst/u_top_system/u_dsp_chain/u_agg/feat_mem[12][2]_i_13_n_0
    SLICE_X91Y121        CARRY4 (Prop_carry4_CYINIT_CO[3])
                                                      0.782    27.810 r  design_final_i/top_ssr_0/inst/u_top_system/u_dsp_chain/u_agg/feat_mem_reg[12][2]_i_8/CO[3]
                         net (fo=1, routed)           0.000    27.810    design_final_i/top_ssr_0/inst/u_top_system/u_dsp_chain/u_agg/feat_mem_reg[12][2]_i_8_n_0
    SLICE_X91Y122        CARRY4 (Prop_carry4_CI_CO[3])
                                                      0.114    27.924 r  design_final_i/top_ssr_0/inst/u_top_system/u_dsp_chain/u_agg/feat_mem_reg[12][2]_i_3/CO[3]
                         net (fo=1, routed)           0.000    27.924    design_final_i/top_ssr_0/inst/u_top_system/u_dsp_chain/u_agg/feat_mem_reg[12][2]_i_3_n_0
    SLICE_X91Y123        CARRY4 (Prop_carry4_CI_CO[3])
                                                      0.114    28.038 r  design_final_i/top_ssr_0/inst/u_top_system/u_dsp_chain/u_agg/feat_mem_reg[12][2]_i_2/CO[3]
                         net (fo=1, routed)           0.000    28.038    design_final_i/top_ssr_0/inst/u_top_system/u_dsp_chain/u_agg/feat_mem_reg[12][2]_i_2_n_0
    SLICE_X91Y124        CARRY4 (Prop_carry4_CI_O[1])
                                                      0.334    28.372 r  design_final_i/top_ssr_0/inst/u_top_system/u_dsp_chain/u_agg/feat_mem_reg[12][6]_i_2/O[1]
                         net (fo=1, routed)           0.579    28.951    design_final_i/top_ssr_0/inst/u_top_system/u_dsp_chain/u_agg/feat_mem_reg[12][6]_i_2_n_6
    SLICE_X89Y124        LUT5 (Prop_lut5_I1_O)        0.303    29.254 r  design_final_i/top_ssr_0/inst/u_top_system/u_dsp_chain/u_agg/feat_mem[12][4]_i_1/O
                         net (fo=16, routed)          1.902    31.156    design_final_i/top_ssr_0/inst/u_top_system/u_dsp_chain/u_agg/p_1_in[4]
    SLICE_X106Y135       FDRE                                         r  design_final_i/top_ssr_0/inst/u_top_system/u_dsp_chain/u_agg/feat_mem_reg[10][4]/D
  -------------------------------------------------------------------    -------------------

                         (clock clk_fpga_0 rise edge)
                                                     50.000    50.000 r  
    PS7_X0Y0             PS7                          0.000    50.000 r  design_final_i/processing_system7_0/inst/PS7_i/FCLKCLK[0]
                         net (fo=1, routed)           1.088    51.088    design_final_i/processing_system7_0/inst/FCLK_CLK_unbuffered[0]
    BUFGCTRL_X0Y16       BUFG (Prop_bufg_I_O)         0.091    51.179 r  design_final_i/processing_system7_0/inst/buffer_fclk_clk_0.FCLK_CLK_0_BUFG/O
                         net (fo=19638, routed)       1.852    53.031    design_final_i/top_ssr_0/inst/u_top_system/u_dsp_chain/u_agg/s00_axi_aclk
    SLICE_X106Y135       FDRE                                         r  design_final_i/top_ssr_0/inst/u_top_system/u_dsp_chain/u_agg/feat_mem_reg[10][4]/C
                         clock pessimism              0.247    53.278    
                         clock uncertainty           -0.751    52.527    
    SLICE_X106Y135       FDRE (Setup_fdre_C_D)       -0.081    52.446    design_final_i/top_ssr_0/inst/u_top_system/u_dsp_chain/u_agg/feat_mem_reg[10][4]
  -------------------------------------------------------------------
                         required time                         52.446    
                         arrival time                         -31.156    
  -------------------------------------------------------------------
                         slack                                 21.290    

Slack (MET) :             21.342ns  (required time - arrival time)
  Source:                 design_final_i/top_ssr_0/inst/u_top_system/u_dsp_chain/u_agg/calc_k_reg[1]/C
                            (rising edge-triggered cell FDRE clocked by clk_fpga_0  {rise@0.000ns fall@25.000ns period=50.000ns})
  Destination:            design_final_i/top_ssr_0/inst/u_top_system/u_dsp_chain/u_agg/feat_mem_reg[10][8]/D
                            (rising edge-triggered cell FDRE clocked by clk_fpga_0  {rise@0.000ns fall@25.000ns period=50.000ns})
  Path Group:             clk_fpga_0
  Path Type:              Setup (Max at Slow Process Corner)
  Requirement:            50.000ns  (clk_fpga_0 rise@50.000ns - clk_fpga_0 rise@0.000ns)
  Data Path Delay:        27.892ns  (logic 11.443ns (41.026%)  route 16.449ns (58.974%))
  Logic Levels:           38  (CARRY4=24 LUT1=1 LUT2=1 LUT3=5 LUT4=2 LUT5=2 LUT6=3)
  Clock Path Skew:        0.012ns (DCD - SCD + CPR)
    Destination Clock Delay (DCD):    3.021ns = ( 53.021 - 50.000 ) 
    Source Clock Delay      (SCD):    3.256ns
    Clock Pessimism Removal (CPR):    0.247ns
  Clock Uncertainty:      0.751ns  ((TSJ^2 + TIJ^2)^1/2 + DJ) / 2 + PE
    Total System Jitter     (TSJ):    0.071ns
    Total Input Jitter      (TIJ):    1.500ns
    Discrete Jitter          (DJ):    0.000ns
    Phase Error              (PE):    0.000ns

    Location             Delay type                Incr(ns)  Path(ns)    Netlist Resource(s)
  -------------------------------------------------------------------    -------------------
                         (clock clk_fpga_0 rise edge)
                                                      0.000     0.000 r  
    PS7_X0Y0             PS7                          0.000     0.000 r  design_final_i/processing_system7_0/inst/PS7_i/FCLKCLK[0]
                         net (fo=1, routed)           1.193     1.193    design_final_i/processing_system7_0/inst/FCLK_CLK_unbuffered[0]
    BUFGCTRL_X0Y16       BUFG (Prop_bufg_I_O)         0.101     1.294 r  design_final_i/processing_system7_0/inst/buffer_fclk_clk_0.FCLK_CLK_0_BUFG/O
                         net (fo=19638, routed)       1.962     3.256    design_final_i/top_ssr_0/inst/u_top_system/u_dsp_chain/u_agg/s00_axi_aclk
    SLICE_X95Y121        FDRE                                         r  design_final_i/top_ssr_0/inst/u_top_system/u_dsp_chain/u_agg/calc_k_reg[1]/C
  -------------------------------------------------------------------    -------------------
    SLICE_X95Y121        FDRE (Prop_fdre_C_Q)         0.419     3.675 r  design_final_i/top_ssr_0/inst/u_top_system/u_dsp_chain/u_agg/calc_k_reg[1]/Q
                         net (fo=118, routed)         1.858     5.533    design_final_i/top_ssr_0/inst/u_top_system/u_dsp_chain/u_agg/calc_k[1]
    SLICE_X87Y105        LUT6 (Prop_lut6_I2_O)        0.299     5.832 f  design_final_i/top_ssr_0/inst/u_top_system/u_dsp_chain/u_agg/suma_sq0_i_86/O
                         net (fo=1, routed)           0.796     6.628    design_final_i/top_ssr_0/inst/u_top_system/u_dsp_chain/u_agg/suma_sq0_i_86_n_0
    SLICE_X87Y106        LUT6 (Prop_lut6_I1_O)        0.124     6.752 f  design_final_i/top_ssr_0/inst/u_top_system/u_dsp_chain/u_agg/suma_sq0_i_27/O
                         net (fo=7, routed)           0.799     7.551    design_final_i/top_ssr_0/inst/u_top_system/u_dsp_chain/u_agg/suma_sq0_i_27_n_0
    SLICE_X83Y111        LUT1 (Prop_lut1_I0_O)        0.124     7.675 r  design_final_i/top_ssr_0/inst/u_top_system/u_dsp_chain/u_agg/feat_mem[12][3]_i_137/O
                         net (fo=1, routed)           0.000     7.675    design_final_i/top_ssr_0/inst/u_top_system/u_dsp_chain/u_agg/feat_mem[12][3]_i_137_n_0
    SLICE_X83Y111        CARRY4 (Prop_carry4_S[0]_CO[3])
                                                      0.532     8.207 r  design_final_i/top_ssr_0/inst/u_top_system/u_dsp_chain/u_agg/feat_mem_reg[12][3]_i_104/CO[3]
                         net (fo=1, routed)           0.000     8.207    design_final_i/top_ssr_0/inst/u_top_system/u_dsp_chain/u_agg/feat_mem_reg[12][3]_i_104_n_0
    SLICE_X83Y112        CARRY4 (Prop_carry4_CI_CO[3])
                                                      0.114     8.321 r  design_final_i/top_ssr_0/inst/u_top_system/u_dsp_chain/u_agg/feat_mem_reg[12][3]_i_73/CO[3]
                         net (fo=1, routed)           0.000     8.321    design_final_i/top_ssr_0/inst/u_top_system/u_dsp_chain/u_agg/feat_mem_reg[12][3]_i_73_n_0
    SLICE_X83Y113        CARRY4 (Prop_carry4_CI_CO[3])
                                                      0.114     8.435 r  design_final_i/top_ssr_0/inst/u_top_system/u_dsp_chain/u_agg/feat_mem_reg[12][3]_i_49/CO[3]
                         net (fo=1, routed)           0.000     8.435    design_final_i/top_ssr_0/inst/u_top_system/u_dsp_chain/u_agg/feat_mem_reg[12][3]_i_49_n_0
    SLICE_X83Y114        CARRY4 (Prop_carry4_CI_CO[3])
                                                      0.114     8.549 r  design_final_i/top_ssr_0/inst/u_top_system/u_dsp_chain/u_agg/feat_mem_reg[12][7]_i_15/CO[3]
                         net (fo=1, routed)           0.000     8.549    design_final_i/top_ssr_0/inst/u_top_system/u_dsp_chain/u_agg/feat_mem_reg[12][7]_i_15_n_0
    SLICE_X83Y115        CARRY4 (Prop_carry4_CI_CO[3])
                                                      0.114     8.663 r  design_final_i/top_ssr_0/inst/u_top_system/u_dsp_chain/u_agg/feat_mem_reg[12][15]_i_35/CO[3]
                         net (fo=1, routed)           0.000     8.663    design_final_i/top_ssr_0/inst/u_top_system/u_dsp_chain/u_agg/feat_mem_reg[12][15]_i_35_n_0
    SLICE_X83Y116        CARRY4 (Prop_carry4_CI_CO[3])
                                                      0.114     8.777 r  design_final_i/top_ssr_0/inst/u_top_system/u_dsp_chain/u_agg/feat_mem_reg[12][15]_i_16/CO[3]
                         net (fo=1, routed)           0.000     8.777    design_final_i/top_ssr_0/inst/u_top_system/u_dsp_chain/u_agg/feat_mem_reg[12][15]_i_16_n_0
    SLICE_X83Y117        CARRY4 (Prop_carry4_CI_O[0])
                                                      0.222     8.999 r  design_final_i/top_ssr_0/inst/u_top_system/u_dsp_chain/u_agg/feat_mem_reg[12][15]_i_11/O[0]
                         net (fo=3, routed)           1.435    10.434    design_final_i/top_ssr_0/inst/u_top_system/u_dsp_chain/u_agg/feat_mem_reg[12][15]_i_11_n_7
    SLICE_X86Y121        LUT3 (Prop_lut3_I2_O)        0.321    10.755 r  design_final_i/top_ssr_0/inst/u_top_system/u_dsp_chain/u_agg/feat_mem[12][11]_i_14/O
                         net (fo=16, routed)          1.199    11.954    design_final_i/top_ssr_0/inst/u_top_system/u_dsp_chain/u_agg/feat_mem[12][11]_i_14_n_0
    SLICE_X85Y118        LUT3 (Prop_lut3_I2_O)        0.356    12.310 r  design_final_i/top_ssr_0/inst/u_top_system/u_dsp_chain/u_agg/feat_mem[12][3]_i_127/O
                         net (fo=1, routed)           0.572    12.882    design_final_i/top_ssr_0/inst/u_top_system/u_dsp_chain/u_agg/feat_mem[12][3]_i_127_n_0
    SLICE_X84Y118        CARRY4 (Prop_carry4_DI[1]_CO[3])
                                                      0.709    13.591 r  design_final_i/top_ssr_0/inst/u_top_system/u_dsp_chain/u_agg/feat_mem_reg[12][3]_i_87/CO[3]
                         net (fo=1, routed)           0.000    13.591    design_final_i/top_ssr_0/inst/u_top_system/u_dsp_chain/u_agg/feat_mem_reg[12][3]_i_87_n_0
    SLICE_X84Y119        CARRY4 (Prop_carry4_CI_CO[3])
                                                      0.114    13.705 r  design_final_i/top_ssr_0/inst/u_top_system/u_dsp_chain/u_agg/feat_mem_reg[12][3]_i_60/CO[3]
                         net (fo=1, routed)           0.000    13.705    design_final_i/top_ssr_0/inst/u_top_system/u_dsp_chain/u_agg/feat_mem_reg[12][3]_i_60_n_0
    SLICE_X84Y120        CARRY4 (Prop_carry4_CI_CO[3])
                                                      0.114    13.819 r  design_final_i/top_ssr_0/inst/u_top_system/u_dsp_chain/u_agg/feat_mem_reg[12][3]_i_38/CO[3]
                         net (fo=1, routed)           0.000    13.819    design_final_i/top_ssr_0/inst/u_top_system/u_dsp_chain/u_agg/feat_mem_reg[12][3]_i_38_n_0
    SLICE_X84Y121        CARRY4 (Prop_carry4_CI_O[1])
                                                      0.334    14.153 r  design_final_i/top_ssr_0/inst/u_top_system/u_dsp_chain/u_agg/feat_mem_reg[12][3]_i_22/O[1]
                         net (fo=3, routed)           0.618    14.771    design_final_i/top_ssr_0/inst/u_top_system/u_dsp_chain/u_agg/feat_mem_reg[12][3]_i_22_n_6
    SLICE_X86Y121        LUT3 (Prop_lut3_I2_O)        0.303    15.074 r  design_final_i/top_ssr_0/inst/u_top_system/u_dsp_chain/u_agg/feat_mem[12][3]_i_27/O
                         net (fo=2, routed)           0.830    15.904    design_final_i/top_ssr_0/inst/u_top_system/u_dsp_chain/u_agg/feat_mem[12][3]_i_27_n_0
    SLICE_X86Y120        LUT5 (Prop_lut5_I4_O)        0.152    16.056 r  design_final_i/top_ssr_0/inst/u_top_system/u_dsp_chain/u_agg/feat_mem[12][3]_i_7/O
                         net (fo=2, routed)           0.697    16.753    design_final_i/top_ssr_0/inst/u_top_system/u_dsp_chain/u_agg/feat_mem[12][3]_i_7_n_0
    SLICE_X87Y121        LUT6 (Prop_lut6_I0_O)        0.348    17.101 r  design_final_i/top_ssr_0/inst/u_top_system/u_dsp_chain/u_agg/feat_mem[12][3]_i_11/O
                         net (fo=1, routed)           0.000    17.101    design_final_i/top_ssr_0/inst/u_top_system/u_dsp_chain/u_agg/feat_mem[12][3]_i_11_n_0
    SLICE_X87Y121        CARRY4 (Prop_carry4_S[0]_CO[3])
                                                      0.532    17.633 r  design_final_i/top_ssr_0/inst/u_top_system/u_dsp_chain/u_agg/feat_mem_reg[12][3]_i_2/CO[3]
                         net (fo=1, routed)           0.000    17.633    design_final_i/top_ssr_0/inst/u_top_system/u_dsp_chain/u_agg/feat_mem_reg[12][3]_i_2_n_0
    SLICE_X87Y122        CARRY4 (Prop_carry4_CI_O[0])
                                                      0.222    17.855 r  design_final_i/top_ssr_0/inst/u_top_system/u_dsp_chain/u_agg/feat_mem_reg[12][7]_i_2/O[0]
                         net (fo=10, routed)          0.825    18.680    design_final_i/top_ssr_0/inst/u_top_system/u_dsp_chain/u_agg/feat_mem_reg[12][7]_i_2_n_7
    SLICE_X82Y123        LUT2 (Prop_lut2_I0_O)        0.299    18.979 r  design_final_i/top_ssr_0/inst/u_top_system/u_dsp_chain/u_agg/feat_mem[12][15]_i_123/O
                         net (fo=1, routed)           0.000    18.979    design_final_i/top_ssr_0/inst/u_top_system/u_dsp_chain/u_agg/feat_mem[12][15]_i_123_n_0
    SLICE_X82Y123        CARRY4 (Prop_carry4_S[1]_CO[3])
                                                      0.533    19.512 r  design_final_i/top_ssr_0/inst/u_top_system/u_dsp_chain/u_agg/feat_mem_reg[12][15]_i_97/CO[3]
                         net (fo=1, routed)           0.000    19.512    design_final_i/top_ssr_0/inst/u_top_system/u_dsp_chain/u_agg/feat_mem_reg[12][15]_i_97_n_0
    SLICE_X82Y124        CARRY4 (Prop_carry4_CI_O[1])
                                                      0.323    19.835 r  design_final_i/top_ssr_0/inst/u_top_system/u_dsp_chain/u_agg/feat_mem_reg[12][15]_i_73/O[1]
                         net (fo=2, routed)           0.982    20.817    design_final_i/top_ssr_0/inst/u_top_system/u_dsp_chain/u_agg/feat_mem_reg[12][15]_i_73_n_6
    SLICE_X84Y124        LUT3 (Prop_lut3_I1_O)        0.334    21.151 r  design_final_i/top_ssr_0/inst/u_top_system/u_dsp_chain/u_agg/feat_mem[12][15]_i_65/O
                         net (fo=2, routed)           0.536    21.687    design_final_i/top_ssr_0/inst/u_top_system/u_dsp_chain/u_agg/feat_mem[12][15]_i_65_n_0
    SLICE_X83Y124        CARRY4 (Prop_carry4_DI[3]_CO[3])
                                                      0.587    22.274 r  design_final_i/top_ssr_0/inst/u_top_system/u_dsp_chain/u_agg/feat_mem_reg[12][15]_i_40/CO[3]
                         net (fo=1, routed)           0.009    22.283    design_final_i/top_ssr_0/inst/u_top_system/u_dsp_chain/u_agg/feat_mem_reg[12][15]_i_40_n_0
    SLICE_X83Y125        CARRY4 (Prop_carry4_CI_O[3])
                                                      0.313    22.596 r  design_final_i/top_ssr_0/inst/u_top_system/u_dsp_chain/u_agg/feat_mem_reg[12][15]_i_20/O[3]
                         net (fo=3, routed)           0.817    23.412    design_final_i/top_ssr_0/inst/u_top_system/u_dsp_chain/u_agg/feat_mem_reg[12][15]_i_20_n_4
    SLICE_X81Y126        LUT4 (Prop_lut4_I1_O)        0.306    23.718 r  design_final_i/top_ssr_0/inst/u_top_system/u_dsp_chain/u_agg/feat_mem[12][15]_i_32/O
                         net (fo=1, routed)           0.000    23.718    design_final_i/top_ssr_0/inst/u_top_system/u_dsp_chain/u_agg/feat_mem[12][15]_i_32_n_0
    SLICE_X81Y126        CARRY4 (Prop_carry4_S[2]_CO[3])
                                                      0.398    24.116 r  design_final_i/top_ssr_0/inst/u_top_system/u_dsp_chain/u_agg/feat_mem_reg[12][15]_i_13/CO[3]
                         net (fo=1, routed)           0.000    24.116    design_final_i/top_ssr_0/inst/u_top_system/u_dsp_chain/u_agg/feat_mem_reg[12][15]_i_13_n_0
    SLICE_X81Y127        CARRY4 (Prop_carry4_CI_CO[0])
                                                      0.271    24.387 r  design_final_i/top_ssr_0/inst/u_top_system/u_dsp_chain/u_agg/feat_mem_reg[12][15]_i_10/CO[0]
                         net (fo=1, routed)           0.472    24.859    design_final_i/top_ssr_0/inst/u_top_system/u_dsp_chain/u_agg/feat_mem_reg[12][15]_i_10_n_3
    SLICE_X82Y127        LUT4 (Prop_lut4_I0_O)        0.373    25.232 r  design_final_i/top_ssr_0/inst/u_top_system/u_dsp_chain/u_agg/feat_mem[12][15]_i_4/O
                         net (fo=42, routed)          0.945    26.177    design_final_i/top_ssr_0/inst/u_top_system/u_dsp_chain/u_agg/feat_mem[12][15]_i_4_n_0
    SLICE_X85Y120        LUT3 (Prop_lut3_I1_O)        0.150    26.327 r  design_final_i/top_ssr_0/inst/u_top_system/u_dsp_chain/u_agg/feat_mem[12][2]_i_13/O
                         net (fo=1, routed)           0.701    27.028    design_final_i/top_ssr_0/inst/u_top_system/u_dsp_chain/u_agg/feat_mem[12][2]_i_13_n_0
    SLICE_X91Y121        CARRY4 (Prop_carry4_CYINIT_CO[3])
                                                      0.782    27.810 r  design_final_i/top_ssr_0/inst/u_top_system/u_dsp_chain/u_agg/feat_mem_reg[12][2]_i_8/CO[3]
                         net (fo=1, routed)           0.000    27.810    design_final_i/top_ssr_0/inst/u_top_system/u_dsp_chain/u_agg/feat_mem_reg[12][2]_i_8_n_0
    SLICE_X91Y122        CARRY4 (Prop_carry4_CI_CO[3])
                                                      0.114    27.924 r  design_final_i/top_ssr_0/inst/u_top_system/u_dsp_chain/u_agg/feat_mem_reg[12][2]_i_3/CO[3]
                         net (fo=1, routed)           0.000    27.924    design_final_i/top_ssr_0/inst/u_top_system/u_dsp_chain/u_agg/feat_mem_reg[12][2]_i_3_n_0
    SLICE_X91Y123        CARRY4 (Prop_carry4_CI_CO[3])
                                                      0.114    28.038 r  design_final_i/top_ssr_0/inst/u_top_system/u_dsp_chain/u_agg/feat_mem_reg[12][2]_i_2/CO[3]
                         net (fo=1, routed)           0.000    28.038    design_final_i/top_ssr_0/inst/u_top_system/u_dsp_chain/u_agg/feat_mem_reg[12][2]_i_2_n_0
    SLICE_X91Y124        CARRY4 (Prop_carry4_CI_CO[3])
                                                      0.114    28.152 r  design_final_i/top_ssr_0/inst/u_top_system/u_dsp_chain/u_agg/feat_mem_reg[12][6]_i_2/CO[3]
                         net (fo=1, routed)           0.009    28.161    design_final_i/top_ssr_0/inst/u_top_system/u_dsp_chain/u_agg/feat_mem_reg[12][6]_i_2_n_0
    SLICE_X91Y125        CARRY4 (Prop_carry4_CI_O[1])
                                                      0.334    28.495 r  design_final_i/top_ssr_0/inst/u_top_system/u_dsp_chain/u_agg/feat_mem_reg[12][10]_i_2/O[1]
                         net (fo=1, routed)           0.822    29.317    design_final_i/top_ssr_0/inst/u_top_system/u_dsp_chain/u_agg/feat_mem_reg[12][10]_i_2_n_6
    SLICE_X89Y124        LUT5 (Prop_lut5_I1_O)        0.303    29.620 r  design_final_i/top_ssr_0/inst/u_top_system/u_dsp_chain/u_agg/feat_mem[12][8]_i_1/O
                         net (fo=16, routed)          1.527    31.148    design_final_i/top_ssr_0/inst/u_top_system/u_dsp_chain/u_agg/p_1_in[8]
    SLICE_X108Y126       FDRE                                         r  design_final_i/top_ssr_0/inst/u_top_system/u_dsp_chain/u_agg/feat_mem_reg[10][8]/D
  -------------------------------------------------------------------    -------------------

                         (clock clk_fpga_0 rise edge)
                                                     50.000    50.000 r  
    PS7_X0Y0             PS7                          0.000    50.000 r  design_final_i/processing_system7_0/inst/PS7_i/FCLKCLK[0]
                         net (fo=1, routed)           1.088    51.088    design_final_i/processing_system7_0/inst/FCLK_CLK_unbuffered[0]
    BUFGCTRL_X0Y16       BUFG (Prop_bufg_I_O)         0.091    51.179 r  design_final_i/processing_system7_0/inst/buffer_fclk_clk_0.FCLK_CLK_0_BUFG/O
                         net (fo=19638, routed)       1.842    53.021    design_final_i/top_ssr_0/inst/u_top_system/u_dsp_chain/u_agg/s00_axi_aclk
    SLICE_X108Y126       FDRE                                         r  design_final_i/top_ssr_0/inst/u_top_system/u_dsp_chain/u_agg/feat_mem_reg[10][8]/C
                         clock pessimism              0.247    53.268    
                         clock uncertainty           -0.751    52.517    
    SLICE_X108Y126       FDRE (Setup_fdre_C_D)       -0.027    52.490    design_final_i/top_ssr_0/inst/u_top_system/u_dsp_chain/u_agg/feat_mem_reg[10][8]
  -------------------------------------------------------------------
                         required time                         52.490    
                         arrival time                         -31.148    
  -------------------------------------------------------------------
                         slack                                 21.342    





Min Delay Paths
--------------------------------------------------------------------------------------
Slack (MET) :             0.048ns  (arrival time - required time)
  Source:                 design_final_i/ps7_0_axi_periph/xbar/inst/gen_sasd.crossbar_sasd_0/reg_slice_r/m_payload_i_reg[26]/C
                            (rising edge-triggered cell FDRE clocked by clk_fpga_0  {rise@0.000ns fall@25.000ns period=50.000ns})
  Destination:            design_final_i/ps7_0_axi_periph/s00_couplers/auto_pc/inst/gen_axilite.gen_b2s_conv.axilite_b2s/RD.r_channel_0/rd_data_fifo_0/memory_reg[31][23]_srl32/D
                            (rising edge-triggered cell SRLC32E clocked by clk_fpga_0  {rise@0.000ns fall@25.000ns period=50.000ns})
  Path Group:             clk_fpga_0
  Path Type:              Hold (Min at Fast Process Corner)
  Requirement:            0.000ns  (clk_fpga_0 rise@0.000ns - clk_fpga_0 rise@0.000ns)
  Data Path Delay:        0.345ns  (logic 0.141ns (40.886%)  route 0.204ns (59.114%))
  Logic Levels:           0  
  Clock Path Skew:        0.180ns (DCD - SCD - CPR)
    Destination Clock Delay (DCD):    1.192ns
    Source Clock Delay      (SCD):    0.977ns
    Clock Pessimism Removal (CPR):    0.035ns

    Location             Delay type                Incr(ns)  Path(ns)    Netlist Resource(s)
  -------------------------------------------------------------------    -------------------
                         (clock clk_fpga_0 rise edge)
                                                      0.000     0.000 r  
    PS7_X0Y0             PS7                          0.000     0.000 r  design_final_i/processing_system7_0/inst/PS7_i/FCLKCLK[0]
                         net (fo=1, routed)           0.310     0.310    design_final_i/processing_system7_0/inst/FCLK_CLK_unbuffered[0]
    BUFGCTRL_X0Y16       BUFG (Prop_bufg_I_O)         0.026     0.336 r  design_final_i/processing_system7_0/inst/buffer_fclk_clk_0.FCLK_CLK_0_BUFG/O
                         net (fo=19638, routed)       0.641     0.977    design_final_i/ps7_0_axi_periph/xbar/inst/gen_sasd.crossbar_sasd_0/reg_slice_r/aclk
    SLICE_X35Y101        FDRE                                         r  design_final_i/ps7_0_axi_periph/xbar/inst/gen_sasd.crossbar_sasd_0/reg_slice_r/m_payload_i_reg[26]/C
  -------------------------------------------------------------------    -------------------
    SLICE_X35Y101        FDRE (Prop_fdre_C_Q)         0.141     1.118 r  design_final_i/ps7_0_axi_periph/xbar/inst/gen_sasd.crossbar_sasd_0/reg_slice_r/m_payload_i_reg[26]/Q
                         net (fo=1, routed)           0.204     1.322    design_final_i/ps7_0_axi_periph/s00_couplers/auto_pc/inst/gen_axilite.gen_b2s_conv.axilite_b2s/RD.r_channel_0/rd_data_fifo_0/in[23]
    SLICE_X34Y99         SRLC32E                                      r  design_final_i/ps7_0_axi_periph/s00_couplers/auto_pc/inst/gen_axilite.gen_b2s_conv.axilite_b2s/RD.r_channel_0/rd_data_fifo_0/memory_reg[31][23]_srl32/D
  -------------------------------------------------------------------    -------------------

                         (clock clk_fpga_0 rise edge)
                                                      0.000     0.000 r  
    PS7_X0Y0             PS7                          0.000     0.000 r  design_final_i/processing_system7_0/inst/PS7_i/FCLKCLK[0]
                         net (fo=1, routed)           0.337     0.337    design_final_i/processing_system7_0/inst/FCLK_CLK_unbuffered[0]
    BUFGCTRL_X0Y16       BUFG (Prop_bufg_I_O)         0.029     0.366 r  design_final_i/processing_system7_0/inst/buffer_fclk_clk_0.FCLK_CLK_0_BUFG/O
                         net (fo=19638, routed)       0.826     1.192    design_final_i/ps7_0_axi_periph/s00_couplers/auto_pc/inst/gen_axilite.gen_b2s_conv.axilite_b2s/RD.r_channel_0/rd_data_fifo_0/aclk
    SLICE_X34Y99         SRLC32E                                      r  design_final_i/ps7_0_axi_periph/s00_couplers/auto_pc/inst/gen_axilite.gen_b2s_conv.axilite_b2s/RD.r_channel_0/rd_data_fifo_0/memory_reg[31][23]_srl32/CLK
                         clock pessimism             -0.035     1.157    
    SLICE_X34Y99         SRLC32E (Hold_srlc32e_CLK_D)
                                                      0.117     1.274    design_final_i/ps7_0_axi_periph/s00_couplers/auto_pc/inst/gen_axilite.gen_b2s_conv.axilite_b2s/RD.r_channel_0/rd_data_fifo_0/memory_reg[31][23]_srl32
  -------------------------------------------------------------------
                         required time                         -1.274    
                         arrival time                           1.322    
  -------------------------------------------------------------------
                         slack                                  0.048    

Slack (MET) :             0.052ns  (arrival time - required time)
  Source:                 design_final_i/ps7_0_axi_periph/s00_couplers/auto_pc/inst/gen_axilite.gen_b2s_conv.axilite_b2s/WR.aw_channel_0/s_awid_r_reg[7]/C
                            (rising edge-triggered cell FDRE clocked by clk_fpga_0  {rise@0.000ns fall@25.000ns period=50.000ns})
  Destination:            design_final_i/ps7_0_axi_periph/s00_couplers/auto_pc/inst/gen_axilite.gen_b2s_conv.axilite_b2s/WR.b_channel_0/bid_fifo_0/memory_reg[3][15]_srl4/D
                            (rising edge-triggered cell SRL16E clocked by clk_fpga_0  {rise@0.000ns fall@25.000ns period=50.000ns})
  Path Group:             clk_fpga_0
  Path Type:              Hold (Min at Fast Process Corner)
  Requirement:            0.000ns  (clk_fpga_0 rise@0.000ns - clk_fpga_0 rise@0.000ns)
  Data Path Delay:        0.251ns  (logic 0.141ns (56.174%)  route 0.110ns (43.826%))
  Logic Levels:           0  
  Clock Path Skew:        0.016ns (DCD - SCD - CPR)
    Destination Clock Delay (DCD):    1.295ns
    Source Clock Delay      (SCD):    0.991ns
    Clock Pessimism Removal (CPR):    0.288ns

    Location             Delay type                Incr(ns)  Path(ns)    Netlist Resource(s)
  -------------------------------------------------------------------    -------------------
                         (clock clk_fpga_0 rise edge)
                                                      0.000     0.000 r  
    PS7_X0Y0             PS7                          0.000     0.000 r  design_final_i/processing_system7_0/inst/PS7_i/FCLKCLK[0]
                         net (fo=1, routed)           0.310     0.310    design_final_i/processing_system7_0/inst/FCLK_CLK_unbuffered[0]
    BUFGCTRL_X0Y16       BUFG (Prop_bufg_I_O)         0.026     0.336 r  design_final_i/processing_system7_0/inst/buffer_fclk_clk_0.FCLK_CLK_0_BUFG/O
                         net (fo=19638, routed)       0.655     0.991    design_final_i/ps7_0_axi_periph/s00_couplers/auto_pc/inst/gen_axilite.gen_b2s_conv.axilite_b2s/WR.aw_channel_0/aclk
    SLICE_X27Y104        FDRE                                         r  design_final_i/ps7_0_axi_periph/s00_couplers/auto_pc/inst/gen_axilite.gen_b2s_conv.axilite_b2s/WR.aw_channel_0/s_awid_r_reg[7]/C
  -------------------------------------------------------------------    -------------------
    SLICE_X27Y104        FDRE (Prop_fdre_C_Q)         0.141     1.132 r  design_final_i/ps7_0_axi_periph/s00_couplers/auto_pc/inst/gen_axilite.gen_b2s_conv.axilite_b2s/WR.aw_channel_0/s_awid_r_reg[7]/Q
                         net (fo=1, routed)           0.110     1.242    design_final_i/ps7_0_axi_periph/s00_couplers/auto_pc/inst/gen_axilite.gen_b2s_conv.axilite_b2s/WR.b_channel_0/bid_fifo_0/in[11]
    SLICE_X26Y103        SRL16E                                       r  design_final_i/ps7_0_axi_periph/s00_couplers/auto_pc/inst/gen_axilite.gen_b2s_conv.axilite_b2s/WR.b_channel_0/bid_fifo_0/memory_reg[3][15]_srl4/D
  -------------------------------------------------------------------    -------------------

                         (clock clk_fpga_0 rise edge)
                                                      0.000     0.000 r  
    PS7_X0Y0             PS7                          0.000     0.000 r  design_final_i/processing_system7_0/inst/PS7_i/FCLKCLK[0]
                         net (fo=1, routed)           0.337     0.337    design_final_i/processing_system7_0/inst/FCLK_CLK_unbuffered[0]
    BUFGCTRL_X0Y16       BUFG (Prop_bufg_I_O)         0.029     0.366 r  design_final_i/processing_system7_0/inst/buffer_fclk_clk_0.FCLK_CLK_0_BUFG/O
                         net (fo=19638, routed)       0.929     1.295    design_final_i/ps7_0_axi_periph/s00_couplers/auto_pc/inst/gen_axilite.gen_b2s_conv.axilite_b2s/WR.b_channel_0/bid_fifo_0/aclk
    SLICE_X26Y103        SRL16E                                       r  design_final_i/ps7_0_axi_periph/s00_couplers/auto_pc/inst/gen_axilite.gen_b2s_conv.axilite_b2s/WR.b_channel_0/bid_fifo_0/memory_reg[3][15]_srl4/CLK
                         clock pessimism             -0.288     1.007    
    SLICE_X26Y103        SRL16E (Hold_srl16e_CLK_D)
                                                      0.183     1.190    design_final_i/ps7_0_axi_periph/s00_couplers/auto_pc/inst/gen_axilite.gen_b2s_conv.axilite_b2s/WR.b_channel_0/bid_fifo_0/memory_reg[3][15]_srl4
  -------------------------------------------------------------------
                         required time                         -1.190    
                         arrival time                           1.242    
  -------------------------------------------------------------------
                         slack                                  0.052    

Slack (MET) :             0.066ns  (arrival time - required time)
  Source:                 design_final_i/axi_gpio_0/U0/AXI_LITE_IPIF_I/I_SLAVE_ATTACHMENT/I_DECODER/GEN_BKEND_CE_REGISTERS[0].ce_out_i_reg[0]/C
                            (rising edge-triggered cell FDRE clocked by clk_fpga_0  {rise@0.000ns fall@25.000ns period=50.000ns})
  Destination:            design_final_i/axi_gpio_0/U0/ip2bus_data_i_D1_reg[0]/D
                            (rising edge-triggered cell FDRE clocked by clk_fpga_0  {rise@0.000ns fall@25.000ns period=50.000ns})
  Path Group:             clk_fpga_0
  Path Type:              Hold (Min at Fast Process Corner)
  Requirement:            0.000ns  (clk_fpga_0 rise@0.000ns - clk_fpga_0 rise@0.000ns)
  Data Path Delay:        0.339ns  (logic 0.186ns (54.933%)  route 0.153ns (45.067%))
  Logic Levels:           1  (LUT5=1)
  Clock Path Skew:        0.181ns (DCD - SCD - CPR)
    Destination Clock Delay (DCD):    1.191ns
    Source Clock Delay      (SCD):    0.975ns
    Clock Pessimism Removal (CPR):    0.035ns

    Location             Delay type                Incr(ns)  Path(ns)    Netlist Resource(s)
  -------------------------------------------------------------------    -------------------
                         (clock clk_fpga_0 rise edge)
                                                      0.000     0.000 r  
    PS7_X0Y0             PS7                          0.000     0.000 r  design_final_i/processing_system7_0/inst/PS7_i/FCLKCLK[0]
                         net (fo=1, routed)           0.310     0.310    design_final_i/processing_system7_0/inst/FCLK_CLK_unbuffered[0]
    BUFGCTRL_X0Y16       BUFG (Prop_bufg_I_O)         0.026     0.336 r  design_final_i/processing_system7_0/inst/buffer_fclk_clk_0.FCLK_CLK_0_BUFG/O
                         net (fo=19638, routed)       0.639     0.975    design_final_i/axi_gpio_0/U0/AXI_LITE_IPIF_I/I_SLAVE_ATTACHMENT/I_DECODER/s_axi_aclk
    SLICE_X40Y100        FDRE                                         r  design_final_i/axi_gpio_0/U0/AXI_LITE_IPIF_I/I_SLAVE_ATTACHMENT/I_DECODER/GEN_BKEND_CE_REGISTERS[0].ce_out_i_reg[0]/C
  -------------------------------------------------------------------    -------------------
    SLICE_X40Y100        FDRE (Prop_fdre_C_Q)         0.141     1.116 f  design_final_i/axi_gpio_0/U0/AXI_LITE_IPIF_I/I_SLAVE_ATTACHMENT/I_DECODER/GEN_BKEND_CE_REGISTERS[0].ce_out_i_reg[0]/Q
                         net (fo=6, routed)           0.153     1.269    design_final_i/axi_gpio_0/U0/gpio_core_1/GEN_BKEND_CE_REGISTERS[0].ce_out_i_reg
    SLICE_X43Y99         LUT5 (Prop_lut5_I0_O)        0.045     1.314 r  design_final_i/axi_gpio_0/U0/gpio_core_1/ip2bus_data_i_D1[0]_i_1/O
                         net (fo=1, routed)           0.000     1.314    design_final_i/axi_gpio_0/U0/ip2bus_data[0]
    SLICE_X43Y99         FDRE                                         r  design_final_i/axi_gpio_0/U0/ip2bus_data_i_D1_reg[0]/D
  -------------------------------------------------------------------    -------------------

                         (clock clk_fpga_0 rise edge)
                                                      0.000     0.000 r  
    PS7_X0Y0             PS7                          0.000     0.000 r  design_final_i/processing_system7_0/inst/PS7_i/FCLKCLK[0]
                         net (fo=1, routed)           0.337     0.337    design_final_i/processing_system7_0/inst/FCLK_CLK_unbuffered[0]
    BUFGCTRL_X0Y16       BUFG (Prop_bufg_I_O)         0.029     0.366 r  design_final_i/processing_system7_0/inst/buffer_fclk_clk_0.FCLK_CLK_0_BUFG/O
                         net (fo=19638, routed)       0.825     1.191    design_final_i/axi_gpio_0/U0/s_axi_aclk
    SLICE_X43Y99         FDRE                                         r  design_final_i/axi_gpio_0/U0/ip2bus_data_i_D1_reg[0]/C
                         clock pessimism             -0.035     1.156    
    SLICE_X43Y99         FDRE (Hold_fdre_C_D)         0.092     1.248    design_final_i/axi_gpio_0/U0/ip2bus_data_i_D1_reg[0]
  -------------------------------------------------------------------
                         required time                         -1.248    
                         arrival time                           1.314    
  -------------------------------------------------------------------
                         slack                                  0.066    

Slack (MET) :             0.070ns  (arrival time - required time)
  Source:                 design_final_i/axi_gpio_0/U0/gpio_core_1/Not_Dual.ALLIN1_ND.READ_REG_GEN[0].reg1_reg[27]/C
                            (rising edge-triggered cell FDRE clocked by clk_fpga_0  {rise@0.000ns fall@25.000ns period=50.000ns})
  Destination:            design_final_i/axi_gpio_0/U0/ip2bus_data_i_D1_reg[27]/D
                            (rising edge-triggered cell FDRE clocked by clk_fpga_0  {rise@0.000ns fall@25.000ns period=50.000ns})
  Path Group:             clk_fpga_0
  Path Type:              Hold (Min at Fast Process Corner)
  Requirement:            0.000ns  (clk_fpga_0 rise@0.000ns - clk_fpga_0 rise@0.000ns)
  Data Path Delay:        0.343ns  (logic 0.186ns (54.306%)  route 0.157ns (45.694%))
  Logic Levels:           1  (LUT6=1)
  Clock Path Skew:        0.181ns (DCD - SCD - CPR)
    Destination Clock Delay (DCD):    1.191ns
    Source Clock Delay      (SCD):    0.975ns
    Clock Pessimism Removal (CPR):    0.035ns

    Location             Delay type                Incr(ns)  Path(ns)    Netlist Resource(s)
  -------------------------------------------------------------------    -------------------
                         (clock clk_fpga_0 rise edge)
                                                      0.000     0.000 r  
    PS7_X0Y0             PS7                          0.000     0.000 r  design_final_i/processing_system7_0/inst/PS7_i/FCLKCLK[0]
                         net (fo=1, routed)           0.310     0.310    design_final_i/processing_system7_0/inst/FCLK_CLK_unbuffered[0]
    BUFGCTRL_X0Y16       BUFG (Prop_bufg_I_O)         0.026     0.336 r  design_final_i/processing_system7_0/inst/buffer_fclk_clk_0.FCLK_CLK_0_BUFG/O
                         net (fo=19638, routed)       0.639     0.975    design_final_i/axi_gpio_0/U0/gpio_core_1/s_axi_aclk
    SLICE_X41Y101        FDRE                                         r  design_final_i/axi_gpio_0/U0/gpio_core_1/Not_Dual.ALLIN1_ND.READ_REG_GEN[0].reg1_reg[27]/C
  -------------------------------------------------------------------    -------------------
    SLICE_X41Y101        FDRE (Prop_fdre_C_Q)         0.141     1.116 r  design_final_i/axi_gpio_0/U0/gpio_core_1/Not_Dual.ALLIN1_ND.READ_REG_GEN[0].reg1_reg[27]/Q
                         net (fo=1, routed)           0.157     1.273    design_final_i/axi_gpio_0/U0/gpio_core_1/reg1[27]
    SLICE_X43Y99         LUT6 (Prop_lut6_I2_O)        0.045     1.318 r  design_final_i/axi_gpio_0/U0/gpio_core_1/ip2bus_data_i_D1[27]_i_1/O
                         net (fo=1, routed)           0.000     1.318    design_final_i/axi_gpio_0/U0/ip2bus_data[27]
    SLICE_X43Y99         FDRE                                         r  design_final_i/axi_gpio_0/U0/ip2bus_data_i_D1_reg[27]/D
  -------------------------------------------------------------------    -------------------

                         (clock clk_fpga_0 rise edge)
                                                      0.000     0.000 r  
    PS7_X0Y0             PS7                          0.000     0.000 r  design_final_i/processing_system7_0/inst/PS7_i/FCLKCLK[0]
                         net (fo=1, routed)           0.337     0.337    design_final_i/processing_system7_0/inst/FCLK_CLK_unbuffered[0]
    BUFGCTRL_X0Y16       BUFG (Prop_bufg_I_O)         0.029     0.366 r  design_final_i/processing_system7_0/inst/buffer_fclk_clk_0.FCLK_CLK_0_BUFG/O
                         net (fo=19638, routed)       0.825     1.191    design_final_i/axi_gpio_0/U0/s_axi_aclk
    SLICE_X43Y99         FDRE                                         r  design_final_i/axi_gpio_0/U0/ip2bus_data_i_D1_reg[27]/C
                         clock pessimism             -0.035     1.156    
    SLICE_X43Y99         FDRE (Hold_fdre_C_D)         0.092     1.248    design_final_i/axi_gpio_0/U0/ip2bus_data_i_D1_reg[27]
  -------------------------------------------------------------------
                         required time                         -1.248    
                         arrival time                           1.318    
  -------------------------------------------------------------------
                         slack                                  0.070    

Slack (MET) :             0.074ns  (arrival time - required time)
  Source:                 design_final_i/top_ssr_0/inst/u_top_system/u_dsp_chain/u_framing/buffer_reg[203][0]/C
                            (rising edge-triggered cell FDRE clocked by clk_fpga_0  {rise@0.000ns fall@25.000ns period=50.000ns})
  Destination:            design_final_i/top_ssr_0/inst/u_top_system/u_dsp_chain/u_framing/buffer_reg[202][0]/D
                            (rising edge-triggered cell FDRE clocked by clk_fpga_0  {rise@0.000ns fall@25.000ns period=50.000ns})
  Path Group:             clk_fpga_0
  Path Type:              Hold (Min at Fast Process Corner)
  Requirement:            0.000ns  (clk_fpga_0 rise@0.000ns - clk_fpga_0 rise@0.000ns)
  Data Path Delay:        0.328ns  (logic 0.141ns (42.965%)  route 0.187ns (57.035%))
  Logic Levels:           0  
  Clock Path Skew:        0.182ns (DCD - SCD - CPR)
    Destination Clock Delay (DCD):    1.191ns
    Source Clock Delay      (SCD):    0.974ns
    Clock Pessimism Removal (CPR):    0.035ns

    Location             Delay type                Incr(ns)  Path(ns)    Netlist Resource(s)
  -------------------------------------------------------------------    -------------------
                         (clock clk_fpga_0 rise edge)
                                                      0.000     0.000 r  
    PS7_X0Y0             PS7                          0.000     0.000 r  design_final_i/processing_system7_0/inst/PS7_i/FCLKCLK[0]
                         net (fo=1, routed)           0.310     0.310    design_final_i/processing_system7_0/inst/FCLK_CLK_unbuffered[0]
    BUFGCTRL_X0Y16       BUFG (Prop_bufg_I_O)         0.026     0.336 r  design_final_i/processing_system7_0/inst/buffer_fclk_clk_0.FCLK_CLK_0_BUFG/O
                         net (fo=19638, routed)       0.638     0.974    design_final_i/top_ssr_0/inst/u_top_system/u_dsp_chain/u_framing/s00_axi_aclk
    SLICE_X48Y100        FDRE                                         r  design_final_i/top_ssr_0/inst/u_top_system/u_dsp_chain/u_framing/buffer_reg[203][0]/C
  -------------------------------------------------------------------    -------------------
    SLICE_X48Y100        FDRE (Prop_fdre_C_Q)         0.141     1.115 r  design_final_i/top_ssr_0/inst/u_top_system/u_dsp_chain/u_framing/buffer_reg[203][0]/Q
                         net (fo=2, routed)           0.187     1.302    design_final_i/top_ssr_0/inst/u_top_system/u_dsp_chain/u_framing/buffer_reg[203]_120[0]
    SLICE_X48Y99         FDRE                                         r  design_final_i/top_ssr_0/inst/u_top_system/u_dsp_chain/u_framing/buffer_reg[202][0]/D
  -------------------------------------------------------------------    -------------------

                         (clock clk_fpga_0 rise edge)
                                                      0.000     0.000 r  
    PS7_X0Y0             PS7                          0.000     0.000 r  design_final_i/processing_system7_0/inst/PS7_i/FCLKCLK[0]
                         net (fo=1, routed)           0.337     0.337    design_final_i/processing_system7_0/inst/FCLK_CLK_unbuffered[0]
    BUFGCTRL_X0Y16       BUFG (Prop_bufg_I_O)         0.029     0.366 r  design_final_i/processing_system7_0/inst/buffer_fclk_clk_0.FCLK_CLK_0_BUFG/O
                         net (fo=19638, routed)       0.825     1.191    design_final_i/top_ssr_0/inst/u_top_system/u_dsp_chain/u_framing/s00_axi_aclk
    SLICE_X48Y99         FDRE                                         r  design_final_i/top_ssr_0/inst/u_top_system/u_dsp_chain/u_framing/buffer_reg[202][0]/C
                         clock pessimism             -0.035     1.156    
    SLICE_X48Y99         FDRE (Hold_fdre_C_D)         0.072     1.228    design_final_i/top_ssr_0/inst/u_top_system/u_dsp_chain/u_framing/buffer_reg[202][0]
  -------------------------------------------------------------------
                         required time                         -1.228    
                         arrival time                           1.302    
  -------------------------------------------------------------------
                         slack                                  0.074    

Slack (MET) :             0.076ns  (arrival time - required time)
  Source:                 design_final_i/axi_gpio_0/U0/ip2bus_data_i_D1_reg[28]/C
                            (rising edge-triggered cell FDRE clocked by clk_fpga_0  {rise@0.000ns fall@25.000ns period=50.000ns})
  Destination:            design_final_i/axi_gpio_0/U0/AXI_LITE_IPIF_I/I_SLAVE_ATTACHMENT/s_axi_rdata_i_reg[3]/D
                            (rising edge-triggered cell FDRE clocked by clk_fpga_0  {rise@0.000ns fall@25.000ns period=50.000ns})
  Path Group:             clk_fpga_0
  Path Type:              Hold (Min at Fast Process Corner)
  Requirement:            0.000ns  (clk_fpga_0 rise@0.000ns - clk_fpga_0 rise@0.000ns)
  Data Path Delay:        0.310ns  (logic 0.164ns (52.841%)  route 0.146ns (47.159%))
  Logic Levels:           0  
  Clock Path Skew:        0.181ns (DCD - SCD - CPR)
    Destination Clock Delay (DCD):    1.191ns
    Source Clock Delay      (SCD):    0.975ns
    Clock Pessimism Removal (CPR):    0.035ns

    Location             Delay type                Incr(ns)  Path(ns)    Netlist Resource(s)
  -------------------------------------------------------------------    -------------------
                         (clock clk_fpga_0 rise edge)
                                                      0.000     0.000 r  
    PS7_X0Y0             PS7                          0.000     0.000 r  design_final_i/processing_system7_0/inst/PS7_i/FCLKCLK[0]
                         net (fo=1, routed)           0.310     0.310    design_final_i/processing_system7_0/inst/FCLK_CLK_unbuffered[0]
    BUFGCTRL_X0Y16       BUFG (Prop_bufg_I_O)         0.026     0.336 r  design_final_i/processing_system7_0/inst/buffer_fclk_clk_0.FCLK_CLK_0_BUFG/O
                         net (fo=19638, routed)       0.639     0.975    design_final_i/axi_gpio_0/U0/s_axi_aclk
    SLICE_X42Y100        FDRE                                         r  design_final_i/axi_gpio_0/U0/ip2bus_data_i_D1_reg[28]/C
  -------------------------------------------------------------------    -------------------
    SLICE_X42Y100        FDRE (Prop_fdre_C_Q)         0.164     1.139 r  design_final_i/axi_gpio_0/U0/ip2bus_data_i_D1_reg[28]/Q
                         net (fo=1, routed)           0.146     1.285    design_final_i/axi_gpio_0/U0/AXI_LITE_IPIF_I/I_SLAVE_ATTACHMENT/s_axi_rdata_i_reg[31]_0[3]
    SLICE_X42Y99         FDRE                                         r  design_final_i/axi_gpio_0/U0/AXI_LITE_IPIF_I/I_SLAVE_ATTACHMENT/s_axi_rdata_i_reg[3]/D
  -------------------------------------------------------------------    -------------------

                         (clock clk_fpga_0 rise edge)
                                                      0.000     0.000 r  
    PS7_X0Y0             PS7                          0.000     0.000 r  design_final_i/processing_system7_0/inst/PS7_i/FCLKCLK[0]
                         net (fo=1, routed)           0.337     0.337    design_final_i/processing_system7_0/inst/FCLK_CLK_unbuffered[0]
    BUFGCTRL_X0Y16       BUFG (Prop_bufg_I_O)         0.029     0.366 r  design_final_i/processing_system7_0/inst/buffer_fclk_clk_0.FCLK_CLK_0_BUFG/O
                         net (fo=19638, routed)       0.825     1.191    design_final_i/axi_gpio_0/U0/AXI_LITE_IPIF_I/I_SLAVE_ATTACHMENT/s_axi_aclk
    SLICE_X42Y99         FDRE                                         r  design_final_i/axi_gpio_0/U0/AXI_LITE_IPIF_I/I_SLAVE_ATTACHMENT/s_axi_rdata_i_reg[3]/C
                         clock pessimism             -0.035     1.156    
    SLICE_X42Y99         FDRE (Hold_fdre_C_D)         0.053     1.209    design_final_i/axi_gpio_0/U0/AXI_LITE_IPIF_I/I_SLAVE_ATTACHMENT/s_axi_rdata_i_reg[3]
  -------------------------------------------------------------------
                         required time                         -1.209    
                         arrival time                           1.285    
  -------------------------------------------------------------------
                         slack                                  0.076    

Slack (MET) :             0.078ns  (arrival time - required time)
  Source:                 design_final_i/axi_gpio_0/U0/ip2bus_data_i_D1_reg[30]/C
                            (rising edge-triggered cell FDRE clocked by clk_fpga_0  {rise@0.000ns fall@25.000ns period=50.000ns})
  Destination:            design_final_i/axi_gpio_0/U0/AXI_LITE_IPIF_I/I_SLAVE_ATTACHMENT/s_axi_rdata_i_reg[1]/D
                            (rising edge-triggered cell FDRE clocked by clk_fpga_0  {rise@0.000ns fall@25.000ns period=50.000ns})
  Path Group:             clk_fpga_0
  Path Type:              Hold (Min at Fast Process Corner)
  Requirement:            0.000ns  (clk_fpga_0 rise@0.000ns - clk_fpga_0 rise@0.000ns)
  Data Path Delay:        0.335ns  (logic 0.164ns (49.023%)  route 0.171ns (50.977%))
  Logic Levels:           0  
  Clock Path Skew:        0.181ns (DCD - SCD - CPR)
    Destination Clock Delay (DCD):    1.191ns
    Source Clock Delay      (SCD):    0.975ns
    Clock Pessimism Removal (CPR):    0.035ns

    Location             Delay type                Incr(ns)  Path(ns)    Netlist Resource(s)
  -------------------------------------------------------------------    -------------------
                         (clock clk_fpga_0 rise edge)
                                                      0.000     0.000 r  
    PS7_X0Y0             PS7                          0.000     0.000 r  design_final_i/processing_system7_0/inst/PS7_i/FCLKCLK[0]
                         net (fo=1, routed)           0.310     0.310    design_final_i/processing_system7_0/inst/FCLK_CLK_unbuffered[0]
    BUFGCTRL_X0Y16       BUFG (Prop_bufg_I_O)         0.026     0.336 r  design_final_i/processing_system7_0/inst/buffer_fclk_clk_0.FCLK_CLK_0_BUFG/O
                         net (fo=19638, routed)       0.639     0.975    design_final_i/axi_gpio_0/U0/s_axi_aclk
    SLICE_X42Y100        FDRE                                         r  design_final_i/axi_gpio_0/U0/ip2bus_data_i_D1_reg[30]/C
  -------------------------------------------------------------------    -------------------
    SLICE_X42Y100        FDRE (Prop_fdre_C_Q)         0.164     1.139 r  design_final_i/axi_gpio_0/U0/ip2bus_data_i_D1_reg[30]/Q
                         net (fo=1, routed)           0.171     1.310    design_final_i/axi_gpio_0/U0/AXI_LITE_IPIF_I/I_SLAVE_ATTACHMENT/s_axi_rdata_i_reg[31]_0[1]
    SLICE_X42Y99         FDRE                                         r  design_final_i/axi_gpio_0/U0/AXI_LITE_IPIF_I/I_SLAVE_ATTACHMENT/s_axi_rdata_i_reg[1]/D
  -------------------------------------------------------------------    -------------------

                         (clock clk_fpga_0 rise edge)
                                                      0.000     0.000 r  
    PS7_X0Y0             PS7                          0.000     0.000 r  design_final_i/processing_system7_0/inst/PS7_i/FCLKCLK[0]
                         net (fo=1, routed)           0.337     0.337    design_final_i/processing_system7_0/inst/FCLK_CLK_unbuffered[0]
    BUFGCTRL_X0Y16       BUFG (Prop_bufg_I_O)         0.029     0.366 r  design_final_i/processing_system7_0/inst/buffer_fclk_clk_0.FCLK_CLK_0_BUFG/O
                         net (fo=19638, routed)       0.825     1.191    design_final_i/axi_gpio_0/U0/AXI_LITE_IPIF_I/I_SLAVE_ATTACHMENT/s_axi_aclk
    SLICE_X42Y99         FDRE                                         r  design_final_i/axi_gpio_0/U0/AXI_LITE_IPIF_I/I_SLAVE_ATTACHMENT/s_axi_rdata_i_reg[1]/C
                         clock pessimism             -0.035     1.156    
    SLICE_X42Y99         FDRE (Hold_fdre_C_D)         0.076     1.232    design_final_i/axi_gpio_0/U0/AXI_LITE_IPIF_I/I_SLAVE_ATTACHMENT/s_axi_rdata_i_reg[1]
  -------------------------------------------------------------------
                         required time                         -1.232    
                         arrival time                           1.310    
  -------------------------------------------------------------------
                         slack                                  0.078    

Slack (MET) :             0.079ns  (arrival time - required time)
  Source:                 design_final_i/axi_gpio_0/U0/ip2bus_data_i_D1_reg[29]/C
                            (rising edge-triggered cell FDRE clocked by clk_fpga_0  {rise@0.000ns fall@25.000ns period=50.000ns})
  Destination:            design_final_i/axi_gpio_0/U0/AXI_LITE_IPIF_I/I_SLAVE_ATTACHMENT/s_axi_rdata_i_reg[2]/D
                            (rising edge-triggered cell FDRE clocked by clk_fpga_0  {rise@0.000ns fall@25.000ns period=50.000ns})
  Path Group:             clk_fpga_0
  Path Type:              Hold (Min at Fast Process Corner)
  Requirement:            0.000ns  (clk_fpga_0 rise@0.000ns - clk_fpga_0 rise@0.000ns)
  Data Path Delay:        0.336ns  (logic 0.164ns (48.877%)  route 0.172ns (51.123%))
  Logic Levels:           0  
  Clock Path Skew:        0.181ns (DCD - SCD - CPR)
    Destination Clock Delay (DCD):    1.191ns
    Source Clock Delay      (SCD):    0.975ns
    Clock Pessimism Removal (CPR):    0.035ns

    Location             Delay type                Incr(ns)  Path(ns)    Netlist Resource(s)
  -------------------------------------------------------------------    -------------------
                         (clock clk_fpga_0 rise edge)
                                                      0.000     0.000 r  
    PS7_X0Y0             PS7                          0.000     0.000 r  design_final_i/processing_system7_0/inst/PS7_i/FCLKCLK[0]
                         net (fo=1, routed)           0.310     0.310    design_final_i/processing_system7_0/inst/FCLK_CLK_unbuffered[0]
    BUFGCTRL_X0Y16       BUFG (Prop_bufg_I_O)         0.026     0.336 r  design_final_i/processing_system7_0/inst/buffer_fclk_clk_0.FCLK_CLK_0_BUFG/O
                         net (fo=19638, routed)       0.639     0.975    design_final_i/axi_gpio_0/U0/s_axi_aclk
    SLICE_X42Y100        FDRE                                         r  design_final_i/axi_gpio_0/U0/ip2bus_data_i_D1_reg[29]/C
  -------------------------------------------------------------------    -------------------
    SLICE_X42Y100        FDRE (Prop_fdre_C_Q)         0.164     1.139 r  design_final_i/axi_gpio_0/U0/ip2bus_data_i_D1_reg[29]/Q
                         net (fo=1, routed)           0.172     1.311    design_final_i/axi_gpio_0/U0/AXI_LITE_IPIF_I/I_SLAVE_ATTACHMENT/s_axi_rdata_i_reg[31]_0[2]
    SLICE_X42Y99         FDRE                                         r  design_final_i/axi_gpio_0/U0/AXI_LITE_IPIF_I/I_SLAVE_ATTACHMENT/s_axi_rdata_i_reg[2]/D
  -------------------------------------------------------------------    -------------------

                         (clock clk_fpga_0 rise edge)
                                                      0.000     0.000 r  
    PS7_X0Y0             PS7                          0.000     0.000 r  design_final_i/processing_system7_0/inst/PS7_i/FCLKCLK[0]
                         net (fo=1, routed)           0.337     0.337    design_final_i/processing_system7_0/inst/FCLK_CLK_unbuffered[0]
    BUFGCTRL_X0Y16       BUFG (Prop_bufg_I_O)         0.029     0.366 r  design_final_i/processing_system7_0/inst/buffer_fclk_clk_0.FCLK_CLK_0_BUFG/O
                         net (fo=19638, routed)       0.825     1.191    design_final_i/axi_gpio_0/U0/AXI_LITE_IPIF_I/I_SLAVE_ATTACHMENT/s_axi_aclk
    SLICE_X42Y99         FDRE                                         r  design_final_i/axi_gpio_0/U0/AXI_LITE_IPIF_I/I_SLAVE_ATTACHMENT/s_axi_rdata_i_reg[2]/C
                         clock pessimism             -0.035     1.156    
    SLICE_X42Y99         FDRE (Hold_fdre_C_D)         0.076     1.232    design_final_i/axi_gpio_0/U0/AXI_LITE_IPIF_I/I_SLAVE_ATTACHMENT/s_axi_rdata_i_reg[2]
  -------------------------------------------------------------------
                         required time                         -1.232    
                         arrival time                           1.311    
  -------------------------------------------------------------------
                         slack                                  0.079    

Slack (MET) :             0.079ns  (arrival time - required time)
  Source:                 design_final_i/top_ssr_0/inst/u_top_system/u_dsp_chain/u_framing/buffer_reg[63][0]/C
                            (rising edge-triggered cell FDRE clocked by clk_fpga_0  {rise@0.000ns fall@25.000ns period=50.000ns})
  Destination:            design_final_i/top_ssr_0/inst/u_top_system/u_dsp_chain/u_framing/buffer_reg[62][0]/D
                            (rising edge-triggered cell FDRE clocked by clk_fpga_0  {rise@0.000ns fall@25.000ns period=50.000ns})
  Path Group:             clk_fpga_0
  Path Type:              Hold (Min at Fast Process Corner)
  Requirement:            0.000ns  (clk_fpga_0 rise@0.000ns - clk_fpga_0 rise@0.000ns)
  Data Path Delay:        0.401ns  (logic 0.164ns (40.887%)  route 0.237ns (59.113%))
  Logic Levels:           0  
  Clock Path Skew:        0.259ns (DCD - SCD - CPR)
    Destination Clock Delay (DCD):    1.186ns
    Source Clock Delay      (SCD):    0.892ns
    Clock Pessimism Removal (CPR):    0.035ns

    Location             Delay type                Incr(ns)  Path(ns)    Netlist Resource(s)
  -------------------------------------------------------------------    -------------------
                         (clock clk_fpga_0 rise edge)
                                                      0.000     0.000 r  
    PS7_X0Y0             PS7                          0.000     0.000 r  design_final_i/processing_system7_0/inst/PS7_i/FCLKCLK[0]
                         net (fo=1, routed)           0.310     0.310    design_final_i/processing_system7_0/inst/FCLK_CLK_unbuffered[0]
    BUFGCTRL_X0Y16       BUFG (Prop_bufg_I_O)         0.026     0.336 r  design_final_i/processing_system7_0/inst/buffer_fclk_clk_0.FCLK_CLK_0_BUFG/O
                         net (fo=19638, routed)       0.556     0.892    design_final_i/top_ssr_0/inst/u_top_system/u_dsp_chain/u_framing/s00_axi_aclk
    SLICE_X46Y93         FDRE                                         r  design_final_i/top_ssr_0/inst/u_top_system/u_dsp_chain/u_framing/buffer_reg[63][0]/C
  -------------------------------------------------------------------    -------------------
    SLICE_X46Y93         FDRE (Prop_fdre_C_Q)         0.164     1.056 r  design_final_i/top_ssr_0/inst/u_top_system/u_dsp_chain/u_framing/buffer_reg[63][0]/Q
                         net (fo=2, routed)           0.237     1.293    design_final_i/top_ssr_0/inst/u_top_system/u_dsp_chain/u_framing/buffer_reg[63]_260[0]
    SLICE_X50Y93         FDRE                                         r  design_final_i/top_ssr_0/inst/u_top_system/u_dsp_chain/u_framing/buffer_reg[62][0]/D
  -------------------------------------------------------------------    -------------------

                         (clock clk_fpga_0 rise edge)
                                                      0.000     0.000 r  
    PS7_X0Y0             PS7                          0.000     0.000 r  design_final_i/processing_system7_0/inst/PS7_i/FCLKCLK[0]
                         net (fo=1, routed)           0.337     0.337    design_final_i/processing_system7_0/inst/FCLK_CLK_unbuffered[0]
    BUFGCTRL_X0Y16       BUFG (Prop_bufg_I_O)         0.029     0.366 r  design_final_i/processing_system7_0/inst/buffer_fclk_clk_0.FCLK_CLK_0_BUFG/O
                         net (fo=19638, routed)       0.820     1.186    design_final_i/top_ssr_0/inst/u_top_system/u_dsp_chain/u_framing/s00_axi_aclk
    SLICE_X50Y93         FDRE                                         r  design_final_i/top_ssr_0/inst/u_top_system/u_dsp_chain/u_framing/buffer_reg[62][0]/C
                         clock pessimism             -0.035     1.151    
    SLICE_X50Y93         FDRE (Hold_fdre_C_D)         0.063     1.214    design_final_i/top_ssr_0/inst/u_top_system/u_dsp_chain/u_framing/buffer_reg[62][0]
  -------------------------------------------------------------------
                         required time                         -1.214    
                         arrival time                           1.293    
  -------------------------------------------------------------------
                         slack                                  0.079    

Slack (MET) :             0.085ns  (arrival time - required time)
  Source:                 design_final_i/ps7_0_axi_periph/xbar/inst/gen_sasd.crossbar_sasd_0/reg_slice_r/m_payload_i_reg[25]/C
                            (rising edge-triggered cell FDRE clocked by clk_fpga_0  {rise@0.000ns fall@25.000ns period=50.000ns})
  Destination:            design_final_i/ps7_0_axi_periph/s00_couplers/auto_pc/inst/gen_axilite.gen_b2s_conv.axilite_b2s/RD.r_channel_0/rd_data_fifo_0/memory_reg[31][22]_srl32/D
                            (rising edge-triggered cell SRLC32E clocked by clk_fpga_0  {rise@0.000ns fall@25.000ns period=50.000ns})
  Path Group:             clk_fpga_0
  Path Type:              Hold (Min at Fast Process Corner)
  Requirement:            0.000ns  (clk_fpga_0 rise@0.000ns - clk_fpga_0 rise@0.000ns)
  Data Path Delay:        0.379ns  (logic 0.141ns (37.231%)  route 0.238ns (62.769%))
  Logic Levels:           0  
  Clock Path Skew:        0.179ns (DCD - SCD - CPR)
    Destination Clock Delay (DCD):    1.191ns
    Source Clock Delay      (SCD):    0.977ns
    Clock Pessimism Removal (CPR):    0.035ns

    Location             Delay type                Incr(ns)  Path(ns)    Netlist Resource(s)
  -------------------------------------------------------------------    -------------------
                         (clock clk_fpga_0 rise edge)
                                                      0.000     0.000 r  
    PS7_X0Y0             PS7                          0.000     0.000 r  design_final_i/processing_system7_0/inst/PS7_i/FCLKCLK[0]
                         net (fo=1, routed)           0.310     0.310    design_final_i/processing_system7_0/inst/FCLK_CLK_unbuffered[0]
    BUFGCTRL_X0Y16       BUFG (Prop_bufg_I_O)         0.026     0.336 r  design_final_i/processing_system7_0/inst/buffer_fclk_clk_0.FCLK_CLK_0_BUFG/O
                         net (fo=19638, routed)       0.641     0.977    design_final_i/ps7_0_axi_periph/xbar/inst/gen_sasd.crossbar_sasd_0/reg_slice_r/aclk
    SLICE_X35Y101        FDRE                                         r  design_final_i/ps7_0_axi_periph/xbar/inst/gen_sasd.crossbar_sasd_0/reg_slice_r/m_payload_i_reg[25]/C
  -------------------------------------------------------------------    -------------------
    SLICE_X35Y101        FDRE (Prop_fdre_C_Q)         0.141     1.118 r  design_final_i/ps7_0_axi_periph/xbar/inst/gen_sasd.crossbar_sasd_0/reg_slice_r/m_payload_i_reg[25]/Q
                         net (fo=1, routed)           0.238     1.356    design_final_i/ps7_0_axi_periph/s00_couplers/auto_pc/inst/gen_axilite.gen_b2s_conv.axilite_b2s/RD.r_channel_0/rd_data_fifo_0/in[22]
    SLICE_X34Y95         SRLC32E                                      r  design_final_i/ps7_0_axi_periph/s00_couplers/auto_pc/inst/gen_axilite.gen_b2s_conv.axilite_b2s/RD.r_channel_0/rd_data_fifo_0/memory_reg[31][22]_srl32/D
  -------------------------------------------------------------------    -------------------

                         (clock clk_fpga_0 rise edge)
                                                      0.000     0.000 r  
    PS7_X0Y0             PS7                          0.000     0.000 r  design_final_i/processing_system7_0/inst/PS7_i/FCLKCLK[0]
                         net (fo=1, routed)           0.337     0.337    design_final_i/processing_system7_0/inst/FCLK_CLK_unbuffered[0]
    BUFGCTRL_X0Y16       BUFG (Prop_bufg_I_O)         0.029     0.366 r  design_final_i/processing_system7_0/inst/buffer_fclk_clk_0.FCLK_CLK_0_BUFG/O
                         net (fo=19638, routed)       0.825     1.191    design_final_i/ps7_0_axi_periph/s00_couplers/auto_pc/inst/gen_axilite.gen_b2s_conv.axilite_b2s/RD.r_channel_0/rd_data_fifo_0/aclk
    SLICE_X34Y95         SRLC32E                                      r  design_final_i/ps7_0_axi_periph/s00_couplers/auto_pc/inst/gen_axilite.gen_b2s_conv.axilite_b2s/RD.r_channel_0/rd_data_fifo_0/memory_reg[31][22]_srl32/CLK
                         clock pessimism             -0.035     1.156    
    SLICE_X34Y95         SRLC32E (Hold_srlc32e_CLK_D)
                                                      0.115     1.271    design_final_i/ps7_0_axi_periph/s00_couplers/auto_pc/inst/gen_axilite.gen_b2s_conv.axilite_b2s/RD.r_channel_0/rd_data_fifo_0/memory_reg[31][22]_srl32
  -------------------------------------------------------------------
                         required time                         -1.271    
                         arrival time                           1.356    
  -------------------------------------------------------------------
                         slack                                  0.085    





Pulse Width Checks
--------------------------------------------------------------------------------------
Clock Name:         clk_fpga_0
Waveform(ns):       { 0.000 25.000 }
Period(ns):         50.000
Sources:            { design_final_i/processing_system7_0/inst/PS7_i/FCLKCLK[0] }

Check Type        Corner  Lib Pin             Reference Pin  Required(ns)  Actual(ns)  Slack(ns)  Location        Pin
Min Period        n/a     DSP48E1/CLK         n/a            3.884         50.000      46.116     DSP48_X2Y24     design_final_i/top_ssr_0/inst/u_top_system/u_dsp_chain/u_window/m_tdata_reg/CLK
Min Period        n/a     RAMB18E1/CLKARDCLK  n/a            2.576         50.000      47.424     RAMB18_X2Y24    design_final_i/top_ssr_0/inst/u_top_system/u_dsp_chain/u_window/idx_reg_rep/CLKARDCLK
Min Period        n/a     BUFG/I              n/a            2.155         50.000      47.845     BUFGCTRL_X0Y16  design_final_i/processing_system7_0/inst/buffer_fclk_clk_0.FCLK_CLK_0_BUFG/I
Min Period        n/a     DSP48E1/CLK         n/a            2.154         50.000      47.846     DSP48_X4Y42     design_final_i/top_ssr_0/inst/u_top_system/u_dsp_chain/u_agg/p_1_out/CLK
Min Period        n/a     DSP48E1/CLK         n/a            2.154         50.000      47.846     DSP48_X4Y43     design_final_i/top_ssr_0/inst/u_top_system/u_dsp_chain/u_agg/p_1_out__0/CLK
Min Period        n/a     DSP48E1/CLK         n/a            2.154         50.000      47.846     DSP48_X3Y45     design_final_i/top_ssr_0/inst/u_top_system/u_dsp_chain/u_agg/suma_sq_reg/CLK
Min Period        n/a     DSP48E1/CLK         n/a            2.154         50.000      47.846     DSP48_X3Y43     design_final_i/top_ssr_0/inst/u_top_system/u_dsp_chain/u_agg/suma_sq_reg__0/CLK
Min Period        n/a     DSP48E1/CLK         n/a            2.154         50.000      47.846     DSP48_X4Y6      design_final_i/top_ssr_0/inst/u_top_system/u_dsp_chain/u_power/im_sq/CLK
Min Period        n/a     DSP48E1/CLK         n/a            2.154         50.000      47.846     DSP48_X4Y7      design_final_i/top_ssr_0/inst/u_top_system/u_dsp_chain/u_power/im_sq__0/CLK
Min Period        n/a     DSP48E1/CLK         n/a            2.154         50.000      47.846     DSP48_X3Y6      design_final_i/top_ssr_0/inst/u_top_system/u_dsp_chain/u_power/im_sq__1/CLK
Low Pulse Width   Slow    SRLC32E/CLK         n/a            0.980         25.000      24.020     SLICE_X36Y94    design_final_i/ps7_0_axi_periph/s00_couplers/auto_pc/inst/gen_axilite.gen_b2s_conv.axilite_b2s/RD.r_channel_0/rd_data_fifo_0/memory_reg[31][0]_srl32/CLK
Low Pulse Width   Fast    SRLC32E/CLK         n/a            0.980         25.000      24.020     SLICE_X36Y94    design_final_i/ps7_0_axi_periph/s00_couplers/auto_pc/inst/gen_axilite.gen_b2s_conv.axilite_b2s/RD.r_channel_0/rd_data_fifo_0/memory_reg[31][0]_srl32/CLK
Low Pulse Width   Slow    SRLC32E/CLK         n/a            0.980         25.000      24.020     SLICE_X38Y94    design_final_i/ps7_0_axi_periph/s00_couplers/auto_pc/inst/gen_axilite.gen_b2s_conv.axilite_b2s/RD.r_channel_0/rd_data_fifo_0/memory_reg[31][10]_srl32/CLK
Low Pulse Width   Fast    SRLC32E/CLK         n/a            0.980         25.000      24.020     SLICE_X38Y94    design_final_i/ps7_0_axi_periph/s00_couplers/auto_pc/inst/gen_axilite.gen_b2s_conv.axilite_b2s/RD.r_channel_0/rd_data_fifo_0/memory_reg[31][10]_srl32/CLK
Low Pulse Width   Slow    SRLC32E/CLK         n/a            0.980         25.000      24.020     SLICE_X34Y92    design_final_i/ps7_0_axi_periph/s00_couplers/auto_pc/inst/gen_axilite.gen_b2s_conv.axilite_b2s/RD.r_channel_0/rd_data_fifo_0/memory_reg[31][11]_srl32/CLK
Low Pulse Width   Fast    SRLC32E/CLK         n/a            0.980         25.000      24.020     SLICE_X34Y92    design_final_i/ps7_0_axi_periph/s00_couplers/auto_pc/inst/gen_axilite.gen_b2s_conv.axilite_b2s/RD.r_channel_0/rd_data_fifo_0/memory_reg[31][11]_srl32/CLK
Low Pulse Width   Slow    SRLC32E/CLK         n/a            0.980         25.000      24.020     SLICE_X36Y94    design_final_i/ps7_0_axi_periph/s00_couplers/auto_pc/inst/gen_axilite.gen_b2s_conv.axilite_b2s/RD.r_channel_0/rd_data_fifo_0/memory_reg[31][12]_srl32/CLK
Low Pulse Width   Fast    SRLC32E/CLK         n/a            0.980         25.000      24.020     SLICE_X36Y94    design_final_i/ps7_0_axi_periph/s00_couplers/auto_pc/inst/gen_axilite.gen_b2s_conv.axilite_b2s/RD.r_channel_0/rd_data_fifo_0/memory_reg[31][12]_srl32/CLK
Low Pulse Width   Slow    SRLC32E/CLK         n/a            0.980         25.000      24.020     SLICE_X34Y92    design_final_i/ps7_0_axi_periph/s00_couplers/auto_pc/inst/gen_axilite.gen_b2s_conv.axilite_b2s/RD.r_channel_0/rd_data_fifo_0/memory_reg[31][13]_srl32/CLK
Low Pulse Width   Fast    SRLC32E/CLK         n/a            0.980         25.000      24.020     SLICE_X34Y92    design_final_i/ps7_0_axi_periph/s00_couplers/auto_pc/inst/gen_axilite.gen_b2s_conv.axilite_b2s/RD.r_channel_0/rd_data_fifo_0/memory_reg[31][13]_srl32/CLK
High Pulse Width  Slow    SRLC32E/CLK         n/a            0.980         25.000      24.020     SLICE_X36Y94    design_final_i/ps7_0_axi_periph/s00_couplers/auto_pc/inst/gen_axilite.gen_b2s_conv.axilite_b2s/RD.r_channel_0/rd_data_fifo_0/memory_reg[31][0]_srl32/CLK
High Pulse Width  Fast    SRLC32E/CLK         n/a            0.980         25.000      24.020     SLICE_X36Y94    design_final_i/ps7_0_axi_periph/s00_couplers/auto_pc/inst/gen_axilite.gen_b2s_conv.axilite_b2s/RD.r_channel_0/rd_data_fifo_0/memory_reg[31][0]_srl32/CLK
High Pulse Width  Slow    SRLC32E/CLK         n/a            0.980         25.000      24.020     SLICE_X38Y94    design_final_i/ps7_0_axi_periph/s00_couplers/auto_pc/inst/gen_axilite.gen_b2s_conv.axilite_b2s/RD.r_channel_0/rd_data_fifo_0/memory_reg[31][10]_srl32/CLK
High Pulse Width  Fast    SRLC32E/CLK         n/a            0.980         25.000      24.020     SLICE_X38Y94    design_final_i/ps7_0_axi_periph/s00_couplers/auto_pc/inst/gen_axilite.gen_b2s_conv.axilite_b2s/RD.r_channel_0/rd_data_fifo_0/memory_reg[31][10]_srl32/CLK
High Pulse Width  Slow    SRLC32E/CLK         n/a            0.980         25.000      24.020     SLICE_X34Y92    design_final_i/ps7_0_axi_periph/s00_couplers/auto_pc/inst/gen_axilite.gen_b2s_conv.axilite_b2s/RD.r_channel_0/rd_data_fifo_0/memory_reg[31][11]_srl32/CLK
High Pulse Width  Fast    SRLC32E/CLK         n/a            0.980         25.000      24.020     SLICE_X34Y92    design_final_i/ps7_0_axi_periph/s00_couplers/auto_pc/inst/gen_axilite.gen_b2s_conv.axilite_b2s/RD.r_channel_0/rd_data_fifo_0/memory_reg[31][11]_srl32/CLK
High Pulse Width  Slow    SRLC32E/CLK         n/a            0.980         25.000      24.020     SLICE_X36Y94    design_final_i/ps7_0_axi_periph/s00_couplers/auto_pc/inst/gen_axilite.gen_b2s_conv.axilite_b2s/RD.r_channel_0/rd_data_fifo_0/memory_reg[31][12]_srl32/CLK
High Pulse Width  Fast    SRLC32E/CLK         n/a            0.980         25.000      24.020     SLICE_X36Y94    design_final_i/ps7_0_axi_periph/s00_couplers/auto_pc/inst/gen_axilite.gen_b2s_conv.axilite_b2s/RD.r_channel_0/rd_data_fifo_0/memory_reg[31][12]_srl32/CLK
High Pulse Width  Slow    SRLC32E/CLK         n/a            0.980         25.000      24.020     SLICE_X34Y92    design_final_i/ps7_0_axi_periph/s00_couplers/auto_pc/inst/gen_axilite.gen_b2s_conv.axilite_b2s/RD.r_channel_0/rd_data_fifo_0/memory_reg[31][13]_srl32/CLK
High Pulse Width  Fast    SRLC32E/CLK         n/a            0.980         25.000      24.020     SLICE_X34Y92    design_final_i/ps7_0_axi_periph/s00_couplers/auto_pc/inst/gen_axilite.gen_b2s_conv.axilite_b2s/RD.r_channel_0/rd_data_fifo_0/memory_reg[31][13]_srl32/CLK



--------------------------------------------------------------------------------------
Path Group:  (none)
From Clock:  
  To Clock:  clk_fpga_0

Max Delay             6 Endpoints
Min Delay             6 Endpoints
--------------------------------------------------------------------------------------


Max Delay Paths
--------------------------------------------------------------------------------------
Slack:                    inf
  Source:                 gpio_but_tri_i[4]
                            (input port)
  Destination:            design_final_i/axi_gpio_0/U0/gpio_core_1/Not_Dual.INPUT_DOUBLE_REGS3/GENERATE_LEVEL_P_S_CDC.MULTI_BIT.FOR_IN_cdc_to[4].CROSS2_PLEVEL_IN2SCNDRY_IN_cdc_to/D
                            (rising edge-triggered cell FDRE clocked by clk_fpga_0  {rise@0.000ns fall@25.000ns period=50.000ns})
  Path Group:             (none)
  Path Type:              Setup (Max at Slow Process Corner)
  Data Path Delay:        5.237ns  (logic 0.944ns (18.032%)  route 4.293ns (81.968%))
  Logic Levels:           1  (IBUF=1)
  Clock Path Skew:        2.833ns (DCD - SCD + CPR)
    Destination Clock Delay (DCD):    2.833ns
    Source Clock Delay      (SCD):    0.000ns
    Clock Pessimism Removal (CPR):    0.000ns
  Clock Uncertainty:      0.750ns  ((TSJ^2 + TIJ^2)^1/2 + DJ) / 2 + PE
    Total System Jitter     (TSJ):    0.050ns
    Total Input Jitter      (TIJ):    1.500ns
    Discrete Jitter          (DJ):    0.000ns
    Phase Error              (PE):    0.000ns
  Timing Exception:       False Path

    Location             Delay type                Incr(ns)  Path(ns)    Netlist Resource(s)
  -------------------------------------------------------------------    -------------------
    R18                                               0.000     0.000 r  gpio_but_tri_i[4] (IN)
                         net (fo=0)                   0.000     0.000    gpio_but_tri_i[4]
    R18                  IBUF (Prop_ibuf_I_O)         0.944     0.944 r  gpio_but_tri_i_IBUF[4]_inst/O
                         net (fo=1, routed)           4.293     5.237    design_final_i/axi_gpio_0/U0/gpio_core_1/Not_Dual.INPUT_DOUBLE_REGS3/gpio_io_i[4]
    SLICE_X43Y100        FDRE                                         r  design_final_i/axi_gpio_0/U0/gpio_core_1/Not_Dual.INPUT_DOUBLE_REGS3/GENERATE_LEVEL_P_S_CDC.MULTI_BIT.FOR_IN_cdc_to[4].CROSS2_PLEVEL_IN2SCNDRY_IN_cdc_to/D
  -------------------------------------------------------------------    -------------------

                         (clock clk_fpga_0 rise edge)
                                                      0.000     0.000 r  
    PS7_X0Y0             PS7                          0.000     0.000 r  design_final_i/processing_system7_0/inst/PS7_i/FCLKCLK[0]
                         net (fo=1, routed)           1.088     1.088    design_final_i/processing_system7_0/inst/FCLK_CLK_unbuffered[0]
    BUFGCTRL_X0Y16       BUFG (Prop_bufg_I_O)         0.091     1.179 r  design_final_i/processing_system7_0/inst/buffer_fclk_clk_0.FCLK_CLK_0_BUFG/O
                         net (fo=19638, routed)       1.654     2.833    design_final_i/axi_gpio_0/U0/gpio_core_1/Not_Dual.INPUT_DOUBLE_REGS3/s_axi_aclk
    SLICE_X43Y100        FDRE                                         r  design_final_i/axi_gpio_0/U0/gpio_core_1/Not_Dual.INPUT_DOUBLE_REGS3/GENERATE_LEVEL_P_S_CDC.MULTI_BIT.FOR_IN_cdc_to[4].CROSS2_PLEVEL_IN2SCNDRY_IN_cdc_to/C

Slack:                    inf
  Source:                 gpio_but_tri_i[0]
                            (input port)
  Destination:            design_final_i/axi_gpio_0/U0/gpio_core_1/Not_Dual.INPUT_DOUBLE_REGS3/GENERATE_LEVEL_P_S_CDC.MULTI_BIT.FOR_IN_cdc_to[0].CROSS2_PLEVEL_IN2SCNDRY_IN_cdc_to/D
                            (rising edge-triggered cell FDRE clocked by clk_fpga_0  {rise@0.000ns fall@25.000ns period=50.000ns})
  Path Group:             (none)
  Path Type:              Setup (Max at Slow Process Corner)
  Data Path Delay:        5.211ns  (logic 0.933ns (17.904%)  route 4.278ns (82.096%))
  Logic Levels:           1  (IBUF=1)
  Clock Path Skew:        2.658ns (DCD - SCD + CPR)
    Destination Clock Delay (DCD):    2.658ns
    Source Clock Delay      (SCD):    0.000ns
    Clock Pessimism Removal (CPR):    0.000ns
  Clock Uncertainty:      0.750ns  ((TSJ^2 + TIJ^2)^1/2 + DJ) / 2 + PE
    Total System Jitter     (TSJ):    0.050ns
    Total Input Jitter      (TIJ):    1.500ns
    Discrete Jitter          (DJ):    0.000ns
    Phase Error              (PE):    0.000ns
  Timing Exception:       False Path

    Location             Delay type                Incr(ns)  Path(ns)    Netlist Resource(s)
  -------------------------------------------------------------------    -------------------
    P16                                               0.000     0.000 r  gpio_but_tri_i[0] (IN)
                         net (fo=0)                   0.000     0.000    gpio_but_tri_i[0]
    P16                  IBUF (Prop_ibuf_I_O)         0.933     0.933 r  gpio_but_tri_i_IBUF[0]_inst/O
                         net (fo=1, routed)           4.278     5.211    design_final_i/axi_gpio_0/U0/gpio_core_1/Not_Dual.INPUT_DOUBLE_REGS3/gpio_io_i[0]
    SLICE_X45Y99         FDRE                                         r  design_final_i/axi_gpio_0/U0/gpio_core_1/Not_Dual.INPUT_DOUBLE_REGS3/GENERATE_LEVEL_P_S_CDC.MULTI_BIT.FOR_IN_cdc_to[0].CROSS2_PLEVEL_IN2SCNDRY_IN_cdc_to/D
  -------------------------------------------------------------------    -------------------

                         (clock clk_fpga_0 rise edge)
                                                      0.000     0.000 r  
    PS7_X0Y0             PS7                          0.000     0.000 r  design_final_i/processing_system7_0/inst/PS7_i/FCLKCLK[0]
                         net (fo=1, routed)           1.088     1.088    design_final_i/processing_system7_0/inst/FCLK_CLK_unbuffered[0]
    BUFGCTRL_X0Y16       BUFG (Prop_bufg_I_O)         0.091     1.179 r  design_final_i/processing_system7_0/inst/buffer_fclk_clk_0.FCLK_CLK_0_BUFG/O
                         net (fo=19638, routed)       1.479     2.658    design_final_i/axi_gpio_0/U0/gpio_core_1/Not_Dual.INPUT_DOUBLE_REGS3/s_axi_aclk
    SLICE_X45Y99         FDRE                                         r  design_final_i/axi_gpio_0/U0/gpio_core_1/Not_Dual.INPUT_DOUBLE_REGS3/GENERATE_LEVEL_P_S_CDC.MULTI_BIT.FOR_IN_cdc_to[0].CROSS2_PLEVEL_IN2SCNDRY_IN_cdc_to/C

Slack:                    inf
  Source:                 gpio_but_tri_i[1]
                            (input port)
  Destination:            design_final_i/axi_gpio_0/U0/gpio_core_1/Not_Dual.INPUT_DOUBLE_REGS3/GENERATE_LEVEL_P_S_CDC.MULTI_BIT.FOR_IN_cdc_to[1].CROSS2_PLEVEL_IN2SCNDRY_IN_cdc_to/D
                            (rising edge-triggered cell FDRE clocked by clk_fpga_0  {rise@0.000ns fall@25.000ns period=50.000ns})
  Path Group:             (none)
  Path Type:              Setup (Max at Slow Process Corner)
  Data Path Delay:        5.164ns  (logic 0.955ns (18.485%)  route 4.209ns (81.515%))
  Logic Levels:           1  (IBUF=1)
  Clock Path Skew:        2.832ns (DCD - SCD + CPR)
    Destination Clock Delay (DCD):    2.832ns
    Source Clock Delay      (SCD):    0.000ns
    Clock Pessimism Removal (CPR):    0.000ns
  Clock Uncertainty:      0.750ns  ((TSJ^2 + TIJ^2)^1/2 + DJ) / 2 + PE
    Total System Jitter     (TSJ):    0.050ns
    Total Input Jitter      (TIJ):    1.500ns
    Discrete Jitter          (DJ):    0.000ns
    Phase Error              (PE):    0.000ns
  Timing Exception:       False Path

    Location             Delay type                Incr(ns)  Path(ns)    Netlist Resource(s)
  -------------------------------------------------------------------    -------------------
    T18                                               0.000     0.000 r  gpio_but_tri_i[1] (IN)
                         net (fo=0)                   0.000     0.000    gpio_but_tri_i[1]
    T18                  IBUF (Prop_ibuf_I_O)         0.955     0.955 r  gpio_but_tri_i_IBUF[1]_inst/O
                         net (fo=1, routed)           4.209     5.164    design_final_i/axi_gpio_0/U0/gpio_core_1/Not_Dual.INPUT_DOUBLE_REGS3/gpio_io_i[1]
    SLICE_X45Y101        FDRE                                         r  design_final_i/axi_gpio_0/U0/gpio_core_1/Not_Dual.INPUT_DOUBLE_REGS3/GENERATE_LEVEL_P_S_CDC.MULTI_BIT.FOR_IN_cdc_to[1].CROSS2_PLEVEL_IN2SCNDRY_IN_cdc_to/D
  -------------------------------------------------------------------    -------------------

                         (clock clk_fpga_0 rise edge)
                                                      0.000     0.000 r  
    PS7_X0Y0             PS7                          0.000     0.000 r  design_final_i/processing_system7_0/inst/PS7_i/FCLKCLK[0]
                         net (fo=1, routed)           1.088     1.088    design_final_i/processing_system7_0/inst/FCLK_CLK_unbuffered[0]
    BUFGCTRL_X0Y16       BUFG (Prop_bufg_I_O)         0.091     1.179 r  design_final_i/processing_system7_0/inst/buffer_fclk_clk_0.FCLK_CLK_0_BUFG/O
                         net (fo=19638, routed)       1.653     2.832    design_final_i/axi_gpio_0/U0/gpio_core_1/Not_Dual.INPUT_DOUBLE_REGS3/s_axi_aclk
    SLICE_X45Y101        FDRE                                         r  design_final_i/axi_gpio_0/U0/gpio_core_1/Not_Dual.INPUT_DOUBLE_REGS3/GENERATE_LEVEL_P_S_CDC.MULTI_BIT.FOR_IN_cdc_to[1].CROSS2_PLEVEL_IN2SCNDRY_IN_cdc_to/C

Slack:                    inf
  Source:                 gpio_but_tri_i[2]
                            (input port)
  Destination:            design_final_i/axi_gpio_0/U0/gpio_core_1/Not_Dual.INPUT_DOUBLE_REGS3/GENERATE_LEVEL_P_S_CDC.MULTI_BIT.FOR_IN_cdc_to[2].CROSS2_PLEVEL_IN2SCNDRY_IN_cdc_to/D
                            (rising edge-triggered cell FDRE clocked by clk_fpga_0  {rise@0.000ns fall@25.000ns period=50.000ns})
  Path Group:             (none)
  Path Type:              Setup (Max at Slow Process Corner)
  Data Path Delay:        4.981ns  (logic 0.958ns (19.228%)  route 4.024ns (80.772%))
  Logic Levels:           1  (IBUF=1)
  Clock Path Skew:        2.833ns (DCD - SCD + CPR)
    Destination Clock Delay (DCD):    2.833ns
    Source Clock Delay      (SCD):    0.000ns
    Clock Pessimism Removal (CPR):    0.000ns
  Clock Uncertainty:      0.750ns  ((TSJ^2 + TIJ^2)^1/2 + DJ) / 2 + PE
    Total System Jitter     (TSJ):    0.050ns
    Total Input Jitter      (TIJ):    1.500ns
    Discrete Jitter          (DJ):    0.000ns
    Phase Error              (PE):    0.000ns
  Timing Exception:       False Path

    Location             Delay type                Incr(ns)  Path(ns)    Netlist Resource(s)
  -------------------------------------------------------------------    -------------------
    R16                                               0.000     0.000 r  gpio_but_tri_i[2] (IN)
                         net (fo=0)                   0.000     0.000    gpio_but_tri_i[2]
    R16                  IBUF (Prop_ibuf_I_O)         0.958     0.958 r  gpio_but_tri_i_IBUF[2]_inst/O
                         net (fo=1, routed)           4.024     4.981    design_final_i/axi_gpio_0/U0/gpio_core_1/Not_Dual.INPUT_DOUBLE_REGS3/gpio_io_i[2]
    SLICE_X42Y102        FDRE                                         r  design_final_i/axi_gpio_0/U0/gpio_core_1/Not_Dual.INPUT_DOUBLE_REGS3/GENERATE_LEVEL_P_S_CDC.MULTI_BIT.FOR_IN_cdc_to[2].CROSS2_PLEVEL_IN2SCNDRY_IN_cdc_to/D
  -------------------------------------------------------------------    -------------------

                         (clock clk_fpga_0 rise edge)
                                                      0.000     0.000 r  
    PS7_X0Y0             PS7                          0.000     0.000 r  design_final_i/processing_system7_0/inst/PS7_i/FCLKCLK[0]
                         net (fo=1, routed)           1.088     1.088    design_final_i/processing_system7_0/inst/FCLK_CLK_unbuffered[0]
    BUFGCTRL_X0Y16       BUFG (Prop_bufg_I_O)         0.091     1.179 r  design_final_i/processing_system7_0/inst/buffer_fclk_clk_0.FCLK_CLK_0_BUFG/O
                         net (fo=19638, routed)       1.654     2.833    design_final_i/axi_gpio_0/U0/gpio_core_1/Not_Dual.INPUT_DOUBLE_REGS3/s_axi_aclk
    SLICE_X42Y102        FDRE                                         r  design_final_i/axi_gpio_0/U0/gpio_core_1/Not_Dual.INPUT_DOUBLE_REGS3/GENERATE_LEVEL_P_S_CDC.MULTI_BIT.FOR_IN_cdc_to[2].CROSS2_PLEVEL_IN2SCNDRY_IN_cdc_to/C

Slack:                    inf
  Source:                 gpio_but_tri_i[3]
                            (input port)
  Destination:            design_final_i/axi_gpio_0/U0/gpio_core_1/Not_Dual.INPUT_DOUBLE_REGS3/GENERATE_LEVEL_P_S_CDC.MULTI_BIT.FOR_IN_cdc_to[3].CROSS2_PLEVEL_IN2SCNDRY_IN_cdc_to/D
                            (rising edge-triggered cell FDRE clocked by clk_fpga_0  {rise@0.000ns fall@25.000ns period=50.000ns})
  Path Group:             (none)
  Path Type:              Setup (Max at Slow Process Corner)
  Data Path Delay:        4.970ns  (logic 0.976ns (19.634%)  route 3.994ns (80.366%))
  Logic Levels:           1  (IBUF=1)
  Clock Path Skew:        2.833ns (DCD - SCD + CPR)
    Destination Clock Delay (DCD):    2.833ns
    Source Clock Delay      (SCD):    0.000ns
    Clock Pessimism Removal (CPR):    0.000ns
  Clock Uncertainty:      0.750ns  ((TSJ^2 + TIJ^2)^1/2 + DJ) / 2 + PE
    Total System Jitter     (TSJ):    0.050ns
    Total Input Jitter      (TIJ):    1.500ns
    Discrete Jitter          (DJ):    0.000ns
    Phase Error              (PE):    0.000ns
  Timing Exception:       False Path

    Location             Delay type                Incr(ns)  Path(ns)    Netlist Resource(s)
  -------------------------------------------------------------------    -------------------
    N15                                               0.000     0.000 r  gpio_but_tri_i[3] (IN)
                         net (fo=0)                   0.000     0.000    gpio_but_tri_i[3]
    N15                  IBUF (Prop_ibuf_I_O)         0.976     0.976 r  gpio_but_tri_i_IBUF[3]_inst/O
                         net (fo=1, routed)           3.994     4.970    design_final_i/axi_gpio_0/U0/gpio_core_1/Not_Dual.INPUT_DOUBLE_REGS3/gpio_io_i[3]
    SLICE_X42Y101        FDRE                                         r  design_final_i/axi_gpio_0/U0/gpio_core_1/Not_Dual.INPUT_DOUBLE_REGS3/GENERATE_LEVEL_P_S_CDC.MULTI_BIT.FOR_IN_cdc_to[3].CROSS2_PLEVEL_IN2SCNDRY_IN_cdc_to/D
  -------------------------------------------------------------------    -------------------

                         (clock clk_fpga_0 rise edge)
                                                      0.000     0.000 r  
    PS7_X0Y0             PS7                          0.000     0.000 r  design_final_i/processing_system7_0/inst/PS7_i/FCLKCLK[0]
                         net (fo=1, routed)           1.088     1.088    design_final_i/processing_system7_0/inst/FCLK_CLK_unbuffered[0]
    BUFGCTRL_X0Y16       BUFG (Prop_bufg_I_O)         0.091     1.179 r  design_final_i/processing_system7_0/inst/buffer_fclk_clk_0.FCLK_CLK_0_BUFG/O
                         net (fo=19638, routed)       1.654     2.833    design_final_i/axi_gpio_0/U0/gpio_core_1/Not_Dual.INPUT_DOUBLE_REGS3/s_axi_aclk
    SLICE_X42Y101        FDRE                                         r  design_final_i/axi_gpio_0/U0/gpio_core_1/Not_Dual.INPUT_DOUBLE_REGS3/GENERATE_LEVEL_P_S_CDC.MULTI_BIT.FOR_IN_cdc_to[3].CROSS2_PLEVEL_IN2SCNDRY_IN_cdc_to/C

Slack:                    inf
  Source:                 design_final_i/processing_system7_0/inst/PS7_i/FCLKRESETN[0]
                            (internal pin)
  Destination:            design_final_i/rst_ps7_0_50M/U0/EXT_LPF/ACTIVE_LOW_EXT.ACT_LO_EXT/GENERATE_LEVEL_P_S_CDC.SINGLE_BIT.CROSS_PLEVEL_IN2SCNDRY_IN_cdc_to/D
                            (rising edge-triggered cell FDRE clocked by clk_fpga_0  {rise@0.000ns fall@25.000ns period=50.000ns})
  Path Group:             (none)
  Path Type:              Setup (Max at Slow Process Corner)
  Data Path Delay:        2.176ns  (logic 0.124ns (5.699%)  route 2.052ns (94.301%))
  Logic Levels:           1  (LUT1=1)
  Clock Uncertainty:      0.750ns  ((TSJ^2 + TIJ^2)^1/2 + DJ) / 2 + PE
    Total System Jitter     (TSJ):    0.050ns
    Total Input Jitter      (TIJ):    1.500ns
    Discrete Jitter          (DJ):    0.000ns
    Phase Error              (PE):    0.000ns
  Timing Exception:       False Path

    Location             Delay type                Incr(ns)  Path(ns)    Netlist Resource(s)
  -------------------------------------------------------------------    -------------------
    PS7_X0Y0             PS7                          0.000     0.000 f  design_final_i/processing_system7_0/inst/PS7_i/FCLKRESETN[0]
                         net (fo=1, routed)           1.424     1.424    design_final_i/rst_ps7_0_50M/U0/EXT_LPF/ACTIVE_LOW_EXT.ACT_LO_EXT/ext_reset_in
    SLICE_X27Y106        LUT1 (Prop_lut1_I0_O)        0.124     1.548 r  design_final_i/rst_ps7_0_50M/U0/EXT_LPF/ACTIVE_LOW_EXT.ACT_LO_EXT/GENERATE_LEVEL_P_S_CDC.SINGLE_BIT.CROSS_PLEVEL_IN2SCNDRY_IN_cdc_to_i_1/O
                         net (fo=1, routed)           0.628     2.176    design_final_i/rst_ps7_0_50M/U0/EXT_LPF/ACTIVE_LOW_EXT.ACT_LO_EXT/exr_d1
    SLICE_X28Y109        FDRE                                         r  design_final_i/rst_ps7_0_50M/U0/EXT_LPF/ACTIVE_LOW_EXT.ACT_LO_EXT/GENERATE_LEVEL_P_S_CDC.SINGLE_BIT.CROSS_PLEVEL_IN2SCNDRY_IN_cdc_to/D
  -------------------------------------------------------------------    -------------------

                         (clock clk_fpga_0 rise edge)
                                                      0.000     0.000 r  
    PS7_X0Y0             PS7                          0.000     0.000 r  design_final_i/processing_system7_0/inst/PS7_i/FCLKCLK[0]
                         net (fo=1, routed)           1.088     1.088    design_final_i/processing_system7_0/inst/FCLK_CLK_unbuffered[0]
    BUFGCTRL_X0Y16       BUFG (Prop_bufg_I_O)         0.091     1.179 r  design_final_i/processing_system7_0/inst/buffer_fclk_clk_0.FCLK_CLK_0_BUFG/O
                         net (fo=19638, routed)       1.697     2.876    design_final_i/rst_ps7_0_50M/U0/EXT_LPF/ACTIVE_LOW_EXT.ACT_LO_EXT/slowest_sync_clk
    SLICE_X28Y109        FDRE                                         r  design_final_i/rst_ps7_0_50M/U0/EXT_LPF/ACTIVE_LOW_EXT.ACT_LO_EXT/GENERATE_LEVEL_P_S_CDC.SINGLE_BIT.CROSS_PLEVEL_IN2SCNDRY_IN_cdc_to/C





Min Delay Paths
--------------------------------------------------------------------------------------
Slack:                    inf
  Source:                 design_final_i/processing_system7_0/inst/PS7_i/FCLKRESETN[0]
                            (internal pin)
  Destination:            design_final_i/rst_ps7_0_50M/U0/EXT_LPF/ACTIVE_LOW_EXT.ACT_LO_EXT/GENERATE_LEVEL_P_S_CDC.SINGLE_BIT.CROSS_PLEVEL_IN2SCNDRY_IN_cdc_to/D
                            (rising edge-triggered cell FDRE clocked by clk_fpga_0  {rise@0.000ns fall@25.000ns period=50.000ns})
  Path Group:             (none)
  Path Type:              Hold (Min at Fast Process Corner)
  Data Path Delay:        0.805ns  (logic 0.045ns (5.591%)  route 0.760ns (94.409%))
  Logic Levels:           1  (LUT1=1)
  Clock Uncertainty:      0.750ns  ((TSJ^2 + TIJ^2)^1/2 + DJ) / 2 + PE
    Total System Jitter     (TSJ):    0.050ns
    Total Input Jitter      (TIJ):    1.500ns
    Discrete Jitter          (DJ):    0.000ns
    Phase Error              (PE):    0.000ns
  Timing Exception:       False Path

    Location             Delay type                Incr(ns)  Path(ns)    Netlist Resource(s)
  -------------------------------------------------------------------    -------------------
    PS7_X0Y0             PS7                          0.000     0.000 f  design_final_i/processing_system7_0/inst/PS7_i/FCLKRESETN[0]
                         net (fo=1, routed)           0.524     0.524    design_final_i/rst_ps7_0_50M/U0/EXT_LPF/ACTIVE_LOW_EXT.ACT_LO_EXT/ext_reset_in
    SLICE_X27Y106        LUT1 (Prop_lut1_I0_O)        0.045     0.569 r  design_final_i/rst_ps7_0_50M/U0/EXT_LPF/ACTIVE_LOW_EXT.ACT_LO_EXT/GENERATE_LEVEL_P_S_CDC.SINGLE_BIT.CROSS_PLEVEL_IN2SCNDRY_IN_cdc_to_i_1/O
                         net (fo=1, routed)           0.236     0.805    design_final_i/rst_ps7_0_50M/U0/EXT_LPF/ACTIVE_LOW_EXT.ACT_LO_EXT/exr_d1
    SLICE_X28Y109        FDRE                                         r  design_final_i/rst_ps7_0_50M/U0/EXT_LPF/ACTIVE_LOW_EXT.ACT_LO_EXT/GENERATE_LEVEL_P_S_CDC.SINGLE_BIT.CROSS_PLEVEL_IN2SCNDRY_IN_cdc_to/D
  -------------------------------------------------------------------    -------------------

                         (clock clk_fpga_0 rise edge)
                                                      0.000     0.000 r  
    PS7_X0Y0             PS7                          0.000     0.000 r  design_final_i/processing_system7_0/inst/PS7_i/FCLKCLK[0]
                         net (fo=1, routed)           0.337     0.337    design_final_i/processing_system7_0/inst/FCLK_CLK_unbuffered[0]
    BUFGCTRL_X0Y16       BUFG (Prop_bufg_I_O)         0.029     0.366 r  design_final_i/processing_system7_0/inst/buffer_fclk_clk_0.FCLK_CLK_0_BUFG/O
                         net (fo=19638, routed)       0.929     1.295    design_final_i/rst_ps7_0_50M/U0/EXT_LPF/ACTIVE_LOW_EXT.ACT_LO_EXT/slowest_sync_clk
    SLICE_X28Y109        FDRE                                         r  design_final_i/rst_ps7_0_50M/U0/EXT_LPF/ACTIVE_LOW_EXT.ACT_LO_EXT/GENERATE_LEVEL_P_S_CDC.SINGLE_BIT.CROSS_PLEVEL_IN2SCNDRY_IN_cdc_to/C

Slack:                    inf
  Source:                 gpio_but_tri_i[3]
                            (input port)
  Destination:            design_final_i/axi_gpio_0/U0/gpio_core_1/Not_Dual.INPUT_DOUBLE_REGS3/GENERATE_LEVEL_P_S_CDC.MULTI_BIT.FOR_IN_cdc_to[3].CROSS2_PLEVEL_IN2SCNDRY_IN_cdc_to/D
                            (rising edge-triggered cell FDRE clocked by clk_fpga_0  {rise@0.000ns fall@25.000ns period=50.000ns})
  Path Group:             (none)
  Path Type:              Hold (Min at Fast Process Corner)
  Data Path Delay:        2.011ns  (logic 0.204ns (10.171%)  route 1.806ns (89.829%))
  Logic Levels:           1  (IBUF=1)
  Clock Path Skew:        1.277ns (DCD - SCD - CPR)
    Destination Clock Delay (DCD):    1.277ns
    Source Clock Delay      (SCD):    0.000ns
    Clock Pessimism Removal (CPR):    -0.000ns
  Timing Exception:       False Path

    Location             Delay type                Incr(ns)  Path(ns)    Netlist Resource(s)
  -------------------------------------------------------------------    -------------------
    N15                                               0.000     0.000 r  gpio_but_tri_i[3] (IN)
                         net (fo=0)                   0.000     0.000    gpio_but_tri_i[3]
    N15                  IBUF (Prop_ibuf_I_O)         0.204     0.204 r  gpio_but_tri_i_IBUF[3]_inst/O
                         net (fo=1, routed)           1.806     2.011    design_final_i/axi_gpio_0/U0/gpio_core_1/Not_Dual.INPUT_DOUBLE_REGS3/gpio_io_i[3]
    SLICE_X42Y101        FDRE                                         r  design_final_i/axi_gpio_0/U0/gpio_core_1/Not_Dual.INPUT_DOUBLE_REGS3/GENERATE_LEVEL_P_S_CDC.MULTI_BIT.FOR_IN_cdc_to[3].CROSS2_PLEVEL_IN2SCNDRY_IN_cdc_to/D
  -------------------------------------------------------------------    -------------------

                         (clock clk_fpga_0 rise edge)
                                                      0.000     0.000 r  
    PS7_X0Y0             PS7                          0.000     0.000 r  design_final_i/processing_system7_0/inst/PS7_i/FCLKCLK[0]
                         net (fo=1, routed)           0.337     0.337    design_final_i/processing_system7_0/inst/FCLK_CLK_unbuffered[0]
    BUFGCTRL_X0Y16       BUFG (Prop_bufg_I_O)         0.029     0.366 r  design_final_i/processing_system7_0/inst/buffer_fclk_clk_0.FCLK_CLK_0_BUFG/O
                         net (fo=19638, routed)       0.911     1.277    design_final_i/axi_gpio_0/U0/gpio_core_1/Not_Dual.INPUT_DOUBLE_REGS3/s_axi_aclk
    SLICE_X42Y101        FDRE                                         r  design_final_i/axi_gpio_0/U0/gpio_core_1/Not_Dual.INPUT_DOUBLE_REGS3/GENERATE_LEVEL_P_S_CDC.MULTI_BIT.FOR_IN_cdc_to[3].CROSS2_PLEVEL_IN2SCNDRY_IN_cdc_to/C

Slack:                    inf
  Source:                 gpio_but_tri_i[2]
                            (input port)
  Destination:            design_final_i/axi_gpio_0/U0/gpio_core_1/Not_Dual.INPUT_DOUBLE_REGS3/GENERATE_LEVEL_P_S_CDC.MULTI_BIT.FOR_IN_cdc_to[2].CROSS2_PLEVEL_IN2SCNDRY_IN_cdc_to/D
                            (rising edge-triggered cell FDRE clocked by clk_fpga_0  {rise@0.000ns fall@25.000ns period=50.000ns})
  Path Group:             (none)
  Path Type:              Hold (Min at Fast Process Corner)
  Data Path Delay:        2.016ns  (logic 0.187ns (9.261%)  route 1.830ns (90.739%))
  Logic Levels:           1  (IBUF=1)
  Clock Path Skew:        1.277ns (DCD - SCD - CPR)
    Destination Clock Delay (DCD):    1.277ns
    Source Clock Delay      (SCD):    0.000ns
    Clock Pessimism Removal (CPR):    -0.000ns
  Timing Exception:       False Path

    Location             Delay type                Incr(ns)  Path(ns)    Netlist Resource(s)
  -------------------------------------------------------------------    -------------------
    R16                                               0.000     0.000 r  gpio_but_tri_i[2] (IN)
                         net (fo=0)                   0.000     0.000    gpio_but_tri_i[2]
    R16                  IBUF (Prop_ibuf_I_O)         0.187     0.187 r  gpio_but_tri_i_IBUF[2]_inst/O
                         net (fo=1, routed)           1.830     2.016    design_final_i/axi_gpio_0/U0/gpio_core_1/Not_Dual.INPUT_DOUBLE_REGS3/gpio_io_i[2]
    SLICE_X42Y102        FDRE                                         r  design_final_i/axi_gpio_0/U0/gpio_core_1/Not_Dual.INPUT_DOUBLE_REGS3/GENERATE_LEVEL_P_S_CDC.MULTI_BIT.FOR_IN_cdc_to[2].CROSS2_PLEVEL_IN2SCNDRY_IN_cdc_to/D
  -------------------------------------------------------------------    -------------------

                         (clock clk_fpga_0 rise edge)
                                                      0.000     0.000 r  
    PS7_X0Y0             PS7                          0.000     0.000 r  design_final_i/processing_system7_0/inst/PS7_i/FCLKCLK[0]
                         net (fo=1, routed)           0.337     0.337    design_final_i/processing_system7_0/inst/FCLK_CLK_unbuffered[0]
    BUFGCTRL_X0Y16       BUFG (Prop_bufg_I_O)         0.029     0.366 r  design_final_i/processing_system7_0/inst/buffer_fclk_clk_0.FCLK_CLK_0_BUFG/O
                         net (fo=19638, routed)       0.911     1.277    design_final_i/axi_gpio_0/U0/gpio_core_1/Not_Dual.INPUT_DOUBLE_REGS3/s_axi_aclk
    SLICE_X42Y102        FDRE                                         r  design_final_i/axi_gpio_0/U0/gpio_core_1/Not_Dual.INPUT_DOUBLE_REGS3/GENERATE_LEVEL_P_S_CDC.MULTI_BIT.FOR_IN_cdc_to[2].CROSS2_PLEVEL_IN2SCNDRY_IN_cdc_to/C

Slack:                    inf
  Source:                 gpio_but_tri_i[0]
                            (input port)
  Destination:            design_final_i/axi_gpio_0/U0/gpio_core_1/Not_Dual.INPUT_DOUBLE_REGS3/GENERATE_LEVEL_P_S_CDC.MULTI_BIT.FOR_IN_cdc_to[0].CROSS2_PLEVEL_IN2SCNDRY_IN_cdc_to/D
                            (rising edge-triggered cell FDRE clocked by clk_fpga_0  {rise@0.000ns fall@25.000ns period=50.000ns})
  Path Group:             (none)
  Path Type:              Hold (Min at Fast Process Corner)
  Data Path Delay:        2.129ns  (logic 0.162ns (7.620%)  route 1.966ns (92.380%))
  Logic Levels:           1  (IBUF=1)
  Clock Path Skew:        1.191ns (DCD - SCD - CPR)
    Destination Clock Delay (DCD):    1.191ns
    Source Clock Delay      (SCD):    0.000ns
    Clock Pessimism Removal (CPR):    -0.000ns
  Timing Exception:       False Path

    Location             Delay type                Incr(ns)  Path(ns)    Netlist Resource(s)
  -------------------------------------------------------------------    -------------------
    P16                                               0.000     0.000 r  gpio_but_tri_i[0] (IN)
                         net (fo=0)                   0.000     0.000    gpio_but_tri_i[0]
    P16                  IBUF (Prop_ibuf_I_O)         0.162     0.162 r  gpio_but_tri_i_IBUF[0]_inst/O
                         net (fo=1, routed)           1.966     2.129    design_final_i/axi_gpio_0/U0/gpio_core_1/Not_Dual.INPUT_DOUBLE_REGS3/gpio_io_i[0]
    SLICE_X45Y99         FDRE                                         r  design_final_i/axi_gpio_0/U0/gpio_core_1/Not_Dual.INPUT_DOUBLE_REGS3/GENERATE_LEVEL_P_S_CDC.MULTI_BIT.FOR_IN_cdc_to[0].CROSS2_PLEVEL_IN2SCNDRY_IN_cdc_to/D
  -------------------------------------------------------------------    -------------------

                         (clock clk_fpga_0 rise edge)
                                                      0.000     0.000 r  
    PS7_X0Y0             PS7                          0.000     0.000 r  design_final_i/processing_system7_0/inst/PS7_i/FCLKCLK[0]
                         net (fo=1, routed)           0.337     0.337    design_final_i/processing_system7_0/inst/FCLK_CLK_unbuffered[0]
    BUFGCTRL_X0Y16       BUFG (Prop_bufg_I_O)         0.029     0.366 r  design_final_i/processing_system7_0/inst/buffer_fclk_clk_0.FCLK_CLK_0_BUFG/O
                         net (fo=19638, routed)       0.825     1.191    design_final_i/axi_gpio_0/U0/gpio_core_1/Not_Dual.INPUT_DOUBLE_REGS3/s_axi_aclk
    SLICE_X45Y99         FDRE                                         r  design_final_i/axi_gpio_0/U0/gpio_core_1/Not_Dual.INPUT_DOUBLE_REGS3/GENERATE_LEVEL_P_S_CDC.MULTI_BIT.FOR_IN_cdc_to[0].CROSS2_PLEVEL_IN2SCNDRY_IN_cdc_to/C

Slack:                    inf
  Source:                 gpio_but_tri_i[1]
                            (input port)
  Destination:            design_final_i/axi_gpio_0/U0/gpio_core_1/Not_Dual.INPUT_DOUBLE_REGS3/GENERATE_LEVEL_P_S_CDC.MULTI_BIT.FOR_IN_cdc_to[1].CROSS2_PLEVEL_IN2SCNDRY_IN_cdc_to/D
                            (rising edge-triggered cell FDRE clocked by clk_fpga_0  {rise@0.000ns fall@25.000ns period=50.000ns})
  Path Group:             (none)
  Path Type:              Hold (Min at Fast Process Corner)
  Data Path Delay:        2.154ns  (logic 0.183ns (8.520%)  route 1.970ns (91.480%))
  Logic Levels:           1  (IBUF=1)
  Clock Path Skew:        1.277ns (DCD - SCD - CPR)
    Destination Clock Delay (DCD):    1.277ns
    Source Clock Delay      (SCD):    0.000ns
    Clock Pessimism Removal (CPR):    -0.000ns
  Timing Exception:       False Path

    Location             Delay type                Incr(ns)  Path(ns)    Netlist Resource(s)
  -------------------------------------------------------------------    -------------------
    T18                                               0.000     0.000 r  gpio_but_tri_i[1] (IN)
                         net (fo=0)                   0.000     0.000    gpio_but_tri_i[1]
    T18                  IBUF (Prop_ibuf_I_O)         0.183     0.183 r  gpio_but_tri_i_IBUF[1]_inst/O
                         net (fo=1, routed)           1.970     2.154    design_final_i/axi_gpio_0/U0/gpio_core_1/Not_Dual.INPUT_DOUBLE_REGS3/gpio_io_i[1]
    SLICE_X45Y101        FDRE                                         r  design_final_i/axi_gpio_0/U0/gpio_core_1/Not_Dual.INPUT_DOUBLE_REGS3/GENERATE_LEVEL_P_S_CDC.MULTI_BIT.FOR_IN_cdc_to[1].CROSS2_PLEVEL_IN2SCNDRY_IN_cdc_to/D
  -------------------------------------------------------------------    -------------------

                         (clock clk_fpga_0 rise edge)
                                                      0.000     0.000 r  
    PS7_X0Y0             PS7                          0.000     0.000 r  design_final_i/processing_system7_0/inst/PS7_i/FCLKCLK[0]
                         net (fo=1, routed)           0.337     0.337    design_final_i/processing_system7_0/inst/FCLK_CLK_unbuffered[0]
    BUFGCTRL_X0Y16       BUFG (Prop_bufg_I_O)         0.029     0.366 r  design_final_i/processing_system7_0/inst/buffer_fclk_clk_0.FCLK_CLK_0_BUFG/O
                         net (fo=19638, routed)       0.911     1.277    design_final_i/axi_gpio_0/U0/gpio_core_1/Not_Dual.INPUT_DOUBLE_REGS3/s_axi_aclk
    SLICE_X45Y101        FDRE                                         r  design_final_i/axi_gpio_0/U0/gpio_core_1/Not_Dual.INPUT_DOUBLE_REGS3/GENERATE_LEVEL_P_S_CDC.MULTI_BIT.FOR_IN_cdc_to[1].CROSS2_PLEVEL_IN2SCNDRY_IN_cdc_to/C

Slack:                    inf
  Source:                 gpio_but_tri_i[4]
                            (input port)
  Destination:            design_final_i/axi_gpio_0/U0/gpio_core_1/Not_Dual.INPUT_DOUBLE_REGS3/GENERATE_LEVEL_P_S_CDC.MULTI_BIT.FOR_IN_cdc_to[4].CROSS2_PLEVEL_IN2SCNDRY_IN_cdc_to/D
                            (rising edge-triggered cell FDRE clocked by clk_fpga_0  {rise@0.000ns fall@25.000ns period=50.000ns})
  Path Group:             (none)
  Path Type:              Hold (Min at Fast Process Corner)
  Data Path Delay:        2.168ns  (logic 0.173ns (7.999%)  route 1.995ns (92.001%))
  Logic Levels:           1  (IBUF=1)
  Clock Path Skew:        1.277ns (DCD - SCD - CPR)
    Destination Clock Delay (DCD):    1.277ns
    Source Clock Delay      (SCD):    0.000ns
    Clock Pessimism Removal (CPR):    -0.000ns
  Timing Exception:       False Path

    Location             Delay type                Incr(ns)  Path(ns)    Netlist Resource(s)
  -------------------------------------------------------------------    -------------------
    R18                                               0.000     0.000 r  gpio_but_tri_i[4] (IN)
                         net (fo=0)                   0.000     0.000    gpio_but_tri_i[4]
    R18                  IBUF (Prop_ibuf_I_O)         0.173     0.173 r  gpio_but_tri_i_IBUF[4]_inst/O
                         net (fo=1, routed)           1.995     2.168    design_final_i/axi_gpio_0/U0/gpio_core_1/Not_Dual.INPUT_DOUBLE_REGS3/gpio_io_i[4]
    SLICE_X43Y100        FDRE                                         r  design_final_i/axi_gpio_0/U0/gpio_core_1/Not_Dual.INPUT_DOUBLE_REGS3/GENERATE_LEVEL_P_S_CDC.MULTI_BIT.FOR_IN_cdc_to[4].CROSS2_PLEVEL_IN2SCNDRY_IN_cdc_to/D
  -------------------------------------------------------------------    -------------------

                         (clock clk_fpga_0 rise edge)
                                                      0.000     0.000 r  
    PS7_X0Y0             PS7                          0.000     0.000 r  design_final_i/processing_system7_0/inst/PS7_i/FCLKCLK[0]
                         net (fo=1, routed)           0.337     0.337    design_final_i/processing_system7_0/inst/FCLK_CLK_unbuffered[0]
    BUFGCTRL_X0Y16       BUFG (Prop_bufg_I_O)         0.029     0.366 r  design_final_i/processing_system7_0/inst/buffer_fclk_clk_0.FCLK_CLK_0_BUFG/O
                         net (fo=19638, routed)       0.911     1.277    design_final_i/axi_gpio_0/U0/gpio_core_1/Not_Dual.INPUT_DOUBLE_REGS3/s_axi_aclk
    SLICE_X43Y100        FDRE                                         r  design_final_i/axi_gpio_0/U0/gpio_core_1/Not_Dual.INPUT_DOUBLE_REGS3/GENERATE_LEVEL_P_S_CDC.MULTI_BIT.FOR_IN_cdc_to[4].CROSS2_PLEVEL_IN2SCNDRY_IN_cdc_to/C





--------------------------------------------------------------------------------------
Path Group:  (none)
From Clock:  clk_fpga_0
  To Clock:  

Max Delay             1 Endpoint
Min Delay             1 Endpoint
--------------------------------------------------------------------------------------


Max Delay Paths
--------------------------------------------------------------------------------------
Slack:                    inf
  Source:                 design_final_i/top_ssr_0/inst/led0_r_reg/C
                            (rising edge-triggered cell FDRE clocked by clk_fpga_0  {rise@0.000ns fall@25.000ns period=50.000ns})
  Destination:            led0_0
                            (output port)
  Path Group:             (none)
  Path Type:              Max at Slow Process Corner
  Data Path Delay:        8.532ns  (logic 3.978ns (46.628%)  route 4.554ns (53.372%))
  Logic Levels:           1  (OBUF=1)
  Clock Uncertainty:      0.750ns  ((TSJ^2 + TIJ^2)^1/2 + DJ) / 2 + PE
    Total System Jitter     (TSJ):    0.050ns
    Total Input Jitter      (TIJ):    1.500ns
    Discrete Jitter          (DJ):    0.000ns
    Phase Error              (PE):    0.000ns

    Location             Delay type                Incr(ns)  Path(ns)    Netlist Resource(s)
  -------------------------------------------------------------------    -------------------
                         (clock clk_fpga_0 rise edge)
                                                      0.000     0.000 r  
    PS7_X0Y0             PS7                          0.000     0.000 r  design_final_i/processing_system7_0/inst/PS7_i/FCLKCLK[0]
                         net (fo=1, routed)           1.193     1.193    design_final_i/processing_system7_0/inst/FCLK_CLK_unbuffered[0]
    BUFGCTRL_X0Y16       BUFG (Prop_bufg_I_O)         0.101     1.294 r  design_final_i/processing_system7_0/inst/buffer_fclk_clk_0.FCLK_CLK_0_BUFG/O
                         net (fo=19638, routed)       1.716     3.010    design_final_i/top_ssr_0/inst/s00_axi_aclk
    SLICE_X65Y97         FDRE                                         r  design_final_i/top_ssr_0/inst/led0_r_reg/C
  -------------------------------------------------------------------    -------------------
    SLICE_X65Y97         FDRE (Prop_fdre_C_Q)         0.456     3.466 r  design_final_i/top_ssr_0/inst/led0_r_reg/Q
                         net (fo=2, routed)           4.554     8.020    led0_0_OBUF
    T22                  OBUF (Prop_obuf_I_O)         3.522    11.542 r  led0_0_OBUF_inst/O
                         net (fo=0)                   0.000    11.542    led0_0
    T22                                                               r  led0_0 (OUT)
  -------------------------------------------------------------------    -------------------





Min Delay Paths
--------------------------------------------------------------------------------------
Slack:                    inf
  Source:                 design_final_i/top_ssr_0/inst/led0_r_reg/C
                            (rising edge-triggered cell FDRE clocked by clk_fpga_0  {rise@0.000ns fall@25.000ns period=50.000ns})
  Destination:            led0_0
                            (output port)
  Path Group:             (none)
  Path Type:              Min at Fast Process Corner
  Data Path Delay:        3.084ns  (logic 1.364ns (44.238%)  route 1.720ns (55.762%))
  Logic Levels:           1  (OBUF=1)
  Clock Uncertainty:      0.750ns  ((TSJ^2 + TIJ^2)^1/2 + DJ) / 2 + PE
    Total System Jitter     (TSJ):    0.050ns
    Total Input Jitter      (TIJ):    1.500ns
    Discrete Jitter          (DJ):    0.000ns
    Phase Error              (PE):    0.000ns

    Location             Delay type                Incr(ns)  Path(ns)    Netlist Resource(s)
  -------------------------------------------------------------------    -------------------
                         (clock clk_fpga_0 rise edge)
                                                      0.000     0.000 r  
    PS7_X0Y0             PS7                          0.000     0.000 r  design_final_i/processing_system7_0/inst/PS7_i/FCLKCLK[0]
                         net (fo=1, routed)           0.310     0.310    design_final_i/processing_system7_0/inst/FCLK_CLK_unbuffered[0]
    BUFGCTRL_X0Y16       BUFG (Prop_bufg_I_O)         0.026     0.336 r  design_final_i/processing_system7_0/inst/buffer_fclk_clk_0.FCLK_CLK_0_BUFG/O
                         net (fo=19638, routed)       0.580     0.916    design_final_i/top_ssr_0/inst/s00_axi_aclk
    SLICE_X65Y97         FDRE                                         r  design_final_i/top_ssr_0/inst/led0_r_reg/C
  -------------------------------------------------------------------    -------------------
    SLICE_X65Y97         FDRE (Prop_fdre_C_Q)         0.141     1.057 r  design_final_i/top_ssr_0/inst/led0_r_reg/Q
                         net (fo=2, routed)           1.720     2.776    led0_0_OBUF
    T22                  OBUF (Prop_obuf_I_O)         1.223     4.000 r  led0_0_OBUF_inst/O
                         net (fo=0)                   0.000     4.000    led0_0
    T22                                                               r  led0_0 (OUT)
  -------------------------------------------------------------------    -------------------





