Copyright 1986-2022 Xilinx, Inc. All Rights Reserved. Copyright 2022-2023 Advanced Micro Devices, Inc. All Rights Reserved.
---------------------------------------------------------------------------------------------------------------------------------------------
| Tool Version : Vivado v.2023.2 (win64) Build 4029153 Fri Oct 13 20:14:34 MDT 2023
| Date         : Tue Jun 16 08:35:17 2026
| Host         : DESKTOP-UQJIKI5 running 64-bit major release  (build 9200)
| Command      : report_control_sets -verbose -file design_final_wrapper_control_sets_placed.rpt
| Design       : design_final_wrapper
| Device       : xc7z020
---------------------------------------------------------------------------------------------------------------------------------------------

Control Set Information

Table of Contents
-----------------
1. Summary
2. Histogram
3. Flip-Flop Distribution
4. Detailed Control Set Information

1. Summary
----------

+----------------------------------------------------------+-------+
|                          Status                          | Count |
+----------------------------------------------------------+-------+
| Total control sets                                       |   577 |
|    Minimum number of control sets                        |   577 |
|    Addition due to synthesis replication                 |     0 |
|    Addition due to physical synthesis replication        |     0 |
| Unused register locations in slices containing registers |   404 |
+----------------------------------------------------------+-------+
* Control sets can be merged at opt_design using control_set_merge or merge_equivalent_drivers
** Run report_qor_suggestions for automated merging and remapping suggestions


2. Histogram
------------

+--------------------+-------+
|       Fanout       | Count |
+--------------------+-------+
| Total control sets |   577 |
| >= 0 to < 4        |     3 |
| >= 4 to < 6        |    17 |
| >= 6 to < 8        |     7 |
| >= 8 to < 10       |     5 |
| >= 10 to < 12      |     3 |
| >= 12 to < 14      |     6 |
| >= 14 to < 16      |     4 |
| >= 16              |   532 |
+--------------------+-------+
* Control sets can be remapped at either synth_design or opt_design


3. Flip-Flop Distribution
-------------------------

+--------------+-----------------------+------------------------+-----------------+--------------+
| Clock Enable | Synchronous Set/Reset | Asynchronous Set/Reset | Total Registers | Total Slices |
+--------------+-----------------------+------------------------+-----------------+--------------+
| No           | No                    | No                     |             203 |           65 |
| No           | No                    | Yes                    |               0 |            0 |
| No           | Yes                   | No                     |             101 |           41 |
| Yes          | No                    | No                     |             710 |          180 |
| Yes          | No                    | Yes                    |               0 |            0 |
| Yes          | Yes                   | No                     |           18510 |         6572 |
+--------------+-----------------------+------------------------+-----------------+--------------+


4. Detailed Control Set Information
-----------------------------------

+-----------------------------------------------------+--------------------------------------------------------------------------------------------------------------------------------------------------------------------+-----------------------------------------------------------------------------------------------------------------------------------------------------------+------------------+----------------+--------------+
|                     Clock Signal                    |                                                                            Enable Signal                                                                           |                                                                      Set/Reset Signal                                                                     | Slice Load Count | Bel Load Count | Bels / Slice |
+-----------------------------------------------------+--------------------------------------------------------------------------------------------------------------------------------------------------------------------+-----------------------------------------------------------------------------------------------------------------------------------------------------------+------------------+----------------+--------------+
|  design_final_i/processing_system7_0/inst/FCLK_CLK0 | design_final_i/ps7_0_axi_periph/s00_couplers/auto_pc/inst/gen_axilite.gen_b2s_conv.axilite_b2s/WR.aw_channel_0/aw_cmd_fsm_0/FSM_sequential_state_reg[0]_1          | design_final_i/ps7_0_axi_periph/s00_couplers/auto_pc/inst/gen_axilite.gen_b2s_conv.axilite_b2s/WR.aw_channel_0/aw_cmd_fsm_0/FSM_sequential_state_reg[0]_0 |                1 |              1 |         1.00 |
|  design_final_i/processing_system7_0/inst/FCLK_CLK0 | design_final_i/ps7_0_axi_periph/s00_couplers/auto_pc/inst/gen_axilite.gen_b2s_conv.axilite_b2s/WR.b_channel_0/bid_fifo_0/sel                                       |                                                                                                                                                           |                1 |              2 |         2.00 |
|  design_final_i/processing_system7_0/inst/FCLK_CLK0 | design_final_i/top_ssr_0/inst/rst_cnt[2]_i_1_n_0                                                                                                                   | design_final_i/top_ssr_0/inst/axi_awready_i_1_n_0                                                                                                         |                2 |              3 |         1.50 |
|  design_final_i/processing_system7_0/inst/FCLK_CLK0 | design_final_i/top_ssr_0/inst/u_top_system/u_dsp_chain/u_agg/state[3]_i_1_n_0                                                                                      | design_final_i/top_ssr_0/inst/u_top_system/u_dsp_chain/u_mel/rst                                                                                          |                2 |              4 |         2.00 |
|  design_final_i/processing_system7_0/inst/FCLK_CLK0 |                                                                                                                                                                    | design_final_i/axi_gpio_0/U0/AXI_LITE_IPIF_I/I_SLAVE_ATTACHMENT/clear                                                                                     |                1 |              4 |         4.00 |
|  design_final_i/processing_system7_0/inst/FCLK_CLK0 | design_final_i/ps7_0_axi_periph/s00_couplers/auto_pc/inst/gen_axilite.gen_b2s_conv.axilite_b2s/RD.ar_channel_0/ar_cmd_fsm_0/m_axi_arready_2                        | design_final_i/ps7_0_axi_periph/s00_couplers/auto_pc/inst/gen_axilite.gen_b2s_conv.axilite_b2s/RD.ar_channel_0/ar_cmd_fsm_0/FSM_sequential_state_reg[1]_0 |                2 |              4 |         2.00 |
|  design_final_i/processing_system7_0/inst/FCLK_CLK0 |                                                                                                                                                                    | design_final_i/rst_ps7_0_50M/U0/EXT_LPF/lpf_int                                                                                                           |                1 |              4 |         4.00 |
|  design_final_i/processing_system7_0/inst/FCLK_CLK0 | design_final_i/top_ssr_0/inst/u_top_system/u_dsp_chain/u_dct/FSM_onehot_state[3]_i_1_n_0                                                                           | design_final_i/top_ssr_0/inst/u_top_system/u_dsp_chain/u_mel/rst                                                                                          |                2 |              4 |         2.00 |
|  design_final_i/processing_system7_0/inst/FCLK_CLK0 |                                                                                                                                                                    | design_final_i/ps7_0_axi_periph/s00_couplers/auto_pc/inst/gen_axilite.gen_b2s_conv.axilite_b2s/SI_REG/aw.aw_pipe/aresetn_d_reg[0]_0                       |                2 |              4 |         2.00 |
|  design_final_i/processing_system7_0/inst/FCLK_CLK0 | design_final_i/top_ssr_0/inst/u_top_system/u_dsp_chain/u_agg/sqrt_iter[6]_i_1_n_0                                                                                  |                                                                                                                                                           |                2 |              4 |         2.00 |
|  design_final_i/processing_system7_0/inst/FCLK_CLK0 |                                                                                                                                                                    | design_final_i/ps7_0_axi_periph/s00_couplers/auto_pc/inst/gen_axilite.gen_b2s_conv.axilite_b2s/SI_REG/ar.ar_pipe/aresetn_d_reg[1]_inv_0                   |                2 |              4 |         2.00 |
|  design_final_i/processing_system7_0/inst/FCLK_CLK0 | design_final_i/axi_gpio_0/U0/AXI_LITE_IPIF_I/I_SLAVE_ATTACHMENT/bus2ip_addr_i[8]_i_1_n_0                                                                           | design_final_i/axi_gpio_0/U0/AXI_LITE_IPIF_I/I_SLAVE_ATTACHMENT/SR[0]                                                                                     |                2 |              4 |         2.00 |
|  design_final_i/processing_system7_0/inst/FCLK_CLK0 | design_final_i/axi_gpio_0/U0/AXI_LITE_IPIF_I/I_SLAVE_ATTACHMENT/start2                                                                                             | design_final_i/axi_gpio_0/U0/AXI_LITE_IPIF_I/I_SLAVE_ATTACHMENT/I_DECODER/cs_ce_clr                                                                       |                1 |              4 |         4.00 |
|  design_final_i/processing_system7_0/inst/FCLK_CLK0 | design_final_i/top_ssr_0/inst/u_top_system/u_dsp_chain/u_dct/k_idx                                                                                                 | design_final_i/top_ssr_0/inst/u_top_system/u_dsp_chain/u_mel/rst                                                                                          |                1 |              4 |         4.00 |
|  design_final_i/processing_system7_0/inst/FCLK_CLK0 |                                                                                                                                                                    | design_final_i/axi_gpio_0/U0/AXI_LITE_IPIF_I/I_SLAVE_ATTACHMENT/I_DECODER/bus2ip_rnw_i_reg                                                                |                2 |              5 |         2.50 |
|  design_final_i/processing_system7_0/inst/FCLK_CLK0 | design_final_i/ps7_0_axi_periph/s00_couplers/auto_pc/inst/gen_axilite.gen_b2s_conv.axilite_b2s/RD.r_channel_0/rd_data_fifo_0/cnt_read[4]_i_1__0_n_0                | design_final_i/ps7_0_axi_periph/s00_couplers/auto_pc/inst/gen_axilite.gen_b2s_conv.axilite_b2s/areset_d1                                                  |                2 |              5 |         2.50 |
|  design_final_i/processing_system7_0/inst/FCLK_CLK0 | design_final_i/axi_gpio_0/U0/AXI_LITE_IPIF_I/I_SLAVE_ATTACHMENT/I_DECODER/E[0]                                                                                     | design_final_i/axi_gpio_0/U0/AXI_LITE_IPIF_I/I_SLAVE_ATTACHMENT/SR[0]                                                                                     |                2 |              5 |         2.50 |
|  design_final_i/processing_system7_0/inst/FCLK_CLK0 | design_final_i/top_ssr_0/inst/u_top_system/u_dsp_chain/u_power/E[0]                                                                                                | design_final_i/top_ssr_0/inst/u_top_system/u_dsp_chain/u_mel/rst                                                                                          |                2 |              5 |         2.50 |
|  design_final_i/processing_system7_0/inst/FCLK_CLK0 | design_final_i/top_ssr_0/inst/u_top_system/u_dsp_chain/u_agg/out_idx[4]_i_1_n_0                                                                                    | design_final_i/top_ssr_0/inst/u_top_system/u_dsp_chain/u_mel/rst                                                                                          |                2 |              5 |         2.50 |
|  design_final_i/processing_system7_0/inst/FCLK_CLK0 | design_final_i/ps7_0_axi_periph/s00_couplers/auto_pc/inst/gen_axilite.gen_b2s_conv.axilite_b2s/RD.r_channel_0/transaction_fifo_0/cnt_read[4]_i_1_n_0               | design_final_i/ps7_0_axi_periph/s00_couplers/auto_pc/inst/gen_axilite.gen_b2s_conv.axilite_b2s/areset_d1                                                  |                2 |              5 |         2.50 |
|  design_final_i/processing_system7_0/inst/FCLK_CLK0 | design_final_i/axi_gpio_0/U0/AXI_LITE_IPIF_I/I_SLAVE_ATTACHMENT/s_axi_rresp_i                                                                                      | design_final_i/axi_gpio_0/U0/AXI_LITE_IPIF_I/I_SLAVE_ATTACHMENT/SR[0]                                                                                     |                1 |              6 |         6.00 |
|  design_final_i/processing_system7_0/inst/FCLK_CLK0 | design_final_i/top_ssr_0/inst/u_top_system/u_top_nn/u_dense_layer_2/CEP                                                                                            | design_final_i/top_ssr_0/inst/u_top_system/u_top_nn/rst_layer2                                                                                            |                3 |              6 |         2.00 |
|  design_final_i/processing_system7_0/inst/FCLK_CLK0 | design_final_i/rst_ps7_0_50M/U0/SEQ/seq_cnt_en                                                                                                                     | design_final_i/rst_ps7_0_50M/U0/SEQ/SEQ_COUNTER/clear                                                                                                     |                1 |              6 |         6.00 |
|  design_final_i/processing_system7_0/inst/FCLK_CLK0 | design_final_i/top_ssr_0/inst/u_top_system/u_dsp_chain/u_framing/E[0]                                                                                              | design_final_i/top_ssr_0/inst/u_top_system/u_dsp_chain/u_mel/rst                                                                                          |                1 |              7 |         7.00 |
|  design_final_i/processing_system7_0/inst/FCLK_CLK0 | design_final_i/top_ssr_0/inst/u_top_system/u_dsp_chain/u_dft/FSM_sequential_state_reg[1]_0                                                                         | design_final_i/top_ssr_0/inst/u_top_system/u_dsp_chain/u_mel/rst                                                                                          |                1 |              7 |         7.00 |
|  design_final_i/processing_system7_0/inst/FCLK_CLK0 | design_final_i/top_ssr_0/inst/u_top_system/u_dsp_chain/u_framing/first_frame                                                                                       | design_final_i/top_ssr_0/inst/u_top_system/u_dsp_chain/u_mel/rst                                                                                          |                2 |              7 |         3.50 |
|  design_final_i/processing_system7_0/inst/FCLK_CLK0 | design_final_i/top_ssr_0/inst/u_top_system/u_dsp_chain/u_dft/idx0                                                                                                  | design_final_i/top_ssr_0/inst/u_top_system/u_dsp_chain/u_mel/rst                                                                                          |                2 |              7 |         3.50 |
|  design_final_i/processing_system7_0/inst/FCLK_CLK0 | design_final_i/ps7_0_axi_periph/s00_couplers/auto_pc/inst/gen_axilite.gen_b2s_conv.axilite_b2s/WR.b_channel_0/mhandshake_r                                         | design_final_i/ps7_0_axi_periph/s00_couplers/auto_pc/inst/gen_axilite.gen_b2s_conv.axilite_b2s/WR.b_channel_0/bid_fifo_0/SR[0]                            |                2 |              8 |         4.00 |
|  design_final_i/processing_system7_0/inst/FCLK_CLK0 | design_final_i/top_ssr_0/inst/u_top_system/u_dsp_chain/u_dft/idx0                                                                                                  | design_final_i/top_ssr_0/inst/u_top_system/u_dsp_chain/u_framing/m_tvalid_reg_2                                                                           |                3 |              8 |         2.67 |
|  design_final_i/processing_system7_0/inst/FCLK_CLK0 | design_final_i/top_ssr_0/inst/u_top_system/u_top_nn/u_dense_layer_1/output_vector[31][23]_i_2_n_0                                                                  | design_final_i/top_ssr_0/inst/u_top_system/nn_rst_reg_n_0                                                                                                 |                4 |              9 |         2.25 |
|  design_final_i/processing_system7_0/inst/FCLK_CLK0 | design_final_i/top_ssr_0/inst/u_top_system/u_dsp_chain/u_agg/calc_k[3]_i_1_n_0                                                                                     | design_final_i/top_ssr_0/inst/u_top_system/u_dsp_chain/u_mel/rst                                                                                          |                4 |              9 |         2.25 |
|  design_final_i/processing_system7_0/inst/FCLK_CLK0 | design_final_i/top_ssr_0/inst/u_top_system/u_dsp_chain/u_framing/fill                                                                                              | design_final_i/top_ssr_0/inst/u_top_system/u_dsp_chain/u_mel/rst                                                                                          |                3 |              9 |         3.00 |
|  design_final_i/processing_system7_0/inst/FCLK_CLK0 |                                                                                                                                                                    | design_final_i/ps7_0_axi_periph/s00_couplers/auto_pc/inst/gen_axilite.gen_b2s_conv.axilite_b2s/areset_d1                                                  |                4 |             10 |         2.50 |
|  design_final_i/processing_system7_0/inst/FCLK_CLK0 | design_final_i/top_ssr_0/inst/u_top_system/u_dsp_chain/u_agg/m_tvalid_reg_0                                                                                        | design_final_i/top_ssr_0/inst/u_top_system/u_dsp_chain/u_mel/rst                                                                                          |                4 |             10 |         2.50 |
|  design_final_i/processing_system7_0/inst/FCLK_CLK0 |                                                                                                                                                                    | design_final_i/ps7_0_axi_periph/xbar/inst/gen_sasd.crossbar_sasd_0/addr_arbiter_inst/SR[0]                                                                |                4 |             11 |         2.75 |
|  design_final_i/processing_system7_0/inst/FCLK_CLK0 | design_final_i/ps7_0_axi_periph/s00_couplers/auto_pc/inst/gen_axilite.gen_b2s_conv.axilite_b2s/WR.aw_channel_0/aw_cmd_fsm_0/m_valid_i_reg[0]                       |                                                                                                                                                           |                6 |             12 |         2.00 |
|  design_final_i/processing_system7_0/inst/FCLK_CLK0 | design_final_i/top_ssr_0/inst/u_top_system/u_dsp_chain/u_log2/m_tvalid_reg_0[0]                                                                                    | design_final_i/top_ssr_0/inst/u_top_system/u_dsp_chain/u_mel/rst                                                                                          |                2 |             12 |         6.00 |
|  design_final_i/processing_system7_0/inst/FCLK_CLK0 | design_final_i/ps7_0_axi_periph/s00_couplers/auto_pc/inst/gen_axilite.gen_b2s_conv.axilite_b2s/RD.ar_channel_0/ar_cmd_fsm_0/sel_first_reg[0]                       |                                                                                                                                                           |                2 |             12 |         6.00 |
|  design_final_i/processing_system7_0/inst/FCLK_CLK0 | design_final_i/ps7_0_axi_periph/s00_couplers/auto_pc/inst/gen_axilite.gen_b2s_conv.axilite_b2s/RD.ar_channel_0/ar_cmd_fsm_0/E[0]                                   |                                                                                                                                                           |                4 |             12 |         3.00 |
|  design_final_i/processing_system7_0/inst/FCLK_CLK0 | design_final_i/ps7_0_axi_periph/s00_couplers/auto_pc/inst/gen_axilite.gen_b2s_conv.axilite_b2s/WR.aw_channel_0/cmd_translator_0/incr_cmd_0/axaddr_incr[11]_i_1_n_0 |                                                                                                                                                           |                3 |             12 |         4.00 |
|  design_final_i/processing_system7_0/inst/FCLK_CLK0 | design_final_i/ps7_0_axi_periph/s00_couplers/auto_pc/inst/gen_axilite.gen_b2s_conv.axilite_b2s/RD.r_channel_0/r_push_r                                             |                                                                                                                                                           |                4 |             13 |         3.25 |
|  design_final_i/processing_system7_0/inst/FCLK_CLK0 | design_final_i/ps7_0_axi_periph/s00_couplers/auto_pc/inst/gen_axilite.gen_b2s_conv.axilite_b2s/SI_REG/b.b_pipe/p_1_in                                              |                                                                                                                                                           |                2 |             14 |         7.00 |
|  design_final_i/processing_system7_0/inst/FCLK_CLK0 | design_final_i/ps7_0_axi_periph/s00_couplers/auto_pc/inst/gen_axilite.gen_b2s_conv.axilite_b2s/SI_REG/b.b_pipe/s_ready_i_reg_0                                     |                                                                                                                                                           |                2 |             14 |         7.00 |
|  design_final_i/processing_system7_0/inst/FCLK_CLK0 | design_final_i/top_ssr_0/inst/u_top_system/u_dsp_chain/u_dft/wr_idx                                                                                                | design_final_i/top_ssr_0/inst/u_top_system/u_dsp_chain/u_mel/rst                                                                                          |                4 |             15 |         3.75 |
|  design_final_i/processing_system7_0/inst/FCLK_CLK0 | design_final_i/top_ssr_0/inst/u_top_system/u_dsp_chain/u_mel/wr_idx                                                                                                | design_final_i/top_ssr_0/inst/u_top_system/u_dsp_chain/u_mel/rst                                                                                          |                6 |             15 |         2.50 |
|  design_final_i/processing_system7_0/inst/FCLK_CLK0 | design_final_i/top_ssr_0/inst/u_top_system/u_dsp_chain/u_dft/frame_buf[115][15]_i_1_n_0                                                                            | design_final_i/top_ssr_0/inst/u_top_system/u_dsp_chain/u_mel/rst                                                                                          |               10 |             16 |         1.60 |
|  design_final_i/processing_system7_0/inst/FCLK_CLK0 | design_final_i/top_ssr_0/inst/u_top_system/u_dsp_chain/u_dft/frame_buf[83][15]_i_1_n_0                                                                             | design_final_i/top_ssr_0/inst/u_top_system/u_dsp_chain/u_mel/rst                                                                                          |                3 |             16 |         5.33 |
|  design_final_i/processing_system7_0/inst/FCLK_CLK0 | design_final_i/top_ssr_0/inst/u_top_system/u_dsp_chain/u_dft/frame_buf[77][15]_i_1_n_0                                                                             | design_final_i/top_ssr_0/inst/u_top_system/u_dsp_chain/u_mel/rst                                                                                          |                7 |             16 |         2.29 |
|  design_final_i/processing_system7_0/inst/FCLK_CLK0 |                                                                                                                                                                    | design_final_i/top_ssr_0/inst/axi_awready_i_1_n_0                                                                                                         |                7 |             16 |         2.29 |
|  design_final_i/processing_system7_0/inst/FCLK_CLK0 | design_final_i/top_ssr_0/inst/u_top_system/u_dsp_chain/u_agg/m_tuser_reg[1]_2[0]                                                                                   | design_final_i/top_ssr_0/inst/u_top_system/u_dsp_chain/u_mel/rst                                                                                          |                6 |             16 |         2.67 |
|  design_final_i/processing_system7_0/inst/FCLK_CLK0 | design_final_i/top_ssr_0/inst/u_top_system/u_dsp_chain/u_agg/m_tuser_reg[4]_0[0]                                                                                   | design_final_i/top_ssr_0/inst/u_top_system/u_dsp_chain/u_mel/rst                                                                                          |                6 |             16 |         2.67 |
|  design_final_i/processing_system7_0/inst/FCLK_CLK0 | design_final_i/top_ssr_0/inst/u_top_system/u_dsp_chain/u_agg/m_tuser_reg[4]_4[0]                                                                                   | design_final_i/top_ssr_0/inst/u_top_system/u_dsp_chain/u_mel/rst                                                                                          |                7 |             16 |         2.29 |
|  design_final_i/processing_system7_0/inst/FCLK_CLK0 | design_final_i/top_ssr_0/inst/u_top_system/u_dsp_chain/u_agg/m_tuser_reg[1]_0[0]                                                                                   | design_final_i/top_ssr_0/inst/u_top_system/u_dsp_chain/u_mel/rst                                                                                          |                6 |             16 |         2.67 |
|  design_final_i/processing_system7_0/inst/FCLK_CLK0 | design_final_i/top_ssr_0/inst/u_top_system/u_dsp_chain/u_agg/m_tuser_reg[2]_1[0]                                                                                   | design_final_i/top_ssr_0/inst/u_top_system/u_dsp_chain/u_mel/rst                                                                                          |               11 |             16 |         1.45 |
|  design_final_i/processing_system7_0/inst/FCLK_CLK0 | design_final_i/top_ssr_0/inst/u_top_system/u_dsp_chain/u_agg/m_tuser_reg[3]_0[0]                                                                                   | design_final_i/top_ssr_0/inst/u_top_system/u_dsp_chain/u_mel/rst                                                                                          |                8 |             16 |         2.00 |
|  design_final_i/processing_system7_0/inst/FCLK_CLK0 | design_final_i/top_ssr_0/inst/u_top_system/u_dsp_chain/u_agg/m_tuser_reg[1]_3[0]                                                                                   | design_final_i/top_ssr_0/inst/u_top_system/u_dsp_chain/u_mel/rst                                                                                          |                8 |             16 |         2.00 |
|  design_final_i/processing_system7_0/inst/FCLK_CLK0 | design_final_i/top_ssr_0/inst/u_top_system/u_dsp_chain/u_agg/m_tuser_reg[3]_3[0]                                                                                   | design_final_i/top_ssr_0/inst/u_top_system/u_dsp_chain/u_mel/rst                                                                                          |                7 |             16 |         2.29 |
|  design_final_i/processing_system7_0/inst/FCLK_CLK0 | design_final_i/top_ssr_0/inst/u_top_system/u_dsp_chain/u_agg/m_tuser_reg[4]_3[0]                                                                                   | design_final_i/top_ssr_0/inst/u_top_system/u_dsp_chain/u_mel/rst                                                                                          |                7 |             16 |         2.29 |
|  design_final_i/processing_system7_0/inst/FCLK_CLK0 | design_final_i/top_ssr_0/inst/u_top_system/u_dsp_chain/u_agg/m_tuser_reg[4]_6[0]                                                                                   | design_final_i/top_ssr_0/inst/u_top_system/u_dsp_chain/u_mel/rst                                                                                          |               10 |             16 |         1.60 |
|  design_final_i/processing_system7_0/inst/FCLK_CLK0 | design_final_i/top_ssr_0/inst/u_top_system/u_dsp_chain/u_agg/m_tuser_reg[4]_9[0]                                                                                   | design_final_i/top_ssr_0/inst/u_top_system/u_dsp_chain/u_mel/rst                                                                                          |                9 |             16 |         1.78 |
|  design_final_i/processing_system7_0/inst/FCLK_CLK0 | design_final_i/top_ssr_0/inst/u_top_system/u_dsp_chain/u_agg/m_tuser_reg[0]_1[0]                                                                                   | design_final_i/top_ssr_0/inst/u_top_system/u_dsp_chain/u_mel/rst                                                                                          |                4 |             16 |         4.00 |
|  design_final_i/processing_system7_0/inst/FCLK_CLK0 | design_final_i/top_ssr_0/inst/u_top_system/u_dsp_chain/u_agg/m_tuser_reg[3]_1[0]                                                                                   | design_final_i/top_ssr_0/inst/u_top_system/u_dsp_chain/u_mel/rst                                                                                          |                9 |             16 |         1.78 |
|  design_final_i/processing_system7_0/inst/FCLK_CLK0 | design_final_i/top_ssr_0/inst/u_top_system/u_dsp_chain/u_agg/m_tuser_reg[3]_6[0]                                                                                   | design_final_i/top_ssr_0/inst/u_top_system/u_dsp_chain/u_mel/rst                                                                                          |                3 |             16 |         5.33 |
|  design_final_i/processing_system7_0/inst/FCLK_CLK0 | design_final_i/top_ssr_0/inst/u_top_system/u_dsp_chain/u_agg/m_tuser_reg[1]_1[0]                                                                                   | design_final_i/top_ssr_0/inst/u_top_system/u_dsp_chain/u_mel/rst                                                                                          |                5 |             16 |         3.20 |
|  design_final_i/processing_system7_0/inst/FCLK_CLK0 | design_final_i/top_ssr_0/inst/u_top_system/u_dsp_chain/u_agg/m_tuser_reg[4]_5[0]                                                                                   | design_final_i/top_ssr_0/inst/u_top_system/u_dsp_chain/u_mel/rst                                                                                          |                2 |             16 |         8.00 |
|  design_final_i/processing_system7_0/inst/FCLK_CLK0 | design_final_i/top_ssr_0/inst/u_top_system/u_dsp_chain/u_agg/m_tuser_reg[3]_2[0]                                                                                   | design_final_i/top_ssr_0/inst/u_top_system/u_dsp_chain/u_mel/rst                                                                                          |                5 |             16 |         3.20 |
|  design_final_i/processing_system7_0/inst/FCLK_CLK0 | design_final_i/top_ssr_0/inst/u_top_system/u_dsp_chain/u_agg/m_tuser_reg[2]_0[0]                                                                                   | design_final_i/top_ssr_0/inst/u_top_system/u_dsp_chain/u_mel/rst                                                                                          |                9 |             16 |         1.78 |
|  design_final_i/processing_system7_0/inst/FCLK_CLK0 | design_final_i/top_ssr_0/inst/u_top_system/u_dsp_chain/u_agg/m_tuser_reg[4]_1[0]                                                                                   | design_final_i/top_ssr_0/inst/u_top_system/u_dsp_chain/u_mel/rst                                                                                          |                6 |             16 |         2.67 |
|  design_final_i/processing_system7_0/inst/FCLK_CLK0 | design_final_i/top_ssr_0/inst/u_top_system/u_dsp_chain/u_agg/m_tuser_reg[3]_4[0]                                                                                   | design_final_i/top_ssr_0/inst/u_top_system/u_dsp_chain/u_mel/rst                                                                                          |                9 |             16 |         1.78 |
|  design_final_i/processing_system7_0/inst/FCLK_CLK0 | design_final_i/top_ssr_0/inst/u_top_system/u_dsp_chain/u_agg/m_tuser_reg[4]_7[0]                                                                                   | design_final_i/top_ssr_0/inst/u_top_system/u_dsp_chain/u_mel/rst                                                                                          |                5 |             16 |         3.20 |
|  design_final_i/processing_system7_0/inst/FCLK_CLK0 | design_final_i/top_ssr_0/inst/u_top_system/u_dsp_chain/u_agg/m_tuser_reg[3]_5[0]                                                                                   | design_final_i/top_ssr_0/inst/u_top_system/u_dsp_chain/u_mel/rst                                                                                          |                9 |             16 |         1.78 |
|  design_final_i/processing_system7_0/inst/FCLK_CLK0 | design_final_i/top_ssr_0/inst/u_top_system/u_dsp_chain/u_agg/m_tuser_reg[4]_2[0]                                                                                   | design_final_i/top_ssr_0/inst/u_top_system/u_dsp_chain/u_mel/rst                                                                                          |                5 |             16 |         3.20 |
|  design_final_i/processing_system7_0/inst/FCLK_CLK0 | design_final_i/top_ssr_0/inst/u_top_system/u_dsp_chain/u_agg/m_tuser_reg[4]_8[0]                                                                                   | design_final_i/top_ssr_0/inst/u_top_system/u_dsp_chain/u_mel/rst                                                                                          |                4 |             16 |         4.00 |
|  design_final_i/processing_system7_0/inst/FCLK_CLK0 | design_final_i/top_ssr_0/inst/u_top_system/u_dsp_chain/u_agg/feat_mem[0][15]_i_1_n_0                                                                               | design_final_i/top_ssr_0/inst/u_top_system/u_dsp_chain/u_mel/rst                                                                                          |               11 |             16 |         1.45 |
|  design_final_i/processing_system7_0/inst/FCLK_CLK0 | design_final_i/top_ssr_0/inst/u_top_system/u_dsp_chain/u_agg/feat_mem[14][15]_i_1_n_0                                                                              | design_final_i/top_ssr_0/inst/u_top_system/u_dsp_chain/u_mel/rst                                                                                          |                7 |             16 |         2.29 |
|  design_final_i/processing_system7_0/inst/FCLK_CLK0 | design_final_i/top_ssr_0/inst/u_top_system/u_dsp_chain/u_agg/feat_mem[13][15]_i_1_n_0                                                                              | design_final_i/top_ssr_0/inst/u_top_system/u_dsp_chain/u_mel/rst                                                                                          |                5 |             16 |         3.20 |
|  design_final_i/processing_system7_0/inst/FCLK_CLK0 | design_final_i/top_ssr_0/inst/u_top_system/u_dsp_chain/u_agg/feat_mem[15][15]_i_1_n_0                                                                              | design_final_i/top_ssr_0/inst/u_top_system/u_dsp_chain/u_mel/rst                                                                                          |                8 |             16 |         2.00 |
|  design_final_i/processing_system7_0/inst/FCLK_CLK0 | design_final_i/top_ssr_0/inst/u_top_system/u_dsp_chain/u_dft/frame_buf[85][15]_i_1_n_0                                                                             | design_final_i/top_ssr_0/inst/u_top_system/u_dsp_chain/u_mel/rst                                                                                          |                4 |             16 |         4.00 |
|  design_final_i/processing_system7_0/inst/FCLK_CLK0 | design_final_i/top_ssr_0/inst/u_top_system/u_dsp_chain/u_dft/frame_buf[97][15]_i_1_n_0                                                                             | design_final_i/top_ssr_0/inst/u_top_system/u_dsp_chain/u_mel/rst                                                                                          |               12 |             16 |         1.33 |
|  design_final_i/processing_system7_0/inst/FCLK_CLK0 | design_final_i/top_ssr_0/inst/u_top_system/u_dsp_chain/u_dft/frame_buf[84][15]_i_1_n_0                                                                             | design_final_i/top_ssr_0/inst/u_top_system/u_dsp_chain/u_mel/rst                                                                                          |                6 |             16 |         2.67 |
|  design_final_i/processing_system7_0/inst/FCLK_CLK0 | design_final_i/top_ssr_0/inst/u_top_system/u_dsp_chain/u_dft/frame_buf[91][15]_i_1_n_0                                                                             | design_final_i/top_ssr_0/inst/u_top_system/u_dsp_chain/u_mel/rst                                                                                          |                5 |             16 |         3.20 |
|  design_final_i/processing_system7_0/inst/FCLK_CLK0 | design_final_i/top_ssr_0/inst/u_top_system/u_dsp_chain/u_dft/frame_buf[81][15]_i_1_n_0                                                                             | design_final_i/top_ssr_0/inst/u_top_system/u_dsp_chain/u_mel/rst                                                                                          |                5 |             16 |         3.20 |
|  design_final_i/processing_system7_0/inst/FCLK_CLK0 | design_final_i/top_ssr_0/inst/u_top_system/u_dsp_chain/u_dft/frame_buf[93][15]_i_1_n_0                                                                             | design_final_i/top_ssr_0/inst/u_top_system/u_dsp_chain/u_mel/rst                                                                                          |               10 |             16 |         1.60 |
|  design_final_i/processing_system7_0/inst/FCLK_CLK0 | design_final_i/top_ssr_0/inst/u_top_system/u_dsp_chain/u_dft/frame_buf[99][15]_i_1_n_0                                                                             | design_final_i/top_ssr_0/inst/u_top_system/u_dsp_chain/u_mel/rst                                                                                          |                6 |             16 |         2.67 |
|  design_final_i/processing_system7_0/inst/FCLK_CLK0 | design_final_i/top_ssr_0/inst/u_top_system/u_dsp_chain/u_dft/frame_buf[96][15]_i_1_n_0                                                                             | design_final_i/top_ssr_0/inst/u_top_system/u_dsp_chain/u_mel/rst                                                                                          |                6 |             16 |         2.67 |
|  design_final_i/processing_system7_0/inst/FCLK_CLK0 | design_final_i/top_ssr_0/inst/u_top_system/u_dsp_chain/u_agg/feat_mem[1][15]_i_1_n_0                                                                               | design_final_i/top_ssr_0/inst/u_top_system/u_dsp_chain/u_mel/rst                                                                                          |                8 |             16 |         2.00 |
|  design_final_i/processing_system7_0/inst/FCLK_CLK0 | design_final_i/top_ssr_0/inst/u_top_system/u_dsp_chain/u_agg/feat_mem[2][15]_i_1_n_0                                                                               | design_final_i/top_ssr_0/inst/u_top_system/u_dsp_chain/u_mel/rst                                                                                          |                4 |             16 |         4.00 |
|  design_final_i/processing_system7_0/inst/FCLK_CLK0 | design_final_i/top_ssr_0/inst/u_top_system/u_dsp_chain/u_dft/frame_buf[94][15]_i_1_n_0                                                                             | design_final_i/top_ssr_0/inst/u_top_system/u_dsp_chain/u_mel/rst                                                                                          |                9 |             16 |         1.78 |
|  design_final_i/processing_system7_0/inst/FCLK_CLK0 | design_final_i/top_ssr_0/inst/u_top_system/u_dsp_chain/u_dft/frame_buf[8][15]_i_1_n_0                                                                              | design_final_i/top_ssr_0/inst/u_top_system/u_dsp_chain/u_mel/rst                                                                                          |               12 |             16 |         1.33 |
|  design_final_i/processing_system7_0/inst/FCLK_CLK0 | design_final_i/top_ssr_0/inst/u_top_system/u_dsp_chain/u_dft/frame_buf[4][15]_i_1_n_0                                                                              | design_final_i/top_ssr_0/inst/u_top_system/u_dsp_chain/u_mel/rst                                                                                          |               11 |             16 |         1.45 |
|  design_final_i/processing_system7_0/inst/FCLK_CLK0 | design_final_i/top_ssr_0/inst/u_top_system/u_dsp_chain/u_agg/E[0]                                                                                                  | design_final_i/top_ssr_0/inst/u_top_system/u_dsp_chain/u_mel/rst                                                                                          |                8 |             16 |         2.00 |
|  design_final_i/processing_system7_0/inst/FCLK_CLK0 | design_final_i/top_ssr_0/inst/u_top_system/u_dsp_chain/u_dft/frame_buf[49][15]_i_1_n_0                                                                             | design_final_i/top_ssr_0/inst/u_top_system/u_dsp_chain/u_mel/rst                                                                                          |                4 |             16 |         4.00 |
|  design_final_i/processing_system7_0/inst/FCLK_CLK0 | design_final_i/top_ssr_0/inst/u_top_system/u_dsp_chain/u_agg/m_tuser_reg[0]_0                                                                                      | design_final_i/top_ssr_0/inst/u_top_system/u_dsp_chain/u_mel/rst                                                                                          |                7 |             16 |         2.29 |
|  design_final_i/processing_system7_0/inst/FCLK_CLK0 | design_final_i/top_ssr_0/inst/u_top_system/u_dsp_chain/u_dft/frame_buf[47][15]_i_1_n_0                                                                             | design_final_i/top_ssr_0/inst/u_top_system/u_dsp_chain/u_mel/rst                                                                                          |                8 |             16 |         2.00 |
|  design_final_i/processing_system7_0/inst/FCLK_CLK0 | design_final_i/top_ssr_0/inst/u_top_system/u_dsp_chain/u_dft/frame_buf[38][15]_i_1_n_0                                                                             | design_final_i/top_ssr_0/inst/u_top_system/u_dsp_chain/u_mel/rst                                                                                          |                3 |             16 |         5.33 |
|  design_final_i/processing_system7_0/inst/FCLK_CLK0 | design_final_i/top_ssr_0/inst/u_top_system/u_dsp_chain/u_dft/frame_buf[9][15]_i_1_n_0                                                                              | design_final_i/top_ssr_0/inst/u_top_system/u_dsp_chain/u_mel/rst                                                                                          |                9 |             16 |         1.78 |
|  design_final_i/processing_system7_0/inst/FCLK_CLK0 | design_final_i/top_ssr_0/inst/u_top_system/u_dsp_chain/u_dft/frame_buf[27][15]_i_1_n_0                                                                             | design_final_i/top_ssr_0/inst/u_top_system/u_dsp_chain/u_mel/rst                                                                                          |                3 |             16 |         5.33 |
|  design_final_i/processing_system7_0/inst/FCLK_CLK0 | design_final_i/top_ssr_0/inst/u_top_system/u_dsp_chain/u_dft/frame_buf[46][15]_i_1_n_0                                                                             | design_final_i/top_ssr_0/inst/u_top_system/u_dsp_chain/u_mel/rst                                                                                          |                7 |             16 |         2.29 |
|  design_final_i/processing_system7_0/inst/FCLK_CLK0 | design_final_i/top_ssr_0/inst/u_top_system/u_dsp_chain/u_dft/frame_buf[28][15]_i_1_n_0                                                                             | design_final_i/top_ssr_0/inst/u_top_system/u_dsp_chain/u_mel/rst                                                                                          |                5 |             16 |         3.20 |
|  design_final_i/processing_system7_0/inst/FCLK_CLK0 | design_final_i/top_ssr_0/inst/u_top_system/u_dsp_chain/u_dft/frame_buf[44][15]_i_1_n_0                                                                             | design_final_i/top_ssr_0/inst/u_top_system/u_dsp_chain/u_mel/rst                                                                                          |                5 |             16 |         3.20 |
|  design_final_i/processing_system7_0/inst/FCLK_CLK0 | design_final_i/top_ssr_0/inst/u_top_system/u_dsp_chain/u_dft/frame_buf[37][15]_i_1_n_0                                                                             | design_final_i/top_ssr_0/inst/u_top_system/u_dsp_chain/u_mel/rst                                                                                          |                3 |             16 |         5.33 |
|  design_final_i/processing_system7_0/inst/FCLK_CLK0 | design_final_i/top_ssr_0/inst/u_top_system/u_dsp_chain/u_dft/frame_buf[238][15]_i_1_n_0                                                                            | design_final_i/top_ssr_0/inst/u_top_system/u_dsp_chain/u_mel/rst                                                                                          |                9 |             16 |         1.78 |
|  design_final_i/processing_system7_0/inst/FCLK_CLK0 | design_final_i/top_ssr_0/inst/u_top_system/u_dsp_chain/u_dft/frame_buf[2][15]_i_1_n_0                                                                              | design_final_i/top_ssr_0/inst/u_top_system/u_dsp_chain/u_mel/rst                                                                                          |                8 |             16 |         2.00 |
|  design_final_i/processing_system7_0/inst/FCLK_CLK0 | design_final_i/top_ssr_0/inst/u_top_system/u_dsp_chain/u_dft/frame_buf[48][15]_i_1_n_0                                                                             | design_final_i/top_ssr_0/inst/u_top_system/u_dsp_chain/u_mel/rst                                                                                          |                4 |             16 |         4.00 |
|  design_final_i/processing_system7_0/inst/FCLK_CLK0 | design_final_i/top_ssr_0/inst/u_top_system/u_dsp_chain/u_dft/frame_buf[30][15]_i_1_n_0                                                                             | design_final_i/top_ssr_0/inst/u_top_system/u_dsp_chain/u_mel/rst                                                                                          |                5 |             16 |         3.20 |
|  design_final_i/processing_system7_0/inst/FCLK_CLK0 | design_final_i/top_ssr_0/inst/u_top_system/u_dsp_chain/u_dft/frame_buf[45][15]_i_1_n_0                                                                             | design_final_i/top_ssr_0/inst/u_top_system/u_dsp_chain/u_mel/rst                                                                                          |                4 |             16 |         4.00 |
|  design_final_i/processing_system7_0/inst/FCLK_CLK0 | design_final_i/top_ssr_0/inst/u_top_system/u_dsp_chain/u_dft/frame_buf[34][15]_i_1_n_0                                                                             | design_final_i/top_ssr_0/inst/u_top_system/u_dsp_chain/u_mel/rst                                                                                          |                4 |             16 |         4.00 |
|  design_final_i/processing_system7_0/inst/FCLK_CLK0 | design_final_i/top_ssr_0/inst/u_top_system/u_dsp_chain/u_dft/frame_buf[228][15]_i_1_n_0                                                                            | design_final_i/top_ssr_0/inst/u_top_system/u_dsp_chain/u_mel/rst                                                                                          |                9 |             16 |         1.78 |
|  design_final_i/processing_system7_0/inst/FCLK_CLK0 | design_final_i/top_ssr_0/inst/u_top_system/u_dsp_chain/u_dft/frame_buf[80][15]_i_1_n_0                                                                             | design_final_i/top_ssr_0/inst/u_top_system/u_dsp_chain/u_mel/rst                                                                                          |                3 |             16 |         5.33 |
|  design_final_i/processing_system7_0/inst/FCLK_CLK0 | design_final_i/top_ssr_0/inst/u_top_system/u_dsp_chain/u_dft/frame_buf[223][15]_i_1_n_0                                                                            | design_final_i/top_ssr_0/inst/u_top_system/u_dsp_chain/u_mel/rst                                                                                          |                9 |             16 |         1.78 |
|  design_final_i/processing_system7_0/inst/FCLK_CLK0 | design_final_i/top_ssr_0/inst/u_top_system/u_dsp_chain/u_dft/frame_buf[87][15]_i_1_n_0                                                                             | design_final_i/top_ssr_0/inst/u_top_system/u_dsp_chain/u_mel/rst                                                                                          |                5 |             16 |         3.20 |
|  design_final_i/processing_system7_0/inst/FCLK_CLK0 | design_final_i/top_ssr_0/inst/u_top_system/u_dsp_chain/u_dft/frame_buf[78][15]_i_1_n_0                                                                             | design_final_i/top_ssr_0/inst/u_top_system/u_dsp_chain/u_mel/rst                                                                                          |                7 |             16 |         2.29 |
|  design_final_i/processing_system7_0/inst/FCLK_CLK0 | design_final_i/top_ssr_0/inst/u_top_system/u_dsp_chain/u_dft/frame_buf[7][15]_i_1_n_0                                                                              | design_final_i/top_ssr_0/inst/u_top_system/u_dsp_chain/u_mel/rst                                                                                          |                6 |             16 |         2.67 |
|  design_final_i/processing_system7_0/inst/FCLK_CLK0 | design_final_i/top_ssr_0/inst/u_top_system/u_dsp_chain/u_dft/frame_buf[89][15]_i_1_n_0                                                                             | design_final_i/top_ssr_0/inst/u_top_system/u_dsp_chain/u_mel/rst                                                                                          |                4 |             16 |         4.00 |
|  design_final_i/processing_system7_0/inst/FCLK_CLK0 | design_final_i/top_ssr_0/inst/u_top_system/u_dsp_chain/u_dft/frame_buf[82][15]_i_1_n_0                                                                             | design_final_i/top_ssr_0/inst/u_top_system/u_dsp_chain/u_mel/rst                                                                                          |                4 |             16 |         4.00 |
|  design_final_i/processing_system7_0/inst/FCLK_CLK0 | design_final_i/top_ssr_0/inst/u_top_system/u_dsp_chain/u_dft/frame_buf[95][15]_i_1_n_0                                                                             | design_final_i/top_ssr_0/inst/u_top_system/u_dsp_chain/u_mel/rst                                                                                          |               12 |             16 |         1.33 |
|  design_final_i/processing_system7_0/inst/FCLK_CLK0 | design_final_i/top_ssr_0/inst/u_top_system/u_dsp_chain/u_dft/frame_buf[92][15]_i_1_n_0                                                                             | design_final_i/top_ssr_0/inst/u_top_system/u_dsp_chain/u_mel/rst                                                                                          |                4 |             16 |         4.00 |
|  design_final_i/processing_system7_0/inst/FCLK_CLK0 | design_final_i/top_ssr_0/inst/u_top_system/u_dsp_chain/u_dft/frame_buf[86][15]_i_1_n_0                                                                             | design_final_i/top_ssr_0/inst/u_top_system/u_dsp_chain/u_mel/rst                                                                                          |                6 |             16 |         2.67 |
|  design_final_i/processing_system7_0/inst/FCLK_CLK0 | design_final_i/top_ssr_0/inst/u_top_system/u_dsp_chain/u_dft/frame_buf[88][15]_i_1_n_0                                                                             | design_final_i/top_ssr_0/inst/u_top_system/u_dsp_chain/u_mel/rst                                                                                          |                5 |             16 |         3.20 |
|  design_final_i/processing_system7_0/inst/FCLK_CLK0 | design_final_i/top_ssr_0/inst/u_top_system/u_dsp_chain/u_dft/frame_buf[98][15]_i_1_n_0                                                                             | design_final_i/top_ssr_0/inst/u_top_system/u_dsp_chain/u_mel/rst                                                                                          |                4 |             16 |         4.00 |
|  design_final_i/processing_system7_0/inst/FCLK_CLK0 | design_final_i/top_ssr_0/inst/u_top_system/u_dsp_chain/u_dft/frame_buf[36][15]_i_1_n_0                                                                             | design_final_i/top_ssr_0/inst/u_top_system/u_dsp_chain/u_mel/rst                                                                                          |                2 |             16 |         8.00 |
|  design_final_i/processing_system7_0/inst/FCLK_CLK0 | design_final_i/ps7_0_axi_periph/s00_couplers/auto_pc/inst/gen_axilite.gen_b2s_conv.axilite_b2s/WR.aw_channel_0/aw_cmd_fsm_0/m_axi_awready_0                        |                                                                                                                                                           |                3 |             16 |         5.33 |
|  design_final_i/processing_system7_0/inst/FCLK_CLK0 | design_final_i/top_ssr_0/inst/str_valid2_out                                                                                                                       | design_final_i/top_ssr_0/inst/axi_awready_i_1_n_0                                                                                                         |                5 |             16 |         3.20 |
|  design_final_i/processing_system7_0/inst/FCLK_CLK0 | design_final_i/top_ssr_0/inst/u_top_system/u_dsp_chain/u_dft/frame_buf[224][15]_i_1_n_0                                                                            | design_final_i/top_ssr_0/inst/u_top_system/u_dsp_chain/u_mel/rst                                                                                          |                7 |             16 |         2.29 |
|  design_final_i/processing_system7_0/inst/FCLK_CLK0 | design_final_i/top_ssr_0/inst/u_top_system/u_dsp_chain/u_dft/frame_buf[235][15]_i_1_n_0                                                                            | design_final_i/top_ssr_0/inst/u_top_system/u_dsp_chain/u_mel/rst                                                                                          |               10 |             16 |         1.60 |
|  design_final_i/processing_system7_0/inst/FCLK_CLK0 | design_final_i/top_ssr_0/inst/u_top_system/u_dsp_chain/u_dft/frame_buf[101][15]_i_1_n_0                                                                            | design_final_i/top_ssr_0/inst/u_top_system/u_dsp_chain/u_mel/rst                                                                                          |                3 |             16 |         5.33 |
|  design_final_i/processing_system7_0/inst/FCLK_CLK0 | design_final_i/top_ssr_0/inst/u_top_system/u_dsp_chain/u_dft/frame_buf[102][15]_i_1_n_0                                                                            | design_final_i/top_ssr_0/inst/u_top_system/u_dsp_chain/u_mel/rst                                                                                          |                3 |             16 |         5.33 |
|  design_final_i/processing_system7_0/inst/FCLK_CLK0 | design_final_i/top_ssr_0/inst/u_top_system/u_dsp_chain/u_dft/frame_buf[100][15]_i_1_n_0                                                                            | design_final_i/top_ssr_0/inst/u_top_system/u_dsp_chain/u_mel/rst                                                                                          |                5 |             16 |         3.20 |
|  design_final_i/processing_system7_0/inst/FCLK_CLK0 | design_final_i/top_ssr_0/inst/u_top_system/u_dsp_chain/u_dft/frame_buf[104][15]_i_1_n_0                                                                            | design_final_i/top_ssr_0/inst/u_top_system/u_dsp_chain/u_mel/rst                                                                                          |                4 |             16 |         4.00 |
|  design_final_i/processing_system7_0/inst/FCLK_CLK0 | design_final_i/top_ssr_0/inst/u_top_system/u_dsp_chain/u_dft/frame_buf[105][15]_i_1_n_0                                                                            | design_final_i/top_ssr_0/inst/u_top_system/u_dsp_chain/u_mel/rst                                                                                          |                5 |             16 |         3.20 |
|  design_final_i/processing_system7_0/inst/FCLK_CLK0 | design_final_i/top_ssr_0/inst/u_top_system/u_dsp_chain/u_dft/frame_buf[103][15]_i_1_n_0                                                                            | design_final_i/top_ssr_0/inst/u_top_system/u_dsp_chain/u_mel/rst                                                                                          |                6 |             16 |         2.67 |
|  design_final_i/processing_system7_0/inst/FCLK_CLK0 | design_final_i/top_ssr_0/inst/u_top_system/u_dsp_chain/u_dft/frame_buf[106][15]_i_1_n_0                                                                            | design_final_i/top_ssr_0/inst/u_top_system/u_dsp_chain/u_mel/rst                                                                                          |                7 |             16 |         2.29 |
|  design_final_i/processing_system7_0/inst/FCLK_CLK0 | design_final_i/top_ssr_0/inst/u_top_system/u_dsp_chain/u_dft/frame_buf[107][15]_i_1_n_0                                                                            | design_final_i/top_ssr_0/inst/u_top_system/u_dsp_chain/u_mel/rst                                                                                          |                5 |             16 |         3.20 |
|  design_final_i/processing_system7_0/inst/FCLK_CLK0 | design_final_i/top_ssr_0/inst/u_top_system/u_dsp_chain/u_dft/frame_buf[108][15]_i_1_n_0                                                                            | design_final_i/top_ssr_0/inst/u_top_system/u_dsp_chain/u_mel/rst                                                                                          |                5 |             16 |         3.20 |
|  design_final_i/processing_system7_0/inst/FCLK_CLK0 | design_final_i/top_ssr_0/inst/u_top_system/u_dsp_chain/u_dft/frame_buf[0][15]_i_1_n_0                                                                              | design_final_i/top_ssr_0/inst/u_top_system/u_dsp_chain/u_mel/rst                                                                                          |                3 |             16 |         5.33 |
|  design_final_i/processing_system7_0/inst/FCLK_CLK0 | design_final_i/top_ssr_0/inst/u_top_system/u_dsp_chain/u_dft/frame_buf[140][15]_i_1_n_0                                                                            | design_final_i/top_ssr_0/inst/u_top_system/u_dsp_chain/u_mel/rst                                                                                          |                7 |             16 |         2.29 |
|  design_final_i/processing_system7_0/inst/FCLK_CLK0 | design_final_i/top_ssr_0/inst/u_top_system/u_dsp_chain/u_dft/frame_buf[122][15]_i_1_n_0                                                                            | design_final_i/top_ssr_0/inst/u_top_system/u_dsp_chain/u_mel/rst                                                                                          |                8 |             16 |         2.00 |
|  design_final_i/processing_system7_0/inst/FCLK_CLK0 | design_final_i/top_ssr_0/inst/u_top_system/u_dsp_chain/u_dft/frame_buf[12][15]_i_1_n_0                                                                             | design_final_i/top_ssr_0/inst/u_top_system/u_dsp_chain/u_mel/rst                                                                                          |                6 |             16 |         2.67 |
|  design_final_i/processing_system7_0/inst/FCLK_CLK0 | design_final_i/top_ssr_0/inst/u_top_system/u_dsp_chain/u_dft/frame_buf[110][15]_i_1_n_0                                                                            | design_final_i/top_ssr_0/inst/u_top_system/u_dsp_chain/u_mel/rst                                                                                          |                3 |             16 |         5.33 |
|  design_final_i/processing_system7_0/inst/FCLK_CLK0 | design_final_i/top_ssr_0/inst/u_top_system/u_dsp_chain/u_dft/frame_buf[114][15]_i_1_n_0                                                                            | design_final_i/top_ssr_0/inst/u_top_system/u_dsp_chain/u_mel/rst                                                                                          |                3 |             16 |         5.33 |
|  design_final_i/processing_system7_0/inst/FCLK_CLK0 | design_final_i/top_ssr_0/inst/u_top_system/u_dsp_chain/u_dft/frame_buf[121][15]_i_1_n_0                                                                            | design_final_i/top_ssr_0/inst/u_top_system/u_dsp_chain/u_mel/rst                                                                                          |                6 |             16 |         2.67 |
|  design_final_i/processing_system7_0/inst/FCLK_CLK0 | design_final_i/top_ssr_0/inst/u_top_system/u_dsp_chain/u_dft/frame_buf[139][15]_i_1_n_0                                                                            | design_final_i/top_ssr_0/inst/u_top_system/u_dsp_chain/u_mel/rst                                                                                          |                5 |             16 |         3.20 |
|  design_final_i/processing_system7_0/inst/FCLK_CLK0 | design_final_i/top_ssr_0/inst/u_top_system/u_dsp_chain/u_dft/frame_buf[116][15]_i_1_n_0                                                                            | design_final_i/top_ssr_0/inst/u_top_system/u_dsp_chain/u_mel/rst                                                                                          |                5 |             16 |         3.20 |
|  design_final_i/processing_system7_0/inst/FCLK_CLK0 | design_final_i/top_ssr_0/inst/u_top_system/u_dsp_chain/u_dft/frame_buf[113][15]_i_1_n_0                                                                            | design_final_i/top_ssr_0/inst/u_top_system/u_dsp_chain/u_mel/rst                                                                                          |                6 |             16 |         2.67 |
|  design_final_i/processing_system7_0/inst/FCLK_CLK0 | design_final_i/top_ssr_0/inst/u_top_system/u_dsp_chain/u_dft/frame_buf[232][15]_i_1_n_0                                                                            | design_final_i/top_ssr_0/inst/u_top_system/u_dsp_chain/u_mel/rst                                                                                          |                8 |             16 |         2.00 |
|  design_final_i/processing_system7_0/inst/FCLK_CLK0 | design_final_i/top_ssr_0/inst/u_top_system/u_dsp_chain/u_dft/frame_buf[118][15]_i_1_n_0                                                                            | design_final_i/top_ssr_0/inst/u_top_system/u_dsp_chain/u_mel/rst                                                                                          |                2 |             16 |         8.00 |
|  design_final_i/processing_system7_0/inst/FCLK_CLK0 | design_final_i/top_ssr_0/inst/u_top_system/u_dsp_chain/u_dft/frame_buf[127][15]_i_1_n_0                                                                            | design_final_i/top_ssr_0/inst/u_top_system/u_dsp_chain/u_mel/rst                                                                                          |               10 |             16 |         1.60 |
|  design_final_i/processing_system7_0/inst/FCLK_CLK0 | design_final_i/top_ssr_0/inst/u_top_system/u_dsp_chain/u_dft/frame_buf[128][15]_i_1_n_0                                                                            | design_final_i/top_ssr_0/inst/u_top_system/u_dsp_chain/u_mel/rst                                                                                          |                3 |             16 |         5.33 |
|  design_final_i/processing_system7_0/inst/FCLK_CLK0 | design_final_i/top_ssr_0/inst/u_top_system/u_dsp_chain/u_dft/frame_buf[134][15]_i_1_n_0                                                                            | design_final_i/top_ssr_0/inst/u_top_system/u_dsp_chain/u_mel/rst                                                                                          |                8 |             16 |         2.00 |
|  design_final_i/processing_system7_0/inst/FCLK_CLK0 | design_final_i/top_ssr_0/inst/u_top_system/u_dsp_chain/u_dft/frame_buf[136][15]_i_1_n_0                                                                            | design_final_i/top_ssr_0/inst/u_top_system/u_dsp_chain/u_mel/rst                                                                                          |                3 |             16 |         5.33 |
|  design_final_i/processing_system7_0/inst/FCLK_CLK0 | design_final_i/top_ssr_0/inst/u_top_system/u_dsp_chain/u_dft/frame_buf[138][15]_i_1_n_0                                                                            | design_final_i/top_ssr_0/inst/u_top_system/u_dsp_chain/u_mel/rst                                                                                          |                4 |             16 |         4.00 |
|  design_final_i/processing_system7_0/inst/FCLK_CLK0 | design_final_i/top_ssr_0/inst/u_top_system/u_dsp_chain/u_dft/frame_buf[142][15]_i_1_n_0                                                                            | design_final_i/top_ssr_0/inst/u_top_system/u_dsp_chain/u_mel/rst                                                                                          |                7 |             16 |         2.29 |
|  design_final_i/processing_system7_0/inst/FCLK_CLK0 | design_final_i/top_ssr_0/inst/u_top_system/u_dsp_chain/u_dft/frame_buf[123][15]_i_1_n_0                                                                            | design_final_i/top_ssr_0/inst/u_top_system/u_dsp_chain/u_mel/rst                                                                                          |                3 |             16 |         5.33 |
|  design_final_i/processing_system7_0/inst/FCLK_CLK0 | design_final_i/top_ssr_0/inst/u_top_system/u_dsp_chain/u_dft/frame_buf[144][15]_i_1_n_0                                                                            | design_final_i/top_ssr_0/inst/u_top_system/u_dsp_chain/u_mel/rst                                                                                          |                4 |             16 |         4.00 |
|  design_final_i/processing_system7_0/inst/FCLK_CLK0 | design_final_i/top_ssr_0/inst/u_top_system/u_dsp_chain/u_dft/frame_buf[119][15]_i_1_n_0                                                                            | design_final_i/top_ssr_0/inst/u_top_system/u_dsp_chain/u_mel/rst                                                                                          |                7 |             16 |         2.29 |
|  design_final_i/processing_system7_0/inst/FCLK_CLK0 | design_final_i/top_ssr_0/inst/u_top_system/u_dsp_chain/u_dft/frame_buf[125][15]_i_1_n_0                                                                            | design_final_i/top_ssr_0/inst/u_top_system/u_dsp_chain/u_mel/rst                                                                                          |                5 |             16 |         3.20 |
|  design_final_i/processing_system7_0/inst/FCLK_CLK0 | design_final_i/top_ssr_0/inst/u_top_system/u_dsp_chain/u_dft/frame_buf[132][15]_i_1_n_0                                                                            | design_final_i/top_ssr_0/inst/u_top_system/u_dsp_chain/u_mel/rst                                                                                          |                4 |             16 |         4.00 |
|  design_final_i/processing_system7_0/inst/FCLK_CLK0 | design_final_i/top_ssr_0/inst/u_top_system/u_dsp_chain/u_dft/frame_buf[143][15]_i_1_n_0                                                                            | design_final_i/top_ssr_0/inst/u_top_system/u_dsp_chain/u_mel/rst                                                                                          |               10 |             16 |         1.60 |
|  design_final_i/processing_system7_0/inst/FCLK_CLK0 | design_final_i/top_ssr_0/inst/u_top_system/u_dsp_chain/u_dft/frame_buf[145][15]_i_1_n_0                                                                            | design_final_i/top_ssr_0/inst/u_top_system/u_dsp_chain/u_mel/rst                                                                                          |                3 |             16 |         5.33 |
|  design_final_i/processing_system7_0/inst/FCLK_CLK0 | design_final_i/top_ssr_0/inst/u_top_system/u_dsp_chain/u_dft/frame_buf[146][15]_i_1_n_0                                                                            | design_final_i/top_ssr_0/inst/u_top_system/u_dsp_chain/u_mel/rst                                                                                          |                6 |             16 |         2.67 |
|  design_final_i/processing_system7_0/inst/FCLK_CLK0 | design_final_i/top_ssr_0/inst/u_top_system/u_dsp_chain/u_dft/frame_buf[147][15]_i_1_n_0                                                                            | design_final_i/top_ssr_0/inst/u_top_system/u_dsp_chain/u_mel/rst                                                                                          |                7 |             16 |         2.29 |
|  design_final_i/processing_system7_0/inst/FCLK_CLK0 | design_final_i/top_ssr_0/inst/u_top_system/u_dsp_chain/u_dft/frame_buf[148][15]_i_1_n_0                                                                            | design_final_i/top_ssr_0/inst/u_top_system/u_dsp_chain/u_mel/rst                                                                                          |                5 |             16 |         3.20 |
|  design_final_i/processing_system7_0/inst/FCLK_CLK0 | design_final_i/top_ssr_0/inst/u_top_system/u_dsp_chain/u_dft/frame_buf[126][15]_i_1_n_0                                                                            | design_final_i/top_ssr_0/inst/u_top_system/u_dsp_chain/u_mel/rst                                                                                          |                8 |             16 |         2.00 |
|  design_final_i/processing_system7_0/inst/FCLK_CLK0 | design_final_i/top_ssr_0/inst/u_top_system/u_dsp_chain/u_dft/frame_buf[149][15]_i_1_n_0                                                                            | design_final_i/top_ssr_0/inst/u_top_system/u_dsp_chain/u_mel/rst                                                                                          |                2 |             16 |         8.00 |
|  design_final_i/processing_system7_0/inst/FCLK_CLK0 | design_final_i/top_ssr_0/inst/u_top_system/u_dsp_chain/u_dft/frame_buf[135][15]_i_1_n_0                                                                            | design_final_i/top_ssr_0/inst/u_top_system/u_dsp_chain/u_mel/rst                                                                                          |                4 |             16 |         4.00 |
|  design_final_i/processing_system7_0/inst/FCLK_CLK0 | design_final_i/top_ssr_0/inst/u_top_system/u_dsp_chain/u_dft/frame_buf[130][15]_i_1_n_0                                                                            | design_final_i/top_ssr_0/inst/u_top_system/u_dsp_chain/u_mel/rst                                                                                          |                3 |             16 |         5.33 |
|  design_final_i/processing_system7_0/inst/FCLK_CLK0 | design_final_i/top_ssr_0/inst/u_top_system/u_dsp_chain/u_dft/frame_buf[141][15]_i_1_n_0                                                                            | design_final_i/top_ssr_0/inst/u_top_system/u_dsp_chain/u_mel/rst                                                                                          |                4 |             16 |         4.00 |
|  design_final_i/processing_system7_0/inst/FCLK_CLK0 | design_final_i/top_ssr_0/inst/u_top_system/u_dsp_chain/u_dft/frame_buf[14][15]_i_1_n_0                                                                             | design_final_i/top_ssr_0/inst/u_top_system/u_dsp_chain/u_mel/rst                                                                                          |                7 |             16 |         2.29 |
|  design_final_i/processing_system7_0/inst/FCLK_CLK0 | design_final_i/top_ssr_0/inst/u_top_system/u_dsp_chain/u_dft/frame_buf[133][15]_i_1_n_0                                                                            | design_final_i/top_ssr_0/inst/u_top_system/u_dsp_chain/u_mel/rst                                                                                          |                4 |             16 |         4.00 |
|  design_final_i/processing_system7_0/inst/FCLK_CLK0 | design_final_i/top_ssr_0/inst/u_top_system/u_dsp_chain/u_dft/frame_buf[11][15]_i_1_n_0                                                                             | design_final_i/top_ssr_0/inst/u_top_system/u_dsp_chain/u_mel/rst                                                                                          |                3 |             16 |         5.33 |
|  design_final_i/processing_system7_0/inst/FCLK_CLK0 | design_final_i/top_ssr_0/inst/u_top_system/u_dsp_chain/u_dft/frame_buf[117][15]_i_1_n_0                                                                            | design_final_i/top_ssr_0/inst/u_top_system/u_dsp_chain/u_mel/rst                                                                                          |                4 |             16 |         4.00 |
|  design_final_i/processing_system7_0/inst/FCLK_CLK0 | design_final_i/top_ssr_0/inst/u_top_system/u_dsp_chain/u_dft/frame_buf[150][15]_i_1_n_0                                                                            | design_final_i/top_ssr_0/inst/u_top_system/u_dsp_chain/u_mel/rst                                                                                          |                7 |             16 |         2.29 |
|  design_final_i/processing_system7_0/inst/FCLK_CLK0 | design_final_i/top_ssr_0/inst/u_top_system/u_dsp_chain/u_dft/frame_buf[111][15]_i_1_n_0                                                                            | design_final_i/top_ssr_0/inst/u_top_system/u_dsp_chain/u_mel/rst                                                                                          |                5 |             16 |         3.20 |
|  design_final_i/processing_system7_0/inst/FCLK_CLK0 | design_final_i/top_ssr_0/inst/u_top_system/u_dsp_chain/u_dft/frame_buf[112][15]_i_1_n_0                                                                            | design_final_i/top_ssr_0/inst/u_top_system/u_dsp_chain/u_mel/rst                                                                                          |                5 |             16 |         3.20 |
|  design_final_i/processing_system7_0/inst/FCLK_CLK0 | design_final_i/top_ssr_0/inst/u_top_system/u_dsp_chain/u_dft/frame_buf[120][15]_i_1_n_0                                                                            | design_final_i/top_ssr_0/inst/u_top_system/u_dsp_chain/u_mel/rst                                                                                          |                6 |             16 |         2.67 |
|  design_final_i/processing_system7_0/inst/FCLK_CLK0 | design_final_i/top_ssr_0/inst/u_top_system/u_dsp_chain/u_dft/frame_buf[124][15]_i_1_n_0                                                                            | design_final_i/top_ssr_0/inst/u_top_system/u_dsp_chain/u_mel/rst                                                                                          |                3 |             16 |         5.33 |
|  design_final_i/processing_system7_0/inst/FCLK_CLK0 | design_final_i/top_ssr_0/inst/u_top_system/u_dsp_chain/u_dft/frame_buf[10][15]_i_1_n_0                                                                             | design_final_i/top_ssr_0/inst/u_top_system/u_dsp_chain/u_mel/rst                                                                                          |                6 |             16 |         2.67 |
|  design_final_i/processing_system7_0/inst/FCLK_CLK0 | design_final_i/top_ssr_0/inst/u_top_system/u_dsp_chain/u_dft/frame_buf[129][15]_i_1_n_0                                                                            | design_final_i/top_ssr_0/inst/u_top_system/u_dsp_chain/u_mel/rst                                                                                          |                3 |             16 |         5.33 |
|  design_final_i/processing_system7_0/inst/FCLK_CLK0 | design_final_i/top_ssr_0/inst/u_top_system/u_dsp_chain/u_dft/frame_buf[131][15]_i_1_n_0                                                                            | design_final_i/top_ssr_0/inst/u_top_system/u_dsp_chain/u_mel/rst                                                                                          |                3 |             16 |         5.33 |
|  design_final_i/processing_system7_0/inst/FCLK_CLK0 | design_final_i/top_ssr_0/inst/u_top_system/u_dsp_chain/u_dft/frame_buf[109][15]_i_1_n_0                                                                            | design_final_i/top_ssr_0/inst/u_top_system/u_dsp_chain/u_mel/rst                                                                                          |                4 |             16 |         4.00 |
|  design_final_i/processing_system7_0/inst/FCLK_CLK0 | design_final_i/top_ssr_0/inst/u_top_system/u_dsp_chain/u_dft/frame_buf[137][15]_i_1_n_0                                                                            | design_final_i/top_ssr_0/inst/u_top_system/u_dsp_chain/u_mel/rst                                                                                          |                3 |             16 |         5.33 |
|  design_final_i/processing_system7_0/inst/FCLK_CLK0 | design_final_i/top_ssr_0/inst/u_top_system/u_dsp_chain/u_dft/frame_buf[13][15]_i_1_n_0                                                                             | design_final_i/top_ssr_0/inst/u_top_system/u_dsp_chain/u_mel/rst                                                                                          |                3 |             16 |         5.33 |
|  design_final_i/processing_system7_0/inst/FCLK_CLK0 | design_final_i/top_ssr_0/inst/u_top_system/u_dsp_chain/u_dft/frame_buf[156][15]_i_1_n_0                                                                            | design_final_i/top_ssr_0/inst/u_top_system/u_dsp_chain/u_mel/rst                                                                                          |                5 |             16 |         3.20 |
|  design_final_i/processing_system7_0/inst/FCLK_CLK0 | design_final_i/top_ssr_0/inst/u_top_system/u_dsp_chain/u_dft/frame_buf[159][15]_i_1_n_0                                                                            | design_final_i/top_ssr_0/inst/u_top_system/u_dsp_chain/u_mel/rst                                                                                          |                9 |             16 |         1.78 |
|  design_final_i/processing_system7_0/inst/FCLK_CLK0 | design_final_i/top_ssr_0/inst/u_top_system/u_dsp_chain/u_dft/frame_buf[162][15]_i_1_n_0                                                                            | design_final_i/top_ssr_0/inst/u_top_system/u_dsp_chain/u_mel/rst                                                                                          |                5 |             16 |         3.20 |
|  design_final_i/processing_system7_0/inst/FCLK_CLK0 | design_final_i/top_ssr_0/inst/u_top_system/u_dsp_chain/u_dft/frame_buf[157][15]_i_1_n_0                                                                            | design_final_i/top_ssr_0/inst/u_top_system/u_dsp_chain/u_mel/rst                                                                                          |                8 |             16 |         2.00 |
|  design_final_i/processing_system7_0/inst/FCLK_CLK0 | design_final_i/top_ssr_0/inst/u_top_system/u_dsp_chain/u_dft/frame_buf[16][15]_i_1_n_0                                                                             | design_final_i/top_ssr_0/inst/u_top_system/u_dsp_chain/u_mel/rst                                                                                          |                6 |             16 |         2.67 |
|  design_final_i/processing_system7_0/inst/FCLK_CLK0 | design_final_i/top_ssr_0/inst/u_top_system/u_dsp_chain/u_dft/frame_buf[170][15]_i_1_n_0                                                                            | design_final_i/top_ssr_0/inst/u_top_system/u_dsp_chain/u_mel/rst                                                                                          |                8 |             16 |         2.00 |
|  design_final_i/processing_system7_0/inst/FCLK_CLK0 | design_final_i/top_ssr_0/inst/u_top_system/u_dsp_chain/u_dft/frame_buf[154][15]_i_1_n_0                                                                            | design_final_i/top_ssr_0/inst/u_top_system/u_dsp_chain/u_mel/rst                                                                                          |                4 |             16 |         4.00 |
|  design_final_i/processing_system7_0/inst/FCLK_CLK0 | design_final_i/top_ssr_0/inst/u_top_system/u_dsp_chain/u_dft/frame_buf[161][15]_i_1_n_0                                                                            | design_final_i/top_ssr_0/inst/u_top_system/u_dsp_chain/u_mel/rst                                                                                          |                5 |             16 |         3.20 |
|  design_final_i/processing_system7_0/inst/FCLK_CLK0 | design_final_i/top_ssr_0/inst/u_top_system/u_dsp_chain/u_dft/frame_buf[164][15]_i_1_n_0                                                                            | design_final_i/top_ssr_0/inst/u_top_system/u_dsp_chain/u_mel/rst                                                                                          |                4 |             16 |         4.00 |
|  design_final_i/processing_system7_0/inst/FCLK_CLK0 | design_final_i/top_ssr_0/inst/u_top_system/u_dsp_chain/u_dft/frame_buf[165][15]_i_1_n_0                                                                            | design_final_i/top_ssr_0/inst/u_top_system/u_dsp_chain/u_mel/rst                                                                                          |                6 |             16 |         2.67 |
|  design_final_i/processing_system7_0/inst/FCLK_CLK0 | design_final_i/top_ssr_0/inst/u_top_system/u_dsp_chain/u_dft/frame_buf[169][15]_i_1_n_0                                                                            | design_final_i/top_ssr_0/inst/u_top_system/u_dsp_chain/u_mel/rst                                                                                          |                4 |             16 |         4.00 |
|  design_final_i/processing_system7_0/inst/FCLK_CLK0 | design_final_i/top_ssr_0/inst/u_top_system/u_dsp_chain/u_dft/frame_buf[171][15]_i_1_n_0                                                                            | design_final_i/top_ssr_0/inst/u_top_system/u_dsp_chain/u_mel/rst                                                                                          |                7 |             16 |         2.29 |
|  design_final_i/processing_system7_0/inst/FCLK_CLK0 | design_final_i/top_ssr_0/inst/u_top_system/u_dsp_chain/u_dft/frame_buf[172][15]_i_1_n_0                                                                            | design_final_i/top_ssr_0/inst/u_top_system/u_dsp_chain/u_mel/rst                                                                                          |                8 |             16 |         2.00 |
|  design_final_i/processing_system7_0/inst/FCLK_CLK0 | design_final_i/top_ssr_0/inst/u_top_system/u_dsp_chain/u_dft/frame_buf[173][15]_i_1_n_0                                                                            | design_final_i/top_ssr_0/inst/u_top_system/u_dsp_chain/u_mel/rst                                                                                          |                7 |             16 |         2.29 |
|  design_final_i/processing_system7_0/inst/FCLK_CLK0 | design_final_i/top_ssr_0/inst/u_top_system/u_dsp_chain/u_dft/frame_buf[174][15]_i_1_n_0                                                                            | design_final_i/top_ssr_0/inst/u_top_system/u_dsp_chain/u_mel/rst                                                                                          |                6 |             16 |         2.67 |
|  design_final_i/processing_system7_0/inst/FCLK_CLK0 | design_final_i/top_ssr_0/inst/u_top_system/u_dsp_chain/u_dft/frame_buf[175][15]_i_1_n_0                                                                            | design_final_i/top_ssr_0/inst/u_top_system/u_dsp_chain/u_mel/rst                                                                                          |               10 |             16 |         1.60 |
|  design_final_i/processing_system7_0/inst/FCLK_CLK0 | design_final_i/top_ssr_0/inst/u_top_system/u_dsp_chain/u_dft/frame_buf[153][15]_i_1_n_0                                                                            | design_final_i/top_ssr_0/inst/u_top_system/u_dsp_chain/u_mel/rst                                                                                          |                6 |             16 |         2.67 |
|  design_final_i/processing_system7_0/inst/FCLK_CLK0 | design_final_i/top_ssr_0/inst/u_top_system/u_dsp_chain/u_dft/frame_buf[176][15]_i_1_n_0                                                                            | design_final_i/top_ssr_0/inst/u_top_system/u_dsp_chain/u_mel/rst                                                                                          |                3 |             16 |         5.33 |
|  design_final_i/processing_system7_0/inst/FCLK_CLK0 | design_final_i/top_ssr_0/inst/u_top_system/u_dsp_chain/u_dft/frame_buf[177][15]_i_1_n_0                                                                            | design_final_i/top_ssr_0/inst/u_top_system/u_dsp_chain/u_mel/rst                                                                                          |                2 |             16 |         8.00 |
|  design_final_i/processing_system7_0/inst/FCLK_CLK0 | design_final_i/top_ssr_0/inst/u_top_system/u_dsp_chain/u_dft/frame_buf[15][15]_i_1_n_0                                                                             | design_final_i/top_ssr_0/inst/u_top_system/u_dsp_chain/u_mel/rst                                                                                          |                6 |             16 |         2.67 |
|  design_final_i/processing_system7_0/inst/FCLK_CLK0 | design_final_i/top_ssr_0/inst/u_top_system/u_dsp_chain/u_dft/frame_buf[179][15]_i_1_n_0                                                                            | design_final_i/top_ssr_0/inst/u_top_system/u_dsp_chain/u_mel/rst                                                                                          |                3 |             16 |         5.33 |
|  design_final_i/processing_system7_0/inst/FCLK_CLK0 | design_final_i/top_ssr_0/inst/u_top_system/u_dsp_chain/u_dft/frame_buf[17][15]_i_1_n_0                                                                             | design_final_i/top_ssr_0/inst/u_top_system/u_dsp_chain/u_mel/rst                                                                                          |                3 |             16 |         5.33 |
|  design_final_i/processing_system7_0/inst/FCLK_CLK0 | design_final_i/top_ssr_0/inst/u_top_system/u_dsp_chain/u_dft/frame_buf[180][15]_i_1_n_0                                                                            | design_final_i/top_ssr_0/inst/u_top_system/u_dsp_chain/u_mel/rst                                                                                          |                5 |             16 |         3.20 |
|  design_final_i/processing_system7_0/inst/FCLK_CLK0 | design_final_i/top_ssr_0/inst/u_top_system/u_dsp_chain/u_dft/frame_buf[183][15]_i_1_n_0                                                                            | design_final_i/top_ssr_0/inst/u_top_system/u_dsp_chain/u_mel/rst                                                                                          |                5 |             16 |         3.20 |
|  design_final_i/processing_system7_0/inst/FCLK_CLK0 | design_final_i/top_ssr_0/inst/u_top_system/u_dsp_chain/u_dft/frame_buf[182][15]_i_1_n_0                                                                            | design_final_i/top_ssr_0/inst/u_top_system/u_dsp_chain/u_mel/rst                                                                                          |                3 |             16 |         5.33 |
|  design_final_i/processing_system7_0/inst/FCLK_CLK0 | design_final_i/top_ssr_0/inst/u_top_system/u_dsp_chain/u_dft/frame_buf[181][15]_i_1_n_0                                                                            | design_final_i/top_ssr_0/inst/u_top_system/u_dsp_chain/u_mel/rst                                                                                          |                3 |             16 |         5.33 |
|  design_final_i/processing_system7_0/inst/FCLK_CLK0 | design_final_i/top_ssr_0/inst/u_top_system/u_dsp_chain/u_dft/frame_buf[178][15]_i_1_n_0                                                                            | design_final_i/top_ssr_0/inst/u_top_system/u_dsp_chain/u_mel/rst                                                                                          |                2 |             16 |         8.00 |
|  design_final_i/processing_system7_0/inst/FCLK_CLK0 | design_final_i/top_ssr_0/inst/u_top_system/u_dsp_chain/u_dft/frame_buf[184][15]_i_1_n_0                                                                            | design_final_i/top_ssr_0/inst/u_top_system/u_dsp_chain/u_mel/rst                                                                                          |                4 |             16 |         4.00 |
|  design_final_i/processing_system7_0/inst/FCLK_CLK0 | design_final_i/top_ssr_0/inst/u_top_system/u_dsp_chain/u_dft/frame_buf[160][15]_i_1_n_0                                                                            | design_final_i/top_ssr_0/inst/u_top_system/u_dsp_chain/u_mel/rst                                                                                          |                6 |             16 |         2.67 |
|  design_final_i/processing_system7_0/inst/FCLK_CLK0 | design_final_i/top_ssr_0/inst/u_top_system/u_dsp_chain/u_dft/frame_buf[152][15]_i_1_n_0                                                                            | design_final_i/top_ssr_0/inst/u_top_system/u_dsp_chain/u_mel/rst                                                                                          |                2 |             16 |         8.00 |
|  design_final_i/processing_system7_0/inst/FCLK_CLK0 | design_final_i/top_ssr_0/inst/u_top_system/u_dsp_chain/u_dft/frame_buf[166][15]_i_1_n_0                                                                            | design_final_i/top_ssr_0/inst/u_top_system/u_dsp_chain/u_mel/rst                                                                                          |                6 |             16 |         2.67 |
|  design_final_i/processing_system7_0/inst/FCLK_CLK0 | design_final_i/top_ssr_0/inst/u_top_system/u_dsp_chain/u_dft/frame_buf[151][15]_i_1_n_0                                                                            | design_final_i/top_ssr_0/inst/u_top_system/u_dsp_chain/u_mel/rst                                                                                          |                6 |             16 |         2.67 |
|  design_final_i/processing_system7_0/inst/FCLK_CLK0 | design_final_i/top_ssr_0/inst/u_top_system/u_dsp_chain/u_dft/frame_buf[158][15]_i_1_n_0                                                                            | design_final_i/top_ssr_0/inst/u_top_system/u_dsp_chain/u_mel/rst                                                                                          |                7 |             16 |         2.29 |
|  design_final_i/processing_system7_0/inst/FCLK_CLK0 | design_final_i/top_ssr_0/inst/u_top_system/u_dsp_chain/u_dft/frame_buf[167][15]_i_1_n_0                                                                            | design_final_i/top_ssr_0/inst/u_top_system/u_dsp_chain/u_mel/rst                                                                                          |                8 |             16 |         2.00 |
|  design_final_i/processing_system7_0/inst/FCLK_CLK0 | design_final_i/top_ssr_0/inst/u_top_system/u_dsp_chain/u_dft/frame_buf[163][15]_i_1_n_0                                                                            | design_final_i/top_ssr_0/inst/u_top_system/u_dsp_chain/u_mel/rst                                                                                          |                6 |             16 |         2.67 |
|  design_final_i/processing_system7_0/inst/FCLK_CLK0 | design_final_i/top_ssr_0/inst/u_top_system/u_dsp_chain/u_dft/frame_buf[168][15]_i_1_n_0                                                                            | design_final_i/top_ssr_0/inst/u_top_system/u_dsp_chain/u_mel/rst                                                                                          |                5 |             16 |         3.20 |
|  design_final_i/processing_system7_0/inst/FCLK_CLK0 | design_final_i/top_ssr_0/inst/u_top_system/u_dsp_chain/u_dft/frame_buf[155][15]_i_1_n_0                                                                            | design_final_i/top_ssr_0/inst/u_top_system/u_dsp_chain/u_mel/rst                                                                                          |                6 |             16 |         2.67 |
|  design_final_i/processing_system7_0/inst/FCLK_CLK0 | design_final_i/top_ssr_0/inst/u_top_system/u_dsp_chain/u_dft/frame_buf[216][15]_i_1_n_0                                                                            | design_final_i/top_ssr_0/inst/u_top_system/u_dsp_chain/u_mel/rst                                                                                          |                4 |             16 |         4.00 |
|  design_final_i/processing_system7_0/inst/FCLK_CLK0 | design_final_i/top_ssr_0/inst/u_top_system/u_dsp_chain/u_dft/frame_buf[221][15]_i_1_n_0                                                                            | design_final_i/top_ssr_0/inst/u_top_system/u_dsp_chain/u_mel/rst                                                                                          |                6 |             16 |         2.67 |
|  design_final_i/processing_system7_0/inst/FCLK_CLK0 | design_final_i/top_ssr_0/inst/u_top_system/u_dsp_chain/u_dft/frame_buf[196][15]_i_1_n_0                                                                            | design_final_i/top_ssr_0/inst/u_top_system/u_dsp_chain/u_mel/rst                                                                                          |                6 |             16 |         2.67 |
|  design_final_i/processing_system7_0/inst/FCLK_CLK0 | design_final_i/top_ssr_0/inst/u_top_system/u_dsp_chain/u_dft/frame_buf[194][15]_i_1_n_0                                                                            | design_final_i/top_ssr_0/inst/u_top_system/u_dsp_chain/u_mel/rst                                                                                          |                3 |             16 |         5.33 |
|  design_final_i/processing_system7_0/inst/FCLK_CLK0 | design_final_i/top_ssr_0/inst/u_top_system/u_dsp_chain/u_dft/frame_buf[208][15]_i_1_n_0                                                                            | design_final_i/top_ssr_0/inst/u_top_system/u_dsp_chain/u_mel/rst                                                                                          |                5 |             16 |         3.20 |
|  design_final_i/processing_system7_0/inst/FCLK_CLK0 | design_final_i/top_ssr_0/inst/u_top_system/u_dsp_chain/u_dft/frame_buf[207][15]_i_1_n_0                                                                            | design_final_i/top_ssr_0/inst/u_top_system/u_dsp_chain/u_mel/rst                                                                                          |               10 |             16 |         1.60 |
|  design_final_i/processing_system7_0/inst/FCLK_CLK0 | design_final_i/top_ssr_0/inst/u_top_system/u_dsp_chain/u_dft/frame_buf[185][15]_i_1_n_0                                                                            | design_final_i/top_ssr_0/inst/u_top_system/u_dsp_chain/u_mel/rst                                                                                          |                5 |             16 |         3.20 |
|  design_final_i/processing_system7_0/inst/FCLK_CLK0 | design_final_i/top_ssr_0/inst/u_top_system/u_dsp_chain/u_dft/frame_buf[205][15]_i_1_n_0                                                                            | design_final_i/top_ssr_0/inst/u_top_system/u_dsp_chain/u_mel/rst                                                                                          |               10 |             16 |         1.60 |
|  design_final_i/processing_system7_0/inst/FCLK_CLK0 | design_final_i/top_ssr_0/inst/u_top_system/u_dsp_chain/u_dft/frame_buf[20][15]_i_1_n_0                                                                             | design_final_i/top_ssr_0/inst/u_top_system/u_dsp_chain/u_mel/rst                                                                                          |                2 |             16 |         8.00 |
|  design_final_i/processing_system7_0/inst/FCLK_CLK0 | design_final_i/top_ssr_0/inst/u_top_system/u_dsp_chain/u_dft/frame_buf[211][15]_i_1_n_0                                                                            | design_final_i/top_ssr_0/inst/u_top_system/u_dsp_chain/u_mel/rst                                                                                          |                3 |             16 |         5.33 |
|  design_final_i/processing_system7_0/inst/FCLK_CLK0 | design_final_i/top_ssr_0/inst/u_top_system/u_dsp_chain/u_dft/frame_buf[218][15]_i_1_n_0                                                                            | design_final_i/top_ssr_0/inst/u_top_system/u_dsp_chain/u_mel/rst                                                                                          |                6 |             16 |         2.67 |
|  design_final_i/processing_system7_0/inst/FCLK_CLK0 | design_final_i/top_ssr_0/inst/u_top_system/u_dsp_chain/u_dft/frame_buf[18][15]_i_1_n_0                                                                             | design_final_i/top_ssr_0/inst/u_top_system/u_dsp_chain/u_mel/rst                                                                                          |                4 |             16 |         4.00 |
|  design_final_i/processing_system7_0/inst/FCLK_CLK0 | design_final_i/top_ssr_0/inst/u_top_system/u_dsp_chain/u_dft/frame_buf[197][15]_i_1_n_0                                                                            | design_final_i/top_ssr_0/inst/u_top_system/u_dsp_chain/u_mel/rst                                                                                          |               10 |             16 |         1.60 |
|  design_final_i/processing_system7_0/inst/FCLK_CLK0 | design_final_i/top_ssr_0/inst/u_top_system/u_dsp_chain/u_dft/frame_buf[198][15]_i_1_n_0                                                                            | design_final_i/top_ssr_0/inst/u_top_system/u_dsp_chain/u_mel/rst                                                                                          |                3 |             16 |         5.33 |
|  design_final_i/processing_system7_0/inst/FCLK_CLK0 | design_final_i/top_ssr_0/inst/u_top_system/u_dsp_chain/u_dft/frame_buf[200][15]_i_1_n_0                                                                            | design_final_i/top_ssr_0/inst/u_top_system/u_dsp_chain/u_mel/rst                                                                                          |                8 |             16 |         2.00 |
|  design_final_i/processing_system7_0/inst/FCLK_CLK0 | design_final_i/top_ssr_0/inst/u_top_system/u_dsp_chain/u_dft/frame_buf[201][15]_i_1_n_0                                                                            | design_final_i/top_ssr_0/inst/u_top_system/u_dsp_chain/u_mel/rst                                                                                          |                8 |             16 |         2.00 |
|  design_final_i/processing_system7_0/inst/FCLK_CLK0 | design_final_i/top_ssr_0/inst/u_top_system/u_dsp_chain/u_dft/frame_buf[202][15]_i_1_n_0                                                                            | design_final_i/top_ssr_0/inst/u_top_system/u_dsp_chain/u_mel/rst                                                                                          |                7 |             16 |         2.29 |
|  design_final_i/processing_system7_0/inst/FCLK_CLK0 | design_final_i/top_ssr_0/inst/u_top_system/u_dsp_chain/u_dft/frame_buf[204][15]_i_1_n_0                                                                            | design_final_i/top_ssr_0/inst/u_top_system/u_dsp_chain/u_mel/rst                                                                                          |                6 |             16 |         2.67 |
|  design_final_i/processing_system7_0/inst/FCLK_CLK0 | design_final_i/top_ssr_0/inst/u_top_system/u_dsp_chain/u_dft/frame_buf[206][15]_i_1_n_0                                                                            | design_final_i/top_ssr_0/inst/u_top_system/u_dsp_chain/u_mel/rst                                                                                          |                6 |             16 |         2.67 |
|  design_final_i/processing_system7_0/inst/FCLK_CLK0 | design_final_i/top_ssr_0/inst/u_top_system/u_dsp_chain/u_dft/frame_buf[212][15]_i_1_n_0                                                                            | design_final_i/top_ssr_0/inst/u_top_system/u_dsp_chain/u_mel/rst                                                                                          |                2 |             16 |         8.00 |
|  design_final_i/processing_system7_0/inst/FCLK_CLK0 | design_final_i/top_ssr_0/inst/u_top_system/u_dsp_chain/u_dft/frame_buf[191][15]_i_1_n_0                                                                            | design_final_i/top_ssr_0/inst/u_top_system/u_dsp_chain/u_mel/rst                                                                                          |                8 |             16 |         2.00 |
|  design_final_i/processing_system7_0/inst/FCLK_CLK0 | design_final_i/top_ssr_0/inst/u_top_system/u_dsp_chain/u_dft/frame_buf[188][15]_i_1_n_0                                                                            | design_final_i/top_ssr_0/inst/u_top_system/u_dsp_chain/u_mel/rst                                                                                          |                6 |             16 |         2.67 |
|  design_final_i/processing_system7_0/inst/FCLK_CLK0 | design_final_i/top_ssr_0/inst/u_top_system/u_dsp_chain/u_dft/frame_buf[187][15]_i_1_n_0                                                                            | design_final_i/top_ssr_0/inst/u_top_system/u_dsp_chain/u_mel/rst                                                                                          |                5 |             16 |         3.20 |
|  design_final_i/processing_system7_0/inst/FCLK_CLK0 | design_final_i/top_ssr_0/inst/u_top_system/u_dsp_chain/u_dft/frame_buf[19][15]_i_1_n_0                                                                             | design_final_i/top_ssr_0/inst/u_top_system/u_dsp_chain/u_mel/rst                                                                                          |                4 |             16 |         4.00 |
|  design_final_i/processing_system7_0/inst/FCLK_CLK0 | design_final_i/top_ssr_0/inst/u_top_system/u_dsp_chain/u_dft/frame_buf[209][15]_i_1_n_0                                                                            | design_final_i/top_ssr_0/inst/u_top_system/u_dsp_chain/u_mel/rst                                                                                          |                4 |             16 |         4.00 |
|  design_final_i/processing_system7_0/inst/FCLK_CLK0 | design_final_i/top_ssr_0/inst/u_top_system/u_dsp_chain/u_dft/frame_buf[214][15]_i_1_n_0                                                                            | design_final_i/top_ssr_0/inst/u_top_system/u_dsp_chain/u_mel/rst                                                                                          |                7 |             16 |         2.29 |
|  design_final_i/processing_system7_0/inst/FCLK_CLK0 | design_final_i/top_ssr_0/inst/u_top_system/u_dsp_chain/u_dft/frame_buf[192][15]_i_1_n_0                                                                            | design_final_i/top_ssr_0/inst/u_top_system/u_dsp_chain/u_mel/rst                                                                                          |                4 |             16 |         4.00 |
|  design_final_i/processing_system7_0/inst/FCLK_CLK0 | design_final_i/top_ssr_0/inst/u_top_system/u_dsp_chain/u_dft/frame_buf[210][15]_i_1_n_0                                                                            | design_final_i/top_ssr_0/inst/u_top_system/u_dsp_chain/u_mel/rst                                                                                          |                4 |             16 |         4.00 |
|  design_final_i/processing_system7_0/inst/FCLK_CLK0 | design_final_i/top_ssr_0/inst/u_top_system/u_dsp_chain/u_dft/frame_buf[190][15]_i_1_n_0                                                                            | design_final_i/top_ssr_0/inst/u_top_system/u_dsp_chain/u_mel/rst                                                                                          |                7 |             16 |         2.29 |
|  design_final_i/processing_system7_0/inst/FCLK_CLK0 | design_final_i/top_ssr_0/inst/u_top_system/u_dsp_chain/u_dft/frame_buf[193][15]_i_1_n_0                                                                            | design_final_i/top_ssr_0/inst/u_top_system/u_dsp_chain/u_mel/rst                                                                                          |                4 |             16 |         4.00 |
|  design_final_i/processing_system7_0/inst/FCLK_CLK0 | design_final_i/top_ssr_0/inst/u_top_system/u_dsp_chain/u_dft/frame_buf[1][15]_i_1_n_0                                                                              | design_final_i/top_ssr_0/inst/u_top_system/u_dsp_chain/u_mel/rst                                                                                          |                4 |             16 |         4.00 |
|  design_final_i/processing_system7_0/inst/FCLK_CLK0 | design_final_i/top_ssr_0/inst/u_top_system/u_dsp_chain/u_dft/frame_buf[203][15]_i_1_n_0                                                                            | design_final_i/top_ssr_0/inst/u_top_system/u_dsp_chain/u_mel/rst                                                                                          |                3 |             16 |         5.33 |
|  design_final_i/processing_system7_0/inst/FCLK_CLK0 | design_final_i/top_ssr_0/inst/u_top_system/u_dsp_chain/u_dft/frame_buf[215][15]_i_1_n_0                                                                            | design_final_i/top_ssr_0/inst/u_top_system/u_dsp_chain/u_mel/rst                                                                                          |                4 |             16 |         4.00 |
|  design_final_i/processing_system7_0/inst/FCLK_CLK0 | design_final_i/top_ssr_0/inst/u_top_system/u_dsp_chain/u_dft/frame_buf[217][15]_i_1_n_0                                                                            | design_final_i/top_ssr_0/inst/u_top_system/u_dsp_chain/u_mel/rst                                                                                          |                3 |             16 |         5.33 |
|  design_final_i/processing_system7_0/inst/FCLK_CLK0 | design_final_i/top_ssr_0/inst/u_top_system/u_dsp_chain/u_dft/frame_buf[186][15]_i_1_n_0                                                                            | design_final_i/top_ssr_0/inst/u_top_system/u_dsp_chain/u_mel/rst                                                                                          |                3 |             16 |         5.33 |
|  design_final_i/processing_system7_0/inst/FCLK_CLK0 | design_final_i/top_ssr_0/inst/u_top_system/u_dsp_chain/u_dft/frame_buf[189][15]_i_1_n_0                                                                            | design_final_i/top_ssr_0/inst/u_top_system/u_dsp_chain/u_mel/rst                                                                                          |                3 |             16 |         5.33 |
|  design_final_i/processing_system7_0/inst/FCLK_CLK0 | design_final_i/top_ssr_0/inst/u_top_system/u_dsp_chain/u_dft/frame_buf[220][15]_i_1_n_0                                                                            | design_final_i/top_ssr_0/inst/u_top_system/u_dsp_chain/u_mel/rst                                                                                          |                7 |             16 |         2.29 |
|  design_final_i/processing_system7_0/inst/FCLK_CLK0 | design_final_i/top_ssr_0/inst/u_top_system/u_dsp_chain/u_dft/frame_buf[21][15]_i_1_n_0                                                                             | design_final_i/top_ssr_0/inst/u_top_system/u_dsp_chain/u_mel/rst                                                                                          |                5 |             16 |         3.20 |
|  design_final_i/processing_system7_0/inst/FCLK_CLK0 | design_final_i/top_ssr_0/inst/u_top_system/u_dsp_chain/u_dft/frame_buf[219][15]_i_1_n_0                                                                            | design_final_i/top_ssr_0/inst/u_top_system/u_dsp_chain/u_mel/rst                                                                                          |                3 |             16 |         5.33 |
|  design_final_i/processing_system7_0/inst/FCLK_CLK0 | design_final_i/top_ssr_0/inst/u_top_system/u_dsp_chain/u_dft/frame_buf[195][15]_i_1_n_0                                                                            | design_final_i/top_ssr_0/inst/u_top_system/u_dsp_chain/u_mel/rst                                                                                          |                7 |             16 |         2.29 |
|  design_final_i/processing_system7_0/inst/FCLK_CLK0 | design_final_i/top_ssr_0/inst/u_top_system/u_dsp_chain/u_dft/frame_buf[213][15]_i_1_n_0                                                                            | design_final_i/top_ssr_0/inst/u_top_system/u_dsp_chain/u_mel/rst                                                                                          |                3 |             16 |         5.33 |
|  design_final_i/processing_system7_0/inst/FCLK_CLK0 | design_final_i/top_ssr_0/inst/u_top_system/u_dsp_chain/u_dft/frame_buf[199][15]_i_1_n_0                                                                            | design_final_i/top_ssr_0/inst/u_top_system/u_dsp_chain/u_mel/rst                                                                                          |                3 |             16 |         5.33 |
|  design_final_i/processing_system7_0/inst/FCLK_CLK0 | design_final_i/top_ssr_0/inst/u_top_system/u_dsp_chain/u_dft/frame_buf[245][15]_i_1_n_0                                                                            | design_final_i/top_ssr_0/inst/u_top_system/u_dsp_chain/u_mel/rst                                                                                          |                4 |             16 |         4.00 |
|  design_final_i/processing_system7_0/inst/FCLK_CLK0 | design_final_i/top_ssr_0/inst/u_top_system/u_dsp_chain/u_dft/frame_buf[247][15]_i_1_n_0                                                                            | design_final_i/top_ssr_0/inst/u_top_system/u_dsp_chain/u_mel/rst                                                                                          |                3 |             16 |         5.33 |
|  design_final_i/processing_system7_0/inst/FCLK_CLK0 | design_final_i/top_ssr_0/inst/u_top_system/u_dsp_chain/u_dft/frame_buf[225][15]_i_1_n_0                                                                            | design_final_i/top_ssr_0/inst/u_top_system/u_dsp_chain/u_mel/rst                                                                                          |                7 |             16 |         2.29 |
|  design_final_i/processing_system7_0/inst/FCLK_CLK0 | design_final_i/top_ssr_0/inst/u_top_system/u_dsp_chain/u_dft/frame_buf[237][15]_i_1_n_0                                                                            | design_final_i/top_ssr_0/inst/u_top_system/u_dsp_chain/u_mel/rst                                                                                          |               10 |             16 |         1.60 |
|  design_final_i/processing_system7_0/inst/FCLK_CLK0 | design_final_i/top_ssr_0/inst/u_top_system/u_dsp_chain/u_dft/frame_buf[242][15]_i_1_n_0                                                                            | design_final_i/top_ssr_0/inst/u_top_system/u_dsp_chain/u_mel/rst                                                                                          |                2 |             16 |         8.00 |
|  design_final_i/processing_system7_0/inst/FCLK_CLK0 | design_final_i/top_ssr_0/inst/u_top_system/u_dsp_chain/u_dft/frame_buf[227][15]_i_1_n_0                                                                            | design_final_i/top_ssr_0/inst/u_top_system/u_dsp_chain/u_mel/rst                                                                                          |                7 |             16 |         2.29 |
|  design_final_i/processing_system7_0/inst/FCLK_CLK0 | design_final_i/top_ssr_0/inst/u_top_system/u_dsp_chain/u_dft/frame_buf[233][15]_i_1_n_0                                                                            | design_final_i/top_ssr_0/inst/u_top_system/u_dsp_chain/u_mel/rst                                                                                          |                8 |             16 |         2.00 |
|  design_final_i/processing_system7_0/inst/FCLK_CLK0 | design_final_i/top_ssr_0/inst/u_top_system/u_dsp_chain/u_dft/frame_buf[231][15]_i_1_n_0                                                                            | design_final_i/top_ssr_0/inst/u_top_system/u_dsp_chain/u_mel/rst                                                                                          |                8 |             16 |         2.00 |
|  design_final_i/processing_system7_0/inst/FCLK_CLK0 | design_final_i/top_ssr_0/inst/u_top_system/u_dsp_chain/u_dft/frame_buf[22][15]_i_1_n_0                                                                             | design_final_i/top_ssr_0/inst/u_top_system/u_dsp_chain/u_mel/rst                                                                                          |                3 |             16 |         5.33 |
|  design_final_i/processing_system7_0/inst/FCLK_CLK0 | design_final_i/top_ssr_0/inst/u_top_system/u_dsp_chain/u_dft/frame_buf[241][15]_i_1_n_0                                                                            | design_final_i/top_ssr_0/inst/u_top_system/u_dsp_chain/u_mel/rst                                                                                          |                3 |             16 |         5.33 |
|  design_final_i/processing_system7_0/inst/FCLK_CLK0 | design_final_i/top_ssr_0/inst/u_top_system/u_dsp_chain/u_dft/frame_buf[229][15]_i_1_n_0                                                                            | design_final_i/top_ssr_0/inst/u_top_system/u_dsp_chain/u_mel/rst                                                                                          |                7 |             16 |         2.29 |
|  design_final_i/processing_system7_0/inst/FCLK_CLK0 | design_final_i/top_ssr_0/inst/u_top_system/u_dsp_chain/u_dft/frame_buf[230][15]_i_1_n_0                                                                            | design_final_i/top_ssr_0/inst/u_top_system/u_dsp_chain/u_mel/rst                                                                                          |                6 |             16 |         2.67 |
|  design_final_i/processing_system7_0/inst/FCLK_CLK0 | design_final_i/top_ssr_0/inst/u_top_system/u_dsp_chain/u_dft/frame_buf[23][15]_i_1_n_0                                                                             | design_final_i/top_ssr_0/inst/u_top_system/u_dsp_chain/u_mel/rst                                                                                          |                5 |             16 |         3.20 |
|  design_final_i/processing_system7_0/inst/FCLK_CLK0 | design_final_i/top_ssr_0/inst/u_top_system/u_dsp_chain/u_dft/frame_buf[243][15]_i_1_n_0                                                                            | design_final_i/top_ssr_0/inst/u_top_system/u_dsp_chain/u_mel/rst                                                                                          |                3 |             16 |         5.33 |
|  design_final_i/processing_system7_0/inst/FCLK_CLK0 | design_final_i/top_ssr_0/inst/u_top_system/u_dsp_chain/u_dft/frame_buf[239][15]_i_1_n_0                                                                            | design_final_i/top_ssr_0/inst/u_top_system/u_dsp_chain/u_mel/rst                                                                                          |               12 |             16 |         1.33 |
|  design_final_i/processing_system7_0/inst/FCLK_CLK0 | design_final_i/top_ssr_0/inst/u_top_system/u_dsp_chain/u_dft/frame_buf[248][15]_i_1_n_0                                                                            | design_final_i/top_ssr_0/inst/u_top_system/u_dsp_chain/u_mel/rst                                                                                          |                8 |             16 |         2.00 |
|  design_final_i/processing_system7_0/inst/FCLK_CLK0 | design_final_i/top_ssr_0/inst/u_top_system/u_dsp_chain/u_dft/frame_buf[244][15]_i_1_n_0                                                                            | design_final_i/top_ssr_0/inst/u_top_system/u_dsp_chain/u_mel/rst                                                                                          |                4 |             16 |         4.00 |
|  design_final_i/processing_system7_0/inst/FCLK_CLK0 | design_final_i/top_ssr_0/inst/u_top_system/u_dsp_chain/u_dft/frame_buf[246][15]_i_1_n_0                                                                            | design_final_i/top_ssr_0/inst/u_top_system/u_dsp_chain/u_mel/rst                                                                                          |                4 |             16 |         4.00 |
|  design_final_i/processing_system7_0/inst/FCLK_CLK0 | design_final_i/top_ssr_0/inst/u_top_system/u_dsp_chain/u_dft/frame_buf[249][15]_i_1_n_0                                                                            | design_final_i/top_ssr_0/inst/u_top_system/u_dsp_chain/u_mel/rst                                                                                          |                3 |             16 |         5.33 |
|  design_final_i/processing_system7_0/inst/FCLK_CLK0 | design_final_i/top_ssr_0/inst/u_top_system/u_dsp_chain/u_dft/frame_buf[24][15]_i_1_n_0                                                                             | design_final_i/top_ssr_0/inst/u_top_system/u_dsp_chain/u_mel/rst                                                                                          |                7 |             16 |         2.29 |
|  design_final_i/processing_system7_0/inst/FCLK_CLK0 | design_final_i/top_ssr_0/inst/u_top_system/u_dsp_chain/u_dft/frame_buf[240][15]_i_1_n_0                                                                            | design_final_i/top_ssr_0/inst/u_top_system/u_dsp_chain/u_mel/rst                                                                                          |                5 |             16 |         3.20 |
|  design_final_i/processing_system7_0/inst/FCLK_CLK0 | design_final_i/top_ssr_0/inst/u_top_system/u_dsp_chain/u_dft/frame_buf[222][15]_i_1_n_0                                                                            | design_final_i/top_ssr_0/inst/u_top_system/u_dsp_chain/u_mel/rst                                                                                          |                8 |             16 |         2.00 |
|  design_final_i/processing_system7_0/inst/FCLK_CLK0 | design_final_i/top_ssr_0/inst/u_top_system/u_dsp_chain/u_dft/frame_buf[236][15]_i_1_n_0                                                                            | design_final_i/top_ssr_0/inst/u_top_system/u_dsp_chain/u_mel/rst                                                                                          |                9 |             16 |         1.78 |
|  design_final_i/processing_system7_0/inst/FCLK_CLK0 | design_final_i/top_ssr_0/inst/u_top_system/u_dsp_chain/u_dft/frame_buf[250][15]_i_1_n_0                                                                            | design_final_i/top_ssr_0/inst/u_top_system/u_dsp_chain/u_mel/rst                                                                                          |                3 |             16 |         5.33 |
|  design_final_i/processing_system7_0/inst/FCLK_CLK0 | design_final_i/top_ssr_0/inst/u_top_system/u_dsp_chain/u_dft/frame_buf[226][15]_i_1_n_0                                                                            | design_final_i/top_ssr_0/inst/u_top_system/u_dsp_chain/u_mel/rst                                                                                          |                7 |             16 |         2.29 |
|  design_final_i/processing_system7_0/inst/FCLK_CLK0 | design_final_i/top_ssr_0/inst/u_top_system/u_dsp_chain/u_dft/frame_buf[234][15]_i_1_n_0                                                                            | design_final_i/top_ssr_0/inst/u_top_system/u_dsp_chain/u_mel/rst                                                                                          |                6 |             16 |         2.67 |
|  design_final_i/processing_system7_0/inst/FCLK_CLK0 | design_final_i/top_ssr_0/inst/u_top_system/u_dsp_chain/u_dft/frame_buf[251][15]_i_1_n_0                                                                            | design_final_i/top_ssr_0/inst/u_top_system/u_dsp_chain/u_mel/rst                                                                                          |                7 |             16 |         2.29 |
|  design_final_i/processing_system7_0/inst/FCLK_CLK0 | design_final_i/top_ssr_0/inst/u_top_system/u_dsp_chain/u_dft/frame_buf[29][15]_i_1_n_0                                                                             | design_final_i/top_ssr_0/inst/u_top_system/u_dsp_chain/u_mel/rst                                                                                          |                3 |             16 |         5.33 |
|  design_final_i/processing_system7_0/inst/FCLK_CLK0 | design_final_i/top_ssr_0/inst/u_top_system/u_dsp_chain/u_dft/frame_buf[43][15]_i_1_n_0                                                                             | design_final_i/top_ssr_0/inst/u_top_system/u_dsp_chain/u_mel/rst                                                                                          |                6 |             16 |         2.67 |
|  design_final_i/processing_system7_0/inst/FCLK_CLK0 | design_final_i/top_ssr_0/inst/u_top_system/u_dsp_chain/u_dft/frame_buf[50][15]_i_1_n_0                                                                             | design_final_i/top_ssr_0/inst/u_top_system/u_dsp_chain/u_mel/rst                                                                                          |                4 |             16 |         4.00 |
|  design_final_i/processing_system7_0/inst/FCLK_CLK0 | design_final_i/top_ssr_0/inst/u_top_system/u_dsp_chain/u_dft/frame_buf[51][15]_i_1_n_0                                                                             | design_final_i/top_ssr_0/inst/u_top_system/u_dsp_chain/u_mel/rst                                                                                          |                4 |             16 |         4.00 |
|  design_final_i/processing_system7_0/inst/FCLK_CLK0 | design_final_i/top_ssr_0/inst/u_top_system/u_dsp_chain/u_dft/frame_buf[52][15]_i_1_n_0                                                                             | design_final_i/top_ssr_0/inst/u_top_system/u_dsp_chain/u_mel/rst                                                                                          |                3 |             16 |         5.33 |
|  design_final_i/processing_system7_0/inst/FCLK_CLK0 | design_final_i/top_ssr_0/inst/u_top_system/u_dsp_chain/u_dft/frame_buf[53][15]_i_1_n_0                                                                             | design_final_i/top_ssr_0/inst/u_top_system/u_dsp_chain/u_mel/rst                                                                                          |                6 |             16 |         2.67 |
|  design_final_i/processing_system7_0/inst/FCLK_CLK0 | design_final_i/top_ssr_0/inst/u_top_system/u_dsp_chain/u_dft/frame_buf[54][15]_i_1_n_0                                                                             | design_final_i/top_ssr_0/inst/u_top_system/u_dsp_chain/u_mel/rst                                                                                          |                5 |             16 |         3.20 |
|  design_final_i/processing_system7_0/inst/FCLK_CLK0 | design_final_i/top_ssr_0/inst/u_top_system/u_dsp_chain/u_dft/frame_buf[55][15]_i_1_n_0                                                                             | design_final_i/top_ssr_0/inst/u_top_system/u_dsp_chain/u_mel/rst                                                                                          |                3 |             16 |         5.33 |
|  design_final_i/processing_system7_0/inst/FCLK_CLK0 | design_final_i/top_ssr_0/inst/u_top_system/u_dsp_chain/u_dft/frame_buf[56][15]_i_1_n_0                                                                             | design_final_i/top_ssr_0/inst/u_top_system/u_dsp_chain/u_mel/rst                                                                                          |               10 |             16 |         1.60 |
|  design_final_i/processing_system7_0/inst/FCLK_CLK0 | design_final_i/top_ssr_0/inst/u_top_system/u_dsp_chain/u_dft/frame_buf[58][15]_i_1_n_0                                                                             | design_final_i/top_ssr_0/inst/u_top_system/u_dsp_chain/u_mel/rst                                                                                          |                7 |             16 |         2.29 |
|  design_final_i/processing_system7_0/inst/FCLK_CLK0 | design_final_i/top_ssr_0/inst/u_top_system/u_dsp_chain/u_dft/frame_buf[35][15]_i_1_n_0                                                                             | design_final_i/top_ssr_0/inst/u_top_system/u_dsp_chain/u_mel/rst                                                                                          |                4 |             16 |         4.00 |
|  design_final_i/processing_system7_0/inst/FCLK_CLK0 | design_final_i/top_ssr_0/inst/u_top_system/u_dsp_chain/u_dft/frame_buf[3][15]_i_1_n_0                                                                              | design_final_i/top_ssr_0/inst/u_top_system/u_dsp_chain/u_mel/rst                                                                                          |                5 |             16 |         3.20 |
|  design_final_i/processing_system7_0/inst/FCLK_CLK0 | design_final_i/top_ssr_0/inst/u_top_system/u_dsp_chain/u_dft/frame_buf[26][15]_i_1_n_0                                                                             | design_final_i/top_ssr_0/inst/u_top_system/u_dsp_chain/u_mel/rst                                                                                          |                6 |             16 |         2.67 |
|  design_final_i/processing_system7_0/inst/FCLK_CLK0 | design_final_i/top_ssr_0/inst/u_top_system/u_dsp_chain/u_dft/frame_buf[39][15]_i_1_n_0                                                                             | design_final_i/top_ssr_0/inst/u_top_system/u_dsp_chain/u_mel/rst                                                                                          |                2 |             16 |         8.00 |
|  design_final_i/processing_system7_0/inst/FCLK_CLK0 | design_final_i/top_ssr_0/inst/u_top_system/u_dsp_chain/u_dft/frame_buf[42][15]_i_1_n_0                                                                             | design_final_i/top_ssr_0/inst/u_top_system/u_dsp_chain/u_mel/rst                                                                                          |                4 |             16 |         4.00 |
|  design_final_i/processing_system7_0/inst/FCLK_CLK0 | design_final_i/top_ssr_0/inst/u_top_system/u_dsp_chain/u_dft/frame_buf[252][15]_i_1_n_0                                                                            | design_final_i/top_ssr_0/inst/u_top_system/u_dsp_chain/u_mel/rst                                                                                          |                9 |             16 |         1.78 |
|  design_final_i/processing_system7_0/inst/FCLK_CLK0 | design_final_i/top_ssr_0/inst/u_top_system/u_dsp_chain/u_dft/frame_buf[57][15]_i_1_n_0                                                                             | design_final_i/top_ssr_0/inst/u_top_system/u_dsp_chain/u_mel/rst                                                                                          |                4 |             16 |         4.00 |
|  design_final_i/processing_system7_0/inst/FCLK_CLK0 | design_final_i/top_ssr_0/inst/u_top_system/u_dsp_chain/u_dft/frame_buf[255][15]_i_1_n_0                                                                            | design_final_i/top_ssr_0/inst/u_top_system/u_dsp_chain/u_mel/rst                                                                                          |                7 |             16 |         2.29 |
|  design_final_i/processing_system7_0/inst/FCLK_CLK0 | design_final_i/top_ssr_0/inst/u_top_system/u_dsp_chain/u_dft/frame_buf[253][15]_i_1_n_0                                                                            | design_final_i/top_ssr_0/inst/u_top_system/u_dsp_chain/u_mel/rst                                                                                          |                9 |             16 |         1.78 |
|  design_final_i/processing_system7_0/inst/FCLK_CLK0 | design_final_i/top_ssr_0/inst/u_top_system/u_dsp_chain/u_dft/frame_buf[31][15]_i_1_n_0                                                                             | design_final_i/top_ssr_0/inst/u_top_system/u_dsp_chain/u_mel/rst                                                                                          |               12 |             16 |         1.33 |
|  design_final_i/processing_system7_0/inst/FCLK_CLK0 | design_final_i/top_ssr_0/inst/u_top_system/u_dsp_chain/u_dft/frame_buf[59][15]_i_1_n_0                                                                             | design_final_i/top_ssr_0/inst/u_top_system/u_dsp_chain/u_mel/rst                                                                                          |                4 |             16 |         4.00 |
|  design_final_i/processing_system7_0/inst/FCLK_CLK0 | design_final_i/top_ssr_0/inst/u_top_system/u_dsp_chain/u_dft/frame_buf[33][15]_i_1_n_0                                                                             | design_final_i/top_ssr_0/inst/u_top_system/u_dsp_chain/u_mel/rst                                                                                          |                4 |             16 |         4.00 |
|  design_final_i/processing_system7_0/inst/FCLK_CLK0 | design_final_i/top_ssr_0/inst/u_top_system/u_dsp_chain/u_dft/frame_buf[5][15]_i_1_n_0                                                                              | design_final_i/top_ssr_0/inst/u_top_system/u_dsp_chain/u_mel/rst                                                                                          |                8 |             16 |         2.00 |
|  design_final_i/processing_system7_0/inst/FCLK_CLK0 | design_final_i/top_ssr_0/inst/u_top_system/u_dsp_chain/u_dft/frame_buf[60][15]_i_1_n_0                                                                             | design_final_i/top_ssr_0/inst/u_top_system/u_dsp_chain/u_mel/rst                                                                                          |                8 |             16 |         2.00 |
|  design_final_i/processing_system7_0/inst/FCLK_CLK0 | design_final_i/top_ssr_0/inst/u_top_system/u_dsp_chain/u_dft/frame_buf[254][15]_i_1_n_0                                                                            | design_final_i/top_ssr_0/inst/u_top_system/u_dsp_chain/u_mel/rst                                                                                          |                7 |             16 |         2.29 |
|  design_final_i/processing_system7_0/inst/FCLK_CLK0 | design_final_i/top_ssr_0/inst/u_top_system/u_dsp_chain/u_dft/frame_buf[40][15]_i_1_n_0                                                                             | design_final_i/top_ssr_0/inst/u_top_system/u_dsp_chain/u_mel/rst                                                                                          |                3 |             16 |         5.33 |
|  design_final_i/processing_system7_0/inst/FCLK_CLK0 | design_final_i/top_ssr_0/inst/u_top_system/u_dsp_chain/u_dft/frame_buf[41][15]_i_1_n_0                                                                             | design_final_i/top_ssr_0/inst/u_top_system/u_dsp_chain/u_mel/rst                                                                                          |                5 |             16 |         3.20 |
|  design_final_i/processing_system7_0/inst/FCLK_CLK0 | design_final_i/top_ssr_0/inst/u_top_system/u_dsp_chain/u_dft/frame_buf[25][15]_i_1_n_0                                                                             | design_final_i/top_ssr_0/inst/u_top_system/u_dsp_chain/u_mel/rst                                                                                          |                4 |             16 |         4.00 |
|  design_final_i/processing_system7_0/inst/FCLK_CLK0 | design_final_i/top_ssr_0/inst/u_top_system/u_dsp_chain/u_dft/frame_buf[32][15]_i_1_n_0                                                                             | design_final_i/top_ssr_0/inst/u_top_system/u_dsp_chain/u_mel/rst                                                                                          |                4 |             16 |         4.00 |
|  design_final_i/processing_system7_0/inst/FCLK_CLK0 | design_final_i/top_ssr_0/inst/u_top_system/u_dsp_chain/u_dft/frame_buf[73][15]_i_1_n_0                                                                             | design_final_i/top_ssr_0/inst/u_top_system/u_dsp_chain/u_mel/rst                                                                                          |                6 |             16 |         2.67 |
|  design_final_i/processing_system7_0/inst/FCLK_CLK0 | design_final_i/top_ssr_0/inst/u_top_system/u_dsp_chain/u_dft/frame_buf[76][15]_i_1_n_0                                                                             | design_final_i/top_ssr_0/inst/u_top_system/u_dsp_chain/u_mel/rst                                                                                          |                5 |             16 |         3.20 |
|  design_final_i/processing_system7_0/inst/FCLK_CLK0 | design_final_i/top_ssr_0/inst/u_top_system/u_dsp_chain/u_dft/frame_buf[66][15]_i_1_n_0                                                                             | design_final_i/top_ssr_0/inst/u_top_system/u_dsp_chain/u_mel/rst                                                                                          |                6 |             16 |         2.67 |
|  design_final_i/processing_system7_0/inst/FCLK_CLK0 | design_final_i/top_ssr_0/inst/u_top_system/u_dsp_chain/u_dft/frame_buf[6][15]_i_1_n_0                                                                              | design_final_i/top_ssr_0/inst/u_top_system/u_dsp_chain/u_mel/rst                                                                                          |                9 |             16 |         1.78 |
|  design_final_i/processing_system7_0/inst/FCLK_CLK0 | design_final_i/top_ssr_0/inst/u_top_system/u_dsp_chain/u_dft/frame_buf[63][15]_i_1_n_0                                                                             | design_final_i/top_ssr_0/inst/u_top_system/u_dsp_chain/u_mel/rst                                                                                          |                7 |             16 |         2.29 |
|  design_final_i/processing_system7_0/inst/FCLK_CLK0 | design_final_i/top_ssr_0/inst/u_top_system/u_dsp_chain/u_dft/frame_buf[72][15]_i_1_n_0                                                                             | design_final_i/top_ssr_0/inst/u_top_system/u_dsp_chain/u_mel/rst                                                                                          |                7 |             16 |         2.29 |
|  design_final_i/processing_system7_0/inst/FCLK_CLK0 | design_final_i/top_ssr_0/inst/u_top_system/u_dsp_chain/u_dft/frame_buf[75][15]_i_1_n_0                                                                             | design_final_i/top_ssr_0/inst/u_top_system/u_dsp_chain/u_mel/rst                                                                                          |                7 |             16 |         2.29 |
|  design_final_i/processing_system7_0/inst/FCLK_CLK0 | design_final_i/top_ssr_0/inst/u_top_system/u_dsp_chain/u_dft/frame_buf[69][15]_i_1_n_0                                                                             | design_final_i/top_ssr_0/inst/u_top_system/u_dsp_chain/u_mel/rst                                                                                          |                4 |             16 |         4.00 |
|  design_final_i/processing_system7_0/inst/FCLK_CLK0 | design_final_i/top_ssr_0/inst/u_top_system/u_dsp_chain/u_dft/frame_buf[62][15]_i_1_n_0                                                                             | design_final_i/top_ssr_0/inst/u_top_system/u_dsp_chain/u_mel/rst                                                                                          |               12 |             16 |         1.33 |
|  design_final_i/processing_system7_0/inst/FCLK_CLK0 | design_final_i/top_ssr_0/inst/u_top_system/u_dsp_chain/u_dft/frame_buf[70][15]_i_1_n_0                                                                             | design_final_i/top_ssr_0/inst/u_top_system/u_dsp_chain/u_mel/rst                                                                                          |                4 |             16 |         4.00 |
|  design_final_i/processing_system7_0/inst/FCLK_CLK0 | design_final_i/top_ssr_0/inst/u_top_system/u_dsp_chain/u_dft/frame_buf[64][15]_i_1_n_0                                                                             | design_final_i/top_ssr_0/inst/u_top_system/u_dsp_chain/u_mel/rst                                                                                          |                3 |             16 |         5.33 |
|  design_final_i/processing_system7_0/inst/FCLK_CLK0 | design_final_i/top_ssr_0/inst/u_top_system/u_dsp_chain/u_dft/frame_buf[61][15]_i_1_n_0                                                                             | design_final_i/top_ssr_0/inst/u_top_system/u_dsp_chain/u_mel/rst                                                                                          |                5 |             16 |         3.20 |
|  design_final_i/processing_system7_0/inst/FCLK_CLK0 | design_final_i/top_ssr_0/inst/u_top_system/u_dsp_chain/u_dft/frame_buf[67][15]_i_1_n_0                                                                             | design_final_i/top_ssr_0/inst/u_top_system/u_dsp_chain/u_mel/rst                                                                                          |                4 |             16 |         4.00 |
|  design_final_i/processing_system7_0/inst/FCLK_CLK0 | design_final_i/top_ssr_0/inst/u_top_system/u_dsp_chain/u_dft/frame_buf[74][15]_i_1_n_0                                                                             | design_final_i/top_ssr_0/inst/u_top_system/u_dsp_chain/u_mel/rst                                                                                          |                5 |             16 |         3.20 |
|  design_final_i/processing_system7_0/inst/FCLK_CLK0 | design_final_i/top_ssr_0/inst/u_top_system/u_dsp_chain/u_dft/frame_buf[65][15]_i_1_n_0                                                                             | design_final_i/top_ssr_0/inst/u_top_system/u_dsp_chain/u_mel/rst                                                                                          |                3 |             16 |         5.33 |
|  design_final_i/processing_system7_0/inst/FCLK_CLK0 | design_final_i/top_ssr_0/inst/u_top_system/u_dsp_chain/u_dft/frame_buf[68][15]_i_1_n_0                                                                             | design_final_i/top_ssr_0/inst/u_top_system/u_dsp_chain/u_mel/rst                                                                                          |                3 |             16 |         5.33 |
|  design_final_i/processing_system7_0/inst/FCLK_CLK0 | design_final_i/top_ssr_0/inst/u_top_system/u_dsp_chain/u_dft/frame_buf[71][15]_i_1_n_0                                                                             | design_final_i/top_ssr_0/inst/u_top_system/u_dsp_chain/u_mel/rst                                                                                          |                7 |             16 |         2.29 |
|  design_final_i/processing_system7_0/inst/FCLK_CLK0 | design_final_i/top_ssr_0/inst/u_top_system/u_dsp_chain/u_dft/frame_buf[79][15]_i_1_n_0                                                                             | design_final_i/top_ssr_0/inst/u_top_system/u_dsp_chain/u_mel/rst                                                                                          |                6 |             16 |         2.67 |
|  design_final_i/processing_system7_0/inst/FCLK_CLK0 | design_final_i/top_ssr_0/inst/u_top_system/u_dsp_chain/u_dft/frame_buf[90][15]_i_1_n_0                                                                             | design_final_i/top_ssr_0/inst/u_top_system/u_dsp_chain/u_mel/rst                                                                                          |                3 |             16 |         5.33 |
|  design_final_i/processing_system7_0/inst/FCLK_CLK0 | design_final_i/top_ssr_0/inst/u_top_system/u_dsp_chain/u_dct/logmel_buf[22][23]_i_1_n_0                                                                            | design_final_i/top_ssr_0/inst/u_top_system/u_dsp_chain/u_mel/rst                                                                                          |                6 |             17 |         2.83 |
|  design_final_i/processing_system7_0/inst/FCLK_CLK0 | design_final_i/top_ssr_0/inst/u_top_system/u_dsp_chain/u_dct/logmel_buf[4][23]_i_1_n_0                                                                             | design_final_i/top_ssr_0/inst/u_top_system/u_dsp_chain/u_mel/rst                                                                                          |                4 |             17 |         4.25 |
|  design_final_i/processing_system7_0/inst/FCLK_CLK0 | design_final_i/top_ssr_0/inst/u_top_system/u_dsp_chain/u_dct/logmel_buf[5][23]_i_1_n_0                                                                             | design_final_i/top_ssr_0/inst/u_top_system/u_dsp_chain/u_mel/rst                                                                                          |                3 |             17 |         5.67 |
|  design_final_i/processing_system7_0/inst/FCLK_CLK0 | design_final_i/top_ssr_0/inst/u_top_system/u_dsp_chain/u_dct/logmel_buf[9][23]_i_1_n_0                                                                             | design_final_i/top_ssr_0/inst/u_top_system/u_dsp_chain/u_mel/rst                                                                                          |                7 |             17 |         2.43 |
|  design_final_i/processing_system7_0/inst/FCLK_CLK0 | design_final_i/top_ssr_0/inst/u_top_system/u_dsp_chain/u_dct/logmel_buf[7][23]_i_1_n_0                                                                             | design_final_i/top_ssr_0/inst/u_top_system/u_dsp_chain/u_mel/rst                                                                                          |                9 |             17 |         1.89 |
|  design_final_i/processing_system7_0/inst/FCLK_CLK0 | design_final_i/top_ssr_0/inst/u_top_system/u_dsp_chain/u_dct/logmel_buf[6][23]_i_1_n_0                                                                             | design_final_i/top_ssr_0/inst/u_top_system/u_dsp_chain/u_mel/rst                                                                                          |                5 |             17 |         3.40 |
|  design_final_i/processing_system7_0/inst/FCLK_CLK0 | design_final_i/top_ssr_0/inst/u_top_system/u_dsp_chain/u_dct/logmel_buf[8][23]_i_1_n_0                                                                             | design_final_i/top_ssr_0/inst/u_top_system/u_dsp_chain/u_mel/rst                                                                                          |                5 |             17 |         3.40 |
|  design_final_i/processing_system7_0/inst/FCLK_CLK0 | design_final_i/top_ssr_0/inst/u_top_system/u_dsp_chain/u_dct/logmel_buf[11][23]_i_1_n_0                                                                            | design_final_i/top_ssr_0/inst/u_top_system/u_dsp_chain/u_mel/rst                                                                                          |                3 |             17 |         5.67 |
|  design_final_i/processing_system7_0/inst/FCLK_CLK0 | design_final_i/top_ssr_0/inst/u_top_system/u_dsp_chain/u_dct/logmel_buf[21][23]_i_1_n_0                                                                            | design_final_i/top_ssr_0/inst/u_top_system/u_dsp_chain/u_mel/rst                                                                                          |                4 |             17 |         4.25 |
|  design_final_i/processing_system7_0/inst/FCLK_CLK0 | design_final_i/top_ssr_0/inst/u_top_system/u_dsp_chain/u_dct/logmel_buf[13][23]_i_1_n_0                                                                            | design_final_i/top_ssr_0/inst/u_top_system/u_dsp_chain/u_mel/rst                                                                                          |                4 |             17 |         4.25 |
|  design_final_i/processing_system7_0/inst/FCLK_CLK0 | design_final_i/top_ssr_0/inst/u_top_system/u_dsp_chain/u_dct/logmel_buf[25][23]_i_1_n_0                                                                            | design_final_i/top_ssr_0/inst/u_top_system/u_dsp_chain/u_mel/rst                                                                                          |                8 |             17 |         2.12 |
|  design_final_i/processing_system7_0/inst/FCLK_CLK0 | design_final_i/top_ssr_0/inst/u_top_system/u_dsp_chain/u_dct/logmel_buf[15][23]_i_1_n_0                                                                            | design_final_i/top_ssr_0/inst/u_top_system/u_dsp_chain/u_mel/rst                                                                                          |                5 |             17 |         3.40 |
|  design_final_i/processing_system7_0/inst/FCLK_CLK0 | design_final_i/top_ssr_0/inst/u_top_system/u_dsp_chain/u_dct/logmel_buf[1][23]_i_1_n_0                                                                             | design_final_i/top_ssr_0/inst/u_top_system/u_dsp_chain/u_mel/rst                                                                                          |                5 |             17 |         3.40 |
|  design_final_i/processing_system7_0/inst/FCLK_CLK0 | design_final_i/top_ssr_0/inst/u_top_system/u_dsp_chain/u_dct/logmel_buf[14][23]_i_1_n_0                                                                            | design_final_i/top_ssr_0/inst/u_top_system/u_dsp_chain/u_mel/rst                                                                                          |                6 |             17 |         2.83 |
|  design_final_i/processing_system7_0/inst/FCLK_CLK0 | design_final_i/top_ssr_0/inst/u_top_system/u_dsp_chain/u_dct/logmel_buf[20][23]_i_1_n_0                                                                            | design_final_i/top_ssr_0/inst/u_top_system/u_dsp_chain/u_mel/rst                                                                                          |                4 |             17 |         4.25 |
|  design_final_i/processing_system7_0/inst/FCLK_CLK0 | design_final_i/top_ssr_0/inst/u_top_system/u_dsp_chain/u_dct/logmel_buf[19][23]_i_1_n_0                                                                            | design_final_i/top_ssr_0/inst/u_top_system/u_dsp_chain/u_mel/rst                                                                                          |                7 |             17 |         2.43 |
|  design_final_i/processing_system7_0/inst/FCLK_CLK0 | design_final_i/top_ssr_0/inst/u_top_system/u_dsp_chain/u_dct/logmel_buf[2][23]_i_1_n_0                                                                             | design_final_i/top_ssr_0/inst/u_top_system/u_dsp_chain/u_mel/rst                                                                                          |                4 |             17 |         4.25 |
|  design_final_i/processing_system7_0/inst/FCLK_CLK0 | design_final_i/top_ssr_0/inst/u_top_system/u_dsp_chain/u_dct/logmel_buf[16][23]_i_1_n_0                                                                            | design_final_i/top_ssr_0/inst/u_top_system/u_dsp_chain/u_mel/rst                                                                                          |                5 |             17 |         3.40 |
|  design_final_i/processing_system7_0/inst/FCLK_CLK0 | design_final_i/top_ssr_0/inst/u_top_system/u_dsp_chain/u_dct/logmel_buf[23][23]_i_1_n_0                                                                            | design_final_i/top_ssr_0/inst/u_top_system/u_dsp_chain/u_mel/rst                                                                                          |                7 |             17 |         2.43 |
|  design_final_i/processing_system7_0/inst/FCLK_CLK0 | design_final_i/top_ssr_0/inst/u_top_system/u_dsp_chain/u_dct/logmel_buf[0][23]_i_1_n_0                                                                             | design_final_i/top_ssr_0/inst/u_top_system/u_dsp_chain/u_mel/rst                                                                                          |                4 |             17 |         4.25 |
|  design_final_i/processing_system7_0/inst/FCLK_CLK0 | design_final_i/top_ssr_0/inst/u_top_system/u_dsp_chain/u_dct/logmel_buf[12][23]_i_1_n_0                                                                            | design_final_i/top_ssr_0/inst/u_top_system/u_dsp_chain/u_mel/rst                                                                                          |                3 |             17 |         5.67 |
|  design_final_i/processing_system7_0/inst/FCLK_CLK0 | design_final_i/top_ssr_0/inst/u_top_system/u_dsp_chain/u_dct/logmel_buf[24][23]_i_1_n_0                                                                            | design_final_i/top_ssr_0/inst/u_top_system/u_dsp_chain/u_mel/rst                                                                                          |                6 |             17 |         2.83 |
|  design_final_i/processing_system7_0/inst/FCLK_CLK0 | design_final_i/top_ssr_0/inst/u_top_system/u_dsp_chain/u_dct/logmel_buf[17][23]_i_1_n_0                                                                            | design_final_i/top_ssr_0/inst/u_top_system/u_dsp_chain/u_mel/rst                                                                                          |                3 |             17 |         5.67 |
|  design_final_i/processing_system7_0/inst/FCLK_CLK0 | design_final_i/top_ssr_0/inst/u_top_system/u_dsp_chain/u_dct/logmel_buf[18][23]_i_1_n_0                                                                            | design_final_i/top_ssr_0/inst/u_top_system/u_dsp_chain/u_mel/rst                                                                                          |                8 |             17 |         2.12 |
|  design_final_i/processing_system7_0/inst/FCLK_CLK0 | design_final_i/top_ssr_0/inst/u_top_system/u_dsp_chain/u_dct/logmel_buf[3][23]_i_1_n_0                                                                             | design_final_i/top_ssr_0/inst/u_top_system/u_dsp_chain/u_mel/rst                                                                                          |                7 |             17 |         2.43 |
|  design_final_i/processing_system7_0/inst/FCLK_CLK0 | design_final_i/top_ssr_0/inst/u_top_system/u_dsp_chain/u_dct/logmel_buf[10][23]_i_1_n_0                                                                            | design_final_i/top_ssr_0/inst/u_top_system/u_dsp_chain/u_mel/rst                                                                                          |                5 |             17 |         3.40 |
|  design_final_i/processing_system7_0/inst/FCLK_CLK0 | design_final_i/ps7_0_axi_periph/s00_couplers/auto_pc/inst/gen_axilite.gen_b2s_conv.axilite_b2s/RD.ar_channel_0/ar_cmd_fsm_0/m_axi_arready_2                        |                                                                                                                                                           |                7 |             21 |         3.00 |
|  design_final_i/processing_system7_0/inst/FCLK_CLK0 |                                                                                                                                                                    | design_final_i/axi_gpio_0/U0/AXI_LITE_IPIF_I/I_SLAVE_ATTACHMENT/SR[0]                                                                                     |                6 |             21 |         3.50 |
|  design_final_i/processing_system7_0/inst/FCLK_CLK0 | design_final_i/top_ssr_0/inst/u_top_system/u_dsp_chain/u_agg/state_reg[3]_0[0]                                                                                     | design_final_i/top_ssr_0/inst/u_top_system/u_dsp_chain/u_mel/rst                                                                                          |               11 |             21 |         1.91 |
|  design_final_i/processing_system7_0/inst/FCLK_CLK0 |                                                                                                                                                                    | design_final_i/top_ssr_0/inst/u_top_system/u_dsp_chain/u_mel/rst                                                                                          |               12 |             22 |         1.83 |
|  design_final_i/processing_system7_0/inst/FCLK_CLK0 | design_final_i/top_ssr_0/inst/u_top_system/u_top_nn/u_dense_layer_1/output_vector[31][23]_i_2_n_0                                                                  | design_final_i/top_ssr_0/inst/u_top_system/u_top_nn/u_dense_layer_1/output_vector[15][23]_i_1_n_0                                                         |                6 |             24 |         4.00 |
|  design_final_i/processing_system7_0/inst/FCLK_CLK0 | design_final_i/top_ssr_0/inst/u_top_system/u_top_nn/u_dense_layer_1/output_vector[31][23]_i_2_n_0                                                                  | design_final_i/top_ssr_0/inst/u_top_system/u_top_nn/u_dense_layer_1/output_vector[16][23]_i_1_n_0                                                         |                6 |             24 |         4.00 |
|  design_final_i/processing_system7_0/inst/FCLK_CLK0 | design_final_i/top_ssr_0/inst/u_top_system/u_top_nn/u_dense_layer_1/output_vector[31][23]_i_2_n_0                                                                  | design_final_i/top_ssr_0/inst/u_top_system/u_top_nn/u_dense_layer_1/output_vector[17][23]_i_1_n_0                                                         |                6 |             24 |         4.00 |
|  design_final_i/processing_system7_0/inst/FCLK_CLK0 | design_final_i/top_ssr_0/inst/u_top_system/u_top_nn/u_dense_layer_1/output_vector[31][23]_i_2_n_0                                                                  | design_final_i/top_ssr_0/inst/u_top_system/u_top_nn/u_dense_layer_1/output_vector[18][17]_i_1_n_0                                                         |                6 |             24 |         4.00 |
|  design_final_i/processing_system7_0/inst/FCLK_CLK0 | design_final_i/top_ssr_0/inst/u_top_system/u_top_nn/u_dense_layer_1/output_vector[31][23]_i_2_n_0                                                                  | design_final_i/top_ssr_0/inst/u_top_system/u_top_nn/u_dense_layer_1/output_vector[20][17]_i_1_n_0                                                         |                6 |             24 |         4.00 |
|  design_final_i/processing_system7_0/inst/FCLK_CLK0 | design_final_i/top_ssr_0/inst/u_top_system/u_top_nn/u_dense_layer_1/output_vector[31][23]_i_2_n_0                                                                  | design_final_i/top_ssr_0/inst/u_top_system/u_top_nn/u_dense_layer_1/output_vector[21][23]_i_1_n_0                                                         |                6 |             24 |         4.00 |
|  design_final_i/processing_system7_0/inst/FCLK_CLK0 | design_final_i/top_ssr_0/inst/u_top_system/u_top_nn/u_dense_layer_1/output_vector[31][23]_i_2_n_0                                                                  | design_final_i/top_ssr_0/inst/u_top_system/u_top_nn/u_dense_layer_1/output_vector[23][23]_i_1_n_0                                                         |                6 |             24 |         4.00 |
|  design_final_i/processing_system7_0/inst/FCLK_CLK0 | design_final_i/top_ssr_0/inst/u_top_system/u_top_nn/u_dense_layer_1/output_vector[31][23]_i_2_n_0                                                                  | design_final_i/top_ssr_0/inst/u_top_system/u_top_nn/u_dense_layer_1/output_vector[24][23]_i_1_n_0                                                         |                6 |             24 |         4.00 |
|  design_final_i/processing_system7_0/inst/FCLK_CLK0 | design_final_i/top_ssr_0/inst/u_top_system/u_top_nn/u_dense_layer_1/output_vector[31][23]_i_2_n_0                                                                  | design_final_i/top_ssr_0/inst/u_top_system/u_top_nn/u_dense_layer_1/output_vector[25][17]_i_1_n_0                                                         |                6 |             24 |         4.00 |
|  design_final_i/processing_system7_0/inst/FCLK_CLK0 | design_final_i/top_ssr_0/inst/u_top_system/u_dsp_chain/u_agg/sqrt_rem                                                                                              | design_final_i/top_ssr_0/inst/u_top_system/u_dsp_chain/u_agg/sqrt_rem[95]_i_1_n_0                                                                         |                6 |             24 |         4.00 |
|  design_final_i/processing_system7_0/inst/FCLK_CLK0 | design_final_i/top_ssr_0/inst/u_top_system/u_dsp_chain/u_dct/FSM_onehot_state_reg[0]_0[0]                                                                          | design_final_i/top_ssr_0/inst/u_top_system/u_dsp_chain/u_mel/rst                                                                                          |                6 |             24 |         4.00 |
|  design_final_i/processing_system7_0/inst/FCLK_CLK0 | design_final_i/ps7_0_axi_periph/xbar/inst/gen_sasd.crossbar_sasd_0/addr_arbiter_inst/p_0_in1_in                                                                    | design_final_i/ps7_0_axi_periph/xbar/inst/gen_sasd.crossbar_sasd_0/addr_arbiter_inst/SR[0]                                                                |               10 |             24 |         2.40 |
|  design_final_i/processing_system7_0/inst/FCLK_CLK0 | design_final_i/ps7_0_axi_periph/s00_couplers/auto_pc/inst/gen_axilite.gen_b2s_conv.axilite_b2s/WR.aw_channel_0/aw_cmd_fsm_0/FSM_sequential_state_reg[0]_1          |                                                                                                                                                           |                9 |             24 |         2.67 |
|  design_final_i/processing_system7_0/inst/FCLK_CLK0 | design_final_i/top_ssr_0/inst/u_top_system/u_top_nn/u_dense_layer_1/output_vector[31][23]_i_2_n_0                                                                  | design_final_i/top_ssr_0/inst/u_top_system/u_top_nn/u_dense_layer_1/p_0_out__12_i_1_n_0                                                                   |                6 |             24 |         4.00 |
|  design_final_i/processing_system7_0/inst/FCLK_CLK0 | design_final_i/top_ssr_0/inst/u_top_system/u_top_nn/u_dense_layer_1/output_vector[31][23]_i_2_n_0                                                                  | design_final_i/top_ssr_0/inst/u_top_system/u_top_nn/u_dense_layer_1/RSTA                                                                                  |                6 |             24 |         4.00 |
|  design_final_i/processing_system7_0/inst/FCLK_CLK0 | design_final_i/top_ssr_0/inst/u_top_system/u_top_nn/u_dense_layer_1/output_vector[31][23]_i_2_n_0                                                                  | design_final_i/top_ssr_0/inst/u_top_system/u_top_nn/u_dense_layer_1/clear                                                                                 |                6 |             24 |         4.00 |
|  design_final_i/processing_system7_0/inst/FCLK_CLK0 | design_final_i/top_ssr_0/inst/u_top_system/u_top_nn/u_dense_layer_1/output_vector[31][23]_i_2_n_0                                                                  | design_final_i/top_ssr_0/inst/u_top_system/u_top_nn/u_dense_layer_1/p_0_out__18_i_1_n_0                                                                   |                6 |             24 |         4.00 |
|  design_final_i/processing_system7_0/inst/FCLK_CLK0 | design_final_i/top_ssr_0/inst/u_top_system/u_top_nn/u_dense_layer_1/output_vector[31][23]_i_2_n_0                                                                  | design_final_i/top_ssr_0/inst/u_top_system/u_top_nn/u_dense_layer_1/p_0_out__32_i_1_n_0                                                                   |                6 |             24 |         4.00 |
|  design_final_i/processing_system7_0/inst/FCLK_CLK0 | design_final_i/top_ssr_0/inst/u_top_system/u_top_nn/u_dense_layer_1/output_vector[31][23]_i_2_n_0                                                                  | design_final_i/top_ssr_0/inst/u_top_system/u_top_nn/u_dense_layer_1/output_vector[28][17]_i_1_n_0                                                         |                6 |             24 |         4.00 |
|  design_final_i/processing_system7_0/inst/FCLK_CLK0 | design_final_i/top_ssr_0/inst/u_top_system/u_top_nn/u_dense_layer_1/output_vector[31][23]_i_2_n_0                                                                  | design_final_i/top_ssr_0/inst/u_top_system/u_top_nn/u_dense_layer_1/output_vector[29][17]_i_1_n_0                                                         |                6 |             24 |         4.00 |
|  design_final_i/processing_system7_0/inst/FCLK_CLK0 | design_final_i/top_ssr_0/inst/u_top_system/u_top_nn/u_dense_layer_1/output_vector[31][23]_i_2_n_0                                                                  | design_final_i/top_ssr_0/inst/u_top_system/u_top_nn/u_dense_layer_1/output_vector[2][23]_i_1_n_0                                                          |                6 |             24 |         4.00 |
|  design_final_i/processing_system7_0/inst/FCLK_CLK0 | design_final_i/top_ssr_0/inst/u_top_system/u_top_nn/u_dense_layer_1/output_vector[31][23]_i_2_n_0                                                                  | design_final_i/top_ssr_0/inst/u_top_system/u_top_nn/u_dense_layer_1/output_vector[30][23]_i_1_n_0                                                         |                6 |             24 |         4.00 |
|  design_final_i/processing_system7_0/inst/FCLK_CLK0 | design_final_i/top_ssr_0/inst/u_top_system/u_top_nn/u_dense_layer_1/output_vector[31][23]_i_2_n_0                                                                  | design_final_i/top_ssr_0/inst/u_top_system/u_top_nn/u_dense_layer_1/output_vector[3][23]_i_1_n_0                                                          |                6 |             24 |         4.00 |
|  design_final_i/processing_system7_0/inst/FCLK_CLK0 | design_final_i/top_ssr_0/inst/u_top_system/u_top_nn/u_dense_layer_1/output_vector[31][23]_i_2_n_0                                                                  | design_final_i/top_ssr_0/inst/u_top_system/u_top_nn/u_dense_layer_1/output_vector[4][23]_i_1_n_0                                                          |                6 |             24 |         4.00 |
|  design_final_i/processing_system7_0/inst/FCLK_CLK0 | design_final_i/top_ssr_0/inst/u_top_system/u_top_nn/u_dense_layer_1/output_vector[31][23]_i_2_n_0                                                                  | design_final_i/top_ssr_0/inst/u_top_system/u_top_nn/u_dense_layer_1/output_vector[5][23]_i_1_n_0                                                          |                6 |             24 |         4.00 |
|  design_final_i/processing_system7_0/inst/FCLK_CLK0 | design_final_i/top_ssr_0/inst/u_top_system/u_top_nn/u_dense_layer_1/output_vector[31][23]_i_2_n_0                                                                  | design_final_i/top_ssr_0/inst/u_top_system/u_top_nn/u_dense_layer_1/output_vector[6][23]_i_1_n_0                                                          |                6 |             24 |         4.00 |
|  design_final_i/processing_system7_0/inst/FCLK_CLK0 | design_final_i/top_ssr_0/inst/u_top_system/u_top_nn/u_dense_layer_1/output_vector[31][23]_i_2_n_0                                                                  | design_final_i/top_ssr_0/inst/u_top_system/u_top_nn/u_dense_layer_1/output_vector[7][23]_i_1_n_0                                                          |                6 |             24 |         4.00 |
|  design_final_i/processing_system7_0/inst/FCLK_CLK0 | design_final_i/top_ssr_0/inst/u_top_system/u_top_nn/u_dense_layer_1/output_vector[31][23]_i_2_n_0                                                                  | design_final_i/top_ssr_0/inst/u_top_system/u_top_nn/u_dense_layer_1/output_vector[8][23]_i_1_n_0                                                          |                6 |             24 |         4.00 |
|  design_final_i/processing_system7_0/inst/FCLK_CLK0 | design_final_i/top_ssr_0/inst/u_top_system/u_top_nn/u_dense_layer_1/output_vector[31][23]_i_2_n_0                                                                  | design_final_i/top_ssr_0/inst/u_top_system/u_top_nn/u_dense_layer_1/output_vector[9][23]_i_1_n_0                                                          |                6 |             24 |         4.00 |
|  design_final_i/processing_system7_0/inst/FCLK_CLK0 | design_final_i/top_ssr_0/inst/u_top_system/u_top_nn/u_dense_layer_1/output_vector[31][23]_i_2_n_0                                                                  | design_final_i/top_ssr_0/inst/u_top_system/u_top_nn/u_dense_layer_1/output_vector[26][17]_i_1_n_0                                                         |                6 |             24 |         4.00 |
|  design_final_i/processing_system7_0/inst/FCLK_CLK0 | design_final_i/top_ssr_0/inst/u_top_system/u_top_nn/u_dense_layer_1/output_vector[31][23]_i_2_n_0                                                                  | design_final_i/top_ssr_0/inst/u_top_system/u_top_nn/u_dense_layer_1/output_vector[27][17]_i_1_n_0                                                         |                6 |             24 |         4.00 |
|  design_final_i/processing_system7_0/inst/FCLK_CLK0 | design_final_i/top_ssr_0/inst/u_top_system/u_top_nn/u_dense_layer_1/output_vector[31][23]_i_2_n_0                                                                  | design_final_i/top_ssr_0/inst/u_top_system/u_top_nn/u_dense_layer_1/output_vector[0][23]_i_1_n_0                                                          |                6 |             24 |         4.00 |
|  design_final_i/processing_system7_0/inst/FCLK_CLK0 | design_final_i/top_ssr_0/inst/u_top_system/u_top_nn/u_dense_layer_1/output_vector[31][23]_i_2_n_0                                                                  | design_final_i/top_ssr_0/inst/u_top_system/u_top_nn/u_dense_layer_1/output_vector[10][17]_i_1_n_0                                                         |                6 |             24 |         4.00 |
|  design_final_i/processing_system7_0/inst/FCLK_CLK0 | design_final_i/top_ssr_0/inst/u_top_system/u_top_nn/u_dense_layer_1/output_vector[31][23]_i_2_n_0                                                                  | design_final_i/top_ssr_0/inst/u_top_system/u_top_nn/u_dense_layer_1/output_vector[11][23]_i_1_n_0                                                         |                6 |             24 |         4.00 |
|  design_final_i/processing_system7_0/inst/FCLK_CLK0 | design_final_i/top_ssr_0/inst/u_top_system/u_top_nn/u_dense_layer_1/output_vector[31][23]_i_2_n_0                                                                  | design_final_i/top_ssr_0/inst/u_top_system/u_top_nn/u_dense_layer_1/output_vector[12][23]_i_1_n_0                                                         |                6 |             24 |         4.00 |
|  design_final_i/processing_system7_0/inst/FCLK_CLK0 | design_final_i/top_ssr_0/inst/u_top_system/u_top_nn/u_dense_layer_1/output_vector[31][23]_i_2_n_0                                                                  | design_final_i/top_ssr_0/inst/u_top_system/u_top_nn/u_dense_layer_1/output_vector[13][17]_i_1_n_0                                                         |                6 |             24 |         4.00 |
|  design_final_i/processing_system7_0/inst/FCLK_CLK0 | design_final_i/top_ssr_0/inst/u_top_system/u_dsp_chain/u_dct/E[0]                                                                                                  | design_final_i/top_ssr_0/inst/u_top_system/u_dsp_chain/u_mel/rst                                                                                          |               11 |             29 |         2.64 |
|  design_final_i/processing_system7_0/inst/FCLK_CLK0 | design_final_i/top_ssr_0/inst/u_top_system/u_dsp_chain/u_dft/CEB2                                                                                                  | design_final_i/top_ssr_0/inst/u_top_system/u_dsp_chain/u_mel/rst                                                                                          |               13 |             31 |         2.38 |
|  design_final_i/processing_system7_0/inst/FCLK_CLK0 | design_final_i/top_ssr_0/inst/u_top_system/u_dsp_chain/u_dct/FSM_onehot_state_reg[2]_0[1]                                                                          | design_final_i/top_ssr_0/inst/u_top_system/u_dsp_chain/u_mel/rst                                                                                          |                8 |             31 |         3.88 |
|  design_final_i/processing_system7_0/inst/FCLK_CLK0 | design_final_i/top_ssr_0/inst/u_top_system/u_dsp_chain/u_agg/feat_mem[17][15]_i_1_n_0                                                                              | design_final_i/top_ssr_0/inst/u_top_system/u_dsp_chain/u_mel/rst                                                                                          |               12 |             32 |         2.67 |
|  design_final_i/processing_system7_0/inst/FCLK_CLK0 | design_final_i/top_ssr_0/inst/u_top_system/u_dsp_chain/u_agg/feat_mem[20][15]_i_1_n_0                                                                              | design_final_i/top_ssr_0/inst/u_top_system/u_dsp_chain/u_mel/rst                                                                                          |               12 |             32 |         2.67 |
|  design_final_i/processing_system7_0/inst/FCLK_CLK0 | design_final_i/top_ssr_0/inst/u_top_system/u_dsp_chain/u_agg/feat_mem[23][15]_i_1_n_0                                                                              | design_final_i/top_ssr_0/inst/u_top_system/u_dsp_chain/u_mel/rst                                                                                          |               12 |             32 |         2.67 |
|  design_final_i/processing_system7_0/inst/FCLK_CLK0 | design_final_i/top_ssr_0/inst/u_top_system/u_dsp_chain/u_agg/feat_mem[24][15]_i_1_n_0                                                                              | design_final_i/top_ssr_0/inst/u_top_system/u_dsp_chain/u_mel/rst                                                                                          |               13 |             32 |         2.46 |
|  design_final_i/processing_system7_0/inst/FCLK_CLK0 | design_final_i/top_ssr_0/inst/u_top_system/u_dsp_chain/u_agg/feat_mem[22][15]_i_1_n_0                                                                              | design_final_i/top_ssr_0/inst/u_top_system/u_dsp_chain/u_mel/rst                                                                                          |               15 |             32 |         2.13 |
|  design_final_i/processing_system7_0/inst/FCLK_CLK0 | design_final_i/top_ssr_0/inst/u_top_system/u_dsp_chain/u_agg/feat_mem[16][15]_i_1_n_0                                                                              | design_final_i/top_ssr_0/inst/u_top_system/u_dsp_chain/u_mel/rst                                                                                          |               13 |             32 |         2.46 |
|  design_final_i/processing_system7_0/inst/FCLK_CLK0 | design_final_i/top_ssr_0/inst/u_top_system/u_dsp_chain/u_agg/feat_mem[19][15]_i_1_n_0                                                                              | design_final_i/top_ssr_0/inst/u_top_system/u_dsp_chain/u_mel/rst                                                                                          |               15 |             32 |         2.13 |
|  design_final_i/processing_system7_0/inst/FCLK_CLK0 | design_final_i/top_ssr_0/inst/u_top_system/u_dsp_chain/u_agg/feat_mem[18][15]_i_1_n_0                                                                              | design_final_i/top_ssr_0/inst/u_top_system/u_dsp_chain/u_mel/rst                                                                                          |               16 |             32 |         2.00 |
|  design_final_i/processing_system7_0/inst/FCLK_CLK0 | design_final_i/top_ssr_0/inst/u_top_system/u_dsp_chain/u_agg/feat_mem[21][15]_i_1_n_0                                                                              | design_final_i/top_ssr_0/inst/u_top_system/u_dsp_chain/u_mel/rst                                                                                          |               15 |             32 |         2.13 |
|  design_final_i/processing_system7_0/inst/FCLK_CLK0 | design_final_i/top_ssr_0/inst/u_top_system/u_dsp_chain/u_agg/feat_mem[25][15]_i_1_n_0                                                                              | design_final_i/top_ssr_0/inst/u_top_system/u_dsp_chain/u_mel/rst                                                                                          |               11 |             32 |         2.91 |
|  design_final_i/processing_system7_0/inst/FCLK_CLK0 | design_final_i/top_ssr_0/inst/u_top_system/u_dsp_chain/u_framing/emit_idx[8]_i_1_n_0                                                                               | design_final_i/top_ssr_0/inst/u_top_system/u_dsp_chain/u_mel/rst                                                                                          |               19 |             33 |         1.74 |
|  design_final_i/processing_system7_0/inst/FCLK_CLK0 | design_final_i/ps7_0_axi_periph/s00_couplers/auto_pc/inst/gen_axilite.gen_b2s_conv.axilite_b2s/RD.r_channel_0/rd_data_fifo_0/wr_en0                                |                                                                                                                                                           |                9 |             34 |         3.78 |
|  design_final_i/processing_system7_0/inst/FCLK_CLK0 | design_final_i/top_ssr_0/inst/u_top_system/u_dsp_chain/u_agg/suma_sq                                                                                               |                                                                                                                                                           |               14 |             34 |         2.43 |
|  design_final_i/processing_system7_0/inst/FCLK_CLK0 | design_final_i/ps7_0_axi_periph/xbar/inst/gen_sasd.crossbar_sasd_0/addr_arbiter_inst/E[0]                                                                          |                                                                                                                                                           |               10 |             35 |         3.50 |
|  design_final_i/processing_system7_0/inst/FCLK_CLK0 | design_final_i/top_ssr_0/inst/u_top_system/u_dsp_chain/u_dft/FSM_sequential_state_reg[0]_0                                                                         | design_final_i/top_ssr_0/inst/u_top_system/u_dsp_chain/u_mel/rst                                                                                          |               29 |             38 |         1.31 |
|  design_final_i/processing_system7_0/inst/FCLK_CLK0 | design_final_i/ps7_0_axi_periph/s00_couplers/auto_pc/inst/gen_axilite.gen_b2s_conv.axilite_b2s/SI_REG/r.r_pipe/s_ready_i_reg_0                                     |                                                                                                                                                           |                9 |             47 |         5.22 |
|  design_final_i/processing_system7_0/inst/FCLK_CLK0 | design_final_i/ps7_0_axi_periph/s00_couplers/auto_pc/inst/gen_axilite.gen_b2s_conv.axilite_b2s/SI_REG/r.r_pipe/p_1_in                                              |                                                                                                                                                           |                9 |             47 |         5.22 |
|  design_final_i/processing_system7_0/inst/FCLK_CLK0 | design_final_i/top_ssr_0/inst/u_top_system/u_dsp_chain/u_mel/power_buf[39][47]_i_1_n_0                                                                             | design_final_i/top_ssr_0/inst/u_top_system/u_dsp_chain/u_mel/rst                                                                                          |               16 |             48 |         3.00 |
|  design_final_i/processing_system7_0/inst/FCLK_CLK0 | design_final_i/top_ssr_0/inst/u_top_system/u_dsp_chain/u_mel/power_buf[41][47]_i_1_n_0                                                                             | design_final_i/top_ssr_0/inst/u_top_system/u_dsp_chain/u_mel/rst                                                                                          |               17 |             48 |         2.82 |
|  design_final_i/processing_system7_0/inst/FCLK_CLK0 | design_final_i/top_ssr_0/inst/u_top_system/u_dsp_chain/u_mel/power_buf[33][47]_i_1_n_0                                                                             | design_final_i/top_ssr_0/inst/u_top_system/u_dsp_chain/u_mel/rst                                                                                          |               16 |             48 |         3.00 |
|  design_final_i/processing_system7_0/inst/FCLK_CLK0 | design_final_i/top_ssr_0/inst/u_top_system/u_dsp_chain/u_mel/power_buf[36][47]_i_1_n_0                                                                             | design_final_i/top_ssr_0/inst/u_top_system/u_dsp_chain/u_mel/rst                                                                                          |               14 |             48 |         3.43 |
|  design_final_i/processing_system7_0/inst/FCLK_CLK0 | design_final_i/top_ssr_0/inst/u_top_system/u_dsp_chain/u_mel/power_buf[19][47]_i_1_n_0                                                                             | design_final_i/top_ssr_0/inst/u_top_system/u_dsp_chain/u_mel/rst                                                                                          |               18 |             48 |         2.67 |
|  design_final_i/processing_system7_0/inst/FCLK_CLK0 | design_final_i/top_ssr_0/inst/u_top_system/u_dsp_chain/u_mel/power_buf[123][47]_i_1_n_0                                                                            | design_final_i/top_ssr_0/inst/u_top_system/u_dsp_chain/u_mel/rst                                                                                          |               25 |             48 |         1.92 |
|  design_final_i/processing_system7_0/inst/FCLK_CLK0 | design_final_i/top_ssr_0/inst/u_top_system/u_dsp_chain/u_mel/power_buf[124][47]_i_1_n_0                                                                            | design_final_i/top_ssr_0/inst/u_top_system/u_dsp_chain/u_mel/rst                                                                                          |               25 |             48 |         1.92 |
|  design_final_i/processing_system7_0/inst/FCLK_CLK0 | design_final_i/top_ssr_0/inst/u_top_system/u_dsp_chain/u_mel/power_buf[25][47]_i_1_n_0                                                                             | design_final_i/top_ssr_0/inst/u_top_system/u_dsp_chain/u_mel/rst                                                                                          |               18 |             48 |         2.67 |
|  design_final_i/processing_system7_0/inst/FCLK_CLK0 | design_final_i/top_ssr_0/inst/u_top_system/u_dsp_chain/u_mel/power_buf[121][47]_i_1_n_0                                                                            | design_final_i/top_ssr_0/inst/u_top_system/u_dsp_chain/u_mel/rst                                                                                          |               22 |             48 |         2.18 |
|  design_final_i/processing_system7_0/inst/FCLK_CLK0 | design_final_i/top_ssr_0/inst/u_top_system/u_dsp_chain/u_mel/power_buf[12][47]_i_1_n_0                                                                             | design_final_i/top_ssr_0/inst/u_top_system/u_dsp_chain/u_mel/rst                                                                                          |               14 |             48 |         3.43 |
|  design_final_i/processing_system7_0/inst/FCLK_CLK0 | design_final_i/top_ssr_0/inst/u_top_system/u_dsp_chain/u_mel/power_buf[40][47]_i_1_n_0                                                                             | design_final_i/top_ssr_0/inst/u_top_system/u_dsp_chain/u_mel/rst                                                                                          |               16 |             48 |         3.00 |
|  design_final_i/processing_system7_0/inst/FCLK_CLK0 | design_final_i/top_ssr_0/inst/u_top_system/u_dsp_chain/u_mel/power_buf[42][47]_i_1_n_0                                                                             | design_final_i/top_ssr_0/inst/u_top_system/u_dsp_chain/u_mel/rst                                                                                          |               19 |             48 |         2.53 |
|  design_final_i/processing_system7_0/inst/FCLK_CLK0 | design_final_i/top_ssr_0/inst/u_top_system/u_dsp_chain/u_mel/power_buf[1][47]_i_1_n_0                                                                              | design_final_i/top_ssr_0/inst/u_top_system/u_dsp_chain/u_mel/rst                                                                                          |               14 |             48 |         3.43 |
|  design_final_i/processing_system7_0/inst/FCLK_CLK0 | design_final_i/top_ssr_0/inst/u_top_system/u_dsp_chain/u_mel/power_buf[24][47]_i_1_n_0                                                                             | design_final_i/top_ssr_0/inst/u_top_system/u_dsp_chain/u_mel/rst                                                                                          |               16 |             48 |         3.00 |
|  design_final_i/processing_system7_0/inst/FCLK_CLK0 | design_final_i/top_ssr_0/inst/u_top_system/u_dsp_chain/u_mel/power_buf[3][47]_i_1_n_0                                                                              | design_final_i/top_ssr_0/inst/u_top_system/u_dsp_chain/u_mel/rst                                                                                          |               15 |             48 |         3.20 |
|  design_final_i/processing_system7_0/inst/FCLK_CLK0 | design_final_i/top_ssr_0/inst/u_top_system/u_dsp_chain/u_mel/power_buf[20][47]_i_1_n_0                                                                             | design_final_i/top_ssr_0/inst/u_top_system/u_dsp_chain/u_mel/rst                                                                                          |               17 |             48 |         2.82 |
|  design_final_i/processing_system7_0/inst/FCLK_CLK0 | design_final_i/top_ssr_0/inst/u_top_system/u_dsp_chain/u_mel/power_buf[23][47]_i_1_n_0                                                                             | design_final_i/top_ssr_0/inst/u_top_system/u_dsp_chain/u_mel/rst                                                                                          |               21 |             48 |         2.29 |
|  design_final_i/processing_system7_0/inst/FCLK_CLK0 | design_final_i/top_ssr_0/inst/u_top_system/u_dsp_chain/u_mel/power_buf[28][47]_i_1_n_0                                                                             | design_final_i/top_ssr_0/inst/u_top_system/u_dsp_chain/u_mel/rst                                                                                          |               21 |             48 |         2.29 |
|  design_final_i/processing_system7_0/inst/FCLK_CLK0 | design_final_i/top_ssr_0/inst/u_top_system/u_dsp_chain/u_mel/power_buf[127][47]_i_1_n_0                                                                            | design_final_i/top_ssr_0/inst/u_top_system/u_dsp_chain/u_mel/rst                                                                                          |               25 |             48 |         1.92 |
|  design_final_i/processing_system7_0/inst/FCLK_CLK0 | design_final_i/top_ssr_0/inst/u_top_system/u_dsp_chain/u_mel/power_buf[125][47]_i_1_n_0                                                                            | design_final_i/top_ssr_0/inst/u_top_system/u_dsp_chain/u_mel/rst                                                                                          |               24 |             48 |         2.00 |
|  design_final_i/processing_system7_0/inst/FCLK_CLK0 | design_final_i/top_ssr_0/inst/u_top_system/u_dsp_chain/u_mel/power_buf[2][47]_i_1_n_0                                                                              | design_final_i/top_ssr_0/inst/u_top_system/u_dsp_chain/u_mel/rst                                                                                          |               18 |             48 |         2.67 |
|  design_final_i/processing_system7_0/inst/FCLK_CLK0 | design_final_i/top_ssr_0/inst/u_top_system/u_dsp_chain/u_mel/power_buf[122][47]_i_1_n_0                                                                            | design_final_i/top_ssr_0/inst/u_top_system/u_dsp_chain/u_mel/rst                                                                                          |               20 |             48 |         2.40 |
|  design_final_i/processing_system7_0/inst/FCLK_CLK0 | design_final_i/top_ssr_0/inst/u_top_system/u_dsp_chain/u_mel/power_buf[13][47]_i_1_n_0                                                                             | design_final_i/top_ssr_0/inst/u_top_system/u_dsp_chain/u_mel/rst                                                                                          |               13 |             48 |         3.69 |
|  design_final_i/processing_system7_0/inst/FCLK_CLK0 | design_final_i/top_ssr_0/inst/u_top_system/u_dsp_chain/u_mel/power_buf[21][47]_i_1_n_0                                                                             | design_final_i/top_ssr_0/inst/u_top_system/u_dsp_chain/u_mel/rst                                                                                          |               19 |             48 |         2.53 |
|  design_final_i/processing_system7_0/inst/FCLK_CLK0 | design_final_i/top_ssr_0/inst/u_top_system/u_dsp_chain/u_mel/power_buf[126][47]_i_1_n_0                                                                            | design_final_i/top_ssr_0/inst/u_top_system/u_dsp_chain/u_mel/rst                                                                                          |               31 |             48 |         1.55 |
|  design_final_i/processing_system7_0/inst/FCLK_CLK0 | design_final_i/top_ssr_0/inst/u_top_system/u_dsp_chain/u_mel/power_buf[29][47]_i_1_n_0                                                                             | design_final_i/top_ssr_0/inst/u_top_system/u_dsp_chain/u_mel/rst                                                                                          |               23 |             48 |         2.09 |
|  design_final_i/processing_system7_0/inst/FCLK_CLK0 | design_final_i/top_ssr_0/inst/u_top_system/u_dsp_chain/u_mel/power_buf[30][47]_i_1_n_0                                                                             | design_final_i/top_ssr_0/inst/u_top_system/u_dsp_chain/u_mel/rst                                                                                          |               23 |             48 |         2.09 |
|  design_final_i/processing_system7_0/inst/FCLK_CLK0 | design_final_i/top_ssr_0/inst/u_top_system/u_dsp_chain/u_mel/power_buf[17][47]_i_1_n_0                                                                             | design_final_i/top_ssr_0/inst/u_top_system/u_dsp_chain/u_mel/rst                                                                                          |               16 |             48 |         3.00 |
|  design_final_i/processing_system7_0/inst/FCLK_CLK0 | design_final_i/top_ssr_0/inst/u_top_system/u_dsp_chain/u_mel/power_buf[128][47]_i_1_n_0                                                                            | design_final_i/top_ssr_0/inst/u_top_system/u_dsp_chain/u_mel/rst                                                                                          |               29 |             48 |         1.66 |
|  design_final_i/processing_system7_0/inst/FCLK_CLK0 | design_final_i/top_ssr_0/inst/u_top_system/u_dsp_chain/u_mel/power_buf[87][47]_i_1_n_0                                                                             | design_final_i/top_ssr_0/inst/u_top_system/u_dsp_chain/u_mel/rst                                                                                          |               21 |             48 |         2.29 |
|  design_final_i/processing_system7_0/inst/FCLK_CLK0 | design_final_i/top_ssr_0/inst/u_top_system/u_dsp_chain/u_mel/power_buf[6][47]_i_1_n_0                                                                              | design_final_i/top_ssr_0/inst/u_top_system/u_dsp_chain/u_mel/rst                                                                                          |               22 |             48 |         2.18 |
|  design_final_i/processing_system7_0/inst/FCLK_CLK0 | design_final_i/top_ssr_0/inst/u_top_system/u_dsp_chain/u_mel/power_buf[88][47]_i_1_n_0                                                                             | design_final_i/top_ssr_0/inst/u_top_system/u_dsp_chain/u_mel/rst                                                                                          |               22 |             48 |         2.18 |
|  design_final_i/processing_system7_0/inst/FCLK_CLK0 | design_final_i/top_ssr_0/inst/u_top_system/u_dsp_chain/u_mel/power_buf[43][47]_i_1_n_0                                                                             | design_final_i/top_ssr_0/inst/u_top_system/u_dsp_chain/u_mel/rst                                                                                          |               16 |             48 |         3.00 |
|  design_final_i/processing_system7_0/inst/FCLK_CLK0 | design_final_i/top_ssr_0/inst/u_top_system/u_dsp_chain/u_mel/power_buf[51][47]_i_1_n_0                                                                             | design_final_i/top_ssr_0/inst/u_top_system/u_dsp_chain/u_mel/rst                                                                                          |               18 |             48 |         2.67 |
|  design_final_i/processing_system7_0/inst/FCLK_CLK0 | design_final_i/top_ssr_0/inst/u_top_system/u_dsp_chain/u_mel/power_buf[62][47]_i_1_n_0                                                                             | design_final_i/top_ssr_0/inst/u_top_system/u_dsp_chain/u_mel/rst                                                                                          |               32 |             48 |         1.50 |
|  design_final_i/processing_system7_0/inst/FCLK_CLK0 | design_final_i/top_ssr_0/inst/u_top_system/u_dsp_chain/u_mel/power_buf[52][47]_i_1_n_0                                                                             | design_final_i/top_ssr_0/inst/u_top_system/u_dsp_chain/u_mel/rst                                                                                          |               18 |             48 |         2.67 |
|  design_final_i/processing_system7_0/inst/FCLK_CLK0 | design_final_i/top_ssr_0/inst/u_top_system/u_dsp_chain/u_mel/power_buf[72][47]_i_1_n_0                                                                             | design_final_i/top_ssr_0/inst/u_top_system/u_dsp_chain/u_mel/rst                                                                                          |               20 |             48 |         2.40 |
|  design_final_i/processing_system7_0/inst/FCLK_CLK0 | design_final_i/top_ssr_0/inst/u_top_system/u_dsp_chain/u_mel/power_buf[77][47]_i_1_n_0                                                                             | design_final_i/top_ssr_0/inst/u_top_system/u_dsp_chain/u_mel/rst                                                                                          |               20 |             48 |         2.40 |
|  design_final_i/processing_system7_0/inst/FCLK_CLK0 | design_final_i/top_ssr_0/inst/u_top_system/u_dsp_chain/u_mel/power_buf[7][47]_i_1_n_0                                                                              | design_final_i/top_ssr_0/inst/u_top_system/u_dsp_chain/u_mel/rst                                                                                          |               24 |             48 |         2.00 |
|  design_final_i/processing_system7_0/inst/FCLK_CLK0 | design_final_i/top_ssr_0/inst/u_top_system/u_dsp_chain/u_mel/power_buf[73][47]_i_1_n_0                                                                             | design_final_i/top_ssr_0/inst/u_top_system/u_dsp_chain/u_mel/rst                                                                                          |               23 |             48 |         2.09 |
|  design_final_i/processing_system7_0/inst/FCLK_CLK0 | design_final_i/top_ssr_0/inst/u_top_system/u_dsp_chain/u_mel/power_buf[82][47]_i_1_n_0                                                                             | design_final_i/top_ssr_0/inst/u_top_system/u_dsp_chain/u_mel/rst                                                                                          |               16 |             48 |         3.00 |
|  design_final_i/processing_system7_0/inst/FCLK_CLK0 | design_final_i/top_ssr_0/inst/u_top_system/u_dsp_chain/u_mel/power_buf[58][47]_i_1_n_0                                                                             | design_final_i/top_ssr_0/inst/u_top_system/u_dsp_chain/u_mel/rst                                                                                          |               18 |             48 |         2.67 |
|  design_final_i/processing_system7_0/inst/FCLK_CLK0 | design_final_i/top_ssr_0/inst/u_top_system/u_dsp_chain/u_mel/power_buf[63][47]_i_1_n_0                                                                             | design_final_i/top_ssr_0/inst/u_top_system/u_dsp_chain/u_mel/rst                                                                                          |               24 |             48 |         2.00 |
|  design_final_i/processing_system7_0/inst/FCLK_CLK0 | design_final_i/top_ssr_0/inst/u_top_system/u_dsp_chain/u_mel/power_buf[86][47]_i_1_n_0                                                                             | design_final_i/top_ssr_0/inst/u_top_system/u_dsp_chain/u_mel/rst                                                                                          |               19 |             48 |         2.53 |
|  design_final_i/processing_system7_0/inst/FCLK_CLK0 | design_final_i/top_ssr_0/inst/u_top_system/u_dsp_chain/u_mel/power_buf[44][47]_i_1_n_0                                                                             | design_final_i/top_ssr_0/inst/u_top_system/u_dsp_chain/u_mel/rst                                                                                          |               21 |             48 |         2.29 |
|  design_final_i/processing_system7_0/inst/FCLK_CLK0 | design_final_i/top_ssr_0/inst/u_top_system/u_dsp_chain/u_mel/power_buf[53][47]_i_1_n_0                                                                             | design_final_i/top_ssr_0/inst/u_top_system/u_dsp_chain/u_mel/rst                                                                                          |               18 |             48 |         2.67 |
|  design_final_i/processing_system7_0/inst/FCLK_CLK0 | design_final_i/top_ssr_0/inst/u_top_system/u_dsp_chain/u_mel/power_buf[60][47]_i_1_n_0                                                                             | design_final_i/top_ssr_0/inst/u_top_system/u_dsp_chain/u_mel/rst                                                                                          |               17 |             48 |         2.82 |
|  design_final_i/processing_system7_0/inst/FCLK_CLK0 | design_final_i/top_ssr_0/inst/u_top_system/u_dsp_chain/u_mel/power_buf[64][47]_i_1_n_0                                                                             | design_final_i/top_ssr_0/inst/u_top_system/u_dsp_chain/u_mel/rst                                                                                          |               15 |             48 |         3.20 |
|  design_final_i/processing_system7_0/inst/FCLK_CLK0 | design_final_i/top_ssr_0/inst/u_top_system/u_dsp_chain/u_mel/power_buf[67][47]_i_1_n_0                                                                             | design_final_i/top_ssr_0/inst/u_top_system/u_dsp_chain/u_mel/rst                                                                                          |               19 |             48 |         2.53 |
|  design_final_i/processing_system7_0/inst/FCLK_CLK0 | design_final_i/top_ssr_0/inst/u_top_system/u_dsp_chain/u_mel/power_buf[45][47]_i_1_n_0                                                                             | design_final_i/top_ssr_0/inst/u_top_system/u_dsp_chain/u_mel/rst                                                                                          |               19 |             48 |         2.53 |
|  design_final_i/processing_system7_0/inst/FCLK_CLK0 | design_final_i/top_ssr_0/inst/u_top_system/u_dsp_chain/u_mel/power_buf[47][47]_i_1_n_0                                                                             | design_final_i/top_ssr_0/inst/u_top_system/u_dsp_chain/u_mel/rst                                                                                          |               27 |             48 |         1.78 |
|  design_final_i/processing_system7_0/inst/FCLK_CLK0 | design_final_i/top_ssr_0/inst/u_top_system/u_dsp_chain/u_mel/power_buf[55][47]_i_1_n_0                                                                             | design_final_i/top_ssr_0/inst/u_top_system/u_dsp_chain/u_mel/rst                                                                                          |               14 |             48 |         3.43 |
|  design_final_i/processing_system7_0/inst/FCLK_CLK0 | design_final_i/top_ssr_0/inst/u_top_system/u_dsp_chain/u_mel/power_buf[66][47]_i_1_n_0                                                                             | design_final_i/top_ssr_0/inst/u_top_system/u_dsp_chain/u_mel/rst                                                                                          |               19 |             48 |         2.53 |
|  design_final_i/processing_system7_0/inst/FCLK_CLK0 | design_final_i/top_ssr_0/inst/u_top_system/u_dsp_chain/u_mel/power_buf[74][47]_i_1_n_0                                                                             | design_final_i/top_ssr_0/inst/u_top_system/u_dsp_chain/u_mel/rst                                                                                          |               18 |             48 |         2.67 |
|  design_final_i/processing_system7_0/inst/FCLK_CLK0 | design_final_i/top_ssr_0/inst/u_top_system/u_dsp_chain/u_mel/power_buf[79][47]_i_1_n_0                                                                             | design_final_i/top_ssr_0/inst/u_top_system/u_dsp_chain/u_mel/rst                                                                                          |               27 |             48 |         1.78 |
|  design_final_i/processing_system7_0/inst/FCLK_CLK0 | design_final_i/top_ssr_0/inst/u_top_system/u_dsp_chain/u_mel/power_buf[48][47]_i_1_n_0                                                                             | design_final_i/top_ssr_0/inst/u_top_system/u_dsp_chain/u_mel/rst                                                                                          |               17 |             48 |         2.82 |
|  design_final_i/processing_system7_0/inst/FCLK_CLK0 | design_final_i/top_ssr_0/inst/u_top_system/u_dsp_chain/u_mel/power_buf[50][47]_i_1_n_0                                                                             | design_final_i/top_ssr_0/inst/u_top_system/u_dsp_chain/u_mel/rst                                                                                          |               17 |             48 |         2.82 |
|  design_final_i/processing_system7_0/inst/FCLK_CLK0 | design_final_i/top_ssr_0/inst/u_top_system/u_dsp_chain/u_mel/power_buf[61][47]_i_1_n_0                                                                             | design_final_i/top_ssr_0/inst/u_top_system/u_dsp_chain/u_mel/rst                                                                                          |               21 |             48 |         2.29 |
|  design_final_i/processing_system7_0/inst/FCLK_CLK0 | design_final_i/top_ssr_0/inst/u_top_system/u_dsp_chain/u_mel/power_buf[68][47]_i_1_n_0                                                                             | design_final_i/top_ssr_0/inst/u_top_system/u_dsp_chain/u_mel/rst                                                                                          |               18 |             48 |         2.67 |
|  design_final_i/processing_system7_0/inst/FCLK_CLK0 | design_final_i/top_ssr_0/inst/u_top_system/u_dsp_chain/u_mel/power_buf[56][47]_i_1_n_0                                                                             | design_final_i/top_ssr_0/inst/u_top_system/u_dsp_chain/u_mel/rst                                                                                          |               22 |             48 |         2.18 |
|  design_final_i/processing_system7_0/inst/FCLK_CLK0 | design_final_i/top_ssr_0/inst/u_top_system/u_dsp_chain/u_mel/power_buf[69][47]_i_1_n_0                                                                             | design_final_i/top_ssr_0/inst/u_top_system/u_dsp_chain/u_mel/rst                                                                                          |               18 |             48 |         2.67 |
|  design_final_i/processing_system7_0/inst/FCLK_CLK0 | design_final_i/top_ssr_0/inst/u_top_system/u_dsp_chain/u_mel/power_buf[70][47]_i_1_n_0                                                                             | design_final_i/top_ssr_0/inst/u_top_system/u_dsp_chain/u_mel/rst                                                                                          |               17 |             48 |         2.82 |
|  design_final_i/processing_system7_0/inst/FCLK_CLK0 | design_final_i/top_ssr_0/inst/u_top_system/u_dsp_chain/u_mel/power_buf[59][47]_i_1_n_0                                                                             | design_final_i/top_ssr_0/inst/u_top_system/u_dsp_chain/u_mel/rst                                                                                          |               20 |             48 |         2.40 |
|  design_final_i/processing_system7_0/inst/FCLK_CLK0 | design_final_i/top_ssr_0/inst/u_top_system/u_dsp_chain/u_mel/power_buf[75][47]_i_1_n_0                                                                             | design_final_i/top_ssr_0/inst/u_top_system/u_dsp_chain/u_mel/rst                                                                                          |               16 |             48 |         3.00 |
|  design_final_i/processing_system7_0/inst/FCLK_CLK0 | design_final_i/top_ssr_0/inst/u_top_system/u_dsp_chain/u_mel/power_buf[71][47]_i_1_n_0                                                                             | design_final_i/top_ssr_0/inst/u_top_system/u_dsp_chain/u_mel/rst                                                                                          |               19 |             48 |         2.53 |
|  design_final_i/processing_system7_0/inst/FCLK_CLK0 | design_final_i/top_ssr_0/inst/u_top_system/u_dsp_chain/u_mel/power_buf[76][47]_i_1_n_0                                                                             | design_final_i/top_ssr_0/inst/u_top_system/u_dsp_chain/u_mel/rst                                                                                          |               20 |             48 |         2.40 |
|  design_final_i/processing_system7_0/inst/FCLK_CLK0 | design_final_i/top_ssr_0/inst/u_top_system/u_dsp_chain/u_mel/power_buf[4][47]_i_1_n_0                                                                              | design_final_i/top_ssr_0/inst/u_top_system/u_dsp_chain/u_mel/rst                                                                                          |               19 |             48 |         2.53 |
|  design_final_i/processing_system7_0/inst/FCLK_CLK0 | design_final_i/top_ssr_0/inst/u_top_system/u_dsp_chain/u_mel/power_buf[65][47]_i_1_n_0                                                                             | design_final_i/top_ssr_0/inst/u_top_system/u_dsp_chain/u_mel/rst                                                                                          |               16 |             48 |         3.00 |
|  design_final_i/processing_system7_0/inst/FCLK_CLK0 | design_final_i/top_ssr_0/inst/u_top_system/u_dsp_chain/u_mel/power_buf[46][47]_i_1_n_0                                                                             | design_final_i/top_ssr_0/inst/u_top_system/u_dsp_chain/u_mel/rst                                                                                          |               23 |             48 |         2.09 |
|  design_final_i/processing_system7_0/inst/FCLK_CLK0 | design_final_i/top_ssr_0/inst/u_top_system/u_dsp_chain/u_mel/power_buf[5][47]_i_1_n_0                                                                              | design_final_i/top_ssr_0/inst/u_top_system/u_dsp_chain/u_mel/rst                                                                                          |               21 |             48 |         2.29 |
|  design_final_i/processing_system7_0/inst/FCLK_CLK0 | design_final_i/top_ssr_0/inst/u_top_system/u_dsp_chain/u_mel/power_buf[57][47]_i_1_n_0                                                                             | design_final_i/top_ssr_0/inst/u_top_system/u_dsp_chain/u_mel/rst                                                                                          |               18 |             48 |         2.67 |
|  design_final_i/processing_system7_0/inst/FCLK_CLK0 | design_final_i/top_ssr_0/inst/u_top_system/u_dsp_chain/u_mel/power_buf[78][47]_i_1_n_0                                                                             | design_final_i/top_ssr_0/inst/u_top_system/u_dsp_chain/u_mel/rst                                                                                          |               28 |             48 |         1.71 |
|  design_final_i/processing_system7_0/inst/FCLK_CLK0 | design_final_i/top_ssr_0/inst/u_top_system/u_dsp_chain/u_mel/power_buf[80][47]_i_1_n_0                                                                             | design_final_i/top_ssr_0/inst/u_top_system/u_dsp_chain/u_mel/rst                                                                                          |               17 |             48 |         2.82 |
|  design_final_i/processing_system7_0/inst/FCLK_CLK0 | design_final_i/top_ssr_0/inst/u_top_system/u_dsp_chain/u_mel/power_buf[81][47]_i_1_n_0                                                                             | design_final_i/top_ssr_0/inst/u_top_system/u_dsp_chain/u_mel/rst                                                                                          |               18 |             48 |         2.67 |
|  design_final_i/processing_system7_0/inst/FCLK_CLK0 | design_final_i/top_ssr_0/inst/u_top_system/u_dsp_chain/u_mel/power_buf[49][47]_i_1_n_0                                                                             | design_final_i/top_ssr_0/inst/u_top_system/u_dsp_chain/u_mel/rst                                                                                          |               18 |             48 |         2.67 |
|  design_final_i/processing_system7_0/inst/FCLK_CLK0 | design_final_i/top_ssr_0/inst/u_top_system/u_dsp_chain/u_mel/power_buf[83][47]_i_1_n_0                                                                             | design_final_i/top_ssr_0/inst/u_top_system/u_dsp_chain/u_mel/rst                                                                                          |               18 |             48 |         2.67 |
|  design_final_i/processing_system7_0/inst/FCLK_CLK0 | design_final_i/top_ssr_0/inst/u_top_system/u_dsp_chain/u_mel/power_buf[84][47]_i_1_n_0                                                                             | design_final_i/top_ssr_0/inst/u_top_system/u_dsp_chain/u_mel/rst                                                                                          |               15 |             48 |         3.20 |
|  design_final_i/processing_system7_0/inst/FCLK_CLK0 | design_final_i/top_ssr_0/inst/u_top_system/u_dsp_chain/u_mel/power_buf[85][47]_i_1_n_0                                                                             | design_final_i/top_ssr_0/inst/u_top_system/u_dsp_chain/u_mel/rst                                                                                          |               15 |             48 |         3.20 |
|  design_final_i/processing_system7_0/inst/FCLK_CLK0 | design_final_i/top_ssr_0/inst/u_top_system/u_dsp_chain/u_mel/power_buf[91][47]_i_1_n_0                                                                             | design_final_i/top_ssr_0/inst/u_top_system/u_dsp_chain/u_mel/rst                                                                                          |               21 |             48 |         2.29 |
|  design_final_i/processing_system7_0/inst/FCLK_CLK0 | design_final_i/top_ssr_0/inst/u_top_system/u_dsp_chain/u_mel/power_buf[97][47]_i_1_n_0                                                                             | design_final_i/top_ssr_0/inst/u_top_system/u_dsp_chain/u_mel/rst                                                                                          |               29 |             48 |         1.66 |
|  design_final_i/processing_system7_0/inst/FCLK_CLK0 | design_final_i/top_ssr_0/inst/u_top_system/u_dsp_chain/u_mel/power_buf[96][47]_i_1_n_0                                                                             | design_final_i/top_ssr_0/inst/u_top_system/u_dsp_chain/u_mel/rst                                                                                          |               28 |             48 |         1.71 |
|  design_final_i/processing_system7_0/inst/FCLK_CLK0 | design_final_i/top_ssr_0/inst/u_top_system/u_dsp_chain/u_mel/power_buf[93][47]_i_1_n_0                                                                             | design_final_i/top_ssr_0/inst/u_top_system/u_dsp_chain/u_mel/rst                                                                                          |               27 |             48 |         1.78 |
|  design_final_i/processing_system7_0/inst/FCLK_CLK0 | design_final_i/top_ssr_0/inst/u_top_system/u_dsp_chain/u_mel/power_buf[89][47]_i_1_n_0                                                                             | design_final_i/top_ssr_0/inst/u_top_system/u_dsp_chain/u_mel/rst                                                                                          |               23 |             48 |         2.09 |
|  design_final_i/processing_system7_0/inst/FCLK_CLK0 | design_final_i/top_ssr_0/inst/u_top_system/u_dsp_chain/u_mel/power_buf[9][47]_i_1_n_0                                                                              | design_final_i/top_ssr_0/inst/u_top_system/u_dsp_chain/u_mel/rst                                                                                          |               24 |             48 |         2.00 |
|  design_final_i/processing_system7_0/inst/FCLK_CLK0 | design_final_i/top_ssr_0/inst/u_top_system/u_dsp_chain/u_mel/power_buf[8][47]_i_1_n_0                                                                              | design_final_i/top_ssr_0/inst/u_top_system/u_dsp_chain/u_mel/rst                                                                                          |               26 |             48 |         1.85 |
|  design_final_i/processing_system7_0/inst/FCLK_CLK0 | design_final_i/top_ssr_0/inst/u_top_system/u_dsp_chain/u_mel/power_buf[99][47]_i_1_n_0                                                                             | design_final_i/top_ssr_0/inst/u_top_system/u_dsp_chain/u_mel/rst                                                                                          |               34 |             48 |         1.41 |
|  design_final_i/processing_system7_0/inst/FCLK_CLK0 | design_final_i/top_ssr_0/inst/u_top_system/u_dsp_chain/u_mel/power_buf[92][47]_i_1_n_0                                                                             | design_final_i/top_ssr_0/inst/u_top_system/u_dsp_chain/u_mel/rst                                                                                          |               20 |             48 |         2.40 |
|  design_final_i/processing_system7_0/inst/FCLK_CLK0 | design_final_i/top_ssr_0/inst/u_top_system/u_dsp_chain/u_mel/power_buf[94][47]_i_1_n_0                                                                             | design_final_i/top_ssr_0/inst/u_top_system/u_dsp_chain/u_mel/rst                                                                                          |               30 |             48 |         1.60 |
|  design_final_i/processing_system7_0/inst/FCLK_CLK0 | design_final_i/top_ssr_0/inst/u_top_system/u_dsp_chain/u_mel/power_buf[98][47]_i_1_n_0                                                                             | design_final_i/top_ssr_0/inst/u_top_system/u_dsp_chain/u_mel/rst                                                                                          |               24 |             48 |         2.00 |
|  design_final_i/processing_system7_0/inst/FCLK_CLK0 | design_final_i/top_ssr_0/inst/u_top_system/u_dsp_chain/u_mel/power_buf[95][47]_i_1_n_0                                                                             | design_final_i/top_ssr_0/inst/u_top_system/u_dsp_chain/u_mel/rst                                                                                          |               29 |             48 |         1.66 |
|  design_final_i/processing_system7_0/inst/FCLK_CLK0 | design_final_i/top_ssr_0/inst/u_top_system/u_dsp_chain/u_mel/power_buf[90][47]_i_1_n_0                                                                             | design_final_i/top_ssr_0/inst/u_top_system/u_dsp_chain/u_mel/rst                                                                                          |               18 |             48 |         2.67 |
|  design_final_i/processing_system7_0/inst/FCLK_CLK0 | design_final_i/top_ssr_0/inst/u_top_system/u_dsp_chain/u_mel/power_buf[11][47]_i_1_n_0                                                                             | design_final_i/top_ssr_0/inst/u_top_system/u_dsp_chain/u_mel/rst                                                                                          |               13 |             48 |         3.69 |
|  design_final_i/processing_system7_0/inst/FCLK_CLK0 | design_final_i/top_ssr_0/inst/u_top_system/u_dsp_chain/u_mel/power_buf[120][47]_i_1_n_0                                                                            | design_final_i/top_ssr_0/inst/u_top_system/u_dsp_chain/u_mel/rst                                                                                          |               19 |             48 |         2.53 |
|  design_final_i/processing_system7_0/inst/FCLK_CLK0 | design_final_i/top_ssr_0/inst/u_top_system/u_dsp_chain/u_mel/power_buf[105][47]_i_1_n_0                                                                            | design_final_i/top_ssr_0/inst/u_top_system/u_dsp_chain/u_mel/rst                                                                                          |               22 |             48 |         2.18 |
|  design_final_i/processing_system7_0/inst/FCLK_CLK0 | design_final_i/top_ssr_0/inst/u_top_system/u_dsp_chain/u_mel/power_buf[103][47]_i_1_n_0                                                                            | design_final_i/top_ssr_0/inst/u_top_system/u_dsp_chain/u_mel/rst                                                                                          |               23 |             48 |         2.09 |
|  design_final_i/processing_system7_0/inst/FCLK_CLK0 | design_final_i/top_ssr_0/inst/u_top_system/u_dsp_chain/u_mel/power_buf[109][47]_i_1_n_0                                                                            | design_final_i/top_ssr_0/inst/u_top_system/u_dsp_chain/u_mel/rst                                                                                          |               22 |             48 |         2.18 |
|  design_final_i/processing_system7_0/inst/FCLK_CLK0 | design_final_i/top_ssr_0/inst/u_top_system/u_dsp_chain/u_mel/power_buf[117][47]_i_1_n_0                                                                            | design_final_i/top_ssr_0/inst/u_top_system/u_dsp_chain/u_mel/rst                                                                                          |               17 |             48 |         2.82 |
|  design_final_i/processing_system7_0/inst/FCLK_CLK0 | design_final_i/top_ssr_0/inst/u_top_system/u_dsp_chain/u_mel/power_buf[104][47]_i_1_n_0                                                                            | design_final_i/top_ssr_0/inst/u_top_system/u_dsp_chain/u_mel/rst                                                                                          |               19 |             48 |         2.53 |
|  design_final_i/processing_system7_0/inst/FCLK_CLK0 | design_final_i/top_ssr_0/inst/u_top_system/u_dsp_chain/u_mel/power_buf[108][47]_i_1_n_0                                                                            | design_final_i/top_ssr_0/inst/u_top_system/u_dsp_chain/u_mel/rst                                                                                          |               22 |             48 |         2.18 |
|  design_final_i/processing_system7_0/inst/FCLK_CLK0 | design_final_i/top_ssr_0/inst/u_top_system/u_dsp_chain/u_mel/power_buf[106][47]_i_1_n_0                                                                            | design_final_i/top_ssr_0/inst/u_top_system/u_dsp_chain/u_mel/rst                                                                                          |               22 |             48 |         2.18 |
|  design_final_i/processing_system7_0/inst/FCLK_CLK0 | design_final_i/top_ssr_0/inst/u_top_system/u_dsp_chain/u_mel/power_buf[10][47]_i_1_n_0                                                                             | design_final_i/top_ssr_0/inst/u_top_system/u_dsp_chain/u_mel/rst                                                                                          |               14 |             48 |         3.43 |
|  design_final_i/processing_system7_0/inst/FCLK_CLK0 | design_final_i/top_ssr_0/inst/u_top_system/u_dsp_chain/u_mel/power_buf[112][47]_i_1_n_0                                                                            | design_final_i/top_ssr_0/inst/u_top_system/u_dsp_chain/u_mel/rst                                                                                          |               18 |             48 |         2.67 |
|  design_final_i/processing_system7_0/inst/FCLK_CLK0 | design_final_i/top_ssr_0/inst/u_top_system/u_dsp_chain/u_mel/power_buf[113][47]_i_1_n_0                                                                            | design_final_i/top_ssr_0/inst/u_top_system/u_dsp_chain/u_mel/rst                                                                                          |               18 |             48 |         2.67 |
|  design_final_i/processing_system7_0/inst/FCLK_CLK0 | design_final_i/top_ssr_0/inst/u_top_system/u_dsp_chain/u_mel/power_buf[114][47]_i_1_n_0                                                                            | design_final_i/top_ssr_0/inst/u_top_system/u_dsp_chain/u_mel/rst                                                                                          |               18 |             48 |         2.67 |
|  design_final_i/processing_system7_0/inst/FCLK_CLK0 | design_final_i/top_ssr_0/inst/u_top_system/u_dsp_chain/u_mel/power_buf[100][47]_i_1_n_0                                                                            | design_final_i/top_ssr_0/inst/u_top_system/u_dsp_chain/u_mel/rst                                                                                          |               24 |             48 |         2.00 |
|  design_final_i/processing_system7_0/inst/FCLK_CLK0 | design_final_i/top_ssr_0/inst/u_top_system/u_dsp_chain/u_mel/power_buf[0][47]_i_1_n_0                                                                              | design_final_i/top_ssr_0/inst/u_top_system/u_dsp_chain/u_mel/rst                                                                                          |               13 |             48 |         3.69 |
|  design_final_i/processing_system7_0/inst/FCLK_CLK0 | design_final_i/top_ssr_0/inst/u_top_system/u_dsp_chain/u_mel/power_buf[107][47]_i_1_n_0                                                                            | design_final_i/top_ssr_0/inst/u_top_system/u_dsp_chain/u_mel/rst                                                                                          |               26 |             48 |         1.85 |
|  design_final_i/processing_system7_0/inst/FCLK_CLK0 | design_final_i/top_ssr_0/inst/u_top_system/u_dsp_chain/u_mel/power_buf[101][47]_i_1_n_0                                                                            | design_final_i/top_ssr_0/inst/u_top_system/u_dsp_chain/u_mel/rst                                                                                          |               21 |             48 |         2.29 |
|  design_final_i/processing_system7_0/inst/FCLK_CLK0 | design_final_i/top_ssr_0/inst/u_top_system/u_dsp_chain/u_mel/power_buf[115][47]_i_1_n_0                                                                            | design_final_i/top_ssr_0/inst/u_top_system/u_dsp_chain/u_mel/rst                                                                                          |               22 |             48 |         2.18 |
|  design_final_i/processing_system7_0/inst/FCLK_CLK0 | design_final_i/top_ssr_0/inst/u_top_system/u_dsp_chain/u_mel/power_buf[118][47]_i_1_n_0                                                                            | design_final_i/top_ssr_0/inst/u_top_system/u_dsp_chain/u_mel/rst                                                                                          |               20 |             48 |         2.40 |
|  design_final_i/processing_system7_0/inst/FCLK_CLK0 | design_final_i/top_ssr_0/inst/u_top_system/u_dsp_chain/u_mel/power_buf[119][47]_i_1_n_0                                                                            | design_final_i/top_ssr_0/inst/u_top_system/u_dsp_chain/u_mel/rst                                                                                          |               20 |             48 |         2.40 |
|  design_final_i/processing_system7_0/inst/FCLK_CLK0 | design_final_i/top_ssr_0/inst/u_top_system/u_dsp_chain/u_mel/power_buf[111][47]_i_1_n_0                                                                            | design_final_i/top_ssr_0/inst/u_top_system/u_dsp_chain/u_mel/rst                                                                                          |               23 |             48 |         2.09 |
|  design_final_i/processing_system7_0/inst/FCLK_CLK0 | design_final_i/top_ssr_0/inst/u_top_system/u_dsp_chain/u_mel/power_buf[102][47]_i_1_n_0                                                                            | design_final_i/top_ssr_0/inst/u_top_system/u_dsp_chain/u_mel/rst                                                                                          |               25 |             48 |         1.92 |
|  design_final_i/processing_system7_0/inst/FCLK_CLK0 | design_final_i/top_ssr_0/inst/u_top_system/u_dsp_chain/u_mel/power_buf[116][47]_i_1_n_0                                                                            | design_final_i/top_ssr_0/inst/u_top_system/u_dsp_chain/u_mel/rst                                                                                          |               22 |             48 |         2.18 |
|  design_final_i/processing_system7_0/inst/FCLK_CLK0 | design_final_i/top_ssr_0/inst/u_top_system/u_dsp_chain/u_mel/power_buf[110][47]_i_1_n_0                                                                            | design_final_i/top_ssr_0/inst/u_top_system/u_dsp_chain/u_mel/rst                                                                                          |               20 |             48 |         2.40 |
|  design_final_i/processing_system7_0/inst/FCLK_CLK0 | design_final_i/top_ssr_0/inst/u_top_system/u_dsp_chain/u_mel/power_buf[34][47]_i_1_n_0                                                                             | design_final_i/top_ssr_0/inst/u_top_system/u_dsp_chain/u_mel/rst                                                                                          |               16 |             48 |         3.00 |
|  design_final_i/processing_system7_0/inst/FCLK_CLK0 | design_final_i/top_ssr_0/inst/u_top_system/u_dsp_chain/u_mel/power_buf[22][47]_i_1_n_0                                                                             | design_final_i/top_ssr_0/inst/u_top_system/u_dsp_chain/u_mel/rst                                                                                          |               17 |             48 |         2.82 |
|  design_final_i/processing_system7_0/inst/FCLK_CLK0 | design_final_i/top_ssr_0/inst/u_top_system/u_dsp_chain/u_mel/power_buf[35][47]_i_1_n_0                                                                             | design_final_i/top_ssr_0/inst/u_top_system/u_dsp_chain/u_mel/rst                                                                                          |               13 |             48 |         3.69 |
|  design_final_i/processing_system7_0/inst/FCLK_CLK0 | design_final_i/top_ssr_0/inst/u_top_system/u_dsp_chain/u_mel/power_buf[37][47]_i_1_n_0                                                                             | design_final_i/top_ssr_0/inst/u_top_system/u_dsp_chain/u_mel/rst                                                                                          |               19 |             48 |         2.53 |
|  design_final_i/processing_system7_0/inst/FCLK_CLK0 | design_final_i/top_ssr_0/inst/u_top_system/u_dsp_chain/u_mel/power_buf[16][47]_i_1_n_0                                                                             | design_final_i/top_ssr_0/inst/u_top_system/u_dsp_chain/u_mel/rst                                                                                          |               18 |             48 |         2.67 |
|  design_final_i/processing_system7_0/inst/FCLK_CLK0 | design_final_i/top_ssr_0/inst/u_top_system/u_dsp_chain/u_mel/power_buf[26][47]_i_1_n_0                                                                             | design_final_i/top_ssr_0/inst/u_top_system/u_dsp_chain/u_mel/rst                                                                                          |               17 |             48 |         2.82 |
|  design_final_i/processing_system7_0/inst/FCLK_CLK0 | design_final_i/top_ssr_0/inst/u_top_system/u_dsp_chain/u_mel/power_buf[31][47]_i_1_n_0                                                                             | design_final_i/top_ssr_0/inst/u_top_system/u_dsp_chain/u_mel/rst                                                                                          |               30 |             48 |         1.60 |
|  design_final_i/processing_system7_0/inst/FCLK_CLK0 | design_final_i/top_ssr_0/inst/u_top_system/u_dsp_chain/u_mel/power_buf[32][47]_i_1_n_0                                                                             | design_final_i/top_ssr_0/inst/u_top_system/u_dsp_chain/u_mel/rst                                                                                          |               15 |             48 |         3.20 |
|  design_final_i/processing_system7_0/inst/FCLK_CLK0 | design_final_i/top_ssr_0/inst/u_top_system/u_dsp_chain/u_mel/power_buf[18][47]_i_1_n_0                                                                             | design_final_i/top_ssr_0/inst/u_top_system/u_dsp_chain/u_mel/rst                                                                                          |               17 |             48 |         2.82 |
|  design_final_i/processing_system7_0/inst/FCLK_CLK0 | design_final_i/top_ssr_0/inst/u_top_system/u_dsp_chain/u_mel/power_buf[15][47]_i_1_n_0                                                                             | design_final_i/top_ssr_0/inst/u_top_system/u_dsp_chain/u_mel/rst                                                                                          |               16 |             48 |         3.00 |
|  design_final_i/processing_system7_0/inst/FCLK_CLK0 | design_final_i/top_ssr_0/inst/u_top_system/u_dsp_chain/u_mel/power_buf[27][47]_i_1_n_0                                                                             | design_final_i/top_ssr_0/inst/u_top_system/u_dsp_chain/u_mel/rst                                                                                          |               21 |             48 |         2.29 |
|  design_final_i/processing_system7_0/inst/FCLK_CLK0 | design_final_i/top_ssr_0/inst/u_top_system/u_dsp_chain/u_mel/power_buf[14][47]_i_1_n_0                                                                             | design_final_i/top_ssr_0/inst/u_top_system/u_dsp_chain/u_mel/rst                                                                                          |               17 |             48 |         2.82 |
|  design_final_i/processing_system7_0/inst/FCLK_CLK0 | design_final_i/top_ssr_0/inst/u_top_system/u_dsp_chain/u_mel/power_buf[38][47]_i_1_n_0                                                                             | design_final_i/top_ssr_0/inst/u_top_system/u_dsp_chain/u_mel/rst                                                                                          |               17 |             48 |         2.82 |
|  design_final_i/processing_system7_0/inst/FCLK_CLK0 | design_final_i/top_ssr_0/inst/u_top_system/u_dsp_chain/u_mel/power_buf[54][47]_i_1_n_0                                                                             | design_final_i/top_ssr_0/inst/u_top_system/u_dsp_chain/u_mel/rst                                                                                          |               17 |             48 |         2.82 |
|  design_final_i/processing_system7_0/inst/FCLK_CLK0 | design_final_i/ps7_0_axi_periph/s00_couplers/auto_pc/inst/gen_axilite.gen_b2s_conv.axilite_b2s/RD.ar_channel_0/ar_cmd_fsm_0/m_valid_i_reg[0]                       |                                                                                                                                                           |               10 |             52 |         5.20 |
|  design_final_i/processing_system7_0/inst/FCLK_CLK0 | design_final_i/ps7_0_axi_periph/s00_couplers/auto_pc/inst/gen_axilite.gen_b2s_conv.axilite_b2s/SI_REG/aw.aw_pipe/s_ready_i_reg_0                                   |                                                                                                                                                           |               10 |             52 |         5.20 |
|  design_final_i/processing_system7_0/inst/FCLK_CLK0 | design_final_i/ps7_0_axi_periph/s00_couplers/auto_pc/inst/gen_axilite.gen_b2s_conv.axilite_b2s/SI_REG/ar.ar_pipe/s_ready_i_reg_0                                   |                                                                                                                                                           |               11 |             52 |         4.73 |
|  design_final_i/processing_system7_0/inst/FCLK_CLK0 | design_final_i/ps7_0_axi_periph/s00_couplers/auto_pc/inst/gen_axilite.gen_b2s_conv.axilite_b2s/WR.aw_channel_0/aw_cmd_fsm_0/E[0]                                   |                                                                                                                                                           |                9 |             52 |         5.78 |
|  design_final_i/processing_system7_0/inst/FCLK_CLK0 | design_final_i/top_ssr_0/inst/u_top_system/u_dsp_chain/u_dft/E[0]                                                                                                  | design_final_i/top_ssr_0/inst/u_top_system/u_dsp_chain/u_mel/rst                                                                                          |               13 |             55 |         4.23 |
|  design_final_i/processing_system7_0/inst/FCLK_CLK0 | design_final_i/top_ssr_0/inst/u_top_system/u_dsp_chain/u_mel/m_tdata[47]_i_1__0_n_0                                                                                | design_final_i/top_ssr_0/inst/u_top_system/u_dsp_chain/u_mel/rst                                                                                          |               14 |             55 |         3.93 |
|  design_final_i/processing_system7_0/inst/FCLK_CLK0 | design_final_i/top_ssr_0/inst/u_top_system/u_dsp_chain/u_agg/n_sumsq                                                                                               |                                                                                                                                                           |               18 |             69 |         3.83 |
|  design_final_i/processing_system7_0/inst/FCLK_CLK0 | design_final_i/top_ssr_0/inst/u_top_system/u_dsp_chain/u_agg/sqrt_rem                                                                                              |                                                                                                                                                           |               24 |             72 |         3.00 |
|  design_final_i/processing_system7_0/inst/FCLK_CLK0 | design_final_i/top_ssr_0/inst/u_top_system/u_dsp_chain/u_agg/var_num                                                                                               |                                                                                                                                                           |               19 |             73 |         3.84 |
|  design_final_i/processing_system7_0/inst/FCLK_CLK0 | design_final_i/top_ssr_0/inst/u_top_system/u_dsp_chain/u_agg/sum_acc[5][31]_i_1_n_0                                                                                | design_final_i/top_ssr_0/inst/u_top_system/u_dsp_chain/u_mel/rst                                                                                          |               30 |             96 |         3.20 |
|  design_final_i/processing_system7_0/inst/FCLK_CLK0 | design_final_i/top_ssr_0/inst/u_top_system/u_dsp_chain/u_agg/sum_acc[9][31]_i_1_n_0                                                                                | design_final_i/top_ssr_0/inst/u_top_system/u_dsp_chain/u_mel/rst                                                                                          |               37 |             96 |         2.59 |
|  design_final_i/processing_system7_0/inst/FCLK_CLK0 | design_final_i/top_ssr_0/inst/u_top_system/u_dsp_chain/u_agg/sum_acc[12][31]_i_1_n_0                                                                               | design_final_i/top_ssr_0/inst/u_top_system/u_dsp_chain/u_mel/rst                                                                                          |               28 |             96 |         3.43 |
|  design_final_i/processing_system7_0/inst/FCLK_CLK0 | design_final_i/top_ssr_0/inst/u_top_system/u_dsp_chain/u_agg/sum_acc[11][31]_i_1_n_0                                                                               | design_final_i/top_ssr_0/inst/u_top_system/u_dsp_chain/u_mel/rst                                                                                          |               71 |             96 |         1.35 |
|  design_final_i/processing_system7_0/inst/FCLK_CLK0 | design_final_i/top_ssr_0/inst/u_top_system/u_dsp_chain/u_agg/sum_acc[1][31]_i_1_n_0                                                                                | design_final_i/top_ssr_0/inst/u_top_system/u_dsp_chain/u_mel/rst                                                                                          |               38 |             96 |         2.53 |
|  design_final_i/processing_system7_0/inst/FCLK_CLK0 | design_final_i/top_ssr_0/inst/u_top_system/u_dsp_chain/u_agg/sum_acc[8][31]_i_1_n_0                                                                                | design_final_i/top_ssr_0/inst/u_top_system/u_dsp_chain/u_mel/rst                                                                                          |               34 |             96 |         2.82 |
|  design_final_i/processing_system7_0/inst/FCLK_CLK0 | design_final_i/top_ssr_0/inst/u_top_system/u_dsp_chain/u_agg/sum_acc[7][31]_i_1_n_0                                                                                | design_final_i/top_ssr_0/inst/u_top_system/u_dsp_chain/u_mel/rst                                                                                          |               46 |             96 |         2.09 |
|  design_final_i/processing_system7_0/inst/FCLK_CLK0 | design_final_i/top_ssr_0/inst/u_top_system/u_dsp_chain/u_agg/sum_acc[6][31]_i_1_n_0                                                                                | design_final_i/top_ssr_0/inst/u_top_system/u_dsp_chain/u_mel/rst                                                                                          |               33 |             96 |         2.91 |
|  design_final_i/processing_system7_0/inst/FCLK_CLK0 | design_final_i/top_ssr_0/inst/u_top_system/u_dsp_chain/u_agg/sum_acc[4][31]_i_1_n_0                                                                                | design_final_i/top_ssr_0/inst/u_top_system/u_dsp_chain/u_mel/rst                                                                                          |               35 |             96 |         2.74 |
|  design_final_i/processing_system7_0/inst/FCLK_CLK0 | design_final_i/top_ssr_0/inst/u_top_system/u_dsp_chain/u_agg/sum_acc[3][31]_i_1_n_0                                                                                | design_final_i/top_ssr_0/inst/u_top_system/u_dsp_chain/u_mel/rst                                                                                          |               60 |             96 |         1.60 |
|  design_final_i/processing_system7_0/inst/FCLK_CLK0 | design_final_i/top_ssr_0/inst/u_top_system/u_dsp_chain/u_agg/sum_acc[2][31]_i_1_n_0                                                                                | design_final_i/top_ssr_0/inst/u_top_system/u_dsp_chain/u_mel/rst                                                                                          |               40 |             96 |         2.40 |
|  design_final_i/processing_system7_0/inst/FCLK_CLK0 | design_final_i/top_ssr_0/inst/u_top_system/u_dsp_chain/u_agg/sum_acc[0][31]_i_1_n_0                                                                                | design_final_i/top_ssr_0/inst/u_top_system/u_dsp_chain/u_mel/rst                                                                                          |               24 |             96 |         4.00 |
|  design_final_i/processing_system7_0/inst/FCLK_CLK0 | design_final_i/top_ssr_0/inst/u_top_system/u_dsp_chain/u_agg/sum_acc[10][31]_i_1_n_0                                                                               | design_final_i/top_ssr_0/inst/u_top_system/u_dsp_chain/u_mel/rst                                                                                          |               35 |             96 |         2.74 |
|  design_final_i/processing_system7_0/inst/FCLK_CLK0 | design_final_i/top_ssr_0/inst/u_top_system/u_dsp_chain/u_power/CEC                                                                                                 | design_final_i/top_ssr_0/inst/u_top_system/u_dsp_chain/u_mel/rst                                                                                          |               24 |            110 |         4.58 |
|  design_final_i/processing_system7_0/inst/FCLK_CLK0 | design_final_i/top_ssr_0/inst/u_top_system/u_dsp_chain/u_agg/sqrt_bit[92]_i_2_n_0                                                                                  | design_final_i/top_ssr_0/inst/u_top_system/u_dsp_chain/u_agg/sqrt_bit[92]_i_1_n_0                                                                         |               36 |            143 |         3.97 |
|  design_final_i/processing_system7_0/inst/FCLK_CLK0 |                                                                                                                                                                    |                                                                                                                                                           |               66 |            204 |         3.09 |
|  design_final_i/processing_system7_0/inst/FCLK_CLK0 | design_final_i/top_ssr_0/inst/u_top_system/u_dsp_chain/u_framing/new_samples                                                                                       | design_final_i/top_ssr_0/inst/u_top_system/u_dsp_chain/u_mel/rst                                                                                          |             1116 |           4104 |         3.68 |
+-----------------------------------------------------+--------------------------------------------------------------------------------------------------------------------------------------------------------------------+-----------------------------------------------------------------------------------------------------------------------------------------------------------+------------------+----------------+--------------+


