
*** Running vivado
    with args -log zedboard_pnyq_ssr_wrapper.vdi -applog -m64 -product Vivado -messageDb vivado.pb -mode batch -source zedboard_pnyq_ssr_wrapper.tcl -notrace


****** Vivado v2018.3 (64-bit)
  **** SW Build 2405991 on Thu Dec  6 23:38:27 MST 2018
  **** IP Build 2404404 on Fri Dec  7 01:43:56 MST 2018
    ** Copyright 1986-2018 Xilinx, Inc. All Rights Reserved.

source zedboard_pnyq_ssr_wrapper.tcl -notrace
INFO: [IP_Flow 19-234] Refreshing IP repositories
INFO: [IP_Flow 19-1700] Loaded user IP repository 'c:/Users/Python/Desktop/sdup/simple_speech_recognition/ip_new_framing'.
INFO: [IP_Flow 19-2313] Loaded Vivado IP repository 'C:/Xilinx/Vivado/2018.3/data/ip'.
WARNING: [IP_Flow 19-4995] The host OS only allows 260 characters in a normal path. The IP cache path is more than 80 characters. If you experience issues with IP caching, please consider changing the IP cache to a location with a shorter path. Alternately consider using the OS subst command to map part of the path to a drive letter. 
Current IP cache path is C:/Users/Python/Desktop/sdup/simple_speech_recognition/pynq_zedboard_ssr/pynq_zedboard_ssr.cache/ip 
Command: link_design -top zedboard_pnyq_ssr_wrapper -part xc7z020clg484-1
Design is defaulting to srcset: sources_1
Design is defaulting to constrset: constrs_1
INFO: [Project 1-454] Reading design checkpoint 'c:/Users/Python/Desktop/sdup/simple_speech_recognition/pynq_zedboard_ssr/pynq_zedboard_ssr.srcs/sources_1/bd/zedboard_pnyq_ssr/ip/zedboard_pnyq_ssr_axi_dma_0_2/zedboard_pnyq_ssr_axi_dma_0_2.dcp' for cell 'zedboard_pnyq_ssr_i/axi_dma_0'
INFO: [Project 1-454] Reading design checkpoint 'c:/Users/Python/Desktop/sdup/simple_speech_recognition/pynq_zedboard_ssr/pynq_zedboard_ssr.srcs/sources_1/bd/zedboard_pnyq_ssr/ip/zedboard_pnyq_ssr_axi_smc_2/zedboard_pnyq_ssr_axi_smc_2.dcp' for cell 'zedboard_pnyq_ssr_i/axi_smc'
INFO: [Project 1-454] Reading design checkpoint 'c:/Users/Python/Desktop/sdup/simple_speech_recognition/pynq_zedboard_ssr/pynq_zedboard_ssr.srcs/sources_1/bd/zedboard_pnyq_ssr/ip/zedboard_pnyq_ssr_processing_system7_0_1/zedboard_pnyq_ssr_processing_system7_0_1.dcp' for cell 'zedboard_pnyq_ssr_i/processing_system7_0'
INFO: [Project 1-454] Reading design checkpoint 'c:/Users/Python/Desktop/sdup/simple_speech_recognition/pynq_zedboard_ssr/pynq_zedboard_ssr.srcs/sources_1/bd/zedboard_pnyq_ssr/ip/zedboard_pnyq_ssr_rst_ps7_0_20M_0/zedboard_pnyq_ssr_rst_ps7_0_20M_0.dcp' for cell 'zedboard_pnyq_ssr_i/rst_ps7_0_20M'
INFO: [Project 1-454] Reading design checkpoint 'c:/Users/Python/Desktop/sdup/simple_speech_recognition/pynq_zedboard_ssr/pynq_zedboard_ssr.srcs/sources_1/bd/zedboard_pnyq_ssr/ip/zedboard_pnyq_ssr_top_ssr_0_1/zedboard_pnyq_ssr_top_ssr_0_1.dcp' for cell 'zedboard_pnyq_ssr_i/top_ssr_0'
INFO: [Project 1-454] Reading design checkpoint 'c:/Users/Python/Desktop/sdup/simple_speech_recognition/pynq_zedboard_ssr/pynq_zedboard_ssr.srcs/sources_1/bd/zedboard_pnyq_ssr/ip/zedboard_pnyq_ssr_xbar_0/zedboard_pnyq_ssr_xbar_0.dcp' for cell 'zedboard_pnyq_ssr_i/ps7_0_axi_periph/xbar'
INFO: [Project 1-454] Reading design checkpoint 'c:/Users/Python/Desktop/sdup/simple_speech_recognition/pynq_zedboard_ssr/pynq_zedboard_ssr.srcs/sources_1/bd/zedboard_pnyq_ssr/ip/zedboard_pnyq_ssr_auto_pc_0/zedboard_pnyq_ssr_auto_pc_0.dcp' for cell 'zedboard_pnyq_ssr_i/ps7_0_axi_periph/s00_couplers/auto_pc'
INFO: [Netlist 29-17] Analyzing 14577 Unisim elements for replacement
INFO: [Netlist 29-28] Unisim Transformation completed in 0 CPU seconds
INFO: [Project 1-479] Netlist was created with Vivado 2018.3
INFO: [Device 21-403] Loading part xc7z020clg484-1
INFO: [Project 1-570] Preparing netlist for logic optimization
Parsing XDC File [c:/Users/Python/Desktop/sdup/simple_speech_recognition/pynq_zedboard_ssr/pynq_zedboard_ssr.srcs/sources_1/bd/zedboard_pnyq_ssr/ip/zedboard_pnyq_ssr_processing_system7_0_1/zedboard_pnyq_ssr_processing_system7_0_1.xdc] for cell 'zedboard_pnyq_ssr_i/processing_system7_0/inst'
Finished Parsing XDC File [c:/Users/Python/Desktop/sdup/simple_speech_recognition/pynq_zedboard_ssr/pynq_zedboard_ssr.srcs/sources_1/bd/zedboard_pnyq_ssr/ip/zedboard_pnyq_ssr_processing_system7_0_1/zedboard_pnyq_ssr_processing_system7_0_1.xdc] for cell 'zedboard_pnyq_ssr_i/processing_system7_0/inst'
Parsing XDC File [c:/Users/Python/Desktop/sdup/simple_speech_recognition/pynq_zedboard_ssr/pynq_zedboard_ssr.srcs/sources_1/bd/zedboard_pnyq_ssr/ip/zedboard_pnyq_ssr_axi_dma_0_2/zedboard_pnyq_ssr_axi_dma_0_2.xdc] for cell 'zedboard_pnyq_ssr_i/axi_dma_0/U0'
Finished Parsing XDC File [c:/Users/Python/Desktop/sdup/simple_speech_recognition/pynq_zedboard_ssr/pynq_zedboard_ssr.srcs/sources_1/bd/zedboard_pnyq_ssr/ip/zedboard_pnyq_ssr_axi_dma_0_2/zedboard_pnyq_ssr_axi_dma_0_2.xdc] for cell 'zedboard_pnyq_ssr_i/axi_dma_0/U0'
Parsing XDC File [c:/Users/Python/Desktop/sdup/simple_speech_recognition/pynq_zedboard_ssr/pynq_zedboard_ssr.srcs/sources_1/bd/zedboard_pnyq_ssr/ip/zedboard_pnyq_ssr_axi_smc_2/bd_0/ip/ip_1/bd_02a8_psr_aclk_0_board.xdc] for cell 'zedboard_pnyq_ssr_i/axi_smc/inst/clk_map/psr_aclk/U0'
Finished Parsing XDC File [c:/Users/Python/Desktop/sdup/simple_speech_recognition/pynq_zedboard_ssr/pynq_zedboard_ssr.srcs/sources_1/bd/zedboard_pnyq_ssr/ip/zedboard_pnyq_ssr_axi_smc_2/bd_0/ip/ip_1/bd_02a8_psr_aclk_0_board.xdc] for cell 'zedboard_pnyq_ssr_i/axi_smc/inst/clk_map/psr_aclk/U0'
Parsing XDC File [c:/Users/Python/Desktop/sdup/simple_speech_recognition/pynq_zedboard_ssr/pynq_zedboard_ssr.srcs/sources_1/bd/zedboard_pnyq_ssr/ip/zedboard_pnyq_ssr_axi_smc_2/bd_0/ip/ip_1/bd_02a8_psr_aclk_0.xdc] for cell 'zedboard_pnyq_ssr_i/axi_smc/inst/clk_map/psr_aclk/U0'
Finished Parsing XDC File [c:/Users/Python/Desktop/sdup/simple_speech_recognition/pynq_zedboard_ssr/pynq_zedboard_ssr.srcs/sources_1/bd/zedboard_pnyq_ssr/ip/zedboard_pnyq_ssr_axi_smc_2/bd_0/ip/ip_1/bd_02a8_psr_aclk_0.xdc] for cell 'zedboard_pnyq_ssr_i/axi_smc/inst/clk_map/psr_aclk/U0'
Parsing XDC File [c:/Users/Python/Desktop/sdup/simple_speech_recognition/pynq_zedboard_ssr/pynq_zedboard_ssr.srcs/sources_1/bd/zedboard_pnyq_ssr/ip/zedboard_pnyq_ssr_rst_ps7_0_20M_0/zedboard_pnyq_ssr_rst_ps7_0_20M_0_board.xdc] for cell 'zedboard_pnyq_ssr_i/rst_ps7_0_20M/U0'
Finished Parsing XDC File [c:/Users/Python/Desktop/sdup/simple_speech_recognition/pynq_zedboard_ssr/pynq_zedboard_ssr.srcs/sources_1/bd/zedboard_pnyq_ssr/ip/zedboard_pnyq_ssr_rst_ps7_0_20M_0/zedboard_pnyq_ssr_rst_ps7_0_20M_0_board.xdc] for cell 'zedboard_pnyq_ssr_i/rst_ps7_0_20M/U0'
Parsing XDC File [c:/Users/Python/Desktop/sdup/simple_speech_recognition/pynq_zedboard_ssr/pynq_zedboard_ssr.srcs/sources_1/bd/zedboard_pnyq_ssr/ip/zedboard_pnyq_ssr_rst_ps7_0_20M_0/zedboard_pnyq_ssr_rst_ps7_0_20M_0.xdc] for cell 'zedboard_pnyq_ssr_i/rst_ps7_0_20M/U0'
Finished Parsing XDC File [c:/Users/Python/Desktop/sdup/simple_speech_recognition/pynq_zedboard_ssr/pynq_zedboard_ssr.srcs/sources_1/bd/zedboard_pnyq_ssr/ip/zedboard_pnyq_ssr_rst_ps7_0_20M_0/zedboard_pnyq_ssr_rst_ps7_0_20M_0.xdc] for cell 'zedboard_pnyq_ssr_i/rst_ps7_0_20M/U0'
Parsing XDC File [C:/Users/Python/Desktop/sdup/simple_speech_recognition/pynq_zedboard_ssr/pynq_zedboard_ssr.srcs/constrs_1/new/zedboard_final.xdc]
Finished Parsing XDC File [C:/Users/Python/Desktop/sdup/simple_speech_recognition/pynq_zedboard_ssr/pynq_zedboard_ssr.srcs/constrs_1/new/zedboard_final.xdc]
Parsing XDC File [c:/Users/Python/Desktop/sdup/simple_speech_recognition/pynq_zedboard_ssr/pynq_zedboard_ssr.srcs/sources_1/bd/zedboard_pnyq_ssr/ip/zedboard_pnyq_ssr_axi_dma_0_2/zedboard_pnyq_ssr_axi_dma_0_2_clocks.xdc] for cell 'zedboard_pnyq_ssr_i/axi_dma_0/U0'
Finished Parsing XDC File [c:/Users/Python/Desktop/sdup/simple_speech_recognition/pynq_zedboard_ssr/pynq_zedboard_ssr.srcs/sources_1/bd/zedboard_pnyq_ssr/ip/zedboard_pnyq_ssr_axi_dma_0_2/zedboard_pnyq_ssr_axi_dma_0_2_clocks.xdc] for cell 'zedboard_pnyq_ssr_i/axi_dma_0/U0'
Sourcing Tcl File [C:/Xilinx/Vivado/2018.3/data/ip/xpm/xpm_fifo/tcl/xpm_fifo_rst.tcl] for cell 'zedboard_pnyq_ssr_i/axi_dma_0/U0/I_PRMRY_DATAMOVER/GEN_MM2S_FULL.I_MM2S_FULL_WRAPPER/GEN_INCLUDE_MM2S_SF.I_RD_SF/I_DATA_FIFO/BLK_MEM.I_SYNC_FIFOGEN_FIFO/xpm_fifo_instance.xpm_fifo_sync_inst'
Finished Sourcing Tcl File [C:/Xilinx/Vivado/2018.3/data/ip/xpm/xpm_fifo/tcl/xpm_fifo_rst.tcl] for cell 'zedboard_pnyq_ssr_i/axi_dma_0/U0/I_PRMRY_DATAMOVER/GEN_MM2S_FULL.I_MM2S_FULL_WRAPPER/GEN_INCLUDE_MM2S_SF.I_RD_SF/I_DATA_FIFO/BLK_MEM.I_SYNC_FIFOGEN_FIFO/xpm_fifo_instance.xpm_fifo_sync_inst'
Sourcing Tcl File [C:/Xilinx/Vivado/2018.3/data/ip/xpm/xpm_memory/tcl/xpm_memory_xdc.tcl] for cell 'zedboard_pnyq_ssr_i/axi_smc/inst/s00_nodes/s00_ar_node/inst/inst_mi_handler/gen_normal_area.inst_fifo_node_payld/gen_xpm_memory_fifo.inst_fifo/gen_mem_rep[0].inst_xpm_memory'
Finished Sourcing Tcl File [C:/Xilinx/Vivado/2018.3/data/ip/xpm/xpm_memory/tcl/xpm_memory_xdc.tcl] for cell 'zedboard_pnyq_ssr_i/axi_smc/inst/s00_nodes/s00_ar_node/inst/inst_mi_handler/gen_normal_area.inst_fifo_node_payld/gen_xpm_memory_fifo.inst_fifo/gen_mem_rep[0].inst_xpm_memory'
Sourcing Tcl File [C:/Xilinx/Vivado/2018.3/data/ip/xpm/xpm_memory/tcl/xpm_memory_xdc.tcl] for cell 'zedboard_pnyq_ssr_i/axi_smc/inst/s00_nodes/s00_r_node/inst/inst_mi_handler/gen_normal_area.inst_fifo_node_payld/gen_xpm_memory_fifo.inst_fifo/gen_mem_rep[0].inst_xpm_memory'
Finished Sourcing Tcl File [C:/Xilinx/Vivado/2018.3/data/ip/xpm/xpm_memory/tcl/xpm_memory_xdc.tcl] for cell 'zedboard_pnyq_ssr_i/axi_smc/inst/s00_nodes/s00_r_node/inst/inst_mi_handler/gen_normal_area.inst_fifo_node_payld/gen_xpm_memory_fifo.inst_fifo/gen_mem_rep[0].inst_xpm_memory'
INFO: [Opt 31-138] Pushed 0 inverter(s) to 0 load pin(s).
Netlist sorting complete. Time (s): cpu = 00:00:00 ; elapsed = 00:00:00.015 . Memory (MB): peak = 776.688 ; gain = 0.000
INFO: [Project 1-111] Unisim Transformation Summary:
  A total of 43 instances were transformed.
  RAM32M => RAM32M (RAMD32, RAMD32, RAMD32, RAMD32, RAMD32, RAMD32, RAMS32, RAMS32): 43 instances

17 Infos, 1 Warnings, 0 Critical Warnings and 0 Errors encountered.
link_design completed successfully
link_design: Time (s): cpu = 00:00:14 ; elapsed = 00:00:20 . Memory (MB): peak = 776.688 ; gain = 474.684
Command: opt_design
Attempting to get a license for feature 'Implementation' and/or device 'xc7z020'
INFO: [Common 17-349] Got license for feature 'Implementation' and/or device 'xc7z020'
Running DRC as a precondition to command opt_design

Starting DRC Task
INFO: [DRC 23-27] Running DRC with 2 threads
INFO: [Project 1-461] DRC finished with 0 Errors
INFO: [Project 1-462] Please refer to the DRC report (report_drc) for more information.

Time (s): cpu = 00:00:01 ; elapsed = 00:00:00.702 . Memory (MB): peak = 786.727 ; gain = 7.031

Starting Cache Timing Information Task
INFO: [Timing 38-35] Done setting XDC timing constraints.
Ending Cache Timing Information Task | Checksum: 10e22fc93

Time (s): cpu = 00:00:10 ; elapsed = 00:00:09 . Memory (MB): peak = 1410.590 ; gain = 623.293

Starting Logic Optimization Task

Phase 1 Retarget
INFO: [Opt 31-138] Pushed 5 inverter(s) to 27 load pin(s).
INFO: [Opt 31-49] Retargeted 0 cell(s).
Phase 1 Retarget | Checksum: 13ea27813

Time (s): cpu = 00:00:04 ; elapsed = 00:00:04 . Memory (MB): peak = 1503.172 ; gain = 0.000
INFO: [Opt 31-389] Phase Retarget created 764 cells and removed 818 cells
INFO: [Opt 31-1021] In phase Retarget, 8 netlist objects are constrained preventing optimization. Please run opt_design with -debug_log to get more detail. 

Phase 2 Constant propagation
INFO: [Opt 31-138] Pushed 0 inverter(s) to 0 load pin(s).
Phase 2 Constant propagation | Checksum: 124c97cbd

Time (s): cpu = 00:00:05 ; elapsed = 00:00:05 . Memory (MB): peak = 1503.172 ; gain = 0.000
INFO: [Opt 31-389] Phase Constant propagation created 12 cells and removed 116 cells
INFO: [Opt 31-1021] In phase Constant propagation, 8 netlist objects are constrained preventing optimization. Please run opt_design with -debug_log to get more detail. 

Phase 3 Sweep
Phase 3 Sweep | Checksum: 12b5c1110

Time (s): cpu = 00:00:06 ; elapsed = 00:00:06 . Memory (MB): peak = 1503.172 ; gain = 0.000
INFO: [Opt 31-389] Phase Sweep created 0 cells and removed 483 cells
INFO: [Opt 31-1021] In phase Sweep, 10 netlist objects are constrained preventing optimization. Please run opt_design with -debug_log to get more detail. 

Phase 4 BUFG optimization
Phase 4 BUFG optimization | Checksum: 12b5c1110

Time (s): cpu = 00:00:07 ; elapsed = 00:00:07 . Memory (MB): peak = 1503.172 ; gain = 0.000
INFO: [Opt 31-662] Phase BUFG optimization created 0 cells of which 0 are BUFGs and removed 0 cells.

Phase 5 Shift Register Optimization
Phase 5 Shift Register Optimization | Checksum: 1a7a6630b

Time (s): cpu = 00:00:10 ; elapsed = 00:00:10 . Memory (MB): peak = 1503.172 ; gain = 0.000
INFO: [Opt 31-389] Phase Shift Register Optimization created 0 cells and removed 0 cells

Phase 6 Post Processing Netlist
Phase 6 Post Processing Netlist | Checksum: 1a7a6630b

Time (s): cpu = 00:00:10 ; elapsed = 00:00:10 . Memory (MB): peak = 1503.172 ; gain = 0.000
INFO: [Opt 31-389] Phase Post Processing Netlist created 0 cells and removed 0 cells
INFO: [Opt 31-1021] In phase Post Processing Netlist, 8 netlist objects are constrained preventing optimization. Please run opt_design with -debug_log to get more detail. 
Opt_design Change Summary
=========================


-------------------------------------------------------------------------------------------------------------------------
|  Phase                        |  #Cells created  |  #Cells Removed  |  #Constrained objects preventing optimizations  |
-------------------------------------------------------------------------------------------------------------------------
|  Retarget                     |             764  |             818  |                                              8  |
|  Constant propagation         |              12  |             116  |                                              8  |
|  Sweep                        |               0  |             483  |                                             10  |
|  BUFG optimization            |               0  |               0  |                                              0  |
|  Shift Register Optimization  |               0  |               0  |                                              0  |
|  Post Processing Netlist      |               0  |               0  |                                              8  |
-------------------------------------------------------------------------------------------------------------------------



Starting Connectivity Check Task

Time (s): cpu = 00:00:00 ; elapsed = 00:00:00.148 . Memory (MB): peak = 1503.172 ; gain = 0.000
Ending Logic Optimization Task | Checksum: 1a7a6630b

Time (s): cpu = 00:00:10 ; elapsed = 00:00:10 . Memory (MB): peak = 1503.172 ; gain = 0.000

Starting Power Optimization Task
INFO: [Pwropt 34-132] Skipping clock gating for clocks with a period < 2.00 ns.
INFO: [Pwropt 34-9] Applying IDT optimizations ...
INFO: [Pwropt 34-10] Applying ODC optimizations ...
INFO: [Timing 38-35] Done setting XDC timing constraints.
INFO: [Physopt 32-619] Estimated Timing Summary | WNS=27.821 | TNS=0.000 |
Running Vector-less Activity Propagation...

Finished Running Vector-less Activity Propagation


Starting PowerOpt Patch Enables Task
INFO: [Pwropt 34-162] WRITE_MODE attribute of 0 BRAM(s) out of a total of 2 has been updated to save power. Run report_power_opt to get a complete listing of the BRAMs updated.
INFO: [Pwropt 34-201] Structural ODC has moved 0 WE to EN ports
Number of BRAM Ports augmented: 1 newly gated: 0 Total Ports: 4
Ending PowerOpt Patch Enables Task | Checksum: 155f8a739

Time (s): cpu = 00:00:00 ; elapsed = 00:00:00.231 . Memory (MB): peak = 1912.789 ; gain = 0.000
Ending Power Optimization Task | Checksum: 155f8a739

Time (s): cpu = 00:00:21 ; elapsed = 00:00:13 . Memory (MB): peak = 1912.789 ; gain = 409.617

Starting Final Cleanup Task
Ending Final Cleanup Task | Checksum: 155f8a739

Time (s): cpu = 00:00:00 ; elapsed = 00:00:00 . Memory (MB): peak = 1912.789 ; gain = 0.000

Starting Netlist Obfuscation Task
Netlist sorting complete. Time (s): cpu = 00:00:00 ; elapsed = 00:00:00.014 . Memory (MB): peak = 1912.789 ; gain = 0.000
Ending Netlist Obfuscation Task | Checksum: 188084f87

Time (s): cpu = 00:00:00 ; elapsed = 00:00:00.015 . Memory (MB): peak = 1912.789 ; gain = 0.000
INFO: [Common 17-83] Releasing license: Implementation
43 Infos, 1 Warnings, 0 Critical Warnings and 0 Errors encountered.
opt_design completed successfully
opt_design: Time (s): cpu = 00:00:43 ; elapsed = 00:00:35 . Memory (MB): peak = 1912.789 ; gain = 1133.094
Netlist sorting complete. Time (s): cpu = 00:00:00 ; elapsed = 00:00:00.014 . Memory (MB): peak = 1912.789 ; gain = 0.000
INFO: [Timing 38-480] Writing timing data to binary archive.
Writing placer database...
Writing XDEF routing.
Writing XDEF routing logical nets.
Writing XDEF routing special nets.
Write XDEF Complete: Time (s): cpu = 00:00:01 ; elapsed = 00:00:00.068 . Memory (MB): peak = 1912.789 ; gain = 0.000
Netlist sorting complete. Time (s): cpu = 00:00:00 ; elapsed = 00:00:00.015 . Memory (MB): peak = 1912.789 ; gain = 0.000
INFO: [Common 17-1381] The checkpoint 'C:/Users/Python/Desktop/sdup/simple_speech_recognition/pynq_zedboard_ssr/pynq_zedboard_ssr.runs/impl_1/zedboard_pnyq_ssr_wrapper_opt.dcp' has been generated.
write_checkpoint: Time (s): cpu = 00:00:08 ; elapsed = 00:00:06 . Memory (MB): peak = 1912.789 ; gain = 0.000
INFO: [runtcl-4] Executing : report_drc -file zedboard_pnyq_ssr_wrapper_drc_opted.rpt -pb zedboard_pnyq_ssr_wrapper_drc_opted.pb -rpx zedboard_pnyq_ssr_wrapper_drc_opted.rpx
Command: report_drc -file zedboard_pnyq_ssr_wrapper_drc_opted.rpt -pb zedboard_pnyq_ssr_wrapper_drc_opted.pb -rpx zedboard_pnyq_ssr_wrapper_drc_opted.rpx
INFO: [IP_Flow 19-1839] IP Catalog is up to date.
INFO: [DRC 23-27] Running DRC with 2 threads
WARNING: [Designutils 20-3303] unexpected site type 'IOPAD' in HDPYFinalizeIO
WARNING: [Designutils 20-3303] unexpected site type 'IOPAD' in HDPYFinalizeIO
WARNING: [Designutils 20-3303] unexpected site type 'IOPAD' in HDPYFinalizeIO
WARNING: [Designutils 20-3303] unexpected site type 'IOPAD' in HDPYFinalizeIO
WARNING: [Designutils 20-3303] unexpected site type 'IOPAD' in HDPYFinalizeIO
WARNING: [Designutils 20-3303] unexpected site type 'IOPAD' in HDPYFinalizeIO
WARNING: [Designutils 20-3303] unexpected site type 'IOPAD' in HDPYFinalizeIO
WARNING: [Designutils 20-3303] unexpected site type 'IOPAD' in HDPYFinalizeIO
WARNING: [Designutils 20-3303] unexpected site type 'IOPAD' in HDPYFinalizeIO
WARNING: [Designutils 20-3303] unexpected site type 'IOPAD' in HDPYFinalizeIO
WARNING: [Designutils 20-3303] unexpected site type 'IOPAD' in HDPYFinalizeIO
WARNING: [Designutils 20-3303] unexpected site type 'IOPAD' in HDPYFinalizeIO
WARNING: [Designutils 20-3303] unexpected site type 'IOPAD' in HDPYFinalizeIO
WARNING: [Designutils 20-3303] unexpected site type 'IOPAD' in HDPYFinalizeIO
WARNING: [Designutils 20-3303] unexpected site type 'IOPAD' in HDPYFinalizeIO
WARNING: [Designutils 20-3303] unexpected site type 'IOPAD' in HDPYFinalizeIO
WARNING: [Designutils 20-3303] unexpected site type 'IOPAD' in HDPYFinalizeIO
WARNING: [Designutils 20-3303] unexpected site type 'IOPAD' in HDPYFinalizeIO
WARNING: [Designutils 20-3303] unexpected site type 'IOPAD' in HDPYFinalizeIO
WARNING: [Designutils 20-3303] unexpected site type 'IOPAD' in HDPYFinalizeIO
WARNING: [Designutils 20-3303] unexpected site type 'IOPAD' in HDPYFinalizeIO
WARNING: [Designutils 20-3303] unexpected site type 'IOPAD' in HDPYFinalizeIO
WARNING: [Designutils 20-3303] unexpected site type 'IOPAD' in HDPYFinalizeIO
WARNING: [Designutils 20-3303] unexpected site type 'IOPAD' in HDPYFinalizeIO
WARNING: [Designutils 20-3303] unexpected site type 'IOPAD' in HDPYFinalizeIO
WARNING: [Designutils 20-3303] unexpected site type 'IOPAD' in HDPYFinalizeIO
WARNING: [Designutils 20-3303] unexpected site type 'IOPAD' in HDPYFinalizeIO
WARNING: [Designutils 20-3303] unexpected site type 'IOPAD' in HDPYFinalizeIO
WARNING: [Designutils 20-3303] unexpected site type 'IOPAD' in HDPYFinalizeIO
WARNING: [Designutils 20-3303] unexpected site type 'IOPAD' in HDPYFinalizeIO
WARNING: [Designutils 20-3303] unexpected site type 'IOPAD' in HDPYFinalizeIO
WARNING: [Designutils 20-3303] unexpected site type 'IOPAD' in HDPYFinalizeIO
WARNING: [Designutils 20-3303] unexpected site type 'IOPAD' in HDPYFinalizeIO
WARNING: [Designutils 20-3303] unexpected site type 'IOPAD' in HDPYFinalizeIO
WARNING: [Designutils 20-3303] unexpected site type 'IOPAD' in HDPYFinalizeIO
WARNING: [Designutils 20-3303] unexpected site type 'IOPAD' in HDPYFinalizeIO
WARNING: [Designutils 20-3303] unexpected site type 'IOPAD' in HDPYFinalizeIO
WARNING: [Designutils 20-3303] unexpected site type 'IOPAD' in HDPYFinalizeIO
WARNING: [Designutils 20-3303] unexpected site type 'IOPAD' in HDPYFinalizeIO
WARNING: [Designutils 20-3303] unexpected site type 'IOPAD' in HDPYFinalizeIO
WARNING: [Designutils 20-3303] unexpected site type 'IOPAD' in HDPYFinalizeIO
WARNING: [Designutils 20-3303] unexpected site type 'IOPAD' in HDPYFinalizeIO
WARNING: [Designutils 20-3303] unexpected site type 'IOPAD' in HDPYFinalizeIO
WARNING: [Designutils 20-3303] unexpected site type 'IOPAD' in HDPYFinalizeIO
WARNING: [Designutils 20-3303] unexpected site type 'IOPAD' in HDPYFinalizeIO
WARNING: [Designutils 20-3303] unexpected site type 'IOPAD' in HDPYFinalizeIO
WARNING: [Designutils 20-3303] unexpected site type 'IOPAD' in HDPYFinalizeIO
WARNING: [Designutils 20-3303] unexpected site type 'IOPAD' in HDPYFinalizeIO
WARNING: [Designutils 20-3303] unexpected site type 'IOPAD' in HDPYFinalizeIO
WARNING: [Designutils 20-3303] unexpected site type 'IOPAD' in HDPYFinalizeIO
WARNING: [Designutils 20-3303] unexpected site type 'IOPAD' in HDPYFinalizeIO
WARNING: [Designutils 20-3303] unexpected site type 'IOPAD' in HDPYFinalizeIO
WARNING: [Designutils 20-3303] unexpected site type 'IOPAD' in HDPYFinalizeIO
WARNING: [Designutils 20-3303] unexpected site type 'IOPAD' in HDPYFinalizeIO
WARNING: [Designutils 20-3303] unexpected site type 'IOPAD' in HDPYFinalizeIO
WARNING: [Designutils 20-3303] unexpected site type 'IOPAD' in HDPYFinalizeIO
WARNING: [Designutils 20-3303] unexpected site type 'IOPAD' in HDPYFinalizeIO
WARNING: [Designutils 20-3303] unexpected site type 'IOPAD' in HDPYFinalizeIO
WARNING: [Designutils 20-3303] unexpected site type 'IOPAD' in HDPYFinalizeIO
WARNING: [Designutils 20-3303] unexpected site type 'IOPAD' in HDPYFinalizeIO
WARNING: [Designutils 20-3303] unexpected site type 'IOPAD' in HDPYFinalizeIO
WARNING: [Designutils 20-3303] unexpected site type 'IOPAD' in HDPYFinalizeIO
WARNING: [Designutils 20-3303] unexpected site type 'IOPAD' in HDPYFinalizeIO
WARNING: [Designutils 20-3303] unexpected site type 'IOPAD' in HDPYFinalizeIO
WARNING: [Designutils 20-3303] unexpected site type 'IOPAD' in HDPYFinalizeIO
WARNING: [Designutils 20-3303] unexpected site type 'IOPAD' in HDPYFinalizeIO
WARNING: [Designutils 20-3303] unexpected site type 'IOPAD' in HDPYFinalizeIO
WARNING: [Designutils 20-3303] unexpected site type 'IOPAD' in HDPYFinalizeIO
WARNING: [Designutils 20-3303] unexpected site type 'IOPAD' in HDPYFinalizeIO
WARNING: [Designutils 20-3303] unexpected site type 'IOPAD' in HDPYFinalizeIO
WARNING: [Designutils 20-3303] unexpected site type 'IOPAD' in HDPYFinalizeIO
WARNING: [Designutils 20-3303] unexpected site type 'IOPAD' in HDPYFinalizeIO
WARNING: [Designutils 20-3303] unexpected site type 'IOPAD' in HDPYFinalizeIO
WARNING: [Designutils 20-3303] unexpected site type 'IOPAD' in HDPYFinalizeIO
WARNING: [Designutils 20-3303] unexpected site type 'IOPAD' in HDPYFinalizeIO
WARNING: [Designutils 20-3303] unexpected site type 'IOPAD' in HDPYFinalizeIO
WARNING: [Designutils 20-3303] unexpected site type 'IOPAD' in HDPYFinalizeIO
WARNING: [Designutils 20-3303] unexpected site type 'IOPAD' in HDPYFinalizeIO
WARNING: [Designutils 20-3303] unexpected site type 'IOPAD' in HDPYFinalizeIO
WARNING: [Designutils 20-3303] unexpected site type 'IOPAD' in HDPYFinalizeIO
WARNING: [Designutils 20-3303] unexpected site type 'IOPAD' in HDPYFinalizeIO
WARNING: [Designutils 20-3303] unexpected site type 'IOPAD' in HDPYFinalizeIO
WARNING: [Designutils 20-3303] unexpected site type 'IOPAD' in HDPYFinalizeIO
WARNING: [Designutils 20-3303] unexpected site type 'IOPAD' in HDPYFinalizeIO
WARNING: [Designutils 20-3303] unexpected site type 'IOPAD' in HDPYFinalizeIO
WARNING: [Designutils 20-3303] unexpected site type 'IOPAD' in HDPYFinalizeIO
WARNING: [Designutils 20-3303] unexpected site type 'IOPAD' in HDPYFinalizeIO
WARNING: [Designutils 20-3303] unexpected site type 'IOPAD' in HDPYFinalizeIO
WARNING: [Designutils 20-3303] unexpected site type 'IOPAD' in HDPYFinalizeIO
WARNING: [Designutils 20-3303] unexpected site type 'IOPAD' in HDPYFinalizeIO
WARNING: [Designutils 20-3303] unexpected site type 'IOPAD' in HDPYFinalizeIO
WARNING: [Designutils 20-3303] unexpected site type 'IOPAD' in HDPYFinalizeIO
WARNING: [Designutils 20-3303] unexpected site type 'IOPAD' in HDPYFinalizeIO
WARNING: [Designutils 20-3303] unexpected site type 'IOPAD' in HDPYFinalizeIO
WARNING: [Designutils 20-3303] unexpected site type 'IOPAD' in HDPYFinalizeIO
WARNING: [Designutils 20-3303] unexpected site type 'IOPAD' in HDPYFinalizeIO
WARNING: [Designutils 20-3303] unexpected site type 'IOPAD' in HDPYFinalizeIO
WARNING: [Designutils 20-3303] unexpected site type 'IOPAD' in HDPYFinalizeIO
WARNING: [Designutils 20-3303] unexpected site type 'IOPAD' in HDPYFinalizeIO
WARNING: [Designutils 20-3303] unexpected site type 'IOPAD' in HDPYFinalizeIO
INFO: [Common 17-14] Message 'Designutils 20-3303' appears 100 times and further instances of the messages will be disabled. Use the Tcl command set_msg_config to change the current settings.
INFO: [Coretcl 2-168] The results of DRC are in file C:/Users/Python/Desktop/sdup/simple_speech_recognition/pynq_zedboard_ssr/pynq_zedboard_ssr.runs/impl_1/zedboard_pnyq_ssr_wrapper_drc_opted.rpt.
report_drc completed successfully
Command: place_design
Attempting to get a license for feature 'Implementation' and/or device 'xc7z020'
INFO: [Common 17-349] Got license for feature 'Implementation' and/or device 'xc7z020'
INFO: [DRC 23-27] Running DRC with 2 threads
INFO: [Vivado_Tcl 4-198] DRC finished with 0 Errors
INFO: [Vivado_Tcl 4-199] Please refer to the DRC report (report_drc) for more information.
Running DRC as a precondition to command place_design
INFO: [DRC 23-27] Running DRC with 2 threads
INFO: [Vivado_Tcl 4-198] DRC finished with 0 Errors
INFO: [Vivado_Tcl 4-199] Please refer to the DRC report (report_drc) for more information.

Starting Placer Task
INFO: [Place 30-611] Multithreading enabled for place_design using a maximum of 2 CPUs

Phase 1 Placer Initialization

Phase 1.1 Placer Initialization Netlist Sorting
Netlist sorting complete. Time (s): cpu = 00:00:00 ; elapsed = 00:00:00.014 . Memory (MB): peak = 1912.789 ; gain = 0.000
Phase 1.1 Placer Initialization Netlist Sorting | Checksum: e7f64b0f

Time (s): cpu = 00:00:00 ; elapsed = 00:00:00.034 . Memory (MB): peak = 1912.789 ; gain = 0.000
Netlist sorting complete. Time (s): cpu = 00:00:00 ; elapsed = 00:00:00.013 . Memory (MB): peak = 1912.789 ; gain = 0.000

Phase 1.2 IO Placement/ Clock Placement/ Build Placer Device
INFO: [Timing 38-35] Done setting XDC timing constraints.
Phase 1.2 IO Placement/ Clock Placement/ Build Placer Device | Checksum: 14c0a1668

Time (s): cpu = 00:00:06 ; elapsed = 00:00:07 . Memory (MB): peak = 1912.789 ; gain = 0.000

Phase 1.3 Build Placer Netlist Model
Phase 1.3 Build Placer Netlist Model | Checksum: 1af8dda17

Time (s): cpu = 00:00:21 ; elapsed = 00:00:19 . Memory (MB): peak = 1912.789 ; gain = 0.000

Phase 1.4 Constrain Clocks/Macros
Phase 1.4 Constrain Clocks/Macros | Checksum: 1af8dda17

Time (s): cpu = 00:00:21 ; elapsed = 00:00:19 . Memory (MB): peak = 1912.789 ; gain = 0.000
Phase 1 Placer Initialization | Checksum: 1af8dda17

Time (s): cpu = 00:00:21 ; elapsed = 00:00:19 . Memory (MB): peak = 1912.789 ; gain = 0.000

Phase 2 Global Placement

Phase 2.1 Floorplanning
Phase 2.1 Floorplanning | Checksum: 237ba8664

Time (s): cpu = 00:00:26 ; elapsed = 00:00:22 . Memory (MB): peak = 1912.789 ; gain = 0.000

Phase 2.2 Physical Synthesis In Placer
INFO: [Physopt 32-65] No nets found for high-fanout optimization.
INFO: [Physopt 32-232] Optimized 0 net. Created 0 new instance.
INFO: [Physopt 32-775] End 1 Pass. Optimized 0 net or cell. Created 0 new cell, deleted 0 existing cell and moved 0 existing cell
INFO: [Physopt 32-670] No setup violation found.  DSP Register Optimization was not performed.
INFO: [Physopt 32-670] No setup violation found.  Shift Register Optimization was not performed.
INFO: [Physopt 32-670] No setup violation found.  BRAM Register Optimization was not performed.
INFO: [Physopt 32-949] No candidate nets found for HD net replication
INFO: [Physopt 32-775] End 1 Pass. Optimized 0 net or cell. Created 0 new cell, deleted 0 existing cell and moved 0 existing cell
Netlist sorting complete. Time (s): cpu = 00:00:00 ; elapsed = 00:00:00.014 . Memory (MB): peak = 1912.789 ; gain = 0.000

Summary of Physical Synthesis Optimizations
============================================


----------------------------------------------------------------------------------------------------------------------------------------
|  Optimization                  |  Added Cells  |  Removed Cells  |  Optimized Cells/Nets  |  Dont Touch  |  Iterations  |  Elapsed   |
----------------------------------------------------------------------------------------------------------------------------------------
|  Very High Fanout              |            0  |              0  |                     0  |           0  |           1  |  00:00:00  |
|  DSP Register                  |            0  |              0  |                     0  |           0  |           0  |  00:00:00  |
|  Shift Register                |            0  |              0  |                     0  |           0  |           0  |  00:00:00  |
|  BRAM Register                 |            0  |              0  |                     0  |           0  |           0  |  00:00:00  |
|  HD Interface Net Replication  |            0  |              0  |                     0  |           0  |           1  |  00:00:00  |
|  Total                         |            0  |              0  |                     0  |           0  |           2  |  00:00:00  |
----------------------------------------------------------------------------------------------------------------------------------------


Phase 2.2 Physical Synthesis In Placer | Checksum: 169dca2bf

Time (s): cpu = 00:01:13 ; elapsed = 00:01:01 . Memory (MB): peak = 1912.789 ; gain = 0.000
Phase 2 Global Placement | Checksum: 22737bf6b

Time (s): cpu = 00:01:26 ; elapsed = 00:01:11 . Memory (MB): peak = 1912.789 ; gain = 0.000

Phase 3 Detail Placement

Phase 3.1 Commit Multi Column Macros
Phase 3.1 Commit Multi Column Macros | Checksum: 22737bf6b

Time (s): cpu = 00:01:26 ; elapsed = 00:01:11 . Memory (MB): peak = 1912.789 ; gain = 0.000

Phase 3.2 Commit Most Macros & LUTRAMs
Phase 3.2 Commit Most Macros & LUTRAMs | Checksum: 2076ebe54

Time (s): cpu = 00:01:45 ; elapsed = 00:01:26 . Memory (MB): peak = 1912.789 ; gain = 0.000

Phase 3.3 Area Swap Optimization
Phase 3.3 Area Swap Optimization | Checksum: 1c240da02

Time (s): cpu = 00:01:46 ; elapsed = 00:01:27 . Memory (MB): peak = 1912.789 ; gain = 0.000

Phase 3.4 Pipeline Register Optimization
Phase 3.4 Pipeline Register Optimization | Checksum: 18f17366b

Time (s): cpu = 00:01:46 ; elapsed = 00:01:27 . Memory (MB): peak = 1912.789 ; gain = 0.000

Phase 3.5 Small Shape Detail Placement
Phase 3.5 Small Shape Detail Placement | Checksum: 1c97df046

Time (s): cpu = 00:02:03 ; elapsed = 00:01:43 . Memory (MB): peak = 1912.789 ; gain = 0.000

Phase 3.6 Re-assign LUT pins
Phase 3.6 Re-assign LUT pins | Checksum: 2697c7485

Time (s): cpu = 00:02:05 ; elapsed = 00:01:46 . Memory (MB): peak = 1912.789 ; gain = 0.000

Phase 3.7 Pipeline Register Optimization
Phase 3.7 Pipeline Register Optimization | Checksum: 185d2ccae

Time (s): cpu = 00:02:06 ; elapsed = 00:01:47 . Memory (MB): peak = 1912.789 ; gain = 0.000
Phase 3 Detail Placement | Checksum: 185d2ccae

Time (s): cpu = 00:02:06 ; elapsed = 00:01:47 . Memory (MB): peak = 1912.789 ; gain = 0.000

Phase 4 Post Placement Optimization and Clean-Up

Phase 4.1 Post Commit Optimization
INFO: [Timing 38-35] Done setting XDC timing constraints.

Phase 4.1.1 Post Placement Optimization
Post Placement Optimization Initialization | Checksum: 115215112

Phase 4.1.1.1 BUFG Insertion
INFO: [Place 46-33] Processed net zedboard_pnyq_ssr_i/top_ssr_0/inst/u_top_system/u_dsp_chain/u_mel/rst, BUFG insertion was skipped due to placement/routing conflicts.
INFO: [Place 46-33] Processed net zedboard_pnyq_ssr_i/top_ssr_0/inst/u_top_system/u_dsp_chain/u_framing/new_samples, BUFG insertion was skipped due to placement/routing conflicts.
INFO: [Place 46-46] BUFG insertion identified 2 candidate nets, 0 success, 0 bufg driver replicated, 2 skipped for placement/routing, 0 skipped for timing, 0 skipped for netlist change reason
Phase 4.1.1.1 BUFG Insertion | Checksum: 115215112

Time (s): cpu = 00:02:27 ; elapsed = 00:02:02 . Memory (MB): peak = 1912.789 ; gain = 0.000
INFO: [Place 30-746] Post Placement Timing Summary WNS=22.376. For the most accurate timing information please run report_timing.
Phase 4.1.1 Post Placement Optimization | Checksum: 1acad9e21

Time (s): cpu = 00:02:27 ; elapsed = 00:02:03 . Memory (MB): peak = 1912.789 ; gain = 0.000
Phase 4.1 Post Commit Optimization | Checksum: 1acad9e21

Time (s): cpu = 00:02:27 ; elapsed = 00:02:03 . Memory (MB): peak = 1912.789 ; gain = 0.000

Phase 4.2 Post Placement Cleanup
Phase 4.2 Post Placement Cleanup | Checksum: 1acad9e21

Time (s): cpu = 00:02:28 ; elapsed = 00:02:04 . Memory (MB): peak = 1912.789 ; gain = 0.000

Phase 4.3 Placer Reporting
Phase 4.3 Placer Reporting | Checksum: 1acad9e21

Time (s): cpu = 00:02:28 ; elapsed = 00:02:04 . Memory (MB): peak = 1912.789 ; gain = 0.000

Phase 4.4 Final Placement Cleanup
Netlist sorting complete. Time (s): cpu = 00:00:00 ; elapsed = 00:00:00.058 . Memory (MB): peak = 1912.789 ; gain = 0.000
Phase 4.4 Final Placement Cleanup | Checksum: 1adfc3c5b

Time (s): cpu = 00:02:29 ; elapsed = 00:02:05 . Memory (MB): peak = 1912.789 ; gain = 0.000
Phase 4 Post Placement Optimization and Clean-Up | Checksum: 1adfc3c5b

Time (s): cpu = 00:02:29 ; elapsed = 00:02:05 . Memory (MB): peak = 1912.789 ; gain = 0.000
Ending Placer Task | Checksum: fdacb45d

Time (s): cpu = 00:02:29 ; elapsed = 00:02:05 . Memory (MB): peak = 1912.789 ; gain = 0.000
INFO: [Common 17-83] Releasing license: Implementation
73 Infos, 101 Warnings, 0 Critical Warnings and 0 Errors encountered.
place_design completed successfully
place_design: Time (s): cpu = 00:02:32 ; elapsed = 00:02:07 . Memory (MB): peak = 1912.789 ; gain = 0.000
Netlist sorting complete. Time (s): cpu = 00:00:00 ; elapsed = 00:00:00.013 . Memory (MB): peak = 1912.789 ; gain = 0.000
INFO: [Timing 38-480] Writing timing data to binary archive.
Writing placer database...
Netlist sorting complete. Time (s): cpu = 00:00:00 ; elapsed = 00:00:00.018 . Memory (MB): peak = 1912.789 ; gain = 0.000
Writing XDEF routing.
Writing XDEF routing logical nets.
Writing XDEF routing special nets.
Write XDEF Complete: Time (s): cpu = 00:00:09 ; elapsed = 00:00:04 . Memory (MB): peak = 1912.789 ; gain = 0.000
INFO: [Common 17-1381] The checkpoint 'C:/Users/Python/Desktop/sdup/simple_speech_recognition/pynq_zedboard_ssr/pynq_zedboard_ssr.runs/impl_1/zedboard_pnyq_ssr_wrapper_placed.dcp' has been generated.
write_checkpoint: Time (s): cpu = 00:00:12 ; elapsed = 00:00:07 . Memory (MB): peak = 1912.789 ; gain = 0.000
INFO: [runtcl-4] Executing : report_io -file zedboard_pnyq_ssr_wrapper_io_placed.rpt
report_io: Time (s): cpu = 00:00:00 ; elapsed = 00:00:00.063 . Memory (MB): peak = 1912.789 ; gain = 0.000
INFO: [runtcl-4] Executing : report_utilization -file zedboard_pnyq_ssr_wrapper_utilization_placed.rpt -pb zedboard_pnyq_ssr_wrapper_utilization_placed.pb
INFO: [runtcl-4] Executing : report_control_sets -verbose -file zedboard_pnyq_ssr_wrapper_control_sets_placed.rpt
report_control_sets: Time (s): cpu = 00:00:01 ; elapsed = 00:00:00.127 . Memory (MB): peak = 1912.789 ; gain = 0.000
Command: route_design
Attempting to get a license for feature 'Implementation' and/or device 'xc7z020'
INFO: [Common 17-349] Got license for feature 'Implementation' and/or device 'xc7z020'
Running DRC as a precondition to command route_design
INFO: [DRC 23-27] Running DRC with 2 threads
WARNING: [Designutils 20-3303] unexpected site type 'IOPAD' in HDPYFinalizeIO
WARNING: [Designutils 20-3303] unexpected site type 'IOPAD' in HDPYFinalizeIO
WARNING: [Designutils 20-3303] unexpected site type 'IOPAD' in HDPYFinalizeIO
WARNING: [Designutils 20-3303] unexpected site type 'IOPAD' in HDPYFinalizeIO
WARNING: [Designutils 20-3303] unexpected site type 'IOPAD' in HDPYFinalizeIO
WARNING: [Designutils 20-3303] unexpected site type 'IOPAD' in HDPYFinalizeIO
WARNING: [Designutils 20-3303] unexpected site type 'IOPAD' in HDPYFinalizeIO
WARNING: [Designutils 20-3303] unexpected site type 'IOPAD' in HDPYFinalizeIO
WARNING: [Designutils 20-3303] unexpected site type 'IOPAD' in HDPYFinalizeIO
WARNING: [Designutils 20-3303] unexpected site type 'IOPAD' in HDPYFinalizeIO
WARNING: [Designutils 20-3303] unexpected site type 'IOPAD' in HDPYFinalizeIO
WARNING: [Designutils 20-3303] unexpected site type 'IOPAD' in HDPYFinalizeIO
WARNING: [Designutils 20-3303] unexpected site type 'IOPAD' in HDPYFinalizeIO
WARNING: [Designutils 20-3303] unexpected site type 'IOPAD' in HDPYFinalizeIO
WARNING: [Designutils 20-3303] unexpected site type 'IOPAD' in HDPYFinalizeIO
WARNING: [Designutils 20-3303] unexpected site type 'IOPAD' in HDPYFinalizeIO
WARNING: [Designutils 20-3303] unexpected site type 'IOPAD' in HDPYFinalizeIO
WARNING: [Designutils 20-3303] unexpected site type 'IOPAD' in HDPYFinalizeIO
WARNING: [Designutils 20-3303] unexpected site type 'IOPAD' in HDPYFinalizeIO
WARNING: [Designutils 20-3303] unexpected site type 'IOPAD' in HDPYFinalizeIO
WARNING: [Designutils 20-3303] unexpected site type 'IOPAD' in HDPYFinalizeIO
WARNING: [Designutils 20-3303] unexpected site type 'IOPAD' in HDPYFinalizeIO
WARNING: [Designutils 20-3303] unexpected site type 'IOPAD' in HDPYFinalizeIO
WARNING: [Designutils 20-3303] unexpected site type 'IOPAD' in HDPYFinalizeIO
WARNING: [Designutils 20-3303] unexpected site type 'IOPAD' in HDPYFinalizeIO
WARNING: [Designutils 20-3303] unexpected site type 'IOPAD' in HDPYFinalizeIO
WARNING: [Designutils 20-3303] unexpected site type 'IOPAD' in HDPYFinalizeIO
WARNING: [Designutils 20-3303] unexpected site type 'IOPAD' in HDPYFinalizeIO
WARNING: [Designutils 20-3303] unexpected site type 'IOPAD' in HDPYFinalizeIO
WARNING: [Designutils 20-3303] unexpected site type 'IOPAD' in HDPYFinalizeIO
WARNING: [Designutils 20-3303] unexpected site type 'IOPAD' in HDPYFinalizeIO
WARNING: [Designutils 20-3303] unexpected site type 'IOPAD' in HDPYFinalizeIO
WARNING: [Designutils 20-3303] unexpected site type 'IOPAD' in HDPYFinalizeIO
WARNING: [Designutils 20-3303] unexpected site type 'IOPAD' in HDPYFinalizeIO
WARNING: [Designutils 20-3303] unexpected site type 'IOPAD' in HDPYFinalizeIO
WARNING: [Designutils 20-3303] unexpected site type 'IOPAD' in HDPYFinalizeIO
WARNING: [Designutils 20-3303] unexpected site type 'IOPAD' in HDPYFinalizeIO
WARNING: [Designutils 20-3303] unexpected site type 'IOPAD' in HDPYFinalizeIO
WARNING: [Designutils 20-3303] unexpected site type 'IOPAD' in HDPYFinalizeIO
WARNING: [Designutils 20-3303] unexpected site type 'IOPAD' in HDPYFinalizeIO
WARNING: [Designutils 20-3303] unexpected site type 'IOPAD' in HDPYFinalizeIO
WARNING: [Designutils 20-3303] unexpected site type 'IOPAD' in HDPYFinalizeIO
WARNING: [Designutils 20-3303] unexpected site type 'IOPAD' in HDPYFinalizeIO
WARNING: [Designutils 20-3303] unexpected site type 'IOPAD' in HDPYFinalizeIO
WARNING: [Designutils 20-3303] unexpected site type 'IOPAD' in HDPYFinalizeIO
WARNING: [Designutils 20-3303] unexpected site type 'IOPAD' in HDPYFinalizeIO
WARNING: [Designutils 20-3303] unexpected site type 'IOPAD' in HDPYFinalizeIO
WARNING: [Designutils 20-3303] unexpected site type 'IOPAD' in HDPYFinalizeIO
WARNING: [Designutils 20-3303] unexpected site type 'IOPAD' in HDPYFinalizeIO
WARNING: [Designutils 20-3303] unexpected site type 'IOPAD' in HDPYFinalizeIO
WARNING: [Designutils 20-3303] unexpected site type 'IOPAD' in HDPYFinalizeIO
WARNING: [Designutils 20-3303] unexpected site type 'IOPAD' in HDPYFinalizeIO
WARNING: [Designutils 20-3303] unexpected site type 'IOPAD' in HDPYFinalizeIO
WARNING: [Designutils 20-3303] unexpected site type 'IOPAD' in HDPYFinalizeIO
WARNING: [Designutils 20-3303] unexpected site type 'IOPAD' in HDPYFinalizeIO
WARNING: [Designutils 20-3303] unexpected site type 'IOPAD' in HDPYFinalizeIO
WARNING: [Designutils 20-3303] unexpected site type 'IOPAD' in HDPYFinalizeIO
WARNING: [Designutils 20-3303] unexpected site type 'IOPAD' in HDPYFinalizeIO
WARNING: [Designutils 20-3303] unexpected site type 'IOPAD' in HDPYFinalizeIO
WARNING: [Designutils 20-3303] unexpected site type 'IOPAD' in HDPYFinalizeIO
WARNING: [Designutils 20-3303] unexpected site type 'IOPAD' in HDPYFinalizeIO
WARNING: [Designutils 20-3303] unexpected site type 'IOPAD' in HDPYFinalizeIO
WARNING: [Designutils 20-3303] unexpected site type 'IOPAD' in HDPYFinalizeIO
WARNING: [Designutils 20-3303] unexpected site type 'IOPAD' in HDPYFinalizeIO
WARNING: [Designutils 20-3303] unexpected site type 'IOPAD' in HDPYFinalizeIO
WARNING: [Designutils 20-3303] unexpected site type 'IOPAD' in HDPYFinalizeIO
WARNING: [Designutils 20-3303] unexpected site type 'IOPAD' in HDPYFinalizeIO
WARNING: [Designutils 20-3303] unexpected site type 'IOPAD' in HDPYFinalizeIO
WARNING: [Designutils 20-3303] unexpected site type 'IOPAD' in HDPYFinalizeIO
WARNING: [Designutils 20-3303] unexpected site type 'IOPAD' in HDPYFinalizeIO
WARNING: [Designutils 20-3303] unexpected site type 'IOPAD' in HDPYFinalizeIO
WARNING: [Designutils 20-3303] unexpected site type 'IOPAD' in HDPYFinalizeIO
WARNING: [Designutils 20-3303] unexpected site type 'IOPAD' in HDPYFinalizeIO
WARNING: [Designutils 20-3303] unexpected site type 'IOPAD' in HDPYFinalizeIO
WARNING: [Designutils 20-3303] unexpected site type 'IOPAD' in HDPYFinalizeIO
WARNING: [Designutils 20-3303] unexpected site type 'IOPAD' in HDPYFinalizeIO
WARNING: [Designutils 20-3303] unexpected site type 'IOPAD' in HDPYFinalizeIO
WARNING: [Designutils 20-3303] unexpected site type 'IOPAD' in HDPYFinalizeIO
WARNING: [Designutils 20-3303] unexpected site type 'IOPAD' in HDPYFinalizeIO
WARNING: [Designutils 20-3303] unexpected site type 'IOPAD' in HDPYFinalizeIO
WARNING: [Designutils 20-3303] unexpected site type 'IOPAD' in HDPYFinalizeIO
WARNING: [Designutils 20-3303] unexpected site type 'IOPAD' in HDPYFinalizeIO
WARNING: [Designutils 20-3303] unexpected site type 'IOPAD' in HDPYFinalizeIO
WARNING: [Designutils 20-3303] unexpected site type 'IOPAD' in HDPYFinalizeIO
WARNING: [Designutils 20-3303] unexpected site type 'IOPAD' in HDPYFinalizeIO
WARNING: [Designutils 20-3303] unexpected site type 'IOPAD' in HDPYFinalizeIO
WARNING: [Designutils 20-3303] unexpected site type 'IOPAD' in HDPYFinalizeIO
WARNING: [Designutils 20-3303] unexpected site type 'IOPAD' in HDPYFinalizeIO
WARNING: [Designutils 20-3303] unexpected site type 'IOPAD' in HDPYFinalizeIO
WARNING: [Designutils 20-3303] unexpected site type 'IOPAD' in HDPYFinalizeIO
WARNING: [Designutils 20-3303] unexpected site type 'IOPAD' in HDPYFinalizeIO
WARNING: [Designutils 20-3303] unexpected site type 'IOPAD' in HDPYFinalizeIO
WARNING: [Designutils 20-3303] unexpected site type 'IOPAD' in HDPYFinalizeIO
WARNING: [Designutils 20-3303] unexpected site type 'IOPAD' in HDPYFinalizeIO
WARNING: [Designutils 20-3303] unexpected site type 'IOPAD' in HDPYFinalizeIO
WARNING: [Designutils 20-3303] unexpected site type 'IOPAD' in HDPYFinalizeIO
WARNING: [Designutils 20-3303] unexpected site type 'IOPAD' in HDPYFinalizeIO
WARNING: [Designutils 20-3303] unexpected site type 'IOPAD' in HDPYFinalizeIO
WARNING: [Designutils 20-3303] unexpected site type 'IOPAD' in HDPYFinalizeIO
WARNING: [Designutils 20-3303] unexpected site type 'IOPAD' in HDPYFinalizeIO
INFO: [Common 17-14] Message 'Designutils 20-3303' appears 100 times and further instances of the messages will be disabled. Use the Tcl command set_msg_config to change the current settings.
INFO: [Vivado_Tcl 4-198] DRC finished with 0 Errors
INFO: [Vivado_Tcl 4-199] Please refer to the DRC report (report_drc) for more information.


Starting Routing Task
INFO: [Route 35-254] Multithreading enabled for route_design using a maximum of 2 CPUs
Checksum: PlaceDB: cfed940f ConstDB: 0 ShapeSum: 2dbf204e RouteDB: 0

Phase 1 Build RT Design
Phase 1 Build RT Design | Checksum: 3c269655

Time (s): cpu = 00:00:27 ; elapsed = 00:00:19 . Memory (MB): peak = 1976.336 ; gain = 63.547
Post Restoration Checksum: NetGraph: 2e723633 NumContArr: db46022 Constraints: 0 Timing: 0

Phase 2 Router Initialization

Phase 2.1 Create Timer
Phase 2.1 Create Timer | Checksum: 3c269655

Time (s): cpu = 00:00:27 ; elapsed = 00:00:19 . Memory (MB): peak = 2009.027 ; gain = 96.238

Phase 2.2 Fix Topology Constraints
Phase 2.2 Fix Topology Constraints | Checksum: 3c269655

Time (s): cpu = 00:00:28 ; elapsed = 00:00:20 . Memory (MB): peak = 2017.488 ; gain = 104.699

Phase 2.3 Pre Route Cleanup
Phase 2.3 Pre Route Cleanup | Checksum: 3c269655

Time (s): cpu = 00:00:28 ; elapsed = 00:00:20 . Memory (MB): peak = 2017.488 ; gain = 104.699
 Number of Nodes with overlaps = 0

Phase 2.4 Update Timing
Phase 2.4 Update Timing | Checksum: f26074a8

Time (s): cpu = 00:00:49 ; elapsed = 00:00:38 . Memory (MB): peak = 2072.793 ; gain = 160.004
INFO: [Route 35-416] Intermediate Timing Summary | WNS=22.734 | TNS=0.000  | WHS=-0.280 | THS=-171.191|

Phase 2 Router Initialization | Checksum: a6fe2783

Time (s): cpu = 00:00:59 ; elapsed = 00:00:45 . Memory (MB): peak = 2457.715 ; gain = 544.926

Phase 3 Initial Routing
Phase 3 Initial Routing | Checksum: 24c291ac7

Time (s): cpu = 00:01:50 ; elapsed = 00:01:15 . Memory (MB): peak = 2457.715 ; gain = 544.926

Phase 4 Rip-up And Reroute

Phase 4.1 Global Iteration 0
 Number of Nodes with overlaps = 24461
 Number of Nodes with overlaps = 885
 Number of Nodes with overlaps = 5
 Number of Nodes with overlaps = 0
INFO: [Route 35-416] Intermediate Timing Summary | WNS=21.224 | TNS=0.000  | WHS=N/A    | THS=N/A    |

Phase 4.1 Global Iteration 0 | Checksum: 196b4f1bf

Time (s): cpu = 00:03:09 ; elapsed = 00:02:16 . Memory (MB): peak = 2457.715 ; gain = 544.926

Phase 4.2 Global Iteration 1
 Number of Nodes with overlaps = 6
 Number of Nodes with overlaps = 0
INFO: [Route 35-416] Intermediate Timing Summary | WNS=21.236 | TNS=0.000  | WHS=N/A    | THS=N/A    |

Phase 4.2 Global Iteration 1 | Checksum: 130ac098a

Time (s): cpu = 00:03:11 ; elapsed = 00:02:18 . Memory (MB): peak = 2457.715 ; gain = 544.926
Phase 4 Rip-up And Reroute | Checksum: 130ac098a

Time (s): cpu = 00:03:11 ; elapsed = 00:02:18 . Memory (MB): peak = 2457.715 ; gain = 544.926

Phase 5 Delay and Skew Optimization

Phase 5.1 Delay CleanUp
Phase 5.1 Delay CleanUp | Checksum: 130ac098a

Time (s): cpu = 00:03:11 ; elapsed = 00:02:18 . Memory (MB): peak = 2457.715 ; gain = 544.926

Phase 5.2 Clock Skew Optimization
Phase 5.2 Clock Skew Optimization | Checksum: 130ac098a

Time (s): cpu = 00:03:11 ; elapsed = 00:02:18 . Memory (MB): peak = 2457.715 ; gain = 544.926
Phase 5 Delay and Skew Optimization | Checksum: 130ac098a

Time (s): cpu = 00:03:12 ; elapsed = 00:02:19 . Memory (MB): peak = 2457.715 ; gain = 544.926

Phase 6 Post Hold Fix

Phase 6.1 Hold Fix Iter

Phase 6.1.1 Update Timing
Phase 6.1.1 Update Timing | Checksum: 17c918a12

Time (s): cpu = 00:03:14 ; elapsed = 00:02:20 . Memory (MB): peak = 2457.715 ; gain = 544.926
INFO: [Route 35-416] Intermediate Timing Summary | WNS=21.367 | TNS=0.000  | WHS=0.019  | THS=0.000  |

Phase 6.1 Hold Fix Iter | Checksum: 14ba3e8a0

Time (s): cpu = 00:03:14 ; elapsed = 00:02:21 . Memory (MB): peak = 2457.715 ; gain = 544.926
Phase 6 Post Hold Fix | Checksum: 14ba3e8a0

Time (s): cpu = 00:03:15 ; elapsed = 00:02:21 . Memory (MB): peak = 2457.715 ; gain = 544.926

Phase 7 Route finalize

Router Utilization Summary
  Global Vertical Routing Utilization    = 15.9525 %
  Global Horizontal Routing Utilization  = 16.3127 %
  Routable Net Status*
  *Does not include unroutable nets such as driverless and loadless.
  Run report_route_status for detailed report.
  Number of Failed Nets               = 0
  Number of Unrouted Nets             = 0
  Number of Partially Routed Nets     = 0
  Number of Node Overlaps             = 0

Phase 7 Route finalize | Checksum: 116c3a63a

Time (s): cpu = 00:03:15 ; elapsed = 00:02:21 . Memory (MB): peak = 2457.715 ; gain = 544.926

Phase 8 Verifying routed nets

 Verification completed successfully
Phase 8 Verifying routed nets | Checksum: 116c3a63a

Time (s): cpu = 00:03:15 ; elapsed = 00:02:21 . Memory (MB): peak = 2457.715 ; gain = 544.926

Phase 9 Depositing Routes
Phase 9 Depositing Routes | Checksum: 161fa7026

Time (s): cpu = 00:03:19 ; elapsed = 00:02:26 . Memory (MB): peak = 2457.715 ; gain = 544.926

Phase 10 Post Router Timing
INFO: [Route 35-57] Estimated Timing Summary | WNS=21.367 | TNS=0.000  | WHS=0.019  | THS=0.000  |

INFO: [Route 35-327] The final timing numbers are based on the router estimated timing analysis. For a complete and accurate timing signoff, please run report_timing_summary.
Phase 10 Post Router Timing | Checksum: 161fa7026

Time (s): cpu = 00:03:19 ; elapsed = 00:02:26 . Memory (MB): peak = 2457.715 ; gain = 544.926
INFO: [Route 35-16] Router Completed Successfully

Time (s): cpu = 00:03:19 ; elapsed = 00:02:26 . Memory (MB): peak = 2457.715 ; gain = 544.926

Routing Is Done.
INFO: [Common 17-83] Releasing license: Implementation
92 Infos, 201 Warnings, 0 Critical Warnings and 0 Errors encountered.
route_design completed successfully
route_design: Time (s): cpu = 00:03:23 ; elapsed = 00:02:29 . Memory (MB): peak = 2457.715 ; gain = 544.926
Netlist sorting complete. Time (s): cpu = 00:00:00 ; elapsed = 00:00:00.012 . Memory (MB): peak = 2457.715 ; gain = 0.000
INFO: [Timing 38-480] Writing timing data to binary archive.
Writing placer database...
Netlist sorting complete. Time (s): cpu = 00:00:00 ; elapsed = 00:00:00.014 . Memory (MB): peak = 2457.715 ; gain = 0.000
Writing XDEF routing.
Writing XDEF routing logical nets.
Writing XDEF routing special nets.
Write XDEF Complete: Time (s): cpu = 00:00:10 ; elapsed = 00:00:04 . Memory (MB): peak = 2457.715 ; gain = 0.000
INFO: [Common 17-1381] The checkpoint 'C:/Users/Python/Desktop/sdup/simple_speech_recognition/pynq_zedboard_ssr/pynq_zedboard_ssr.runs/impl_1/zedboard_pnyq_ssr_wrapper_routed.dcp' has been generated.
write_checkpoint: Time (s): cpu = 00:00:13 ; elapsed = 00:00:07 . Memory (MB): peak = 2457.715 ; gain = 0.000
INFO: [runtcl-4] Executing : report_drc -file zedboard_pnyq_ssr_wrapper_drc_routed.rpt -pb zedboard_pnyq_ssr_wrapper_drc_routed.pb -rpx zedboard_pnyq_ssr_wrapper_drc_routed.rpx
Command: report_drc -file zedboard_pnyq_ssr_wrapper_drc_routed.rpt -pb zedboard_pnyq_ssr_wrapper_drc_routed.pb -rpx zedboard_pnyq_ssr_wrapper_drc_routed.rpx
INFO: [IP_Flow 19-1839] IP Catalog is up to date.
INFO: [DRC 23-27] Running DRC with 2 threads
INFO: [Coretcl 2-168] The results of DRC are in file C:/Users/Python/Desktop/sdup/simple_speech_recognition/pynq_zedboard_ssr/pynq_zedboard_ssr.runs/impl_1/zedboard_pnyq_ssr_wrapper_drc_routed.rpt.
report_drc completed successfully
report_drc: Time (s): cpu = 00:00:11 ; elapsed = 00:00:06 . Memory (MB): peak = 2457.715 ; gain = 0.000
INFO: [runtcl-4] Executing : report_methodology -file zedboard_pnyq_ssr_wrapper_methodology_drc_routed.rpt -pb zedboard_pnyq_ssr_wrapper_methodology_drc_routed.pb -rpx zedboard_pnyq_ssr_wrapper_methodology_drc_routed.rpx
Command: report_methodology -file zedboard_pnyq_ssr_wrapper_methodology_drc_routed.rpt -pb zedboard_pnyq_ssr_wrapper_methodology_drc_routed.pb -rpx zedboard_pnyq_ssr_wrapper_methodology_drc_routed.rpx
INFO: [Timing 38-35] Done setting XDC timing constraints.
INFO: [DRC 23-133] Running Methodology with 2 threads
INFO: [Coretcl 2-1520] The results of Report Methodology are in file C:/Users/Python/Desktop/sdup/simple_speech_recognition/pynq_zedboard_ssr/pynq_zedboard_ssr.runs/impl_1/zedboard_pnyq_ssr_wrapper_methodology_drc_routed.rpt.
report_methodology completed successfully
report_methodology: Time (s): cpu = 00:00:22 ; elapsed = 00:00:13 . Memory (MB): peak = 2457.715 ; gain = 0.000
INFO: [runtcl-4] Executing : report_power -file zedboard_pnyq_ssr_wrapper_power_routed.rpt -pb zedboard_pnyq_ssr_wrapper_power_summary_routed.pb -rpx zedboard_pnyq_ssr_wrapper_power_routed.rpx
Command: report_power -file zedboard_pnyq_ssr_wrapper_power_routed.rpt -pb zedboard_pnyq_ssr_wrapper_power_summary_routed.pb -rpx zedboard_pnyq_ssr_wrapper_power_routed.rpx
INFO: [Timing 38-35] Done setting XDC timing constraints.
Running Vector-less Activity Propagation...

Finished Running Vector-less Activity Propagation
WARNING: [Power 33-332] Found switching activity that implies high-fanout reset nets being asserted for excessive periods of time which may result in inaccurate power analysis.
Resolution: To review and fix problems, please run Power Constraints Advisor in the GUI from Tools > Power Constraints Advisor or run report_power with the -advisory option to generate a text report.
104 Infos, 202 Warnings, 0 Critical Warnings and 0 Errors encountered.
report_power completed successfully
report_power: Time (s): cpu = 00:00:19 ; elapsed = 00:00:12 . Memory (MB): peak = 2457.715 ; gain = 0.000
INFO: [runtcl-4] Executing : report_route_status -file zedboard_pnyq_ssr_wrapper_route_status.rpt -pb zedboard_pnyq_ssr_wrapper_route_status.pb
INFO: [runtcl-4] Executing : report_timing_summary -max_paths 10 -file zedboard_pnyq_ssr_wrapper_timing_summary_routed.rpt -pb zedboard_pnyq_ssr_wrapper_timing_summary_routed.pb -rpx zedboard_pnyq_ssr_wrapper_timing_summary_routed.rpx -warn_on_violation 
INFO: [Timing 38-91] UpdateTimingParams: Speed grade: -1, Delay Type: min_max.
INFO: [Timing 38-191] Multithreading enabled for timing update using a maximum of 2 CPUs
INFO: [runtcl-4] Executing : report_incremental_reuse -file zedboard_pnyq_ssr_wrapper_incremental_reuse_routed.rpt
INFO: [Vivado_Tcl 4-1062] Incremental flow is disabled. No incremental reuse Info to report.
INFO: [runtcl-4] Executing : report_clock_utilization -file zedboard_pnyq_ssr_wrapper_clock_utilization_routed.rpt
INFO: [runtcl-4] Executing : report_bus_skew -warn_on_violation -file zedboard_pnyq_ssr_wrapper_bus_skew_routed.rpt -pb zedboard_pnyq_ssr_wrapper_bus_skew_routed.pb -rpx zedboard_pnyq_ssr_wrapper_bus_skew_routed.rpx
INFO: [Timing 38-91] UpdateTimingParams: Speed grade: -1, Delay Type: min_max.
INFO: [Timing 38-191] Multithreading enabled for timing update using a maximum of 2 CPUs
INFO: [Memdata 28-167] Found XPM memory block zedboard_pnyq_ssr_i/axi_smc/inst/s00_nodes/s00_r_node/inst/inst_mi_handler/gen_normal_area.inst_fifo_node_payld/gen_xpm_memory_fifo.inst_fifo/gen_mem_rep[0].inst_xpm_memory/xpm_memory_base_inst with a P_MEMORY_PRIMITIVE property set to distributed. A value of block is required. You will not be able to use the updatemem program to update the bitstream with new data for the zedboard_pnyq_ssr_i/axi_smc/inst/s00_nodes/s00_r_node/inst/inst_mi_handler/gen_normal_area.inst_fifo_node_payld/gen_xpm_memory_fifo.inst_fifo/gen_mem_rep[0].inst_xpm_memory/xpm_memory_base_inst block.
INFO: [Memdata 28-167] Found XPM memory block zedboard_pnyq_ssr_i/axi_smc/inst/s00_nodes/s00_ar_node/inst/inst_mi_handler/gen_normal_area.inst_fifo_node_payld/gen_xpm_memory_fifo.inst_fifo/gen_mem_rep[0].inst_xpm_memory/xpm_memory_base_inst with a P_MEMORY_PRIMITIVE property set to distributed. A value of block is required. You will not be able to use the updatemem program to update the bitstream with new data for the zedboard_pnyq_ssr_i/axi_smc/inst/s00_nodes/s00_ar_node/inst/inst_mi_handler/gen_normal_area.inst_fifo_node_payld/gen_xpm_memory_fifo.inst_fifo/gen_mem_rep[0].inst_xpm_memory/xpm_memory_base_inst block.
INFO: [Memdata 28-208] The XPM instance: <zedboard_pnyq_ssr_i/axi_dma_0/U0/I_PRMRY_DATAMOVER/GEN_MM2S_FULL.I_MM2S_FULL_WRAPPER/GEN_INCLUDE_MM2S_SF.I_RD_SF/I_DATA_FIFO/BLK_MEM.I_SYNC_FIFOGEN_FIFO/xpm_fifo_instance.xpm_fifo_sync_inst/xpm_fifo_base_inst/gen_sdpram.xpm_memory_base_inst> is part of IP: <zedboard_pnyq_ssr_i/axi_dma_0>. This XPM instance will be excluded from the .mmi because updatemem is prohibited from making changes to an XPM that is part of an IP.
Command: write_bitstream -force zedboard_pnyq_ssr_wrapper.bit
Attempting to get a license for feature 'Implementation' and/or device 'xc7z020'
INFO: [Common 17-349] Got license for feature 'Implementation' and/or device 'xc7z020'
Running DRC as a precondition to command write_bitstream
INFO: [IP_Flow 19-1839] IP Catalog is up to date.
INFO: [DRC 23-27] Running DRC with 2 threads
WARNING: [Designutils 20-3303] unexpected site type 'IOPAD' in HDPYFinalizeIO
WARNING: [Designutils 20-3303] unexpected site type 'IOPAD' in HDPYFinalizeIO
WARNING: [Designutils 20-3303] unexpected site type 'IOPAD' in HDPYFinalizeIO
WARNING: [Designutils 20-3303] unexpected site type 'IOPAD' in HDPYFinalizeIO
WARNING: [Designutils 20-3303] unexpected site type 'IOPAD' in HDPYFinalizeIO
WARNING: [Designutils 20-3303] unexpected site type 'IOPAD' in HDPYFinalizeIO
WARNING: [Designutils 20-3303] unexpected site type 'IOPAD' in HDPYFinalizeIO
WARNING: [Designutils 20-3303] unexpected site type 'IOPAD' in HDPYFinalizeIO
WARNING: [Designutils 20-3303] unexpected site type 'IOPAD' in HDPYFinalizeIO
WARNING: [Designutils 20-3303] unexpected site type 'IOPAD' in HDPYFinalizeIO
WARNING: [Designutils 20-3303] unexpected site type 'IOPAD' in HDPYFinalizeIO
WARNING: [Designutils 20-3303] unexpected site type 'IOPAD' in HDPYFinalizeIO
WARNING: [Designutils 20-3303] unexpected site type 'IOPAD' in HDPYFinalizeIO
WARNING: [Designutils 20-3303] unexpected site type 'IOPAD' in HDPYFinalizeIO
WARNING: [Designutils 20-3303] unexpected site type 'IOPAD' in HDPYFinalizeIO
WARNING: [Designutils 20-3303] unexpected site type 'IOPAD' in HDPYFinalizeIO
WARNING: [Designutils 20-3303] unexpected site type 'IOPAD' in HDPYFinalizeIO
WARNING: [Designutils 20-3303] unexpected site type 'IOPAD' in HDPYFinalizeIO
WARNING: [Designutils 20-3303] unexpected site type 'IOPAD' in HDPYFinalizeIO
WARNING: [Designutils 20-3303] unexpected site type 'IOPAD' in HDPYFinalizeIO
WARNING: [Designutils 20-3303] unexpected site type 'IOPAD' in HDPYFinalizeIO
WARNING: [Designutils 20-3303] unexpected site type 'IOPAD' in HDPYFinalizeIO
WARNING: [Designutils 20-3303] unexpected site type 'IOPAD' in HDPYFinalizeIO
WARNING: [Designutils 20-3303] unexpected site type 'IOPAD' in HDPYFinalizeIO
WARNING: [Designutils 20-3303] unexpected site type 'IOPAD' in HDPYFinalizeIO
WARNING: [Designutils 20-3303] unexpected site type 'IOPAD' in HDPYFinalizeIO
WARNING: [Designutils 20-3303] unexpected site type 'IOPAD' in HDPYFinalizeIO
WARNING: [Designutils 20-3303] unexpected site type 'IOPAD' in HDPYFinalizeIO
WARNING: [Designutils 20-3303] unexpected site type 'IOPAD' in HDPYFinalizeIO
WARNING: [Designutils 20-3303] unexpected site type 'IOPAD' in HDPYFinalizeIO
WARNING: [Designutils 20-3303] unexpected site type 'IOPAD' in HDPYFinalizeIO
WARNING: [Designutils 20-3303] unexpected site type 'IOPAD' in HDPYFinalizeIO
WARNING: [Designutils 20-3303] unexpected site type 'IOPAD' in HDPYFinalizeIO
WARNING: [Designutils 20-3303] unexpected site type 'IOPAD' in HDPYFinalizeIO
WARNING: [Designutils 20-3303] unexpected site type 'IOPAD' in HDPYFinalizeIO
WARNING: [Designutils 20-3303] unexpected site type 'IOPAD' in HDPYFinalizeIO
WARNING: [Designutils 20-3303] unexpected site type 'IOPAD' in HDPYFinalizeIO
WARNING: [Designutils 20-3303] unexpected site type 'IOPAD' in HDPYFinalizeIO
WARNING: [Designutils 20-3303] unexpected site type 'IOPAD' in HDPYFinalizeIO
WARNING: [Designutils 20-3303] unexpected site type 'IOPAD' in HDPYFinalizeIO
WARNING: [Designutils 20-3303] unexpected site type 'IOPAD' in HDPYFinalizeIO
WARNING: [Designutils 20-3303] unexpected site type 'IOPAD' in HDPYFinalizeIO
WARNING: [Designutils 20-3303] unexpected site type 'IOPAD' in HDPYFinalizeIO
WARNING: [Designutils 20-3303] unexpected site type 'IOPAD' in HDPYFinalizeIO
WARNING: [Designutils 20-3303] unexpected site type 'IOPAD' in HDPYFinalizeIO
WARNING: [Designutils 20-3303] unexpected site type 'IOPAD' in HDPYFinalizeIO
WARNING: [Designutils 20-3303] unexpected site type 'IOPAD' in HDPYFinalizeIO
WARNING: [Designutils 20-3303] unexpected site type 'IOPAD' in HDPYFinalizeIO
WARNING: [Designutils 20-3303] unexpected site type 'IOPAD' in HDPYFinalizeIO
WARNING: [Designutils 20-3303] unexpected site type 'IOPAD' in HDPYFinalizeIO
WARNING: [Designutils 20-3303] unexpected site type 'IOPAD' in HDPYFinalizeIO
WARNING: [Designutils 20-3303] unexpected site type 'IOPAD' in HDPYFinalizeIO
WARNING: [Designutils 20-3303] unexpected site type 'IOPAD' in HDPYFinalizeIO
WARNING: [Designutils 20-3303] unexpected site type 'IOPAD' in HDPYFinalizeIO
WARNING: [Designutils 20-3303] unexpected site type 'IOPAD' in HDPYFinalizeIO
WARNING: [Designutils 20-3303] unexpected site type 'IOPAD' in HDPYFinalizeIO
WARNING: [Designutils 20-3303] unexpected site type 'IOPAD' in HDPYFinalizeIO
WARNING: [Designutils 20-3303] unexpected site type 'IOPAD' in HDPYFinalizeIO
WARNING: [Designutils 20-3303] unexpected site type 'IOPAD' in HDPYFinalizeIO
WARNING: [Designutils 20-3303] unexpected site type 'IOPAD' in HDPYFinalizeIO
WARNING: [Designutils 20-3303] unexpected site type 'IOPAD' in HDPYFinalizeIO
WARNING: [Designutils 20-3303] unexpected site type 'IOPAD' in HDPYFinalizeIO
WARNING: [Designutils 20-3303] unexpected site type 'IOPAD' in HDPYFinalizeIO
WARNING: [Designutils 20-3303] unexpected site type 'IOPAD' in HDPYFinalizeIO
WARNING: [Designutils 20-3303] unexpected site type 'IOPAD' in HDPYFinalizeIO
WARNING: [Designutils 20-3303] unexpected site type 'IOPAD' in HDPYFinalizeIO
WARNING: [Designutils 20-3303] unexpected site type 'IOPAD' in HDPYFinalizeIO
WARNING: [Designutils 20-3303] unexpected site type 'IOPAD' in HDPYFinalizeIO
WARNING: [Designutils 20-3303] unexpected site type 'IOPAD' in HDPYFinalizeIO
WARNING: [Designutils 20-3303] unexpected site type 'IOPAD' in HDPYFinalizeIO
WARNING: [Designutils 20-3303] unexpected site type 'IOPAD' in HDPYFinalizeIO
WARNING: [Designutils 20-3303] unexpected site type 'IOPAD' in HDPYFinalizeIO
WARNING: [Designutils 20-3303] unexpected site type 'IOPAD' in HDPYFinalizeIO
WARNING: [Designutils 20-3303] unexpected site type 'IOPAD' in HDPYFinalizeIO
WARNING: [Designutils 20-3303] unexpected site type 'IOPAD' in HDPYFinalizeIO
WARNING: [Designutils 20-3303] unexpected site type 'IOPAD' in HDPYFinalizeIO
WARNING: [Designutils 20-3303] unexpected site type 'IOPAD' in HDPYFinalizeIO
WARNING: [Designutils 20-3303] unexpected site type 'IOPAD' in HDPYFinalizeIO
WARNING: [Designutils 20-3303] unexpected site type 'IOPAD' in HDPYFinalizeIO
WARNING: [Designutils 20-3303] unexpected site type 'IOPAD' in HDPYFinalizeIO
WARNING: [Designutils 20-3303] unexpected site type 'IOPAD' in HDPYFinalizeIO
WARNING: [Designutils 20-3303] unexpected site type 'IOPAD' in HDPYFinalizeIO
WARNING: [Designutils 20-3303] unexpected site type 'IOPAD' in HDPYFinalizeIO
WARNING: [Designutils 20-3303] unexpected site type 'IOPAD' in HDPYFinalizeIO
WARNING: [Designutils 20-3303] unexpected site type 'IOPAD' in HDPYFinalizeIO
WARNING: [Designutils 20-3303] unexpected site type 'IOPAD' in HDPYFinalizeIO
WARNING: [Designutils 20-3303] unexpected site type 'IOPAD' in HDPYFinalizeIO
WARNING: [Designutils 20-3303] unexpected site type 'IOPAD' in HDPYFinalizeIO
WARNING: [Designutils 20-3303] unexpected site type 'IOPAD' in HDPYFinalizeIO
WARNING: [Designutils 20-3303] unexpected site type 'IOPAD' in HDPYFinalizeIO
WARNING: [Designutils 20-3303] unexpected site type 'IOPAD' in HDPYFinalizeIO
WARNING: [Designutils 20-3303] unexpected site type 'IOPAD' in HDPYFinalizeIO
WARNING: [Designutils 20-3303] unexpected site type 'IOPAD' in HDPYFinalizeIO
WARNING: [Designutils 20-3303] unexpected site type 'IOPAD' in HDPYFinalizeIO
WARNING: [Designutils 20-3303] unexpected site type 'IOPAD' in HDPYFinalizeIO
WARNING: [Designutils 20-3303] unexpected site type 'IOPAD' in HDPYFinalizeIO
WARNING: [Designutils 20-3303] unexpected site type 'IOPAD' in HDPYFinalizeIO
WARNING: [Designutils 20-3303] unexpected site type 'IOPAD' in HDPYFinalizeIO
WARNING: [Designutils 20-3303] unexpected site type 'IOPAD' in HDPYFinalizeIO
WARNING: [Designutils 20-3303] unexpected site type 'IOPAD' in HDPYFinalizeIO
INFO: [Common 17-14] Message 'Designutils 20-3303' appears 100 times and further instances of the messages will be disabled. Use the Tcl command set_msg_config to change the current settings.
WARNING: [DRC DPIP-1] Input pipelining: DSP zedboard_pnyq_ssr_i/top_ssr_0/inst/u_top_system/p_1_out input zedboard_pnyq_ssr_i/top_ssr_0/inst/u_top_system/p_1_out/A[29:0] is not pipelined. Pipelining DSP48 input will improve performance.
WARNING: [DRC DPIP-1] Input pipelining: DSP zedboard_pnyq_ssr_i/top_ssr_0/inst/u_top_system/p_1_out input zedboard_pnyq_ssr_i/top_ssr_0/inst/u_top_system/p_1_out/B[17:0] is not pipelined. Pipelining DSP48 input will improve performance.
WARNING: [DRC DPIP-1] Input pipelining: DSP zedboard_pnyq_ssr_i/top_ssr_0/inst/u_top_system/p_1_out input zedboard_pnyq_ssr_i/top_ssr_0/inst/u_top_system/p_1_out/C[47:0] is not pipelined. Pipelining DSP48 input will improve performance.
WARNING: [DRC DPIP-1] Input pipelining: DSP zedboard_pnyq_ssr_i/top_ssr_0/inst/u_top_system/p_1_out__0 input zedboard_pnyq_ssr_i/top_ssr_0/inst/u_top_system/p_1_out__0/A[29:0] is not pipelined. Pipelining DSP48 input will improve performance.
WARNING: [DRC DPIP-1] Input pipelining: DSP zedboard_pnyq_ssr_i/top_ssr_0/inst/u_top_system/p_1_out__0 input zedboard_pnyq_ssr_i/top_ssr_0/inst/u_top_system/p_1_out__0/B[17:0] is not pipelined. Pipelining DSP48 input will improve performance.
WARNING: [DRC DPIP-1] Input pipelining: DSP zedboard_pnyq_ssr_i/top_ssr_0/inst/u_top_system/p_1_out__0 input zedboard_pnyq_ssr_i/top_ssr_0/inst/u_top_system/p_1_out__0/C[47:0] is not pipelined. Pipelining DSP48 input will improve performance.
WARNING: [DRC DPIP-1] Input pipelining: DSP zedboard_pnyq_ssr_i/top_ssr_0/inst/u_top_system/p_1_out__1 input zedboard_pnyq_ssr_i/top_ssr_0/inst/u_top_system/p_1_out__1/A[29:0] is not pipelined. Pipelining DSP48 input will improve performance.
WARNING: [DRC DPIP-1] Input pipelining: DSP zedboard_pnyq_ssr_i/top_ssr_0/inst/u_top_system/p_1_out__1 input zedboard_pnyq_ssr_i/top_ssr_0/inst/u_top_system/p_1_out__1/B[17:0] is not pipelined. Pipelining DSP48 input will improve performance.
WARNING: [DRC DPIP-1] Input pipelining: DSP zedboard_pnyq_ssr_i/top_ssr_0/inst/u_top_system/p_1_out__1 input zedboard_pnyq_ssr_i/top_ssr_0/inst/u_top_system/p_1_out__1/C[47:0] is not pipelined. Pipelining DSP48 input will improve performance.
WARNING: [DRC DPIP-1] Input pipelining: DSP zedboard_pnyq_ssr_i/top_ssr_0/inst/u_top_system/u_dsp_chain/u_agg/n_sumsq0 input zedboard_pnyq_ssr_i/top_ssr_0/inst/u_top_system/u_dsp_chain/u_agg/n_sumsq0/A[29:0] is not pipelined. Pipelining DSP48 input will improve performance.
WARNING: [DRC DPIP-1] Input pipelining: DSP zedboard_pnyq_ssr_i/top_ssr_0/inst/u_top_system/u_dsp_chain/u_agg/n_sumsq0__0 input zedboard_pnyq_ssr_i/top_ssr_0/inst/u_top_system/u_dsp_chain/u_agg/n_sumsq0__0/B[17:0] is not pipelined. Pipelining DSP48 input will improve performance.
WARNING: [DRC DPIP-1] Input pipelining: DSP zedboard_pnyq_ssr_i/top_ssr_0/inst/u_top_system/u_dsp_chain/u_agg/n_sumsq0__1 input zedboard_pnyq_ssr_i/top_ssr_0/inst/u_top_system/u_dsp_chain/u_agg/n_sumsq0__1/A[29:0] is not pipelined. Pipelining DSP48 input will improve performance.
WARNING: [DRC DPIP-1] Input pipelining: DSP zedboard_pnyq_ssr_i/top_ssr_0/inst/u_top_system/u_dsp_chain/u_agg/n_sumsq0__10 input zedboard_pnyq_ssr_i/top_ssr_0/inst/u_top_system/u_dsp_chain/u_agg/n_sumsq0__10/A[29:0] is not pipelined. Pipelining DSP48 input will improve performance.
WARNING: [DRC DPIP-1] Input pipelining: DSP zedboard_pnyq_ssr_i/top_ssr_0/inst/u_top_system/u_dsp_chain/u_agg/n_sumsq0__11 input zedboard_pnyq_ssr_i/top_ssr_0/inst/u_top_system/u_dsp_chain/u_agg/n_sumsq0__11/A[29:0] is not pipelined. Pipelining DSP48 input will improve performance.
WARNING: [DRC DPIP-1] Input pipelining: DSP zedboard_pnyq_ssr_i/top_ssr_0/inst/u_top_system/u_dsp_chain/u_agg/n_sumsq0__12 input zedboard_pnyq_ssr_i/top_ssr_0/inst/u_top_system/u_dsp_chain/u_agg/n_sumsq0__12/A[29:0] is not pipelined. Pipelining DSP48 input will improve performance.
WARNING: [DRC DPIP-1] Input pipelining: DSP zedboard_pnyq_ssr_i/top_ssr_0/inst/u_top_system/u_dsp_chain/u_agg/n_sumsq0__2 input zedboard_pnyq_ssr_i/top_ssr_0/inst/u_top_system/u_dsp_chain/u_agg/n_sumsq0__2/B[17:0] is not pipelined. Pipelining DSP48 input will improve performance.
WARNING: [DRC DPIP-1] Input pipelining: DSP zedboard_pnyq_ssr_i/top_ssr_0/inst/u_top_system/u_dsp_chain/u_agg/n_sumsq0__3 input zedboard_pnyq_ssr_i/top_ssr_0/inst/u_top_system/u_dsp_chain/u_agg/n_sumsq0__3/A[29:0] is not pipelined. Pipelining DSP48 input will improve performance.
WARNING: [DRC DPIP-1] Input pipelining: DSP zedboard_pnyq_ssr_i/top_ssr_0/inst/u_top_system/u_dsp_chain/u_agg/n_sumsq0__4 input zedboard_pnyq_ssr_i/top_ssr_0/inst/u_top_system/u_dsp_chain/u_agg/n_sumsq0__4/A[29:0] is not pipelined. Pipelining DSP48 input will improve performance.
WARNING: [DRC DPIP-1] Input pipelining: DSP zedboard_pnyq_ssr_i/top_ssr_0/inst/u_top_system/u_dsp_chain/u_agg/n_sumsq0__5 input zedboard_pnyq_ssr_i/top_ssr_0/inst/u_top_system/u_dsp_chain/u_agg/n_sumsq0__5/A[29:0] is not pipelined. Pipelining DSP48 input will improve performance.
WARNING: [DRC DPIP-1] Input pipelining: DSP zedboard_pnyq_ssr_i/top_ssr_0/inst/u_top_system/u_dsp_chain/u_agg/n_sumsq0__6 input zedboard_pnyq_ssr_i/top_ssr_0/inst/u_top_system/u_dsp_chain/u_agg/n_sumsq0__6/A[29:0] is not pipelined. Pipelining DSP48 input will improve performance.
WARNING: [DRC DPIP-1] Input pipelining: DSP zedboard_pnyq_ssr_i/top_ssr_0/inst/u_top_system/u_dsp_chain/u_agg/n_sumsq0__7 input zedboard_pnyq_ssr_i/top_ssr_0/inst/u_top_system/u_dsp_chain/u_agg/n_sumsq0__7/A[29:0] is not pipelined. Pipelining DSP48 input will improve performance.
WARNING: [DRC DPIP-1] Input pipelining: DSP zedboard_pnyq_ssr_i/top_ssr_0/inst/u_top_system/u_dsp_chain/u_agg/n_sumsq0__8 input zedboard_pnyq_ssr_i/top_ssr_0/inst/u_top_system/u_dsp_chain/u_agg/n_sumsq0__8/A[29:0] is not pipelined. Pipelining DSP48 input will improve performance.
WARNING: [DRC DPIP-1] Input pipelining: DSP zedboard_pnyq_ssr_i/top_ssr_0/inst/u_top_system/u_dsp_chain/u_agg/n_sumsq0__9 input zedboard_pnyq_ssr_i/top_ssr_0/inst/u_top_system/u_dsp_chain/u_agg/n_sumsq0__9/A[29:0] is not pipelined. Pipelining DSP48 input will improve performance.
WARNING: [DRC DPIP-1] Input pipelining: DSP zedboard_pnyq_ssr_i/top_ssr_0/inst/u_top_system/u_dsp_chain/u_agg/n_sumsq_reg input zedboard_pnyq_ssr_i/top_ssr_0/inst/u_top_system/u_dsp_chain/u_agg/n_sumsq_reg/A[29:0] is not pipelined. Pipelining DSP48 input will improve performance.
WARNING: [DRC DPIP-1] Input pipelining: DSP zedboard_pnyq_ssr_i/top_ssr_0/inst/u_top_system/u_dsp_chain/u_agg/n_sumsq_reg__0 input zedboard_pnyq_ssr_i/top_ssr_0/inst/u_top_system/u_dsp_chain/u_agg/n_sumsq_reg__0/A[29:0] is not pipelined. Pipelining DSP48 input will improve performance.
WARNING: [DRC DPIP-1] Input pipelining: DSP zedboard_pnyq_ssr_i/top_ssr_0/inst/u_top_system/u_dsp_chain/u_agg/n_sumsq_reg__1 input zedboard_pnyq_ssr_i/top_ssr_0/inst/u_top_system/u_dsp_chain/u_agg/n_sumsq_reg__1/A[29:0] is not pipelined. Pipelining DSP48 input will improve performance.
WARNING: [DRC DPIP-1] Input pipelining: DSP zedboard_pnyq_ssr_i/top_ssr_0/inst/u_top_system/u_dsp_chain/u_agg/n_sumsq_reg__3 input zedboard_pnyq_ssr_i/top_ssr_0/inst/u_top_system/u_dsp_chain/u_agg/n_sumsq_reg__3/A[29:0] is not pipelined. Pipelining DSP48 input will improve performance.
WARNING: [DRC DPIP-1] Input pipelining: DSP zedboard_pnyq_ssr_i/top_ssr_0/inst/u_top_system/u_dsp_chain/u_agg/suma_sq0 input zedboard_pnyq_ssr_i/top_ssr_0/inst/u_top_system/u_dsp_chain/u_agg/suma_sq0/A[29:0] is not pipelined. Pipelining DSP48 input will improve performance.
WARNING: [DRC DPIP-1] Input pipelining: DSP zedboard_pnyq_ssr_i/top_ssr_0/inst/u_top_system/u_dsp_chain/u_agg/suma_sq0 input zedboard_pnyq_ssr_i/top_ssr_0/inst/u_top_system/u_dsp_chain/u_agg/suma_sq0/B[17:0] is not pipelined. Pipelining DSP48 input will improve performance.
WARNING: [DRC DPIP-1] Input pipelining: DSP zedboard_pnyq_ssr_i/top_ssr_0/inst/u_top_system/u_dsp_chain/u_agg/suma_sq0__0 input zedboard_pnyq_ssr_i/top_ssr_0/inst/u_top_system/u_dsp_chain/u_agg/suma_sq0__0/A[29:0] is not pipelined. Pipelining DSP48 input will improve performance.
WARNING: [DRC DPIP-1] Input pipelining: DSP zedboard_pnyq_ssr_i/top_ssr_0/inst/u_top_system/u_dsp_chain/u_agg/suma_sq0__0 input zedboard_pnyq_ssr_i/top_ssr_0/inst/u_top_system/u_dsp_chain/u_agg/suma_sq0__0/B[17:0] is not pipelined. Pipelining DSP48 input will improve performance.
WARNING: [DRC DPIP-1] Input pipelining: DSP zedboard_pnyq_ssr_i/top_ssr_0/inst/u_top_system/u_dsp_chain/u_agg/suma_sq_reg__0 input zedboard_pnyq_ssr_i/top_ssr_0/inst/u_top_system/u_dsp_chain/u_agg/suma_sq_reg__0/A[29:0] is not pipelined. Pipelining DSP48 input will improve performance.
WARNING: [DRC DPIP-1] Input pipelining: DSP zedboard_pnyq_ssr_i/top_ssr_0/inst/u_top_system/u_dsp_chain/u_agg/suma_sq_reg__0 input zedboard_pnyq_ssr_i/top_ssr_0/inst/u_top_system/u_dsp_chain/u_agg/suma_sq_reg__0/B[17:0] is not pipelined. Pipelining DSP48 input will improve performance.
WARNING: [DRC DPIP-1] Input pipelining: DSP zedboard_pnyq_ssr_i/top_ssr_0/inst/u_top_system/u_dsp_chain/u_agg/suma_sq_reg__2 input zedboard_pnyq_ssr_i/top_ssr_0/inst/u_top_system/u_dsp_chain/u_agg/suma_sq_reg__2/A[29:0] is not pipelined. Pipelining DSP48 input will improve performance.
WARNING: [DRC DPIP-1] Input pipelining: DSP zedboard_pnyq_ssr_i/top_ssr_0/inst/u_top_system/u_dsp_chain/u_agg/suma_sq_reg__2 input zedboard_pnyq_ssr_i/top_ssr_0/inst/u_top_system/u_dsp_chain/u_agg/suma_sq_reg__2/B[17:0] is not pipelined. Pipelining DSP48 input will improve performance.
WARNING: [DRC DPIP-1] Input pipelining: DSP zedboard_pnyq_ssr_i/top_ssr_0/inst/u_top_system/u_dsp_chain/u_dct/acc0 input zedboard_pnyq_ssr_i/top_ssr_0/inst/u_top_system/u_dsp_chain/u_dct/acc0/A[29:0] is not pipelined. Pipelining DSP48 input will improve performance.
WARNING: [DRC DPIP-1] Input pipelining: DSP zedboard_pnyq_ssr_i/top_ssr_0/inst/u_top_system/u_dsp_chain/u_dct/acc0 input zedboard_pnyq_ssr_i/top_ssr_0/inst/u_top_system/u_dsp_chain/u_dct/acc0/B[17:0] is not pipelined. Pipelining DSP48 input will improve performance.
WARNING: [DRC DPIP-1] Input pipelining: DSP zedboard_pnyq_ssr_i/top_ssr_0/inst/u_top_system/u_dsp_chain/u_dft/acc_im0 input zedboard_pnyq_ssr_i/top_ssr_0/inst/u_top_system/u_dsp_chain/u_dft/acc_im0/A[29:0] is not pipelined. Pipelining DSP48 input will improve performance.
WARNING: [DRC DPIP-1] Input pipelining: DSP zedboard_pnyq_ssr_i/top_ssr_0/inst/u_top_system/u_dsp_chain/u_dft/acc_im0 input zedboard_pnyq_ssr_i/top_ssr_0/inst/u_top_system/u_dsp_chain/u_dft/acc_im0/B[17:0] is not pipelined. Pipelining DSP48 input will improve performance.
WARNING: [DRC DPIP-1] Input pipelining: DSP zedboard_pnyq_ssr_i/top_ssr_0/inst/u_top_system/u_dsp_chain/u_dft/acc_re0 input zedboard_pnyq_ssr_i/top_ssr_0/inst/u_top_system/u_dsp_chain/u_dft/acc_re0/A[29:0] is not pipelined. Pipelining DSP48 input will improve performance.
WARNING: [DRC DPIP-1] Input pipelining: DSP zedboard_pnyq_ssr_i/top_ssr_0/inst/u_top_system/u_dsp_chain/u_dft/acc_re0 input zedboard_pnyq_ssr_i/top_ssr_0/inst/u_top_system/u_dsp_chain/u_dft/acc_re0/B[17:0] is not pipelined. Pipelining DSP48 input will improve performance.
WARNING: [DRC DPIP-1] Input pipelining: DSP zedboard_pnyq_ssr_i/top_ssr_0/inst/u_top_system/u_dsp_chain/u_mel/prod input zedboard_pnyq_ssr_i/top_ssr_0/inst/u_top_system/u_dsp_chain/u_mel/prod/A[29:0] is not pipelined. Pipelining DSP48 input will improve performance.
WARNING: [DRC DPIP-1] Input pipelining: DSP zedboard_pnyq_ssr_i/top_ssr_0/inst/u_top_system/u_dsp_chain/u_mel/prod input zedboard_pnyq_ssr_i/top_ssr_0/inst/u_top_system/u_dsp_chain/u_mel/prod/B[17:0] is not pipelined. Pipelining DSP48 input will improve performance.
WARNING: [DRC DPIP-1] Input pipelining: DSP zedboard_pnyq_ssr_i/top_ssr_0/inst/u_top_system/u_dsp_chain/u_mel/prod__0 input zedboard_pnyq_ssr_i/top_ssr_0/inst/u_top_system/u_dsp_chain/u_mel/prod__0/A[29:0] is not pipelined. Pipelining DSP48 input will improve performance.
WARNING: [DRC DPIP-1] Input pipelining: DSP zedboard_pnyq_ssr_i/top_ssr_0/inst/u_top_system/u_dsp_chain/u_mel/prod__0 input zedboard_pnyq_ssr_i/top_ssr_0/inst/u_top_system/u_dsp_chain/u_mel/prod__0/B[17:0] is not pipelined. Pipelining DSP48 input will improve performance.
WARNING: [DRC DPIP-1] Input pipelining: DSP zedboard_pnyq_ssr_i/top_ssr_0/inst/u_top_system/u_dsp_chain/u_mel/prod__1 input zedboard_pnyq_ssr_i/top_ssr_0/inst/u_top_system/u_dsp_chain/u_mel/prod__1/A[29:0] is not pipelined. Pipelining DSP48 input will improve performance.
WARNING: [DRC DPIP-1] Input pipelining: DSP zedboard_pnyq_ssr_i/top_ssr_0/inst/u_top_system/u_dsp_chain/u_mel/prod__1 input zedboard_pnyq_ssr_i/top_ssr_0/inst/u_top_system/u_dsp_chain/u_mel/prod__1/B[17:0] is not pipelined. Pipelining DSP48 input will improve performance.
WARNING: [DRC DPIP-1] Input pipelining: DSP zedboard_pnyq_ssr_i/top_ssr_0/inst/u_top_system/u_dsp_chain/u_window/product input zedboard_pnyq_ssr_i/top_ssr_0/inst/u_top_system/u_dsp_chain/u_window/product/B[17:0] is not pipelined. Pipelining DSP48 input will improve performance.
WARNING: [DRC DPIP-1] Input pipelining: DSP zedboard_pnyq_ssr_i/top_ssr_0/inst/u_top_system/u_top_nn/u_dense_layer_1/p_0_out__0 input zedboard_pnyq_ssr_i/top_ssr_0/inst/u_top_system/u_top_nn/u_dense_layer_1/p_0_out__0/A[29:0] is not pipelined. Pipelining DSP48 input will improve performance.
WARNING: [DRC DPIP-1] Input pipelining: DSP zedboard_pnyq_ssr_i/top_ssr_0/inst/u_top_system/u_top_nn/u_dense_layer_1/p_0_out__0 input zedboard_pnyq_ssr_i/top_ssr_0/inst/u_top_system/u_top_nn/u_dense_layer_1/p_0_out__0/B[17:0] is not pipelined. Pipelining DSP48 input will improve performance.
WARNING: [DRC DPIP-1] Input pipelining: DSP zedboard_pnyq_ssr_i/top_ssr_0/inst/u_top_system/u_top_nn/u_dense_layer_1/p_0_out__10 input zedboard_pnyq_ssr_i/top_ssr_0/inst/u_top_system/u_top_nn/u_dense_layer_1/p_0_out__10/A[29:0] is not pipelined. Pipelining DSP48 input will improve performance.
WARNING: [DRC DPIP-1] Input pipelining: DSP zedboard_pnyq_ssr_i/top_ssr_0/inst/u_top_system/u_top_nn/u_dense_layer_1/p_0_out__10 input zedboard_pnyq_ssr_i/top_ssr_0/inst/u_top_system/u_top_nn/u_dense_layer_1/p_0_out__10/B[17:0] is not pipelined. Pipelining DSP48 input will improve performance.
WARNING: [DRC DPIP-1] Input pipelining: DSP zedboard_pnyq_ssr_i/top_ssr_0/inst/u_top_system/u_top_nn/u_dense_layer_1/p_0_out__11 input zedboard_pnyq_ssr_i/top_ssr_0/inst/u_top_system/u_top_nn/u_dense_layer_1/p_0_out__11/A[29:0] is not pipelined. Pipelining DSP48 input will improve performance.
WARNING: [DRC DPIP-1] Input pipelining: DSP zedboard_pnyq_ssr_i/top_ssr_0/inst/u_top_system/u_top_nn/u_dense_layer_1/p_0_out__11 input zedboard_pnyq_ssr_i/top_ssr_0/inst/u_top_system/u_top_nn/u_dense_layer_1/p_0_out__11/B[17:0] is not pipelined. Pipelining DSP48 input will improve performance.
WARNING: [DRC DPIP-1] Input pipelining: DSP zedboard_pnyq_ssr_i/top_ssr_0/inst/u_top_system/u_top_nn/u_dense_layer_1/p_0_out__13 input zedboard_pnyq_ssr_i/top_ssr_0/inst/u_top_system/u_top_nn/u_dense_layer_1/p_0_out__13/A[29:0] is not pipelined. Pipelining DSP48 input will improve performance.
WARNING: [DRC DPIP-1] Input pipelining: DSP zedboard_pnyq_ssr_i/top_ssr_0/inst/u_top_system/u_top_nn/u_dense_layer_1/p_0_out__13 input zedboard_pnyq_ssr_i/top_ssr_0/inst/u_top_system/u_top_nn/u_dense_layer_1/p_0_out__13/B[17:0] is not pipelined. Pipelining DSP48 input will improve performance.
WARNING: [DRC DPIP-1] Input pipelining: DSP zedboard_pnyq_ssr_i/top_ssr_0/inst/u_top_system/u_top_nn/u_dense_layer_1/p_0_out__14 input zedboard_pnyq_ssr_i/top_ssr_0/inst/u_top_system/u_top_nn/u_dense_layer_1/p_0_out__14/A[29:0] is not pipelined. Pipelining DSP48 input will improve performance.
WARNING: [DRC DPIP-1] Input pipelining: DSP zedboard_pnyq_ssr_i/top_ssr_0/inst/u_top_system/u_top_nn/u_dense_layer_1/p_0_out__14 input zedboard_pnyq_ssr_i/top_ssr_0/inst/u_top_system/u_top_nn/u_dense_layer_1/p_0_out__14/B[17:0] is not pipelined. Pipelining DSP48 input will improve performance.
WARNING: [DRC DPIP-1] Input pipelining: DSP zedboard_pnyq_ssr_i/top_ssr_0/inst/u_top_system/u_top_nn/u_dense_layer_1/p_0_out__16 input zedboard_pnyq_ssr_i/top_ssr_0/inst/u_top_system/u_top_nn/u_dense_layer_1/p_0_out__16/A[29:0] is not pipelined. Pipelining DSP48 input will improve performance.
WARNING: [DRC DPIP-1] Input pipelining: DSP zedboard_pnyq_ssr_i/top_ssr_0/inst/u_top_system/u_top_nn/u_dense_layer_1/p_0_out__16 input zedboard_pnyq_ssr_i/top_ssr_0/inst/u_top_system/u_top_nn/u_dense_layer_1/p_0_out__16/B[17:0] is not pipelined. Pipelining DSP48 input will improve performance.
WARNING: [DRC DPIP-1] Input pipelining: DSP zedboard_pnyq_ssr_i/top_ssr_0/inst/u_top_system/u_top_nn/u_dense_layer_1/p_0_out__17 input zedboard_pnyq_ssr_i/top_ssr_0/inst/u_top_system/u_top_nn/u_dense_layer_1/p_0_out__17/A[29:0] is not pipelined. Pipelining DSP48 input will improve performance.
WARNING: [DRC DPIP-1] Input pipelining: DSP zedboard_pnyq_ssr_i/top_ssr_0/inst/u_top_system/u_top_nn/u_dense_layer_1/p_0_out__17 input zedboard_pnyq_ssr_i/top_ssr_0/inst/u_top_system/u_top_nn/u_dense_layer_1/p_0_out__17/B[17:0] is not pipelined. Pipelining DSP48 input will improve performance.
WARNING: [DRC DPIP-1] Input pipelining: DSP zedboard_pnyq_ssr_i/top_ssr_0/inst/u_top_system/u_top_nn/u_dense_layer_1/p_0_out__18 input zedboard_pnyq_ssr_i/top_ssr_0/inst/u_top_system/u_top_nn/u_dense_layer_1/p_0_out__18/A[29:0] is not pipelined. Pipelining DSP48 input will improve performance.
WARNING: [DRC DPIP-1] Input pipelining: DSP zedboard_pnyq_ssr_i/top_ssr_0/inst/u_top_system/u_top_nn/u_dense_layer_1/p_0_out__18 input zedboard_pnyq_ssr_i/top_ssr_0/inst/u_top_system/u_top_nn/u_dense_layer_1/p_0_out__18/B[17:0] is not pipelined. Pipelining DSP48 input will improve performance.
WARNING: [DRC DPIP-1] Input pipelining: DSP zedboard_pnyq_ssr_i/top_ssr_0/inst/u_top_system/u_top_nn/u_dense_layer_1/p_0_out__19 input zedboard_pnyq_ssr_i/top_ssr_0/inst/u_top_system/u_top_nn/u_dense_layer_1/p_0_out__19/A[29:0] is not pipelined. Pipelining DSP48 input will improve performance.
WARNING: [DRC DPIP-1] Input pipelining: DSP zedboard_pnyq_ssr_i/top_ssr_0/inst/u_top_system/u_top_nn/u_dense_layer_1/p_0_out__19 input zedboard_pnyq_ssr_i/top_ssr_0/inst/u_top_system/u_top_nn/u_dense_layer_1/p_0_out__19/B[17:0] is not pipelined. Pipelining DSP48 input will improve performance.
WARNING: [DRC DPIP-1] Input pipelining: DSP zedboard_pnyq_ssr_i/top_ssr_0/inst/u_top_system/u_top_nn/u_dense_layer_1/p_0_out__2 input zedboard_pnyq_ssr_i/top_ssr_0/inst/u_top_system/u_top_nn/u_dense_layer_1/p_0_out__2/A[29:0] is not pipelined. Pipelining DSP48 input will improve performance.
WARNING: [DRC DPIP-1] Input pipelining: DSP zedboard_pnyq_ssr_i/top_ssr_0/inst/u_top_system/u_top_nn/u_dense_layer_1/p_0_out__2 input zedboard_pnyq_ssr_i/top_ssr_0/inst/u_top_system/u_top_nn/u_dense_layer_1/p_0_out__2/B[17:0] is not pipelined. Pipelining DSP48 input will improve performance.
WARNING: [DRC DPIP-1] Input pipelining: DSP zedboard_pnyq_ssr_i/top_ssr_0/inst/u_top_system/u_top_nn/u_dense_layer_1/p_0_out__21 input zedboard_pnyq_ssr_i/top_ssr_0/inst/u_top_system/u_top_nn/u_dense_layer_1/p_0_out__21/A[29:0] is not pipelined. Pipelining DSP48 input will improve performance.
WARNING: [DRC DPIP-1] Input pipelining: DSP zedboard_pnyq_ssr_i/top_ssr_0/inst/u_top_system/u_top_nn/u_dense_layer_1/p_0_out__21 input zedboard_pnyq_ssr_i/top_ssr_0/inst/u_top_system/u_top_nn/u_dense_layer_1/p_0_out__21/B[17:0] is not pipelined. Pipelining DSP48 input will improve performance.
WARNING: [DRC DPIP-1] Input pipelining: DSP zedboard_pnyq_ssr_i/top_ssr_0/inst/u_top_system/u_top_nn/u_dense_layer_1/p_0_out__23 input zedboard_pnyq_ssr_i/top_ssr_0/inst/u_top_system/u_top_nn/u_dense_layer_1/p_0_out__23/A[29:0] is not pipelined. Pipelining DSP48 input will improve performance.
WARNING: [DRC DPIP-1] Input pipelining: DSP zedboard_pnyq_ssr_i/top_ssr_0/inst/u_top_system/u_top_nn/u_dense_layer_1/p_0_out__23 input zedboard_pnyq_ssr_i/top_ssr_0/inst/u_top_system/u_top_nn/u_dense_layer_1/p_0_out__23/B[17:0] is not pipelined. Pipelining DSP48 input will improve performance.
WARNING: [DRC DPIP-1] Input pipelining: DSP zedboard_pnyq_ssr_i/top_ssr_0/inst/u_top_system/u_top_nn/u_dense_layer_1/p_0_out__24 input zedboard_pnyq_ssr_i/top_ssr_0/inst/u_top_system/u_top_nn/u_dense_layer_1/p_0_out__24/A[29:0] is not pipelined. Pipelining DSP48 input will improve performance.
WARNING: [DRC DPIP-1] Input pipelining: DSP zedboard_pnyq_ssr_i/top_ssr_0/inst/u_top_system/u_top_nn/u_dense_layer_1/p_0_out__24 input zedboard_pnyq_ssr_i/top_ssr_0/inst/u_top_system/u_top_nn/u_dense_layer_1/p_0_out__24/B[17:0] is not pipelined. Pipelining DSP48 input will improve performance.
WARNING: [DRC DPIP-1] Input pipelining: DSP zedboard_pnyq_ssr_i/top_ssr_0/inst/u_top_system/u_top_nn/u_dense_layer_1/p_0_out__26 input zedboard_pnyq_ssr_i/top_ssr_0/inst/u_top_system/u_top_nn/u_dense_layer_1/p_0_out__26/A[29:0] is not pipelined. Pipelining DSP48 input will improve performance.
WARNING: [DRC DPIP-1] Input pipelining: DSP zedboard_pnyq_ssr_i/top_ssr_0/inst/u_top_system/u_top_nn/u_dense_layer_1/p_0_out__26 input zedboard_pnyq_ssr_i/top_ssr_0/inst/u_top_system/u_top_nn/u_dense_layer_1/p_0_out__26/B[17:0] is not pipelined. Pipelining DSP48 input will improve performance.
WARNING: [DRC DPIP-1] Input pipelining: DSP zedboard_pnyq_ssr_i/top_ssr_0/inst/u_top_system/u_top_nn/u_dense_layer_1/p_0_out__28 input zedboard_pnyq_ssr_i/top_ssr_0/inst/u_top_system/u_top_nn/u_dense_layer_1/p_0_out__28/A[29:0] is not pipelined. Pipelining DSP48 input will improve performance.
WARNING: [DRC DPIP-1] Input pipelining: DSP zedboard_pnyq_ssr_i/top_ssr_0/inst/u_top_system/u_top_nn/u_dense_layer_1/p_0_out__28 input zedboard_pnyq_ssr_i/top_ssr_0/inst/u_top_system/u_top_nn/u_dense_layer_1/p_0_out__28/B[17:0] is not pipelined. Pipelining DSP48 input will improve performance.
WARNING: [DRC DPIP-1] Input pipelining: DSP zedboard_pnyq_ssr_i/top_ssr_0/inst/u_top_system/u_top_nn/u_dense_layer_1/p_0_out__29 input zedboard_pnyq_ssr_i/top_ssr_0/inst/u_top_system/u_top_nn/u_dense_layer_1/p_0_out__29/A[29:0] is not pipelined. Pipelining DSP48 input will improve performance.
WARNING: [DRC DPIP-1] Input pipelining: DSP zedboard_pnyq_ssr_i/top_ssr_0/inst/u_top_system/u_top_nn/u_dense_layer_1/p_0_out__29 input zedboard_pnyq_ssr_i/top_ssr_0/inst/u_top_system/u_top_nn/u_dense_layer_1/p_0_out__29/B[17:0] is not pipelined. Pipelining DSP48 input will improve performance.
WARNING: [DRC DPIP-1] Input pipelining: DSP zedboard_pnyq_ssr_i/top_ssr_0/inst/u_top_system/u_top_nn/u_dense_layer_1/p_0_out__3 input zedboard_pnyq_ssr_i/top_ssr_0/inst/u_top_system/u_top_nn/u_dense_layer_1/p_0_out__3/A[29:0] is not pipelined. Pipelining DSP48 input will improve performance.
WARNING: [DRC DPIP-1] Input pipelining: DSP zedboard_pnyq_ssr_i/top_ssr_0/inst/u_top_system/u_top_nn/u_dense_layer_1/p_0_out__3 input zedboard_pnyq_ssr_i/top_ssr_0/inst/u_top_system/u_top_nn/u_dense_layer_1/p_0_out__3/B[17:0] is not pipelined. Pipelining DSP48 input will improve performance.
WARNING: [DRC DPIP-1] Input pipelining: DSP zedboard_pnyq_ssr_i/top_ssr_0/inst/u_top_system/u_top_nn/u_dense_layer_1/p_0_out__30 input zedboard_pnyq_ssr_i/top_ssr_0/inst/u_top_system/u_top_nn/u_dense_layer_1/p_0_out__30/A[29:0] is not pipelined. Pipelining DSP48 input will improve performance.
WARNING: [DRC DPIP-1] Input pipelining: DSP zedboard_pnyq_ssr_i/top_ssr_0/inst/u_top_system/u_top_nn/u_dense_layer_1/p_0_out__30 input zedboard_pnyq_ssr_i/top_ssr_0/inst/u_top_system/u_top_nn/u_dense_layer_1/p_0_out__30/B[17:0] is not pipelined. Pipelining DSP48 input will improve performance.
WARNING: [DRC DPIP-1] Input pipelining: DSP zedboard_pnyq_ssr_i/top_ssr_0/inst/u_top_system/u_top_nn/u_dense_layer_1/p_0_out__31 input zedboard_pnyq_ssr_i/top_ssr_0/inst/u_top_system/u_top_nn/u_dense_layer_1/p_0_out__31/A[29:0] is not pipelined. Pipelining DSP48 input will improve performance.
WARNING: [DRC DPIP-1] Input pipelining: DSP zedboard_pnyq_ssr_i/top_ssr_0/inst/u_top_system/u_top_nn/u_dense_layer_1/p_0_out__31 input zedboard_pnyq_ssr_i/top_ssr_0/inst/u_top_system/u_top_nn/u_dense_layer_1/p_0_out__31/B[17:0] is not pipelined. Pipelining DSP48 input will improve performance.
WARNING: [DRC DPIP-1] Input pipelining: DSP zedboard_pnyq_ssr_i/top_ssr_0/inst/u_top_system/u_top_nn/u_dense_layer_1/p_0_out__33 input zedboard_pnyq_ssr_i/top_ssr_0/inst/u_top_system/u_top_nn/u_dense_layer_1/p_0_out__33/A[29:0] is not pipelined. Pipelining DSP48 input will improve performance.
WARNING: [DRC DPIP-1] Input pipelining: DSP zedboard_pnyq_ssr_i/top_ssr_0/inst/u_top_system/u_top_nn/u_dense_layer_1/p_0_out__33 input zedboard_pnyq_ssr_i/top_ssr_0/inst/u_top_system/u_top_nn/u_dense_layer_1/p_0_out__33/B[17:0] is not pipelined. Pipelining DSP48 input will improve performance.
WARNING: [DRC DPIP-1] Input pipelining: DSP zedboard_pnyq_ssr_i/top_ssr_0/inst/u_top_system/u_top_nn/u_dense_layer_1/p_0_out__35 input zedboard_pnyq_ssr_i/top_ssr_0/inst/u_top_system/u_top_nn/u_dense_layer_1/p_0_out__35/A[29:0] is not pipelined. Pipelining DSP48 input will improve performance.
WARNING: [DRC DPIP-1] Input pipelining: DSP zedboard_pnyq_ssr_i/top_ssr_0/inst/u_top_system/u_top_nn/u_dense_layer_1/p_0_out__35 input zedboard_pnyq_ssr_i/top_ssr_0/inst/u_top_system/u_top_nn/u_dense_layer_1/p_0_out__35/B[17:0] is not pipelined. Pipelining DSP48 input will improve performance.
WARNING: [DRC DPIP-1] Input pipelining: DSP zedboard_pnyq_ssr_i/top_ssr_0/inst/u_top_system/u_top_nn/u_dense_layer_1/p_0_out__37 input zedboard_pnyq_ssr_i/top_ssr_0/inst/u_top_system/u_top_nn/u_dense_layer_1/p_0_out__37/A[29:0] is not pipelined. Pipelining DSP48 input will improve performance.
WARNING: [DRC DPIP-1] Input pipelining: DSP zedboard_pnyq_ssr_i/top_ssr_0/inst/u_top_system/u_top_nn/u_dense_layer_1/p_0_out__37 input zedboard_pnyq_ssr_i/top_ssr_0/inst/u_top_system/u_top_nn/u_dense_layer_1/p_0_out__37/B[17:0] is not pipelined. Pipelining DSP48 input will improve performance.
WARNING: [DRC DPIP-1] Input pipelining: DSP zedboard_pnyq_ssr_i/top_ssr_0/inst/u_top_system/u_top_nn/u_dense_layer_1/p_0_out__38 input zedboard_pnyq_ssr_i/top_ssr_0/inst/u_top_system/u_top_nn/u_dense_layer_1/p_0_out__38/A[29:0] is not pipelined. Pipelining DSP48 input will improve performance.
WARNING: [DRC DPIP-1] Input pipelining: DSP zedboard_pnyq_ssr_i/top_ssr_0/inst/u_top_system/u_top_nn/u_dense_layer_1/p_0_out__38 input zedboard_pnyq_ssr_i/top_ssr_0/inst/u_top_system/u_top_nn/u_dense_layer_1/p_0_out__38/B[17:0] is not pipelined. Pipelining DSP48 input will improve performance.
WARNING: [DRC DPIP-1] Input pipelining: DSP zedboard_pnyq_ssr_i/top_ssr_0/inst/u_top_system/u_top_nn/u_dense_layer_1/p_0_out__4 input zedboard_pnyq_ssr_i/top_ssr_0/inst/u_top_system/u_top_nn/u_dense_layer_1/p_0_out__4/A[29:0] is not pipelined. Pipelining DSP48 input will improve performance.
WARNING: [DRC DPIP-1] Input pipelining: DSP zedboard_pnyq_ssr_i/top_ssr_0/inst/u_top_system/u_top_nn/u_dense_layer_1/p_0_out__4 input zedboard_pnyq_ssr_i/top_ssr_0/inst/u_top_system/u_top_nn/u_dense_layer_1/p_0_out__4/B[17:0] is not pipelined. Pipelining DSP48 input will improve performance.
WARNING: [DRC DPIP-1] Input pipelining: DSP zedboard_pnyq_ssr_i/top_ssr_0/inst/u_top_system/u_top_nn/u_dense_layer_1/p_0_out__40 input zedboard_pnyq_ssr_i/top_ssr_0/inst/u_top_system/u_top_nn/u_dense_layer_1/p_0_out__40/A[29:0] is not pipelined. Pipelining DSP48 input will improve performance.
WARNING: [DRC DPIP-1] Input pipelining: DSP zedboard_pnyq_ssr_i/top_ssr_0/inst/u_top_system/u_top_nn/u_dense_layer_1/p_0_out__40 input zedboard_pnyq_ssr_i/top_ssr_0/inst/u_top_system/u_top_nn/u_dense_layer_1/p_0_out__40/B[17:0] is not pipelined. Pipelining DSP48 input will improve performance.
WARNING: [DRC DPIP-1] Input pipelining: DSP zedboard_pnyq_ssr_i/top_ssr_0/inst/u_top_system/u_top_nn/u_dense_layer_1/p_0_out__42 input zedboard_pnyq_ssr_i/top_ssr_0/inst/u_top_system/u_top_nn/u_dense_layer_1/p_0_out__42/A[29:0] is not pipelined. Pipelining DSP48 input will improve performance.
WARNING: [DRC DPIP-1] Input pipelining: DSP zedboard_pnyq_ssr_i/top_ssr_0/inst/u_top_system/u_top_nn/u_dense_layer_1/p_0_out__42 input zedboard_pnyq_ssr_i/top_ssr_0/inst/u_top_system/u_top_nn/u_dense_layer_1/p_0_out__42/B[17:0] is not pipelined. Pipelining DSP48 input will improve performance.
INFO: [Common 17-14] Message 'DRC DPIP-1' appears 100 times and further instances of the messages will be disabled. Use the Tcl command set_msg_config to change the current settings.
WARNING: [DRC DPOP-1] PREG Output pipelining: DSP zedboard_pnyq_ssr_i/top_ssr_0/inst/u_top_system/u_dsp_chain/u_agg/n_sumsq0__10 output zedboard_pnyq_ssr_i/top_ssr_0/inst/u_top_system/u_dsp_chain/u_agg/n_sumsq0__10/P[47:0] is not pipelined (PREG=0). Pipelining the DSP48 output will improve performance and often saves power so it is suggested whenever possible to fully pipeline this function.  If this DSP48 function was inferred, it is suggested to describe an additional register stage after this function.  If the DSP48 was instantiated in the design, it is suggested to set the PREG attribute to 1.
WARNING: [DRC DPOP-1] PREG Output pipelining: DSP zedboard_pnyq_ssr_i/top_ssr_0/inst/u_top_system/u_dsp_chain/u_agg/n_sumsq0__12 output zedboard_pnyq_ssr_i/top_ssr_0/inst/u_top_system/u_dsp_chain/u_agg/n_sumsq0__12/P[47:0] is not pipelined (PREG=0). Pipelining the DSP48 output will improve performance and often saves power so it is suggested whenever possible to fully pipeline this function.  If this DSP48 function was inferred, it is suggested to describe an additional register stage after this function.  If the DSP48 was instantiated in the design, it is suggested to set the PREG attribute to 1.
WARNING: [DRC DPOP-1] PREG Output pipelining: DSP zedboard_pnyq_ssr_i/top_ssr_0/inst/u_top_system/u_dsp_chain/u_agg/n_sumsq0__2 output zedboard_pnyq_ssr_i/top_ssr_0/inst/u_top_system/u_dsp_chain/u_agg/n_sumsq0__2/P[47:0] is not pipelined (PREG=0). Pipelining the DSP48 output will improve performance and often saves power so it is suggested whenever possible to fully pipeline this function.  If this DSP48 function was inferred, it is suggested to describe an additional register stage after this function.  If the DSP48 was instantiated in the design, it is suggested to set the PREG attribute to 1.
WARNING: [DRC DPOP-1] PREG Output pipelining: DSP zedboard_pnyq_ssr_i/top_ssr_0/inst/u_top_system/u_dsp_chain/u_agg/n_sumsq0__5 output zedboard_pnyq_ssr_i/top_ssr_0/inst/u_top_system/u_dsp_chain/u_agg/n_sumsq0__5/P[47:0] is not pipelined (PREG=0). Pipelining the DSP48 output will improve performance and often saves power so it is suggested whenever possible to fully pipeline this function.  If this DSP48 function was inferred, it is suggested to describe an additional register stage after this function.  If the DSP48 was instantiated in the design, it is suggested to set the PREG attribute to 1.
WARNING: [DRC DPOP-1] PREG Output pipelining: DSP zedboard_pnyq_ssr_i/top_ssr_0/inst/u_top_system/u_dsp_chain/u_agg/n_sumsq0__8 output zedboard_pnyq_ssr_i/top_ssr_0/inst/u_top_system/u_dsp_chain/u_agg/n_sumsq0__8/P[47:0] is not pipelined (PREG=0). Pipelining the DSP48 output will improve performance and often saves power so it is suggested whenever possible to fully pipeline this function.  If this DSP48 function was inferred, it is suggested to describe an additional register stage after this function.  If the DSP48 was instantiated in the design, it is suggested to set the PREG attribute to 1.
WARNING: [DRC DPOP-1] PREG Output pipelining: DSP zedboard_pnyq_ssr_i/top_ssr_0/inst/u_top_system/u_dsp_chain/u_agg/p_1_out output zedboard_pnyq_ssr_i/top_ssr_0/inst/u_top_system/u_dsp_chain/u_agg/p_1_out/P[47:0] is not pipelined (PREG=0). Pipelining the DSP48 output will improve performance and often saves power so it is suggested whenever possible to fully pipeline this function.  If this DSP48 function was inferred, it is suggested to describe an additional register stage after this function.  If the DSP48 was instantiated in the design, it is suggested to set the PREG attribute to 1.
WARNING: [DRC DPOP-1] PREG Output pipelining: DSP zedboard_pnyq_ssr_i/top_ssr_0/inst/u_top_system/u_dsp_chain/u_agg/p_1_out__0 output zedboard_pnyq_ssr_i/top_ssr_0/inst/u_top_system/u_dsp_chain/u_agg/p_1_out__0/P[47:0] is not pipelined (PREG=0). Pipelining the DSP48 output will improve performance and often saves power so it is suggested whenever possible to fully pipeline this function.  If this DSP48 function was inferred, it is suggested to describe an additional register stage after this function.  If the DSP48 was instantiated in the design, it is suggested to set the PREG attribute to 1.
WARNING: [DRC DPOP-1] PREG Output pipelining: DSP zedboard_pnyq_ssr_i/top_ssr_0/inst/u_top_system/u_dsp_chain/u_agg/suma_sq0 output zedboard_pnyq_ssr_i/top_ssr_0/inst/u_top_system/u_dsp_chain/u_agg/suma_sq0/P[47:0] is not pipelined (PREG=0). Pipelining the DSP48 output will improve performance and often saves power so it is suggested whenever possible to fully pipeline this function.  If this DSP48 function was inferred, it is suggested to describe an additional register stage after this function.  If the DSP48 was instantiated in the design, it is suggested to set the PREG attribute to 1.
WARNING: [DRC DPOP-1] PREG Output pipelining: DSP zedboard_pnyq_ssr_i/top_ssr_0/inst/u_top_system/u_dsp_chain/u_agg/suma_sq0__0 output zedboard_pnyq_ssr_i/top_ssr_0/inst/u_top_system/u_dsp_chain/u_agg/suma_sq0__0/P[47:0] is not pipelined (PREG=0). Pipelining the DSP48 output will improve performance and often saves power so it is suggested whenever possible to fully pipeline this function.  If this DSP48 function was inferred, it is suggested to describe an additional register stage after this function.  If the DSP48 was instantiated in the design, it is suggested to set the PREG attribute to 1.
WARNING: [DRC DPOP-1] PREG Output pipelining: DSP zedboard_pnyq_ssr_i/top_ssr_0/inst/u_top_system/u_dsp_chain/u_dct/acc0 output zedboard_pnyq_ssr_i/top_ssr_0/inst/u_top_system/u_dsp_chain/u_dct/acc0/P[47:0] is not pipelined (PREG=0). Pipelining the DSP48 output will improve performance and often saves power so it is suggested whenever possible to fully pipeline this function.  If this DSP48 function was inferred, it is suggested to describe an additional register stage after this function.  If the DSP48 was instantiated in the design, it is suggested to set the PREG attribute to 1.
WARNING: [DRC DPOP-1] PREG Output pipelining: DSP zedboard_pnyq_ssr_i/top_ssr_0/inst/u_top_system/u_dsp_chain/u_dft/acc_im0 output zedboard_pnyq_ssr_i/top_ssr_0/inst/u_top_system/u_dsp_chain/u_dft/acc_im0/P[47:0] is not pipelined (PREG=0). Pipelining the DSP48 output will improve performance and often saves power so it is suggested whenever possible to fully pipeline this function.  If this DSP48 function was inferred, it is suggested to describe an additional register stage after this function.  If the DSP48 was instantiated in the design, it is suggested to set the PREG attribute to 1.
WARNING: [DRC DPOP-1] PREG Output pipelining: DSP zedboard_pnyq_ssr_i/top_ssr_0/inst/u_top_system/u_dsp_chain/u_dft/acc_re0 output zedboard_pnyq_ssr_i/top_ssr_0/inst/u_top_system/u_dsp_chain/u_dft/acc_re0/P[47:0] is not pipelined (PREG=0). Pipelining the DSP48 output will improve performance and often saves power so it is suggested whenever possible to fully pipeline this function.  If this DSP48 function was inferred, it is suggested to describe an additional register stage after this function.  If the DSP48 was instantiated in the design, it is suggested to set the PREG attribute to 1.
WARNING: [DRC DPOP-1] PREG Output pipelining: DSP zedboard_pnyq_ssr_i/top_ssr_0/inst/u_top_system/u_dsp_chain/u_mel/prod output zedboard_pnyq_ssr_i/top_ssr_0/inst/u_top_system/u_dsp_chain/u_mel/prod/P[47:0] is not pipelined (PREG=0). Pipelining the DSP48 output will improve performance and often saves power so it is suggested whenever possible to fully pipeline this function.  If this DSP48 function was inferred, it is suggested to describe an additional register stage after this function.  If the DSP48 was instantiated in the design, it is suggested to set the PREG attribute to 1.
WARNING: [DRC DPOP-1] PREG Output pipelining: DSP zedboard_pnyq_ssr_i/top_ssr_0/inst/u_top_system/u_dsp_chain/u_mel/prod__0 output zedboard_pnyq_ssr_i/top_ssr_0/inst/u_top_system/u_dsp_chain/u_mel/prod__0/P[47:0] is not pipelined (PREG=0). Pipelining the DSP48 output will improve performance and often saves power so it is suggested whenever possible to fully pipeline this function.  If this DSP48 function was inferred, it is suggested to describe an additional register stage after this function.  If the DSP48 was instantiated in the design, it is suggested to set the PREG attribute to 1.
WARNING: [DRC DPOP-1] PREG Output pipelining: DSP zedboard_pnyq_ssr_i/top_ssr_0/inst/u_top_system/u_dsp_chain/u_mel/prod__1 output zedboard_pnyq_ssr_i/top_ssr_0/inst/u_top_system/u_dsp_chain/u_mel/prod__1/P[47:0] is not pipelined (PREG=0). Pipelining the DSP48 output will improve performance and often saves power so it is suggested whenever possible to fully pipeline this function.  If this DSP48 function was inferred, it is suggested to describe an additional register stage after this function.  If the DSP48 was instantiated in the design, it is suggested to set the PREG attribute to 1.
WARNING: [DRC DPOP-1] PREG Output pipelining: DSP zedboard_pnyq_ssr_i/top_ssr_0/inst/u_top_system/u_dsp_chain/u_mel/rom_addr output zedboard_pnyq_ssr_i/top_ssr_0/inst/u_top_system/u_dsp_chain/u_mel/rom_addr/P[47:0] is not pipelined (PREG=0). Pipelining the DSP48 output will improve performance and often saves power so it is suggested whenever possible to fully pipeline this function.  If this DSP48 function was inferred, it is suggested to describe an additional register stage after this function.  If the DSP48 was instantiated in the design, it is suggested to set the PREG attribute to 1.
WARNING: [DRC DPOP-1] PREG Output pipelining: DSP zedboard_pnyq_ssr_i/top_ssr_0/inst/u_top_system/u_dsp_chain/u_power/im_sq output zedboard_pnyq_ssr_i/top_ssr_0/inst/u_top_system/u_dsp_chain/u_power/im_sq/P[47:0] is not pipelined (PREG=0). Pipelining the DSP48 output will improve performance and often saves power so it is suggested whenever possible to fully pipeline this function.  If this DSP48 function was inferred, it is suggested to describe an additional register stage after this function.  If the DSP48 was instantiated in the design, it is suggested to set the PREG attribute to 1.
WARNING: [DRC DPOP-1] PREG Output pipelining: DSP zedboard_pnyq_ssr_i/top_ssr_0/inst/u_top_system/u_dsp_chain/u_power/im_sq__0 output zedboard_pnyq_ssr_i/top_ssr_0/inst/u_top_system/u_dsp_chain/u_power/im_sq__0/P[47:0] is not pipelined (PREG=0). Pipelining the DSP48 output will improve performance and often saves power so it is suggested whenever possible to fully pipeline this function.  If this DSP48 function was inferred, it is suggested to describe an additional register stage after this function.  If the DSP48 was instantiated in the design, it is suggested to set the PREG attribute to 1.
WARNING: [DRC DPOP-1] PREG Output pipelining: DSP zedboard_pnyq_ssr_i/top_ssr_0/inst/u_top_system/u_dsp_chain/u_power/im_sq__1 output zedboard_pnyq_ssr_i/top_ssr_0/inst/u_top_system/u_dsp_chain/u_power/im_sq__1/P[47:0] is not pipelined (PREG=0). Pipelining the DSP48 output will improve performance and often saves power so it is suggested whenever possible to fully pipeline this function.  If this DSP48 function was inferred, it is suggested to describe an additional register stage after this function.  If the DSP48 was instantiated in the design, it is suggested to set the PREG attribute to 1.
WARNING: [DRC DPOP-1] PREG Output pipelining: DSP zedboard_pnyq_ssr_i/top_ssr_0/inst/u_top_system/u_dsp_chain/u_power/im_sq__2 output zedboard_pnyq_ssr_i/top_ssr_0/inst/u_top_system/u_dsp_chain/u_power/im_sq__2/P[47:0] is not pipelined (PREG=0). Pipelining the DSP48 output will improve performance and often saves power so it is suggested whenever possible to fully pipeline this function.  If this DSP48 function was inferred, it is suggested to describe an additional register stage after this function.  If the DSP48 was instantiated in the design, it is suggested to set the PREG attribute to 1.
WARNING: [DRC DPOP-1] PREG Output pipelining: DSP zedboard_pnyq_ssr_i/top_ssr_0/inst/u_top_system/u_dsp_chain/u_power/re_sq output zedboard_pnyq_ssr_i/top_ssr_0/inst/u_top_system/u_dsp_chain/u_power/re_sq/P[47:0] is not pipelined (PREG=0). Pipelining the DSP48 output will improve performance and often saves power so it is suggested whenever possible to fully pipeline this function.  If this DSP48 function was inferred, it is suggested to describe an additional register stage after this function.  If the DSP48 was instantiated in the design, it is suggested to set the PREG attribute to 1.
WARNING: [DRC DPOP-1] PREG Output pipelining: DSP zedboard_pnyq_ssr_i/top_ssr_0/inst/u_top_system/u_dsp_chain/u_power/re_sq__0 output zedboard_pnyq_ssr_i/top_ssr_0/inst/u_top_system/u_dsp_chain/u_power/re_sq__0/P[47:0] is not pipelined (PREG=0). Pipelining the DSP48 output will improve performance and often saves power so it is suggested whenever possible to fully pipeline this function.  If this DSP48 function was inferred, it is suggested to describe an additional register stage after this function.  If the DSP48 was instantiated in the design, it is suggested to set the PREG attribute to 1.
WARNING: [DRC DPOP-1] PREG Output pipelining: DSP zedboard_pnyq_ssr_i/top_ssr_0/inst/u_top_system/u_dsp_chain/u_power/re_sq__1 output zedboard_pnyq_ssr_i/top_ssr_0/inst/u_top_system/u_dsp_chain/u_power/re_sq__1/P[47:0] is not pipelined (PREG=0). Pipelining the DSP48 output will improve performance and often saves power so it is suggested whenever possible to fully pipeline this function.  If this DSP48 function was inferred, it is suggested to describe an additional register stage after this function.  If the DSP48 was instantiated in the design, it is suggested to set the PREG attribute to 1.
WARNING: [DRC DPOP-1] PREG Output pipelining: DSP zedboard_pnyq_ssr_i/top_ssr_0/inst/u_top_system/u_dsp_chain/u_power/re_sq__2 output zedboard_pnyq_ssr_i/top_ssr_0/inst/u_top_system/u_dsp_chain/u_power/re_sq__2/P[47:0] is not pipelined (PREG=0). Pipelining the DSP48 output will improve performance and often saves power so it is suggested whenever possible to fully pipeline this function.  If this DSP48 function was inferred, it is suggested to describe an additional register stage after this function.  If the DSP48 was instantiated in the design, it is suggested to set the PREG attribute to 1.
WARNING: [DRC DPOP-1] PREG Output pipelining: DSP zedboard_pnyq_ssr_i/top_ssr_0/inst/u_top_system/u_top_nn/u_dense_layer_1/p_0_out output zedboard_pnyq_ssr_i/top_ssr_0/inst/u_top_system/u_top_nn/u_dense_layer_1/p_0_out/P[47:0] is not pipelined (PREG=0). Pipelining the DSP48 output will improve performance and often saves power so it is suggested whenever possible to fully pipeline this function.  If this DSP48 function was inferred, it is suggested to describe an additional register stage after this function.  If the DSP48 was instantiated in the design, it is suggested to set the PREG attribute to 1.
WARNING: [DRC DPOP-1] PREG Output pipelining: DSP zedboard_pnyq_ssr_i/top_ssr_0/inst/u_top_system/u_top_nn/u_dense_layer_1/p_0_out__0 output zedboard_pnyq_ssr_i/top_ssr_0/inst/u_top_system/u_top_nn/u_dense_layer_1/p_0_out__0/P[47:0] is not pipelined (PREG=0). Pipelining the DSP48 output will improve performance and often saves power so it is suggested whenever possible to fully pipeline this function.  If this DSP48 function was inferred, it is suggested to describe an additional register stage after this function.  If the DSP48 was instantiated in the design, it is suggested to set the PREG attribute to 1.
WARNING: [DRC DPOP-1] PREG Output pipelining: DSP zedboard_pnyq_ssr_i/top_ssr_0/inst/u_top_system/u_top_nn/u_dense_layer_1/p_0_out__1 output zedboard_pnyq_ssr_i/top_ssr_0/inst/u_top_system/u_top_nn/u_dense_layer_1/p_0_out__1/P[47:0] is not pipelined (PREG=0). Pipelining the DSP48 output will improve performance and often saves power so it is suggested whenever possible to fully pipeline this function.  If this DSP48 function was inferred, it is suggested to describe an additional register stage after this function.  If the DSP48 was instantiated in the design, it is suggested to set the PREG attribute to 1.
WARNING: [DRC DPOP-1] PREG Output pipelining: DSP zedboard_pnyq_ssr_i/top_ssr_0/inst/u_top_system/u_top_nn/u_dense_layer_1/p_0_out__10 output zedboard_pnyq_ssr_i/top_ssr_0/inst/u_top_system/u_top_nn/u_dense_layer_1/p_0_out__10/P[47:0] is not pipelined (PREG=0). Pipelining the DSP48 output will improve performance and often saves power so it is suggested whenever possible to fully pipeline this function.  If this DSP48 function was inferred, it is suggested to describe an additional register stage after this function.  If the DSP48 was instantiated in the design, it is suggested to set the PREG attribute to 1.
WARNING: [DRC DPOP-1] PREG Output pipelining: DSP zedboard_pnyq_ssr_i/top_ssr_0/inst/u_top_system/u_top_nn/u_dense_layer_1/p_0_out__11 output zedboard_pnyq_ssr_i/top_ssr_0/inst/u_top_system/u_top_nn/u_dense_layer_1/p_0_out__11/P[47:0] is not pipelined (PREG=0). Pipelining the DSP48 output will improve performance and often saves power so it is suggested whenever possible to fully pipeline this function.  If this DSP48 function was inferred, it is suggested to describe an additional register stage after this function.  If the DSP48 was instantiated in the design, it is suggested to set the PREG attribute to 1.
WARNING: [DRC DPOP-1] PREG Output pipelining: DSP zedboard_pnyq_ssr_i/top_ssr_0/inst/u_top_system/u_top_nn/u_dense_layer_1/p_0_out__12 output zedboard_pnyq_ssr_i/top_ssr_0/inst/u_top_system/u_top_nn/u_dense_layer_1/p_0_out__12/P[47:0] is not pipelined (PREG=0). Pipelining the DSP48 output will improve performance and often saves power so it is suggested whenever possible to fully pipeline this function.  If this DSP48 function was inferred, it is suggested to describe an additional register stage after this function.  If the DSP48 was instantiated in the design, it is suggested to set the PREG attribute to 1.
WARNING: [DRC DPOP-1] PREG Output pipelining: DSP zedboard_pnyq_ssr_i/top_ssr_0/inst/u_top_system/u_top_nn/u_dense_layer_1/p_0_out__13 output zedboard_pnyq_ssr_i/top_ssr_0/inst/u_top_system/u_top_nn/u_dense_layer_1/p_0_out__13/P[47:0] is not pipelined (PREG=0). Pipelining the DSP48 output will improve performance and often saves power so it is suggested whenever possible to fully pipeline this function.  If this DSP48 function was inferred, it is suggested to describe an additional register stage after this function.  If the DSP48 was instantiated in the design, it is suggested to set the PREG attribute to 1.
WARNING: [DRC DPOP-1] PREG Output pipelining: DSP zedboard_pnyq_ssr_i/top_ssr_0/inst/u_top_system/u_top_nn/u_dense_layer_1/p_0_out__14 output zedboard_pnyq_ssr_i/top_ssr_0/inst/u_top_system/u_top_nn/u_dense_layer_1/p_0_out__14/P[47:0] is not pipelined (PREG=0). Pipelining the DSP48 output will improve performance and often saves power so it is suggested whenever possible to fully pipeline this function.  If this DSP48 function was inferred, it is suggested to describe an additional register stage after this function.  If the DSP48 was instantiated in the design, it is suggested to set the PREG attribute to 1.
WARNING: [DRC DPOP-1] PREG Output pipelining: DSP zedboard_pnyq_ssr_i/top_ssr_0/inst/u_top_system/u_top_nn/u_dense_layer_1/p_0_out__15 output zedboard_pnyq_ssr_i/top_ssr_0/inst/u_top_system/u_top_nn/u_dense_layer_1/p_0_out__15/P[47:0] is not pipelined (PREG=0). Pipelining the DSP48 output will improve performance and often saves power so it is suggested whenever possible to fully pipeline this function.  If this DSP48 function was inferred, it is suggested to describe an additional register stage after this function.  If the DSP48 was instantiated in the design, it is suggested to set the PREG attribute to 1.
WARNING: [DRC DPOP-1] PREG Output pipelining: DSP zedboard_pnyq_ssr_i/top_ssr_0/inst/u_top_system/u_top_nn/u_dense_layer_1/p_0_out__16 output zedboard_pnyq_ssr_i/top_ssr_0/inst/u_top_system/u_top_nn/u_dense_layer_1/p_0_out__16/P[47:0] is not pipelined (PREG=0). Pipelining the DSP48 output will improve performance and often saves power so it is suggested whenever possible to fully pipeline this function.  If this DSP48 function was inferred, it is suggested to describe an additional register stage after this function.  If the DSP48 was instantiated in the design, it is suggested to set the PREG attribute to 1.
WARNING: [DRC DPOP-1] PREG Output pipelining: DSP zedboard_pnyq_ssr_i/top_ssr_0/inst/u_top_system/u_top_nn/u_dense_layer_1/p_0_out__17 output zedboard_pnyq_ssr_i/top_ssr_0/inst/u_top_system/u_top_nn/u_dense_layer_1/p_0_out__17/P[47:0] is not pipelined (PREG=0). Pipelining the DSP48 output will improve performance and often saves power so it is suggested whenever possible to fully pipeline this function.  If this DSP48 function was inferred, it is suggested to describe an additional register stage after this function.  If the DSP48 was instantiated in the design, it is suggested to set the PREG attribute to 1.
WARNING: [DRC DPOP-1] PREG Output pipelining: DSP zedboard_pnyq_ssr_i/top_ssr_0/inst/u_top_system/u_top_nn/u_dense_layer_1/p_0_out__18 output zedboard_pnyq_ssr_i/top_ssr_0/inst/u_top_system/u_top_nn/u_dense_layer_1/p_0_out__18/P[47:0] is not pipelined (PREG=0). Pipelining the DSP48 output will improve performance and often saves power so it is suggested whenever possible to fully pipeline this function.  If this DSP48 function was inferred, it is suggested to describe an additional register stage after this function.  If the DSP48 was instantiated in the design, it is suggested to set the PREG attribute to 1.
WARNING: [DRC DPOP-1] PREG Output pipelining: DSP zedboard_pnyq_ssr_i/top_ssr_0/inst/u_top_system/u_top_nn/u_dense_layer_1/p_0_out__19 output zedboard_pnyq_ssr_i/top_ssr_0/inst/u_top_system/u_top_nn/u_dense_layer_1/p_0_out__19/P[47:0] is not pipelined (PREG=0). Pipelining the DSP48 output will improve performance and often saves power so it is suggested whenever possible to fully pipeline this function.  If this DSP48 function was inferred, it is suggested to describe an additional register stage after this function.  If the DSP48 was instantiated in the design, it is suggested to set the PREG attribute to 1.
WARNING: [DRC DPOP-1] PREG Output pipelining: DSP zedboard_pnyq_ssr_i/top_ssr_0/inst/u_top_system/u_top_nn/u_dense_layer_1/p_0_out__2 output zedboard_pnyq_ssr_i/top_ssr_0/inst/u_top_system/u_top_nn/u_dense_layer_1/p_0_out__2/P[47:0] is not pipelined (PREG=0). Pipelining the DSP48 output will improve performance and often saves power so it is suggested whenever possible to fully pipeline this function.  If this DSP48 function was inferred, it is suggested to describe an additional register stage after this function.  If the DSP48 was instantiated in the design, it is suggested to set the PREG attribute to 1.
WARNING: [DRC DPOP-1] PREG Output pipelining: DSP zedboard_pnyq_ssr_i/top_ssr_0/inst/u_top_system/u_top_nn/u_dense_layer_1/p_0_out__20 output zedboard_pnyq_ssr_i/top_ssr_0/inst/u_top_system/u_top_nn/u_dense_layer_1/p_0_out__20/P[47:0] is not pipelined (PREG=0). Pipelining the DSP48 output will improve performance and often saves power so it is suggested whenever possible to fully pipeline this function.  If this DSP48 function was inferred, it is suggested to describe an additional register stage after this function.  If the DSP48 was instantiated in the design, it is suggested to set the PREG attribute to 1.
WARNING: [DRC DPOP-1] PREG Output pipelining: DSP zedboard_pnyq_ssr_i/top_ssr_0/inst/u_top_system/u_top_nn/u_dense_layer_1/p_0_out__21 output zedboard_pnyq_ssr_i/top_ssr_0/inst/u_top_system/u_top_nn/u_dense_layer_1/p_0_out__21/P[47:0] is not pipelined (PREG=0). Pipelining the DSP48 output will improve performance and often saves power so it is suggested whenever possible to fully pipeline this function.  If this DSP48 function was inferred, it is suggested to describe an additional register stage after this function.  If the DSP48 was instantiated in the design, it is suggested to set the PREG attribute to 1.
WARNING: [DRC DPOP-1] PREG Output pipelining: DSP zedboard_pnyq_ssr_i/top_ssr_0/inst/u_top_system/u_top_nn/u_dense_layer_1/p_0_out__22 output zedboard_pnyq_ssr_i/top_ssr_0/inst/u_top_system/u_top_nn/u_dense_layer_1/p_0_out__22/P[47:0] is not pipelined (PREG=0). Pipelining the DSP48 output will improve performance and often saves power so it is suggested whenever possible to fully pipeline this function.  If this DSP48 function was inferred, it is suggested to describe an additional register stage after this function.  If the DSP48 was instantiated in the design, it is suggested to set the PREG attribute to 1.
WARNING: [DRC DPOP-1] PREG Output pipelining: DSP zedboard_pnyq_ssr_i/top_ssr_0/inst/u_top_system/u_top_nn/u_dense_layer_1/p_0_out__23 output zedboard_pnyq_ssr_i/top_ssr_0/inst/u_top_system/u_top_nn/u_dense_layer_1/p_0_out__23/P[47:0] is not pipelined (PREG=0). Pipelining the DSP48 output will improve performance and often saves power so it is suggested whenever possible to fully pipeline this function.  If this DSP48 function was inferred, it is suggested to describe an additional register stage after this function.  If the DSP48 was instantiated in the design, it is suggested to set the PREG attribute to 1.
WARNING: [DRC DPOP-1] PREG Output pipelining: DSP zedboard_pnyq_ssr_i/top_ssr_0/inst/u_top_system/u_top_nn/u_dense_layer_1/p_0_out__24 output zedboard_pnyq_ssr_i/top_ssr_0/inst/u_top_system/u_top_nn/u_dense_layer_1/p_0_out__24/P[47:0] is not pipelined (PREG=0). Pipelining the DSP48 output will improve performance and often saves power so it is suggested whenever possible to fully pipeline this function.  If this DSP48 function was inferred, it is suggested to describe an additional register stage after this function.  If the DSP48 was instantiated in the design, it is suggested to set the PREG attribute to 1.
WARNING: [DRC DPOP-1] PREG Output pipelining: DSP zedboard_pnyq_ssr_i/top_ssr_0/inst/u_top_system/u_top_nn/u_dense_layer_1/p_0_out__25 output zedboard_pnyq_ssr_i/top_ssr_0/inst/u_top_system/u_top_nn/u_dense_layer_1/p_0_out__25/P[47:0] is not pipelined (PREG=0). Pipelining the DSP48 output will improve performance and often saves power so it is suggested whenever possible to fully pipeline this function.  If this DSP48 function was inferred, it is suggested to describe an additional register stage after this function.  If the DSP48 was instantiated in the design, it is suggested to set the PREG attribute to 1.
WARNING: [DRC DPOP-1] PREG Output pipelining: DSP zedboard_pnyq_ssr_i/top_ssr_0/inst/u_top_system/u_top_nn/u_dense_layer_1/p_0_out__26 output zedboard_pnyq_ssr_i/top_ssr_0/inst/u_top_system/u_top_nn/u_dense_layer_1/p_0_out__26/P[47:0] is not pipelined (PREG=0). Pipelining the DSP48 output will improve performance and often saves power so it is suggested whenever possible to fully pipeline this function.  If this DSP48 function was inferred, it is suggested to describe an additional register stage after this function.  If the DSP48 was instantiated in the design, it is suggested to set the PREG attribute to 1.
WARNING: [DRC DPOP-1] PREG Output pipelining: DSP zedboard_pnyq_ssr_i/top_ssr_0/inst/u_top_system/u_top_nn/u_dense_layer_1/p_0_out__27 output zedboard_pnyq_ssr_i/top_ssr_0/inst/u_top_system/u_top_nn/u_dense_layer_1/p_0_out__27/P[47:0] is not pipelined (PREG=0). Pipelining the DSP48 output will improve performance and often saves power so it is suggested whenever possible to fully pipeline this function.  If this DSP48 function was inferred, it is suggested to describe an additional register stage after this function.  If the DSP48 was instantiated in the design, it is suggested to set the PREG attribute to 1.
WARNING: [DRC DPOP-1] PREG Output pipelining: DSP zedboard_pnyq_ssr_i/top_ssr_0/inst/u_top_system/u_top_nn/u_dense_layer_1/p_0_out__28 output zedboard_pnyq_ssr_i/top_ssr_0/inst/u_top_system/u_top_nn/u_dense_layer_1/p_0_out__28/P[47:0] is not pipelined (PREG=0). Pipelining the DSP48 output will improve performance and often saves power so it is suggested whenever possible to fully pipeline this function.  If this DSP48 function was inferred, it is suggested to describe an additional register stage after this function.  If the DSP48 was instantiated in the design, it is suggested to set the PREG attribute to 1.
WARNING: [DRC DPOP-1] PREG Output pipelining: DSP zedboard_pnyq_ssr_i/top_ssr_0/inst/u_top_system/u_top_nn/u_dense_layer_1/p_0_out__29 output zedboard_pnyq_ssr_i/top_ssr_0/inst/u_top_system/u_top_nn/u_dense_layer_1/p_0_out__29/P[47:0] is not pipelined (PREG=0). Pipelining the DSP48 output will improve performance and often saves power so it is suggested whenever possible to fully pipeline this function.  If this DSP48 function was inferred, it is suggested to describe an additional register stage after this function.  If the DSP48 was instantiated in the design, it is suggested to set the PREG attribute to 1.
WARNING: [DRC DPOP-1] PREG Output pipelining: DSP zedboard_pnyq_ssr_i/top_ssr_0/inst/u_top_system/u_top_nn/u_dense_layer_1/p_0_out__3 output zedboard_pnyq_ssr_i/top_ssr_0/inst/u_top_system/u_top_nn/u_dense_layer_1/p_0_out__3/P[47:0] is not pipelined (PREG=0). Pipelining the DSP48 output will improve performance and often saves power so it is suggested whenever possible to fully pipeline this function.  If this DSP48 function was inferred, it is suggested to describe an additional register stage after this function.  If the DSP48 was instantiated in the design, it is suggested to set the PREG attribute to 1.
WARNING: [DRC DPOP-1] PREG Output pipelining: DSP zedboard_pnyq_ssr_i/top_ssr_0/inst/u_top_system/u_top_nn/u_dense_layer_1/p_0_out__30 output zedboard_pnyq_ssr_i/top_ssr_0/inst/u_top_system/u_top_nn/u_dense_layer_1/p_0_out__30/P[47:0] is not pipelined (PREG=0). Pipelining the DSP48 output will improve performance and often saves power so it is suggested whenever possible to fully pipeline this function.  If this DSP48 function was inferred, it is suggested to describe an additional register stage after this function.  If the DSP48 was instantiated in the design, it is suggested to set the PREG attribute to 1.
WARNING: [DRC DPOP-1] PREG Output pipelining: DSP zedboard_pnyq_ssr_i/top_ssr_0/inst/u_top_system/u_top_nn/u_dense_layer_1/p_0_out__31 output zedboard_pnyq_ssr_i/top_ssr_0/inst/u_top_system/u_top_nn/u_dense_layer_1/p_0_out__31/P[47:0] is not pipelined (PREG=0). Pipelining the DSP48 output will improve performance and often saves power so it is suggested whenever possible to fully pipeline this function.  If this DSP48 function was inferred, it is suggested to describe an additional register stage after this function.  If the DSP48 was instantiated in the design, it is suggested to set the PREG attribute to 1.
WARNING: [DRC DPOP-1] PREG Output pipelining: DSP zedboard_pnyq_ssr_i/top_ssr_0/inst/u_top_system/u_top_nn/u_dense_layer_1/p_0_out__32 output zedboard_pnyq_ssr_i/top_ssr_0/inst/u_top_system/u_top_nn/u_dense_layer_1/p_0_out__32/P[47:0] is not pipelined (PREG=0). Pipelining the DSP48 output will improve performance and often saves power so it is suggested whenever possible to fully pipeline this function.  If this DSP48 function was inferred, it is suggested to describe an additional register stage after this function.  If the DSP48 was instantiated in the design, it is suggested to set the PREG attribute to 1.
WARNING: [DRC DPOP-1] PREG Output pipelining: DSP zedboard_pnyq_ssr_i/top_ssr_0/inst/u_top_system/u_top_nn/u_dense_layer_1/p_0_out__33 output zedboard_pnyq_ssr_i/top_ssr_0/inst/u_top_system/u_top_nn/u_dense_layer_1/p_0_out__33/P[47:0] is not pipelined (PREG=0). Pipelining the DSP48 output will improve performance and often saves power so it is suggested whenever possible to fully pipeline this function.  If this DSP48 function was inferred, it is suggested to describe an additional register stage after this function.  If the DSP48 was instantiated in the design, it is suggested to set the PREG attribute to 1.
WARNING: [DRC DPOP-1] PREG Output pipelining: DSP zedboard_pnyq_ssr_i/top_ssr_0/inst/u_top_system/u_top_nn/u_dense_layer_1/p_0_out__34 output zedboard_pnyq_ssr_i/top_ssr_0/inst/u_top_system/u_top_nn/u_dense_layer_1/p_0_out__34/P[47:0] is not pipelined (PREG=0). Pipelining the DSP48 output will improve performance and often saves power so it is suggested whenever possible to fully pipeline this function.  If this DSP48 function was inferred, it is suggested to describe an additional register stage after this function.  If the DSP48 was instantiated in the design, it is suggested to set the PREG attribute to 1.
WARNING: [DRC DPOP-1] PREG Output pipelining: DSP zedboard_pnyq_ssr_i/top_ssr_0/inst/u_top_system/u_top_nn/u_dense_layer_1/p_0_out__35 output zedboard_pnyq_ssr_i/top_ssr_0/inst/u_top_system/u_top_nn/u_dense_layer_1/p_0_out__35/P[47:0] is not pipelined (PREG=0). Pipelining the DSP48 output will improve performance and often saves power so it is suggested whenever possible to fully pipeline this function.  If this DSP48 function was inferred, it is suggested to describe an additional register stage after this function.  If the DSP48 was instantiated in the design, it is suggested to set the PREG attribute to 1.
WARNING: [DRC DPOP-1] PREG Output pipelining: DSP zedboard_pnyq_ssr_i/top_ssr_0/inst/u_top_system/u_top_nn/u_dense_layer_1/p_0_out__36 output zedboard_pnyq_ssr_i/top_ssr_0/inst/u_top_system/u_top_nn/u_dense_layer_1/p_0_out__36/P[47:0] is not pipelined (PREG=0). Pipelining the DSP48 output will improve performance and often saves power so it is suggested whenever possible to fully pipeline this function.  If this DSP48 function was inferred, it is suggested to describe an additional register stage after this function.  If the DSP48 was instantiated in the design, it is suggested to set the PREG attribute to 1.
WARNING: [DRC DPOP-1] PREG Output pipelining: DSP zedboard_pnyq_ssr_i/top_ssr_0/inst/u_top_system/u_top_nn/u_dense_layer_1/p_0_out__37 output zedboard_pnyq_ssr_i/top_ssr_0/inst/u_top_system/u_top_nn/u_dense_layer_1/p_0_out__37/P[47:0] is not pipelined (PREG=0). Pipelining the DSP48 output will improve performance and often saves power so it is suggested whenever possible to fully pipeline this function.  If this DSP48 function was inferred, it is suggested to describe an additional register stage after this function.  If the DSP48 was instantiated in the design, it is suggested to set the PREG attribute to 1.
WARNING: [DRC DPOP-1] PREG Output pipelining: DSP zedboard_pnyq_ssr_i/top_ssr_0/inst/u_top_system/u_top_nn/u_dense_layer_1/p_0_out__38 output zedboard_pnyq_ssr_i/top_ssr_0/inst/u_top_system/u_top_nn/u_dense_layer_1/p_0_out__38/P[47:0] is not pipelined (PREG=0). Pipelining the DSP48 output will improve performance and often saves power so it is suggested whenever possible to fully pipeline this function.  If this DSP48 function was inferred, it is suggested to describe an additional register stage after this function.  If the DSP48 was instantiated in the design, it is suggested to set the PREG attribute to 1.
WARNING: [DRC DPOP-1] PREG Output pipelining: DSP zedboard_pnyq_ssr_i/top_ssr_0/inst/u_top_system/u_top_nn/u_dense_layer_1/p_0_out__39 output zedboard_pnyq_ssr_i/top_ssr_0/inst/u_top_system/u_top_nn/u_dense_layer_1/p_0_out__39/P[47:0] is not pipelined (PREG=0). Pipelining the DSP48 output will improve performance and often saves power so it is suggested whenever possible to fully pipeline this function.  If this DSP48 function was inferred, it is suggested to describe an additional register stage after this function.  If the DSP48 was instantiated in the design, it is suggested to set the PREG attribute to 1.
WARNING: [DRC DPOP-1] PREG Output pipelining: DSP zedboard_pnyq_ssr_i/top_ssr_0/inst/u_top_system/u_top_nn/u_dense_layer_1/p_0_out__4 output zedboard_pnyq_ssr_i/top_ssr_0/inst/u_top_system/u_top_nn/u_dense_layer_1/p_0_out__4/P[47:0] is not pipelined (PREG=0). Pipelining the DSP48 output will improve performance and often saves power so it is suggested whenever possible to fully pipeline this function.  If this DSP48 function was inferred, it is suggested to describe an additional register stage after this function.  If the DSP48 was instantiated in the design, it is suggested to set the PREG attribute to 1.
WARNING: [DRC DPOP-1] PREG Output pipelining: DSP zedboard_pnyq_ssr_i/top_ssr_0/inst/u_top_system/u_top_nn/u_dense_layer_1/p_0_out__40 output zedboard_pnyq_ssr_i/top_ssr_0/inst/u_top_system/u_top_nn/u_dense_layer_1/p_0_out__40/P[47:0] is not pipelined (PREG=0). Pipelining the DSP48 output will improve performance and often saves power so it is suggested whenever possible to fully pipeline this function.  If this DSP48 function was inferred, it is suggested to describe an additional register stage after this function.  If the DSP48 was instantiated in the design, it is suggested to set the PREG attribute to 1.
WARNING: [DRC DPOP-1] PREG Output pipelining: DSP zedboard_pnyq_ssr_i/top_ssr_0/inst/u_top_system/u_top_nn/u_dense_layer_1/p_0_out__41 output zedboard_pnyq_ssr_i/top_ssr_0/inst/u_top_system/u_top_nn/u_dense_layer_1/p_0_out__41/P[47:0] is not pipelined (PREG=0). Pipelining the DSP48 output will improve performance and often saves power so it is suggested whenever possible to fully pipeline this function.  If this DSP48 function was inferred, it is suggested to describe an additional register stage after this function.  If the DSP48 was instantiated in the design, it is suggested to set the PREG attribute to 1.
WARNING: [DRC DPOP-1] PREG Output pipelining: DSP zedboard_pnyq_ssr_i/top_ssr_0/inst/u_top_system/u_top_nn/u_dense_layer_1/p_0_out__42 output zedboard_pnyq_ssr_i/top_ssr_0/inst/u_top_system/u_top_nn/u_dense_layer_1/p_0_out__42/P[47:0] is not pipelined (PREG=0). Pipelining the DSP48 output will improve performance and often saves power so it is suggested whenever possible to fully pipeline this function.  If this DSP48 function was inferred, it is suggested to describe an additional register stage after this function.  If the DSP48 was instantiated in the design, it is suggested to set the PREG attribute to 1.
WARNING: [DRC DPOP-1] PREG Output pipelining: DSP zedboard_pnyq_ssr_i/top_ssr_0/inst/u_top_system/u_top_nn/u_dense_layer_1/p_0_out__43 output zedboard_pnyq_ssr_i/top_ssr_0/inst/u_top_system/u_top_nn/u_dense_layer_1/p_0_out__43/P[47:0] is not pipelined (PREG=0). Pipelining the DSP48 output will improve performance and often saves power so it is suggested whenever possible to fully pipeline this function.  If this DSP48 function was inferred, it is suggested to describe an additional register stage after this function.  If the DSP48 was instantiated in the design, it is suggested to set the PREG attribute to 1.
WARNING: [DRC DPOP-1] PREG Output pipelining: DSP zedboard_pnyq_ssr_i/top_ssr_0/inst/u_top_system/u_top_nn/u_dense_layer_1/p_0_out__44 output zedboard_pnyq_ssr_i/top_ssr_0/inst/u_top_system/u_top_nn/u_dense_layer_1/p_0_out__44/P[47:0] is not pipelined (PREG=0). Pipelining the DSP48 output will improve performance and often saves power so it is suggested whenever possible to fully pipeline this function.  If this DSP48 function was inferred, it is suggested to describe an additional register stage after this function.  If the DSP48 was instantiated in the design, it is suggested to set the PREG attribute to 1.
WARNING: [DRC DPOP-1] PREG Output pipelining: DSP zedboard_pnyq_ssr_i/top_ssr_0/inst/u_top_system/u_top_nn/u_dense_layer_1/p_0_out__5 output zedboard_pnyq_ssr_i/top_ssr_0/inst/u_top_system/u_top_nn/u_dense_layer_1/p_0_out__5/P[47:0] is not pipelined (PREG=0). Pipelining the DSP48 output will improve performance and often saves power so it is suggested whenever possible to fully pipeline this function.  If this DSP48 function was inferred, it is suggested to describe an additional register stage after this function.  If the DSP48 was instantiated in the design, it is suggested to set the PREG attribute to 1.
WARNING: [DRC DPOP-1] PREG Output pipelining: DSP zedboard_pnyq_ssr_i/top_ssr_0/inst/u_top_system/u_top_nn/u_dense_layer_1/p_0_out__6 output zedboard_pnyq_ssr_i/top_ssr_0/inst/u_top_system/u_top_nn/u_dense_layer_1/p_0_out__6/P[47:0] is not pipelined (PREG=0). Pipelining the DSP48 output will improve performance and often saves power so it is suggested whenever possible to fully pipeline this function.  If this DSP48 function was inferred, it is suggested to describe an additional register stage after this function.  If the DSP48 was instantiated in the design, it is suggested to set the PREG attribute to 1.
WARNING: [DRC DPOP-1] PREG Output pipelining: DSP zedboard_pnyq_ssr_i/top_ssr_0/inst/u_top_system/u_top_nn/u_dense_layer_1/p_0_out__7 output zedboard_pnyq_ssr_i/top_ssr_0/inst/u_top_system/u_top_nn/u_dense_layer_1/p_0_out__7/P[47:0] is not pipelined (PREG=0). Pipelining the DSP48 output will improve performance and often saves power so it is suggested whenever possible to fully pipeline this function.  If this DSP48 function was inferred, it is suggested to describe an additional register stage after this function.  If the DSP48 was instantiated in the design, it is suggested to set the PREG attribute to 1.
WARNING: [DRC DPOP-1] PREG Output pipelining: DSP zedboard_pnyq_ssr_i/top_ssr_0/inst/u_top_system/u_top_nn/u_dense_layer_1/p_0_out__8 output zedboard_pnyq_ssr_i/top_ssr_0/inst/u_top_system/u_top_nn/u_dense_layer_1/p_0_out__8/P[47:0] is not pipelined (PREG=0). Pipelining the DSP48 output will improve performance and often saves power so it is suggested whenever possible to fully pipeline this function.  If this DSP48 function was inferred, it is suggested to describe an additional register stage after this function.  If the DSP48 was instantiated in the design, it is suggested to set the PREG attribute to 1.
WARNING: [DRC DPOP-1] PREG Output pipelining: DSP zedboard_pnyq_ssr_i/top_ssr_0/inst/u_top_system/u_top_nn/u_dense_layer_1/p_0_out__9 output zedboard_pnyq_ssr_i/top_ssr_0/inst/u_top_system/u_top_nn/u_dense_layer_1/p_0_out__9/P[47:0] is not pipelined (PREG=0). Pipelining the DSP48 output will improve performance and often saves power so it is suggested whenever possible to fully pipeline this function.  If this DSP48 function was inferred, it is suggested to describe an additional register stage after this function.  If the DSP48 was instantiated in the design, it is suggested to set the PREG attribute to 1.
WARNING: [DRC DPOP-1] PREG Output pipelining: DSP zedboard_pnyq_ssr_i/top_ssr_0/inst/u_top_system/u_top_nn/u_dense_layer_1/p_1_out output zedboard_pnyq_ssr_i/top_ssr_0/inst/u_top_system/u_top_nn/u_dense_layer_1/p_1_out/P[47:0] is not pipelined (PREG=0). Pipelining the DSP48 output will improve performance and often saves power so it is suggested whenever possible to fully pipeline this function.  If this DSP48 function was inferred, it is suggested to describe an additional register stage after this function.  If the DSP48 was instantiated in the design, it is suggested to set the PREG attribute to 1.
WARNING: [DRC DPOP-1] PREG Output pipelining: DSP zedboard_pnyq_ssr_i/top_ssr_0/inst/u_top_system/u_top_nn/u_dense_layer_1/p_1_out__0 output zedboard_pnyq_ssr_i/top_ssr_0/inst/u_top_system/u_top_nn/u_dense_layer_1/p_1_out__0/P[47:0] is not pipelined (PREG=0). Pipelining the DSP48 output will improve performance and often saves power so it is suggested whenever possible to fully pipeline this function.  If this DSP48 function was inferred, it is suggested to describe an additional register stage after this function.  If the DSP48 was instantiated in the design, it is suggested to set the PREG attribute to 1.
WARNING: [DRC DPOP-1] PREG Output pipelining: DSP zedboard_pnyq_ssr_i/top_ssr_0/inst/u_top_system/u_top_nn/u_dense_layer_1/p_1_out__1 output zedboard_pnyq_ssr_i/top_ssr_0/inst/u_top_system/u_top_nn/u_dense_layer_1/p_1_out__1/P[47:0] is not pipelined (PREG=0). Pipelining the DSP48 output will improve performance and often saves power so it is suggested whenever possible to fully pipeline this function.  If this DSP48 function was inferred, it is suggested to describe an additional register stage after this function.  If the DSP48 was instantiated in the design, it is suggested to set the PREG attribute to 1.
WARNING: [DRC DPOP-2] MREG Output pipelining: DSP zedboard_pnyq_ssr_i/top_ssr_0/inst/u_top_system/u_dsp_chain/u_agg/n_sumsq0__0 multiplier stage zedboard_pnyq_ssr_i/top_ssr_0/inst/u_top_system/u_dsp_chain/u_agg/n_sumsq0__0/P[47:0] is not pipelined (MREG=0). Pipelining the multiplier function will improve performance and will save significant power so it is suggested whenever possible to fully pipeline this function.  If this multiplier was inferred, it is suggested to describe an additional register stage after this function.  If there is no registered adder/accumulator following the multiply function, two pipeline stages are suggested to allow both the MREG and PREG registers to be used.  If the DSP48 was instantiated in the design, it is suggested to set both the MREG and PREG attributes to 1 when performing multiply functions.
WARNING: [DRC DPOP-2] MREG Output pipelining: DSP zedboard_pnyq_ssr_i/top_ssr_0/inst/u_top_system/u_dsp_chain/u_agg/n_sumsq0__10 multiplier stage zedboard_pnyq_ssr_i/top_ssr_0/inst/u_top_system/u_dsp_chain/u_agg/n_sumsq0__10/P[47:0] is not pipelined (MREG=0). Pipelining the multiplier function will improve performance and will save significant power so it is suggested whenever possible to fully pipeline this function.  If this multiplier was inferred, it is suggested to describe an additional register stage after this function.  If there is no registered adder/accumulator following the multiply function, two pipeline stages are suggested to allow both the MREG and PREG registers to be used.  If the DSP48 was instantiated in the design, it is suggested to set both the MREG and PREG attributes to 1 when performing multiply functions.
WARNING: [DRC DPOP-2] MREG Output pipelining: DSP zedboard_pnyq_ssr_i/top_ssr_0/inst/u_top_system/u_dsp_chain/u_agg/n_sumsq0__12 multiplier stage zedboard_pnyq_ssr_i/top_ssr_0/inst/u_top_system/u_dsp_chain/u_agg/n_sumsq0__12/P[47:0] is not pipelined (MREG=0). Pipelining the multiplier function will improve performance and will save significant power so it is suggested whenever possible to fully pipeline this function.  If this multiplier was inferred, it is suggested to describe an additional register stage after this function.  If there is no registered adder/accumulator following the multiply function, two pipeline stages are suggested to allow both the MREG and PREG registers to be used.  If the DSP48 was instantiated in the design, it is suggested to set both the MREG and PREG attributes to 1 when performing multiply functions.
WARNING: [DRC DPOP-2] MREG Output pipelining: DSP zedboard_pnyq_ssr_i/top_ssr_0/inst/u_top_system/u_dsp_chain/u_agg/n_sumsq0__2 multiplier stage zedboard_pnyq_ssr_i/top_ssr_0/inst/u_top_system/u_dsp_chain/u_agg/n_sumsq0__2/P[47:0] is not pipelined (MREG=0). Pipelining the multiplier function will improve performance and will save significant power so it is suggested whenever possible to fully pipeline this function.  If this multiplier was inferred, it is suggested to describe an additional register stage after this function.  If there is no registered adder/accumulator following the multiply function, two pipeline stages are suggested to allow both the MREG and PREG registers to be used.  If the DSP48 was instantiated in the design, it is suggested to set both the MREG and PREG attributes to 1 when performing multiply functions.
WARNING: [DRC DPOP-2] MREG Output pipelining: DSP zedboard_pnyq_ssr_i/top_ssr_0/inst/u_top_system/u_dsp_chain/u_agg/n_sumsq0__5 multiplier stage zedboard_pnyq_ssr_i/top_ssr_0/inst/u_top_system/u_dsp_chain/u_agg/n_sumsq0__5/P[47:0] is not pipelined (MREG=0). Pipelining the multiplier function will improve performance and will save significant power so it is suggested whenever possible to fully pipeline this function.  If this multiplier was inferred, it is suggested to describe an additional register stage after this function.  If there is no registered adder/accumulator following the multiply function, two pipeline stages are suggested to allow both the MREG and PREG registers to be used.  If the DSP48 was instantiated in the design, it is suggested to set both the MREG and PREG attributes to 1 when performing multiply functions.
WARNING: [DRC DPOP-2] MREG Output pipelining: DSP zedboard_pnyq_ssr_i/top_ssr_0/inst/u_top_system/u_dsp_chain/u_agg/n_sumsq0__8 multiplier stage zedboard_pnyq_ssr_i/top_ssr_0/inst/u_top_system/u_dsp_chain/u_agg/n_sumsq0__8/P[47:0] is not pipelined (MREG=0). Pipelining the multiplier function will improve performance and will save significant power so it is suggested whenever possible to fully pipeline this function.  If this multiplier was inferred, it is suggested to describe an additional register stage after this function.  If there is no registered adder/accumulator following the multiply function, two pipeline stages are suggested to allow both the MREG and PREG registers to be used.  If the DSP48 was instantiated in the design, it is suggested to set both the MREG and PREG attributes to 1 when performing multiply functions.
WARNING: [DRC DPOP-2] MREG Output pipelining: DSP zedboard_pnyq_ssr_i/top_ssr_0/inst/u_top_system/u_dsp_chain/u_agg/n_sumsq_reg multiplier stage zedboard_pnyq_ssr_i/top_ssr_0/inst/u_top_system/u_dsp_chain/u_agg/n_sumsq_reg/P[47:0] is not pipelined (MREG=0). Pipelining the multiplier function will improve performance and will save significant power so it is suggested whenever possible to fully pipeline this function.  If this multiplier was inferred, it is suggested to describe an additional register stage after this function.  If there is no registered adder/accumulator following the multiply function, two pipeline stages are suggested to allow both the MREG and PREG registers to be used.  If the DSP48 was instantiated in the design, it is suggested to set both the MREG and PREG attributes to 1 when performing multiply functions.
WARNING: [DRC DPOP-2] MREG Output pipelining: DSP zedboard_pnyq_ssr_i/top_ssr_0/inst/u_top_system/u_dsp_chain/u_agg/n_sumsq_reg__0 multiplier stage zedboard_pnyq_ssr_i/top_ssr_0/inst/u_top_system/u_dsp_chain/u_agg/n_sumsq_reg__0/P[47:0] is not pipelined (MREG=0). Pipelining the multiplier function will improve performance and will save significant power so it is suggested whenever possible to fully pipeline this function.  If this multiplier was inferred, it is suggested to describe an additional register stage after this function.  If there is no registered adder/accumulator following the multiply function, two pipeline stages are suggested to allow both the MREG and PREG registers to be used.  If the DSP48 was instantiated in the design, it is suggested to set both the MREG and PREG attributes to 1 when performing multiply functions.
WARNING: [DRC DPOP-2] MREG Output pipelining: DSP zedboard_pnyq_ssr_i/top_ssr_0/inst/u_top_system/u_dsp_chain/u_agg/n_sumsq_reg__1 multiplier stage zedboard_pnyq_ssr_i/top_ssr_0/inst/u_top_system/u_dsp_chain/u_agg/n_sumsq_reg__1/P[47:0] is not pipelined (MREG=0). Pipelining the multiplier function will improve performance and will save significant power so it is suggested whenever possible to fully pipeline this function.  If this multiplier was inferred, it is suggested to describe an additional register stage after this function.  If there is no registered adder/accumulator following the multiply function, two pipeline stages are suggested to allow both the MREG and PREG registers to be used.  If the DSP48 was instantiated in the design, it is suggested to set both the MREG and PREG attributes to 1 when performing multiply functions.
WARNING: [DRC DPOP-2] MREG Output pipelining: DSP zedboard_pnyq_ssr_i/top_ssr_0/inst/u_top_system/u_dsp_chain/u_agg/n_sumsq_reg__3 multiplier stage zedboard_pnyq_ssr_i/top_ssr_0/inst/u_top_system/u_dsp_chain/u_agg/n_sumsq_reg__3/P[47:0] is not pipelined (MREG=0). Pipelining the multiplier function will improve performance and will save significant power so it is suggested whenever possible to fully pipeline this function.  If this multiplier was inferred, it is suggested to describe an additional register stage after this function.  If there is no registered adder/accumulator following the multiply function, two pipeline stages are suggested to allow both the MREG and PREG registers to be used.  If the DSP48 was instantiated in the design, it is suggested to set both the MREG and PREG attributes to 1 when performing multiply functions.
WARNING: [DRC DPOP-2] MREG Output pipelining: DSP zedboard_pnyq_ssr_i/top_ssr_0/inst/u_top_system/u_dsp_chain/u_agg/p_1_out multiplier stage zedboard_pnyq_ssr_i/top_ssr_0/inst/u_top_system/u_dsp_chain/u_agg/p_1_out/P[47:0] is not pipelined (MREG=0). Pipelining the multiplier function will improve performance and will save significant power so it is suggested whenever possible to fully pipeline this function.  If this multiplier was inferred, it is suggested to describe an additional register stage after this function.  If there is no registered adder/accumulator following the multiply function, two pipeline stages are suggested to allow both the MREG and PREG registers to be used.  If the DSP48 was instantiated in the design, it is suggested to set both the MREG and PREG attributes to 1 when performing multiply functions.
WARNING: [DRC DPOP-2] MREG Output pipelining: DSP zedboard_pnyq_ssr_i/top_ssr_0/inst/u_top_system/u_dsp_chain/u_agg/p_1_out__0 multiplier stage zedboard_pnyq_ssr_i/top_ssr_0/inst/u_top_system/u_dsp_chain/u_agg/p_1_out__0/P[47:0] is not pipelined (MREG=0). Pipelining the multiplier function will improve performance and will save significant power so it is suggested whenever possible to fully pipeline this function.  If this multiplier was inferred, it is suggested to describe an additional register stage after this function.  If there is no registered adder/accumulator following the multiply function, two pipeline stages are suggested to allow both the MREG and PREG registers to be used.  If the DSP48 was instantiated in the design, it is suggested to set both the MREG and PREG attributes to 1 when performing multiply functions.
WARNING: [DRC DPOP-2] MREG Output pipelining: DSP zedboard_pnyq_ssr_i/top_ssr_0/inst/u_top_system/u_dsp_chain/u_agg/suma_sq0 multiplier stage zedboard_pnyq_ssr_i/top_ssr_0/inst/u_top_system/u_dsp_chain/u_agg/suma_sq0/P[47:0] is not pipelined (MREG=0). Pipelining the multiplier function will improve performance and will save significant power so it is suggested whenever possible to fully pipeline this function.  If this multiplier was inferred, it is suggested to describe an additional register stage after this function.  If there is no registered adder/accumulator following the multiply function, two pipeline stages are suggested to allow both the MREG and PREG registers to be used.  If the DSP48 was instantiated in the design, it is suggested to set both the MREG and PREG attributes to 1 when performing multiply functions.
WARNING: [DRC DPOP-2] MREG Output pipelining: DSP zedboard_pnyq_ssr_i/top_ssr_0/inst/u_top_system/u_dsp_chain/u_agg/suma_sq0__0 multiplier stage zedboard_pnyq_ssr_i/top_ssr_0/inst/u_top_system/u_dsp_chain/u_agg/suma_sq0__0/P[47:0] is not pipelined (MREG=0). Pipelining the multiplier function will improve performance and will save significant power so it is suggested whenever possible to fully pipeline this function.  If this multiplier was inferred, it is suggested to describe an additional register stage after this function.  If there is no registered adder/accumulator following the multiply function, two pipeline stages are suggested to allow both the MREG and PREG registers to be used.  If the DSP48 was instantiated in the design, it is suggested to set both the MREG and PREG attributes to 1 when performing multiply functions.
WARNING: [DRC DPOP-2] MREG Output pipelining: DSP zedboard_pnyq_ssr_i/top_ssr_0/inst/u_top_system/u_dsp_chain/u_agg/suma_sq_reg__0 multiplier stage zedboard_pnyq_ssr_i/top_ssr_0/inst/u_top_system/u_dsp_chain/u_agg/suma_sq_reg__0/P[47:0] is not pipelined (MREG=0). Pipelining the multiplier function will improve performance and will save significant power so it is suggested whenever possible to fully pipeline this function.  If this multiplier was inferred, it is suggested to describe an additional register stage after this function.  If there is no registered adder/accumulator following the multiply function, two pipeline stages are suggested to allow both the MREG and PREG registers to be used.  If the DSP48 was instantiated in the design, it is suggested to set both the MREG and PREG attributes to 1 when performing multiply functions.
WARNING: [DRC DPOP-2] MREG Output pipelining: DSP zedboard_pnyq_ssr_i/top_ssr_0/inst/u_top_system/u_dsp_chain/u_agg/suma_sq_reg__2 multiplier stage zedboard_pnyq_ssr_i/top_ssr_0/inst/u_top_system/u_dsp_chain/u_agg/suma_sq_reg__2/P[47:0] is not pipelined (MREG=0). Pipelining the multiplier function will improve performance and will save significant power so it is suggested whenever possible to fully pipeline this function.  If this multiplier was inferred, it is suggested to describe an additional register stage after this function.  If there is no registered adder/accumulator following the multiply function, two pipeline stages are suggested to allow both the MREG and PREG registers to be used.  If the DSP48 was instantiated in the design, it is suggested to set both the MREG and PREG attributes to 1 when performing multiply functions.
WARNING: [DRC DPOP-2] MREG Output pipelining: DSP zedboard_pnyq_ssr_i/top_ssr_0/inst/u_top_system/u_dsp_chain/u_dct/acc0 multiplier stage zedboard_pnyq_ssr_i/top_ssr_0/inst/u_top_system/u_dsp_chain/u_dct/acc0/P[47:0] is not pipelined (MREG=0). Pipelining the multiplier function will improve performance and will save significant power so it is suggested whenever possible to fully pipeline this function.  If this multiplier was inferred, it is suggested to describe an additional register stage after this function.  If there is no registered adder/accumulator following the multiply function, two pipeline stages are suggested to allow both the MREG and PREG registers to be used.  If the DSP48 was instantiated in the design, it is suggested to set both the MREG and PREG attributes to 1 when performing multiply functions.
WARNING: [DRC DPOP-2] MREG Output pipelining: DSP zedboard_pnyq_ssr_i/top_ssr_0/inst/u_top_system/u_dsp_chain/u_dft/acc_im0 multiplier stage zedboard_pnyq_ssr_i/top_ssr_0/inst/u_top_system/u_dsp_chain/u_dft/acc_im0/P[47:0] is not pipelined (MREG=0). Pipelining the multiplier function will improve performance and will save significant power so it is suggested whenever possible to fully pipeline this function.  If this multiplier was inferred, it is suggested to describe an additional register stage after this function.  If there is no registered adder/accumulator following the multiply function, two pipeline stages are suggested to allow both the MREG and PREG registers to be used.  If the DSP48 was instantiated in the design, it is suggested to set both the MREG and PREG attributes to 1 when performing multiply functions.
WARNING: [DRC DPOP-2] MREG Output pipelining: DSP zedboard_pnyq_ssr_i/top_ssr_0/inst/u_top_system/u_dsp_chain/u_dft/acc_re0 multiplier stage zedboard_pnyq_ssr_i/top_ssr_0/inst/u_top_system/u_dsp_chain/u_dft/acc_re0/P[47:0] is not pipelined (MREG=0). Pipelining the multiplier function will improve performance and will save significant power so it is suggested whenever possible to fully pipeline this function.  If this multiplier was inferred, it is suggested to describe an additional register stage after this function.  If there is no registered adder/accumulator following the multiply function, two pipeline stages are suggested to allow both the MREG and PREG registers to be used.  If the DSP48 was instantiated in the design, it is suggested to set both the MREG and PREG attributes to 1 when performing multiply functions.
WARNING: [DRC DPOP-2] MREG Output pipelining: DSP zedboard_pnyq_ssr_i/top_ssr_0/inst/u_top_system/u_dsp_chain/u_mel/prod multiplier stage zedboard_pnyq_ssr_i/top_ssr_0/inst/u_top_system/u_dsp_chain/u_mel/prod/P[47:0] is not pipelined (MREG=0). Pipelining the multiplier function will improve performance and will save significant power so it is suggested whenever possible to fully pipeline this function.  If this multiplier was inferred, it is suggested to describe an additional register stage after this function.  If there is no registered adder/accumulator following the multiply function, two pipeline stages are suggested to allow both the MREG and PREG registers to be used.  If the DSP48 was instantiated in the design, it is suggested to set both the MREG and PREG attributes to 1 when performing multiply functions.
WARNING: [DRC DPOP-2] MREG Output pipelining: DSP zedboard_pnyq_ssr_i/top_ssr_0/inst/u_top_system/u_dsp_chain/u_mel/prod__0 multiplier stage zedboard_pnyq_ssr_i/top_ssr_0/inst/u_top_system/u_dsp_chain/u_mel/prod__0/P[47:0] is not pipelined (MREG=0). Pipelining the multiplier function will improve performance and will save significant power so it is suggested whenever possible to fully pipeline this function.  If this multiplier was inferred, it is suggested to describe an additional register stage after this function.  If there is no registered adder/accumulator following the multiply function, two pipeline stages are suggested to allow both the MREG and PREG registers to be used.  If the DSP48 was instantiated in the design, it is suggested to set both the MREG and PREG attributes to 1 when performing multiply functions.
WARNING: [DRC DPOP-2] MREG Output pipelining: DSP zedboard_pnyq_ssr_i/top_ssr_0/inst/u_top_system/u_dsp_chain/u_mel/prod__1 multiplier stage zedboard_pnyq_ssr_i/top_ssr_0/inst/u_top_system/u_dsp_chain/u_mel/prod__1/P[47:0] is not pipelined (MREG=0). Pipelining the multiplier function will improve performance and will save significant power so it is suggested whenever possible to fully pipeline this function.  If this multiplier was inferred, it is suggested to describe an additional register stage after this function.  If there is no registered adder/accumulator following the multiply function, two pipeline stages are suggested to allow both the MREG and PREG registers to be used.  If the DSP48 was instantiated in the design, it is suggested to set both the MREG and PREG attributes to 1 when performing multiply functions.
WARNING: [DRC DPOP-2] MREG Output pipelining: DSP zedboard_pnyq_ssr_i/top_ssr_0/inst/u_top_system/u_dsp_chain/u_mel/rom_addr multiplier stage zedboard_pnyq_ssr_i/top_ssr_0/inst/u_top_system/u_dsp_chain/u_mel/rom_addr/P[47:0] is not pipelined (MREG=0). Pipelining the multiplier function will improve performance and will save significant power so it is suggested whenever possible to fully pipeline this function.  If this multiplier was inferred, it is suggested to describe an additional register stage after this function.  If there is no registered adder/accumulator following the multiply function, two pipeline stages are suggested to allow both the MREG and PREG registers to be used.  If the DSP48 was instantiated in the design, it is suggested to set both the MREG and PREG attributes to 1 when performing multiply functions.
WARNING: [DRC DPOP-2] MREG Output pipelining: DSP zedboard_pnyq_ssr_i/top_ssr_0/inst/u_top_system/u_dsp_chain/u_power/im_sq multiplier stage zedboard_pnyq_ssr_i/top_ssr_0/inst/u_top_system/u_dsp_chain/u_power/im_sq/P[47:0] is not pipelined (MREG=0). Pipelining the multiplier function will improve performance and will save significant power so it is suggested whenever possible to fully pipeline this function.  If this multiplier was inferred, it is suggested to describe an additional register stage after this function.  If there is no registered adder/accumulator following the multiply function, two pipeline stages are suggested to allow both the MREG and PREG registers to be used.  If the DSP48 was instantiated in the design, it is suggested to set both the MREG and PREG attributes to 1 when performing multiply functions.
WARNING: [DRC DPOP-2] MREG Output pipelining: DSP zedboard_pnyq_ssr_i/top_ssr_0/inst/u_top_system/u_dsp_chain/u_power/im_sq__0 multiplier stage zedboard_pnyq_ssr_i/top_ssr_0/inst/u_top_system/u_dsp_chain/u_power/im_sq__0/P[47:0] is not pipelined (MREG=0). Pipelining the multiplier function will improve performance and will save significant power so it is suggested whenever possible to fully pipeline this function.  If this multiplier was inferred, it is suggested to describe an additional register stage after this function.  If there is no registered adder/accumulator following the multiply function, two pipeline stages are suggested to allow both the MREG and PREG registers to be used.  If the DSP48 was instantiated in the design, it is suggested to set both the MREG and PREG attributes to 1 when performing multiply functions.
WARNING: [DRC DPOP-2] MREG Output pipelining: DSP zedboard_pnyq_ssr_i/top_ssr_0/inst/u_top_system/u_dsp_chain/u_power/im_sq__1 multiplier stage zedboard_pnyq_ssr_i/top_ssr_0/inst/u_top_system/u_dsp_chain/u_power/im_sq__1/P[47:0] is not pipelined (MREG=0). Pipelining the multiplier function will improve performance and will save significant power so it is suggested whenever possible to fully pipeline this function.  If this multiplier was inferred, it is suggested to describe an additional register stage after this function.  If there is no registered adder/accumulator following the multiply function, two pipeline stages are suggested to allow both the MREG and PREG registers to be used.  If the DSP48 was instantiated in the design, it is suggested to set both the MREG and PREG attributes to 1 when performing multiply functions.
WARNING: [DRC DPOP-2] MREG Output pipelining: DSP zedboard_pnyq_ssr_i/top_ssr_0/inst/u_top_system/u_dsp_chain/u_power/im_sq__2 multiplier stage zedboard_pnyq_ssr_i/top_ssr_0/inst/u_top_system/u_dsp_chain/u_power/im_sq__2/P[47:0] is not pipelined (MREG=0). Pipelining the multiplier function will improve performance and will save significant power so it is suggested whenever possible to fully pipeline this function.  If this multiplier was inferred, it is suggested to describe an additional register stage after this function.  If there is no registered adder/accumulator following the multiply function, two pipeline stages are suggested to allow both the MREG and PREG registers to be used.  If the DSP48 was instantiated in the design, it is suggested to set both the MREG and PREG attributes to 1 when performing multiply functions.
WARNING: [DRC DPOP-2] MREG Output pipelining: DSP zedboard_pnyq_ssr_i/top_ssr_0/inst/u_top_system/u_dsp_chain/u_power/re_sq multiplier stage zedboard_pnyq_ssr_i/top_ssr_0/inst/u_top_system/u_dsp_chain/u_power/re_sq/P[47:0] is not pipelined (MREG=0). Pipelining the multiplier function will improve performance and will save significant power so it is suggested whenever possible to fully pipeline this function.  If this multiplier was inferred, it is suggested to describe an additional register stage after this function.  If there is no registered adder/accumulator following the multiply function, two pipeline stages are suggested to allow both the MREG and PREG registers to be used.  If the DSP48 was instantiated in the design, it is suggested to set both the MREG and PREG attributes to 1 when performing multiply functions.
WARNING: [DRC DPOP-2] MREG Output pipelining: DSP zedboard_pnyq_ssr_i/top_ssr_0/inst/u_top_system/u_dsp_chain/u_power/re_sq__0 multiplier stage zedboard_pnyq_ssr_i/top_ssr_0/inst/u_top_system/u_dsp_chain/u_power/re_sq__0/P[47:0] is not pipelined (MREG=0). Pipelining the multiplier function will improve performance and will save significant power so it is suggested whenever possible to fully pipeline this function.  If this multiplier was inferred, it is suggested to describe an additional register stage after this function.  If there is no registered adder/accumulator following the multiply function, two pipeline stages are suggested to allow both the MREG and PREG registers to be used.  If the DSP48 was instantiated in the design, it is suggested to set both the MREG and PREG attributes to 1 when performing multiply functions.
WARNING: [DRC DPOP-2] MREG Output pipelining: DSP zedboard_pnyq_ssr_i/top_ssr_0/inst/u_top_system/u_dsp_chain/u_power/re_sq__1 multiplier stage zedboard_pnyq_ssr_i/top_ssr_0/inst/u_top_system/u_dsp_chain/u_power/re_sq__1/P[47:0] is not pipelined (MREG=0). Pipelining the multiplier function will improve performance and will save significant power so it is suggested whenever possible to fully pipeline this function.  If this multiplier was inferred, it is suggested to describe an additional register stage after this function.  If there is no registered adder/accumulator following the multiply function, two pipeline stages are suggested to allow both the MREG and PREG registers to be used.  If the DSP48 was instantiated in the design, it is suggested to set both the MREG and PREG attributes to 1 when performing multiply functions.
WARNING: [DRC DPOP-2] MREG Output pipelining: DSP zedboard_pnyq_ssr_i/top_ssr_0/inst/u_top_system/u_dsp_chain/u_power/re_sq__2 multiplier stage zedboard_pnyq_ssr_i/top_ssr_0/inst/u_top_system/u_dsp_chain/u_power/re_sq__2/P[47:0] is not pipelined (MREG=0). Pipelining the multiplier function will improve performance and will save significant power so it is suggested whenever possible to fully pipeline this function.  If this multiplier was inferred, it is suggested to describe an additional register stage after this function.  If there is no registered adder/accumulator following the multiply function, two pipeline stages are suggested to allow both the MREG and PREG registers to be used.  If the DSP48 was instantiated in the design, it is suggested to set both the MREG and PREG attributes to 1 when performing multiply functions.
WARNING: [DRC DPOP-2] MREG Output pipelining: DSP zedboard_pnyq_ssr_i/top_ssr_0/inst/u_top_system/u_dsp_chain/u_window/product multiplier stage zedboard_pnyq_ssr_i/top_ssr_0/inst/u_top_system/u_dsp_chain/u_window/product/P[47:0] is not pipelined (MREG=0). Pipelining the multiplier function will improve performance and will save significant power so it is suggested whenever possible to fully pipeline this function.  If this multiplier was inferred, it is suggested to describe an additional register stage after this function.  If there is no registered adder/accumulator following the multiply function, two pipeline stages are suggested to allow both the MREG and PREG registers to be used.  If the DSP48 was instantiated in the design, it is suggested to set both the MREG and PREG attributes to 1 when performing multiply functions.
WARNING: [DRC DPOP-2] MREG Output pipelining: DSP zedboard_pnyq_ssr_i/top_ssr_0/inst/u_top_system/u_top_nn/u_dense_layer_1/p_0_out multiplier stage zedboard_pnyq_ssr_i/top_ssr_0/inst/u_top_system/u_top_nn/u_dense_layer_1/p_0_out/P[47:0] is not pipelined (MREG=0). Pipelining the multiplier function will improve performance and will save significant power so it is suggested whenever possible to fully pipeline this function.  If this multiplier was inferred, it is suggested to describe an additional register stage after this function.  If there is no registered adder/accumulator following the multiply function, two pipeline stages are suggested to allow both the MREG and PREG registers to be used.  If the DSP48 was instantiated in the design, it is suggested to set both the MREG and PREG attributes to 1 when performing multiply functions.
WARNING: [DRC DPOP-2] MREG Output pipelining: DSP zedboard_pnyq_ssr_i/top_ssr_0/inst/u_top_system/u_top_nn/u_dense_layer_1/p_0_out__0 multiplier stage zedboard_pnyq_ssr_i/top_ssr_0/inst/u_top_system/u_top_nn/u_dense_layer_1/p_0_out__0/P[47:0] is not pipelined (MREG=0). Pipelining the multiplier function will improve performance and will save significant power so it is suggested whenever possible to fully pipeline this function.  If this multiplier was inferred, it is suggested to describe an additional register stage after this function.  If there is no registered adder/accumulator following the multiply function, two pipeline stages are suggested to allow both the MREG and PREG registers to be used.  If the DSP48 was instantiated in the design, it is suggested to set both the MREG and PREG attributes to 1 when performing multiply functions.
WARNING: [DRC DPOP-2] MREG Output pipelining: DSP zedboard_pnyq_ssr_i/top_ssr_0/inst/u_top_system/u_top_nn/u_dense_layer_1/p_0_out__1 multiplier stage zedboard_pnyq_ssr_i/top_ssr_0/inst/u_top_system/u_top_nn/u_dense_layer_1/p_0_out__1/P[47:0] is not pipelined (MREG=0). Pipelining the multiplier function will improve performance and will save significant power so it is suggested whenever possible to fully pipeline this function.  If this multiplier was inferred, it is suggested to describe an additional register stage after this function.  If there is no registered adder/accumulator following the multiply function, two pipeline stages are suggested to allow both the MREG and PREG registers to be used.  If the DSP48 was instantiated in the design, it is suggested to set both the MREG and PREG attributes to 1 when performing multiply functions.
WARNING: [DRC DPOP-2] MREG Output pipelining: DSP zedboard_pnyq_ssr_i/top_ssr_0/inst/u_top_system/u_top_nn/u_dense_layer_1/p_0_out__10 multiplier stage zedboard_pnyq_ssr_i/top_ssr_0/inst/u_top_system/u_top_nn/u_dense_layer_1/p_0_out__10/P[47:0] is not pipelined (MREG=0). Pipelining the multiplier function will improve performance and will save significant power so it is suggested whenever possible to fully pipeline this function.  If this multiplier was inferred, it is suggested to describe an additional register stage after this function.  If there is no registered adder/accumulator following the multiply function, two pipeline stages are suggested to allow both the MREG and PREG registers to be used.  If the DSP48 was instantiated in the design, it is suggested to set both the MREG and PREG attributes to 1 when performing multiply functions.
WARNING: [DRC DPOP-2] MREG Output pipelining: DSP zedboard_pnyq_ssr_i/top_ssr_0/inst/u_top_system/u_top_nn/u_dense_layer_1/p_0_out__11 multiplier stage zedboard_pnyq_ssr_i/top_ssr_0/inst/u_top_system/u_top_nn/u_dense_layer_1/p_0_out__11/P[47:0] is not pipelined (MREG=0). Pipelining the multiplier function will improve performance and will save significant power so it is suggested whenever possible to fully pipeline this function.  If this multiplier was inferred, it is suggested to describe an additional register stage after this function.  If there is no registered adder/accumulator following the multiply function, two pipeline stages are suggested to allow both the MREG and PREG registers to be used.  If the DSP48 was instantiated in the design, it is suggested to set both the MREG and PREG attributes to 1 when performing multiply functions.
WARNING: [DRC DPOP-2] MREG Output pipelining: DSP zedboard_pnyq_ssr_i/top_ssr_0/inst/u_top_system/u_top_nn/u_dense_layer_1/p_0_out__12 multiplier stage zedboard_pnyq_ssr_i/top_ssr_0/inst/u_top_system/u_top_nn/u_dense_layer_1/p_0_out__12/P[47:0] is not pipelined (MREG=0). Pipelining the multiplier function will improve performance and will save significant power so it is suggested whenever possible to fully pipeline this function.  If this multiplier was inferred, it is suggested to describe an additional register stage after this function.  If there is no registered adder/accumulator following the multiply function, two pipeline stages are suggested to allow both the MREG and PREG registers to be used.  If the DSP48 was instantiated in the design, it is suggested to set both the MREG and PREG attributes to 1 when performing multiply functions.
WARNING: [DRC DPOP-2] MREG Output pipelining: DSP zedboard_pnyq_ssr_i/top_ssr_0/inst/u_top_system/u_top_nn/u_dense_layer_1/p_0_out__13 multiplier stage zedboard_pnyq_ssr_i/top_ssr_0/inst/u_top_system/u_top_nn/u_dense_layer_1/p_0_out__13/P[47:0] is not pipelined (MREG=0). Pipelining the multiplier function will improve performance and will save significant power so it is suggested whenever possible to fully pipeline this function.  If this multiplier was inferred, it is suggested to describe an additional register stage after this function.  If there is no registered adder/accumulator following the multiply function, two pipeline stages are suggested to allow both the MREG and PREG registers to be used.  If the DSP48 was instantiated in the design, it is suggested to set both the MREG and PREG attributes to 1 when performing multiply functions.
WARNING: [DRC DPOP-2] MREG Output pipelining: DSP zedboard_pnyq_ssr_i/top_ssr_0/inst/u_top_system/u_top_nn/u_dense_layer_1/p_0_out__14 multiplier stage zedboard_pnyq_ssr_i/top_ssr_0/inst/u_top_system/u_top_nn/u_dense_layer_1/p_0_out__14/P[47:0] is not pipelined (MREG=0). Pipelining the multiplier function will improve performance and will save significant power so it is suggested whenever possible to fully pipeline this function.  If this multiplier was inferred, it is suggested to describe an additional register stage after this function.  If there is no registered adder/accumulator following the multiply function, two pipeline stages are suggested to allow both the MREG and PREG registers to be used.  If the DSP48 was instantiated in the design, it is suggested to set both the MREG and PREG attributes to 1 when performing multiply functions.
WARNING: [DRC DPOP-2] MREG Output pipelining: DSP zedboard_pnyq_ssr_i/top_ssr_0/inst/u_top_system/u_top_nn/u_dense_layer_1/p_0_out__15 multiplier stage zedboard_pnyq_ssr_i/top_ssr_0/inst/u_top_system/u_top_nn/u_dense_layer_1/p_0_out__15/P[47:0] is not pipelined (MREG=0). Pipelining the multiplier function will improve performance and will save significant power so it is suggested whenever possible to fully pipeline this function.  If this multiplier was inferred, it is suggested to describe an additional register stage after this function.  If there is no registered adder/accumulator following the multiply function, two pipeline stages are suggested to allow both the MREG and PREG registers to be used.  If the DSP48 was instantiated in the design, it is suggested to set both the MREG and PREG attributes to 1 when performing multiply functions.
WARNING: [DRC DPOP-2] MREG Output pipelining: DSP zedboard_pnyq_ssr_i/top_ssr_0/inst/u_top_system/u_top_nn/u_dense_layer_1/p_0_out__16 multiplier stage zedboard_pnyq_ssr_i/top_ssr_0/inst/u_top_system/u_top_nn/u_dense_layer_1/p_0_out__16/P[47:0] is not pipelined (MREG=0). Pipelining the multiplier function will improve performance and will save significant power so it is suggested whenever possible to fully pipeline this function.  If this multiplier was inferred, it is suggested to describe an additional register stage after this function.  If there is no registered adder/accumulator following the multiply function, two pipeline stages are suggested to allow both the MREG and PREG registers to be used.  If the DSP48 was instantiated in the design, it is suggested to set both the MREG and PREG attributes to 1 when performing multiply functions.
WARNING: [DRC DPOP-2] MREG Output pipelining: DSP zedboard_pnyq_ssr_i/top_ssr_0/inst/u_top_system/u_top_nn/u_dense_layer_1/p_0_out__17 multiplier stage zedboard_pnyq_ssr_i/top_ssr_0/inst/u_top_system/u_top_nn/u_dense_layer_1/p_0_out__17/P[47:0] is not pipelined (MREG=0). Pipelining the multiplier function will improve performance and will save significant power so it is suggested whenever possible to fully pipeline this function.  If this multiplier was inferred, it is suggested to describe an additional register stage after this function.  If there is no registered adder/accumulator following the multiply function, two pipeline stages are suggested to allow both the MREG and PREG registers to be used.  If the DSP48 was instantiated in the design, it is suggested to set both the MREG and PREG attributes to 1 when performing multiply functions.
WARNING: [DRC DPOP-2] MREG Output pipelining: DSP zedboard_pnyq_ssr_i/top_ssr_0/inst/u_top_system/u_top_nn/u_dense_layer_1/p_0_out__18 multiplier stage zedboard_pnyq_ssr_i/top_ssr_0/inst/u_top_system/u_top_nn/u_dense_layer_1/p_0_out__18/P[47:0] is not pipelined (MREG=0). Pipelining the multiplier function will improve performance and will save significant power so it is suggested whenever possible to fully pipeline this function.  If this multiplier was inferred, it is suggested to describe an additional register stage after this function.  If there is no registered adder/accumulator following the multiply function, two pipeline stages are suggested to allow both the MREG and PREG registers to be used.  If the DSP48 was instantiated in the design, it is suggested to set both the MREG and PREG attributes to 1 when performing multiply functions.
WARNING: [DRC DPOP-2] MREG Output pipelining: DSP zedboard_pnyq_ssr_i/top_ssr_0/inst/u_top_system/u_top_nn/u_dense_layer_1/p_0_out__19 multiplier stage zedboard_pnyq_ssr_i/top_ssr_0/inst/u_top_system/u_top_nn/u_dense_layer_1/p_0_out__19/P[47:0] is not pipelined (MREG=0). Pipelining the multiplier function will improve performance and will save significant power so it is suggested whenever possible to fully pipeline this function.  If this multiplier was inferred, it is suggested to describe an additional register stage after this function.  If there is no registered adder/accumulator following the multiply function, two pipeline stages are suggested to allow both the MREG and PREG registers to be used.  If the DSP48 was instantiated in the design, it is suggested to set both the MREG and PREG attributes to 1 when performing multiply functions.
WARNING: [DRC DPOP-2] MREG Output pipelining: DSP zedboard_pnyq_ssr_i/top_ssr_0/inst/u_top_system/u_top_nn/u_dense_layer_1/p_0_out__2 multiplier stage zedboard_pnyq_ssr_i/top_ssr_0/inst/u_top_system/u_top_nn/u_dense_layer_1/p_0_out__2/P[47:0] is not pipelined (MREG=0). Pipelining the multiplier function will improve performance and will save significant power so it is suggested whenever possible to fully pipeline this function.  If this multiplier was inferred, it is suggested to describe an additional register stage after this function.  If there is no registered adder/accumulator following the multiply function, two pipeline stages are suggested to allow both the MREG and PREG registers to be used.  If the DSP48 was instantiated in the design, it is suggested to set both the MREG and PREG attributes to 1 when performing multiply functions.
WARNING: [DRC DPOP-2] MREG Output pipelining: DSP zedboard_pnyq_ssr_i/top_ssr_0/inst/u_top_system/u_top_nn/u_dense_layer_1/p_0_out__20 multiplier stage zedboard_pnyq_ssr_i/top_ssr_0/inst/u_top_system/u_top_nn/u_dense_layer_1/p_0_out__20/P[47:0] is not pipelined (MREG=0). Pipelining the multiplier function will improve performance and will save significant power so it is suggested whenever possible to fully pipeline this function.  If this multiplier was inferred, it is suggested to describe an additional register stage after this function.  If there is no registered adder/accumulator following the multiply function, two pipeline stages are suggested to allow both the MREG and PREG registers to be used.  If the DSP48 was instantiated in the design, it is suggested to set both the MREG and PREG attributes to 1 when performing multiply functions.
WARNING: [DRC DPOP-2] MREG Output pipelining: DSP zedboard_pnyq_ssr_i/top_ssr_0/inst/u_top_system/u_top_nn/u_dense_layer_1/p_0_out__21 multiplier stage zedboard_pnyq_ssr_i/top_ssr_0/inst/u_top_system/u_top_nn/u_dense_layer_1/p_0_out__21/P[47:0] is not pipelined (MREG=0). Pipelining the multiplier function will improve performance and will save significant power so it is suggested whenever possible to fully pipeline this function.  If this multiplier was inferred, it is suggested to describe an additional register stage after this function.  If there is no registered adder/accumulator following the multiply function, two pipeline stages are suggested to allow both the MREG and PREG registers to be used.  If the DSP48 was instantiated in the design, it is suggested to set both the MREG and PREG attributes to 1 when performing multiply functions.
WARNING: [DRC DPOP-2] MREG Output pipelining: DSP zedboard_pnyq_ssr_i/top_ssr_0/inst/u_top_system/u_top_nn/u_dense_layer_1/p_0_out__22 multiplier stage zedboard_pnyq_ssr_i/top_ssr_0/inst/u_top_system/u_top_nn/u_dense_layer_1/p_0_out__22/P[47:0] is not pipelined (MREG=0). Pipelining the multiplier function will improve performance and will save significant power so it is suggested whenever possible to fully pipeline this function.  If this multiplier was inferred, it is suggested to describe an additional register stage after this function.  If there is no registered adder/accumulator following the multiply function, two pipeline stages are suggested to allow both the MREG and PREG registers to be used.  If the DSP48 was instantiated in the design, it is suggested to set both the MREG and PREG attributes to 1 when performing multiply functions.
WARNING: [DRC DPOP-2] MREG Output pipelining: DSP zedboard_pnyq_ssr_i/top_ssr_0/inst/u_top_system/u_top_nn/u_dense_layer_1/p_0_out__23 multiplier stage zedboard_pnyq_ssr_i/top_ssr_0/inst/u_top_system/u_top_nn/u_dense_layer_1/p_0_out__23/P[47:0] is not pipelined (MREG=0). Pipelining the multiplier function will improve performance and will save significant power so it is suggested whenever possible to fully pipeline this function.  If this multiplier was inferred, it is suggested to describe an additional register stage after this function.  If there is no registered adder/accumulator following the multiply function, two pipeline stages are suggested to allow both the MREG and PREG registers to be used.  If the DSP48 was instantiated in the design, it is suggested to set both the MREG and PREG attributes to 1 when performing multiply functions.
WARNING: [DRC DPOP-2] MREG Output pipelining: DSP zedboard_pnyq_ssr_i/top_ssr_0/inst/u_top_system/u_top_nn/u_dense_layer_1/p_0_out__24 multiplier stage zedboard_pnyq_ssr_i/top_ssr_0/inst/u_top_system/u_top_nn/u_dense_layer_1/p_0_out__24/P[47:0] is not pipelined (MREG=0). Pipelining the multiplier function will improve performance and will save significant power so it is suggested whenever possible to fully pipeline this function.  If this multiplier was inferred, it is suggested to describe an additional register stage after this function.  If there is no registered adder/accumulator following the multiply function, two pipeline stages are suggested to allow both the MREG and PREG registers to be used.  If the DSP48 was instantiated in the design, it is suggested to set both the MREG and PREG attributes to 1 when performing multiply functions.
WARNING: [DRC DPOP-2] MREG Output pipelining: DSP zedboard_pnyq_ssr_i/top_ssr_0/inst/u_top_system/u_top_nn/u_dense_layer_1/p_0_out__25 multiplier stage zedboard_pnyq_ssr_i/top_ssr_0/inst/u_top_system/u_top_nn/u_dense_layer_1/p_0_out__25/P[47:0] is not pipelined (MREG=0). Pipelining the multiplier function will improve performance and will save significant power so it is suggested whenever possible to fully pipeline this function.  If this multiplier was inferred, it is suggested to describe an additional register stage after this function.  If there is no registered adder/accumulator following the multiply function, two pipeline stages are suggested to allow both the MREG and PREG registers to be used.  If the DSP48 was instantiated in the design, it is suggested to set both the MREG and PREG attributes to 1 when performing multiply functions.
WARNING: [DRC DPOP-2] MREG Output pipelining: DSP zedboard_pnyq_ssr_i/top_ssr_0/inst/u_top_system/u_top_nn/u_dense_layer_1/p_0_out__26 multiplier stage zedboard_pnyq_ssr_i/top_ssr_0/inst/u_top_system/u_top_nn/u_dense_layer_1/p_0_out__26/P[47:0] is not pipelined (MREG=0). Pipelining the multiplier function will improve performance and will save significant power so it is suggested whenever possible to fully pipeline this function.  If this multiplier was inferred, it is suggested to describe an additional register stage after this function.  If there is no registered adder/accumulator following the multiply function, two pipeline stages are suggested to allow both the MREG and PREG registers to be used.  If the DSP48 was instantiated in the design, it is suggested to set both the MREG and PREG attributes to 1 when performing multiply functions.
WARNING: [DRC DPOP-2] MREG Output pipelining: DSP zedboard_pnyq_ssr_i/top_ssr_0/inst/u_top_system/u_top_nn/u_dense_layer_1/p_0_out__27 multiplier stage zedboard_pnyq_ssr_i/top_ssr_0/inst/u_top_system/u_top_nn/u_dense_layer_1/p_0_out__27/P[47:0] is not pipelined (MREG=0). Pipelining the multiplier function will improve performance and will save significant power so it is suggested whenever possible to fully pipeline this function.  If this multiplier was inferred, it is suggested to describe an additional register stage after this function.  If there is no registered adder/accumulator following the multiply function, two pipeline stages are suggested to allow both the MREG and PREG registers to be used.  If the DSP48 was instantiated in the design, it is suggested to set both the MREG and PREG attributes to 1 when performing multiply functions.
WARNING: [DRC DPOP-2] MREG Output pipelining: DSP zedboard_pnyq_ssr_i/top_ssr_0/inst/u_top_system/u_top_nn/u_dense_layer_1/p_0_out__28 multiplier stage zedboard_pnyq_ssr_i/top_ssr_0/inst/u_top_system/u_top_nn/u_dense_layer_1/p_0_out__28/P[47:0] is not pipelined (MREG=0). Pipelining the multiplier function will improve performance and will save significant power so it is suggested whenever possible to fully pipeline this function.  If this multiplier was inferred, it is suggested to describe an additional register stage after this function.  If there is no registered adder/accumulator following the multiply function, two pipeline stages are suggested to allow both the MREG and PREG registers to be used.  If the DSP48 was instantiated in the design, it is suggested to set both the MREG and PREG attributes to 1 when performing multiply functions.
WARNING: [DRC DPOP-2] MREG Output pipelining: DSP zedboard_pnyq_ssr_i/top_ssr_0/inst/u_top_system/u_top_nn/u_dense_layer_1/p_0_out__29 multiplier stage zedboard_pnyq_ssr_i/top_ssr_0/inst/u_top_system/u_top_nn/u_dense_layer_1/p_0_out__29/P[47:0] is not pipelined (MREG=0). Pipelining the multiplier function will improve performance and will save significant power so it is suggested whenever possible to fully pipeline this function.  If this multiplier was inferred, it is suggested to describe an additional register stage after this function.  If there is no registered adder/accumulator following the multiply function, two pipeline stages are suggested to allow both the MREG and PREG registers to be used.  If the DSP48 was instantiated in the design, it is suggested to set both the MREG and PREG attributes to 1 when performing multiply functions.
WARNING: [DRC DPOP-2] MREG Output pipelining: DSP zedboard_pnyq_ssr_i/top_ssr_0/inst/u_top_system/u_top_nn/u_dense_layer_1/p_0_out__3 multiplier stage zedboard_pnyq_ssr_i/top_ssr_0/inst/u_top_system/u_top_nn/u_dense_layer_1/p_0_out__3/P[47:0] is not pipelined (MREG=0). Pipelining the multiplier function will improve performance and will save significant power so it is suggested whenever possible to fully pipeline this function.  If this multiplier was inferred, it is suggested to describe an additional register stage after this function.  If there is no registered adder/accumulator following the multiply function, two pipeline stages are suggested to allow both the MREG and PREG registers to be used.  If the DSP48 was instantiated in the design, it is suggested to set both the MREG and PREG attributes to 1 when performing multiply functions.
WARNING: [DRC DPOP-2] MREG Output pipelining: DSP zedboard_pnyq_ssr_i/top_ssr_0/inst/u_top_system/u_top_nn/u_dense_layer_1/p_0_out__30 multiplier stage zedboard_pnyq_ssr_i/top_ssr_0/inst/u_top_system/u_top_nn/u_dense_layer_1/p_0_out__30/P[47:0] is not pipelined (MREG=0). Pipelining the multiplier function will improve performance and will save significant power so it is suggested whenever possible to fully pipeline this function.  If this multiplier was inferred, it is suggested to describe an additional register stage after this function.  If there is no registered adder/accumulator following the multiply function, two pipeline stages are suggested to allow both the MREG and PREG registers to be used.  If the DSP48 was instantiated in the design, it is suggested to set both the MREG and PREG attributes to 1 when performing multiply functions.
WARNING: [DRC DPOP-2] MREG Output pipelining: DSP zedboard_pnyq_ssr_i/top_ssr_0/inst/u_top_system/u_top_nn/u_dense_layer_1/p_0_out__31 multiplier stage zedboard_pnyq_ssr_i/top_ssr_0/inst/u_top_system/u_top_nn/u_dense_layer_1/p_0_out__31/P[47:0] is not pipelined (MREG=0). Pipelining the multiplier function will improve performance and will save significant power so it is suggested whenever possible to fully pipeline this function.  If this multiplier was inferred, it is suggested to describe an additional register stage after this function.  If there is no registered adder/accumulator following the multiply function, two pipeline stages are suggested to allow both the MREG and PREG registers to be used.  If the DSP48 was instantiated in the design, it is suggested to set both the MREG and PREG attributes to 1 when performing multiply functions.
WARNING: [DRC DPOP-2] MREG Output pipelining: DSP zedboard_pnyq_ssr_i/top_ssr_0/inst/u_top_system/u_top_nn/u_dense_layer_1/p_0_out__32 multiplier stage zedboard_pnyq_ssr_i/top_ssr_0/inst/u_top_system/u_top_nn/u_dense_layer_1/p_0_out__32/P[47:0] is not pipelined (MREG=0). Pipelining the multiplier function will improve performance and will save significant power so it is suggested whenever possible to fully pipeline this function.  If this multiplier was inferred, it is suggested to describe an additional register stage after this function.  If there is no registered adder/accumulator following the multiply function, two pipeline stages are suggested to allow both the MREG and PREG registers to be used.  If the DSP48 was instantiated in the design, it is suggested to set both the MREG and PREG attributes to 1 when performing multiply functions.
WARNING: [DRC DPOP-2] MREG Output pipelining: DSP zedboard_pnyq_ssr_i/top_ssr_0/inst/u_top_system/u_top_nn/u_dense_layer_1/p_0_out__33 multiplier stage zedboard_pnyq_ssr_i/top_ssr_0/inst/u_top_system/u_top_nn/u_dense_layer_1/p_0_out__33/P[47:0] is not pipelined (MREG=0). Pipelining the multiplier function will improve performance and will save significant power so it is suggested whenever possible to fully pipeline this function.  If this multiplier was inferred, it is suggested to describe an additional register stage after this function.  If there is no registered adder/accumulator following the multiply function, two pipeline stages are suggested to allow both the MREG and PREG registers to be used.  If the DSP48 was instantiated in the design, it is suggested to set both the MREG and PREG attributes to 1 when performing multiply functions.
WARNING: [DRC DPOP-2] MREG Output pipelining: DSP zedboard_pnyq_ssr_i/top_ssr_0/inst/u_top_system/u_top_nn/u_dense_layer_1/p_0_out__34 multiplier stage zedboard_pnyq_ssr_i/top_ssr_0/inst/u_top_system/u_top_nn/u_dense_layer_1/p_0_out__34/P[47:0] is not pipelined (MREG=0). Pipelining the multiplier function will improve performance and will save significant power so it is suggested whenever possible to fully pipeline this function.  If this multiplier was inferred, it is suggested to describe an additional register stage after this function.  If there is no registered adder/accumulator following the multiply function, two pipeline stages are suggested to allow both the MREG and PREG registers to be used.  If the DSP48 was instantiated in the design, it is suggested to set both the MREG and PREG attributes to 1 when performing multiply functions.
WARNING: [DRC DPOP-2] MREG Output pipelining: DSP zedboard_pnyq_ssr_i/top_ssr_0/inst/u_top_system/u_top_nn/u_dense_layer_1/p_0_out__35 multiplier stage zedboard_pnyq_ssr_i/top_ssr_0/inst/u_top_system/u_top_nn/u_dense_layer_1/p_0_out__35/P[47:0] is not pipelined (MREG=0). Pipelining the multiplier function will improve performance and will save significant power so it is suggested whenever possible to fully pipeline this function.  If this multiplier was inferred, it is suggested to describe an additional register stage after this function.  If there is no registered adder/accumulator following the multiply function, two pipeline stages are suggested to allow both the MREG and PREG registers to be used.  If the DSP48 was instantiated in the design, it is suggested to set both the MREG and PREG attributes to 1 when performing multiply functions.
WARNING: [DRC DPOP-2] MREG Output pipelining: DSP zedboard_pnyq_ssr_i/top_ssr_0/inst/u_top_system/u_top_nn/u_dense_layer_1/p_0_out__36 multiplier stage zedboard_pnyq_ssr_i/top_ssr_0/inst/u_top_system/u_top_nn/u_dense_layer_1/p_0_out__36/P[47:0] is not pipelined (MREG=0). Pipelining the multiplier function will improve performance and will save significant power so it is suggested whenever possible to fully pipeline this function.  If this multiplier was inferred, it is suggested to describe an additional register stage after this function.  If there is no registered adder/accumulator following the multiply function, two pipeline stages are suggested to allow both the MREG and PREG registers to be used.  If the DSP48 was instantiated in the design, it is suggested to set both the MREG and PREG attributes to 1 when performing multiply functions.
WARNING: [DRC DPOP-2] MREG Output pipelining: DSP zedboard_pnyq_ssr_i/top_ssr_0/inst/u_top_system/u_top_nn/u_dense_layer_1/p_0_out__37 multiplier stage zedboard_pnyq_ssr_i/top_ssr_0/inst/u_top_system/u_top_nn/u_dense_layer_1/p_0_out__37/P[47:0] is not pipelined (MREG=0). Pipelining the multiplier function will improve performance and will save significant power so it is suggested whenever possible to fully pipeline this function.  If this multiplier was inferred, it is suggested to describe an additional register stage after this function.  If there is no registered adder/accumulator following the multiply function, two pipeline stages are suggested to allow both the MREG and PREG registers to be used.  If the DSP48 was instantiated in the design, it is suggested to set both the MREG and PREG attributes to 1 when performing multiply functions.
WARNING: [DRC DPOP-2] MREG Output pipelining: DSP zedboard_pnyq_ssr_i/top_ssr_0/inst/u_top_system/u_top_nn/u_dense_layer_1/p_0_out__38 multiplier stage zedboard_pnyq_ssr_i/top_ssr_0/inst/u_top_system/u_top_nn/u_dense_layer_1/p_0_out__38/P[47:0] is not pipelined (MREG=0). Pipelining the multiplier function will improve performance and will save significant power so it is suggested whenever possible to fully pipeline this function.  If this multiplier was inferred, it is suggested to describe an additional register stage after this function.  If there is no registered adder/accumulator following the multiply function, two pipeline stages are suggested to allow both the MREG and PREG registers to be used.  If the DSP48 was instantiated in the design, it is suggested to set both the MREG and PREG attributes to 1 when performing multiply functions.
WARNING: [DRC DPOP-2] MREG Output pipelining: DSP zedboard_pnyq_ssr_i/top_ssr_0/inst/u_top_system/u_top_nn/u_dense_layer_1/p_0_out__39 multiplier stage zedboard_pnyq_ssr_i/top_ssr_0/inst/u_top_system/u_top_nn/u_dense_layer_1/p_0_out__39/P[47:0] is not pipelined (MREG=0). Pipelining the multiplier function will improve performance and will save significant power so it is suggested whenever possible to fully pipeline this function.  If this multiplier was inferred, it is suggested to describe an additional register stage after this function.  If there is no registered adder/accumulator following the multiply function, two pipeline stages are suggested to allow both the MREG and PREG registers to be used.  If the DSP48 was instantiated in the design, it is suggested to set both the MREG and PREG attributes to 1 when performing multiply functions.
WARNING: [DRC DPOP-2] MREG Output pipelining: DSP zedboard_pnyq_ssr_i/top_ssr_0/inst/u_top_system/u_top_nn/u_dense_layer_1/p_0_out__4 multiplier stage zedboard_pnyq_ssr_i/top_ssr_0/inst/u_top_system/u_top_nn/u_dense_layer_1/p_0_out__4/P[47:0] is not pipelined (MREG=0). Pipelining the multiplier function will improve performance and will save significant power so it is suggested whenever possible to fully pipeline this function.  If this multiplier was inferred, it is suggested to describe an additional register stage after this function.  If there is no registered adder/accumulator following the multiply function, two pipeline stages are suggested to allow both the MREG and PREG registers to be used.  If the DSP48 was instantiated in the design, it is suggested to set both the MREG and PREG attributes to 1 when performing multiply functions.
WARNING: [DRC DPOP-2] MREG Output pipelining: DSP zedboard_pnyq_ssr_i/top_ssr_0/inst/u_top_system/u_top_nn/u_dense_layer_1/p_0_out__40 multiplier stage zedboard_pnyq_ssr_i/top_ssr_0/inst/u_top_system/u_top_nn/u_dense_layer_1/p_0_out__40/P[47:0] is not pipelined (MREG=0). Pipelining the multiplier function will improve performance and will save significant power so it is suggested whenever possible to fully pipeline this function.  If this multiplier was inferred, it is suggested to describe an additional register stage after this function.  If there is no registered adder/accumulator following the multiply function, two pipeline stages are suggested to allow both the MREG and PREG registers to be used.  If the DSP48 was instantiated in the design, it is suggested to set both the MREG and PREG attributes to 1 when performing multiply functions.
WARNING: [DRC DPOP-2] MREG Output pipelining: DSP zedboard_pnyq_ssr_i/top_ssr_0/inst/u_top_system/u_top_nn/u_dense_layer_1/p_0_out__41 multiplier stage zedboard_pnyq_ssr_i/top_ssr_0/inst/u_top_system/u_top_nn/u_dense_layer_1/p_0_out__41/P[47:0] is not pipelined (MREG=0). Pipelining the multiplier function will improve performance and will save significant power so it is suggested whenever possible to fully pipeline this function.  If this multiplier was inferred, it is suggested to describe an additional register stage after this function.  If there is no registered adder/accumulator following the multiply function, two pipeline stages are suggested to allow both the MREG and PREG registers to be used.  If the DSP48 was instantiated in the design, it is suggested to set both the MREG and PREG attributes to 1 when performing multiply functions.
WARNING: [DRC DPOP-2] MREG Output pipelining: DSP zedboard_pnyq_ssr_i/top_ssr_0/inst/u_top_system/u_top_nn/u_dense_layer_1/p_0_out__42 multiplier stage zedboard_pnyq_ssr_i/top_ssr_0/inst/u_top_system/u_top_nn/u_dense_layer_1/p_0_out__42/P[47:0] is not pipelined (MREG=0). Pipelining the multiplier function will improve performance and will save significant power so it is suggested whenever possible to fully pipeline this function.  If this multiplier was inferred, it is suggested to describe an additional register stage after this function.  If there is no registered adder/accumulator following the multiply function, two pipeline stages are suggested to allow both the MREG and PREG registers to be used.  If the DSP48 was instantiated in the design, it is suggested to set both the MREG and PREG attributes to 1 when performing multiply functions.
WARNING: [DRC DPOP-2] MREG Output pipelining: DSP zedboard_pnyq_ssr_i/top_ssr_0/inst/u_top_system/u_top_nn/u_dense_layer_1/p_0_out__43 multiplier stage zedboard_pnyq_ssr_i/top_ssr_0/inst/u_top_system/u_top_nn/u_dense_layer_1/p_0_out__43/P[47:0] is not pipelined (MREG=0). Pipelining the multiplier function will improve performance and will save significant power so it is suggested whenever possible to fully pipeline this function.  If this multiplier was inferred, it is suggested to describe an additional register stage after this function.  If there is no registered adder/accumulator following the multiply function, two pipeline stages are suggested to allow both the MREG and PREG registers to be used.  If the DSP48 was instantiated in the design, it is suggested to set both the MREG and PREG attributes to 1 when performing multiply functions.
WARNING: [DRC DPOP-2] MREG Output pipelining: DSP zedboard_pnyq_ssr_i/top_ssr_0/inst/u_top_system/u_top_nn/u_dense_layer_1/p_0_out__44 multiplier stage zedboard_pnyq_ssr_i/top_ssr_0/inst/u_top_system/u_top_nn/u_dense_layer_1/p_0_out__44/P[47:0] is not pipelined (MREG=0). Pipelining the multiplier function will improve performance and will save significant power so it is suggested whenever possible to fully pipeline this function.  If this multiplier was inferred, it is suggested to describe an additional register stage after this function.  If there is no registered adder/accumulator following the multiply function, two pipeline stages are suggested to allow both the MREG and PREG registers to be used.  If the DSP48 was instantiated in the design, it is suggested to set both the MREG and PREG attributes to 1 when performing multiply functions.
WARNING: [DRC DPOP-2] MREG Output pipelining: DSP zedboard_pnyq_ssr_i/top_ssr_0/inst/u_top_system/u_top_nn/u_dense_layer_1/p_0_out__5 multiplier stage zedboard_pnyq_ssr_i/top_ssr_0/inst/u_top_system/u_top_nn/u_dense_layer_1/p_0_out__5/P[47:0] is not pipelined (MREG=0). Pipelining the multiplier function will improve performance and will save significant power so it is suggested whenever possible to fully pipeline this function.  If this multiplier was inferred, it is suggested to describe an additional register stage after this function.  If there is no registered adder/accumulator following the multiply function, two pipeline stages are suggested to allow both the MREG and PREG registers to be used.  If the DSP48 was instantiated in the design, it is suggested to set both the MREG and PREG attributes to 1 when performing multiply functions.
WARNING: [DRC DPOP-2] MREG Output pipelining: DSP zedboard_pnyq_ssr_i/top_ssr_0/inst/u_top_system/u_top_nn/u_dense_layer_1/p_0_out__6 multiplier stage zedboard_pnyq_ssr_i/top_ssr_0/inst/u_top_system/u_top_nn/u_dense_layer_1/p_0_out__6/P[47:0] is not pipelined (MREG=0). Pipelining the multiplier function will improve performance and will save significant power so it is suggested whenever possible to fully pipeline this function.  If this multiplier was inferred, it is suggested to describe an additional register stage after this function.  If there is no registered adder/accumulator following the multiply function, two pipeline stages are suggested to allow both the MREG and PREG registers to be used.  If the DSP48 was instantiated in the design, it is suggested to set both the MREG and PREG attributes to 1 when performing multiply functions.
WARNING: [DRC DPOP-2] MREG Output pipelining: DSP zedboard_pnyq_ssr_i/top_ssr_0/inst/u_top_system/u_top_nn/u_dense_layer_1/p_0_out__7 multiplier stage zedboard_pnyq_ssr_i/top_ssr_0/inst/u_top_system/u_top_nn/u_dense_layer_1/p_0_out__7/P[47:0] is not pipelined (MREG=0). Pipelining the multiplier function will improve performance and will save significant power so it is suggested whenever possible to fully pipeline this function.  If this multiplier was inferred, it is suggested to describe an additional register stage after this function.  If there is no registered adder/accumulator following the multiply function, two pipeline stages are suggested to allow both the MREG and PREG registers to be used.  If the DSP48 was instantiated in the design, it is suggested to set both the MREG and PREG attributes to 1 when performing multiply functions.
WARNING: [DRC DPOP-2] MREG Output pipelining: DSP zedboard_pnyq_ssr_i/top_ssr_0/inst/u_top_system/u_top_nn/u_dense_layer_1/p_0_out__8 multiplier stage zedboard_pnyq_ssr_i/top_ssr_0/inst/u_top_system/u_top_nn/u_dense_layer_1/p_0_out__8/P[47:0] is not pipelined (MREG=0). Pipelining the multiplier function will improve performance and will save significant power so it is suggested whenever possible to fully pipeline this function.  If this multiplier was inferred, it is suggested to describe an additional register stage after this function.  If there is no registered adder/accumulator following the multiply function, two pipeline stages are suggested to allow both the MREG and PREG registers to be used.  If the DSP48 was instantiated in the design, it is suggested to set both the MREG and PREG attributes to 1 when performing multiply functions.
WARNING: [DRC DPOP-2] MREG Output pipelining: DSP zedboard_pnyq_ssr_i/top_ssr_0/inst/u_top_system/u_top_nn/u_dense_layer_1/p_0_out__9 multiplier stage zedboard_pnyq_ssr_i/top_ssr_0/inst/u_top_system/u_top_nn/u_dense_layer_1/p_0_out__9/P[47:0] is not pipelined (MREG=0). Pipelining the multiplier function will improve performance and will save significant power so it is suggested whenever possible to fully pipeline this function.  If this multiplier was inferred, it is suggested to describe an additional register stage after this function.  If there is no registered adder/accumulator following the multiply function, two pipeline stages are suggested to allow both the MREG and PREG registers to be used.  If the DSP48 was instantiated in the design, it is suggested to set both the MREG and PREG attributes to 1 when performing multiply functions.
WARNING: [DRC DPOP-2] MREG Output pipelining: DSP zedboard_pnyq_ssr_i/top_ssr_0/inst/u_top_system/u_top_nn/u_dense_layer_1/p_1_out multiplier stage zedboard_pnyq_ssr_i/top_ssr_0/inst/u_top_system/u_top_nn/u_dense_layer_1/p_1_out/P[47:0] is not pipelined (MREG=0). Pipelining the multiplier function will improve performance and will save significant power so it is suggested whenever possible to fully pipeline this function.  If this multiplier was inferred, it is suggested to describe an additional register stage after this function.  If there is no registered adder/accumulator following the multiply function, two pipeline stages are suggested to allow both the MREG and PREG registers to be used.  If the DSP48 was instantiated in the design, it is suggested to set both the MREG and PREG attributes to 1 when performing multiply functions.
WARNING: [DRC DPOP-2] MREG Output pipelining: DSP zedboard_pnyq_ssr_i/top_ssr_0/inst/u_top_system/u_top_nn/u_dense_layer_1/p_1_out__0 multiplier stage zedboard_pnyq_ssr_i/top_ssr_0/inst/u_top_system/u_top_nn/u_dense_layer_1/p_1_out__0/P[47:0] is not pipelined (MREG=0). Pipelining the multiplier function will improve performance and will save significant power so it is suggested whenever possible to fully pipeline this function.  If this multiplier was inferred, it is suggested to describe an additional register stage after this function.  If there is no registered adder/accumulator following the multiply function, two pipeline stages are suggested to allow both the MREG and PREG registers to be used.  If the DSP48 was instantiated in the design, it is suggested to set both the MREG and PREG attributes to 1 when performing multiply functions.
WARNING: [DRC DPOP-2] MREG Output pipelining: DSP zedboard_pnyq_ssr_i/top_ssr_0/inst/u_top_system/u_top_nn/u_dense_layer_1/p_1_out__1 multiplier stage zedboard_pnyq_ssr_i/top_ssr_0/inst/u_top_system/u_top_nn/u_dense_layer_1/p_1_out__1/P[47:0] is not pipelined (MREG=0). Pipelining the multiplier function will improve performance and will save significant power so it is suggested whenever possible to fully pipeline this function.  If this multiplier was inferred, it is suggested to describe an additional register stage after this function.  If there is no registered adder/accumulator following the multiply function, two pipeline stages are suggested to allow both the MREG and PREG registers to be used.  If the DSP48 was instantiated in the design, it is suggested to set both the MREG and PREG attributes to 1 when performing multiply functions.
INFO: [DRC REQP-181] writefirst: Synchronous clocking is detected for BRAM (zedboard_pnyq_ssr_i/axi_dma_0/U0/I_PRMRY_DATAMOVER/GEN_MM2S_FULL.I_MM2S_FULL_WRAPPER/GEN_INCLUDE_MM2S_SF.I_RD_SF/I_DATA_FIFO/BLK_MEM.I_SYNC_FIFOGEN_FIFO/xpm_fifo_instance.xpm_fifo_sync_inst/xpm_fifo_base_inst/gen_sdpram.xpm_memory_base_inst/gen_wr_a.gen_word_narrow.mem_reg) in SDP mode with WRITE_FIRST write-mode. This is the preferred mode for best power characteristics, however it may exhibit address collisions if the same address appears on both read and write ports resulting in unknown or corrupted read data. It is suggested to confirm via simulation that an address collision never occurs and if so it is suggested to try and avoid this situation. If address collisions cannot be avoided, the write-mode may be set to READ_FIRST which guarantees that the read data is the prior contents of the memory at the cost of additional power in the design. See the FPGA Memory Resources User Guide for additional information.
INFO: [Vivado 12-3199] DRC finished with 0 Errors, 266 Warnings, 1 Advisories
INFO: [Vivado 12-3200] Please refer to the DRC report (report_drc) for more information.
INFO: [Designutils 20-2272] Running write_bitstream with 2 threads.
Loading data files...
Loading site data...
Loading route data...
Processing options...
Creating bitmap...
Creating bitstream...
Writing bitstream ./zedboard_pnyq_ssr_wrapper.bit...
INFO: [Vivado 12-1842] Bitgen Completed Successfully.
INFO: [Project 1-120] WebTalk data collection is mandatory when using a WebPACK part without a full Vivado license. To see the specific WebTalk data collected for your design, open the usage_statistics_webtalk.html or usage_statistics_webtalk.xml file in the implementation directory.
INFO: [Common 17-83] Releasing license: Implementation
129 Infos, 556 Warnings, 0 Critical Warnings and 0 Errors encountered.
write_bitstream completed successfully
write_bitstream: Time (s): cpu = 00:00:38 ; elapsed = 00:00:28 . Memory (MB): peak = 2898.824 ; gain = 441.109
INFO: [Common 17-206] Exiting Vivado at Wed Jun 17 02:05:07 2026...
