Copyright 1986-2018 Xilinx, Inc. All Rights Reserved.
--------------------------------------------------------------------------------------------------------------------------------------------------------------------------------------------------------------------------------------------------
| Tool Version : Vivado v.2018.3 (win64) Build 2405991 Thu Dec  6 23:38:27 MST 2018
| Date         : Wed Jun 17 02:04:36 2026
| Host         : DESKTOP-UQJIKI5 running 64-bit major release  (build 9200)
| Command      : report_timing_summary -max_paths 10 -file zedboard_pnyq_ssr_wrapper_timing_summary_routed.rpt -pb zedboard_pnyq_ssr_wrapper_timing_summary_routed.pb -rpx zedboard_pnyq_ssr_wrapper_timing_summary_routed.rpx -warn_on_violation
| Design       : zedboard_pnyq_ssr_wrapper
| Device       : 7z020-clg484
| Speed File   : -1  PRODUCTION 1.11 2014-09-11
--------------------------------------------------------------------------------------------------------------------------------------------------------------------------------------------------------------------------------------------------

Timing Summary Report

------------------------------------------------------------------------------------------------
| Timer Settings
| --------------
------------------------------------------------------------------------------------------------

  Enable Multi Corner Analysis               :  Yes
  Enable Pessimism Removal                   :  Yes
  Pessimism Removal Resolution               :  Nearest Common Node
  Enable Input Delay Default Clock           :  No
  Enable Preset / Clear Arcs                 :  No
  Disable Flight Delays                      :  No
  Ignore I/O Paths                           :  No
  Timing Early Launch at Borrowing Latches   :  false

  Corner  Analyze    Analyze    
  Name    Max Paths  Min Paths  
  ------  ---------  ---------  
  Slow    Yes        Yes        
  Fast    Yes        Yes        



check_timing report

Table of Contents
-----------------
1. checking no_clock
2. checking constant_clock
3. checking pulse_width_clock
4. checking unconstrained_internal_endpoints
5. checking no_input_delay
6. checking no_output_delay
7. checking multiple_clock
8. checking generated_clocks
9. checking loops
10. checking partial_input_delay
11. checking partial_output_delay
12. checking latch_loops

1. checking no_clock
--------------------
 There are 0 register/latch pins with no clock.


2. checking constant_clock
--------------------------
 There are 0 register/latch pins with constant_clock.


3. checking pulse_width_clock
-----------------------------
 There are 0 register/latch pins which need pulse_width check


4. checking unconstrained_internal_endpoints
--------------------------------------------
 There are 0 pins that are not constrained for maximum delay.

 There are 0 pins that are not constrained for maximum delay due to constant clock.


5. checking no_input_delay
--------------------------
 There are 0 input ports with no input delay specified.

 There are 0 input ports with no input delay but user has a false path constraint.


6. checking no_output_delay
---------------------------
 There is 1 port with no output delay specified. (HIGH)

 There are 0 ports with no output delay but user has a false path constraint

 There are 0 ports with no output delay but with a timing clock defined on it or propagating through it


7. checking multiple_clock
--------------------------
 There are 0 register/latch pins with multiple clocks.


8. checking generated_clocks
----------------------------
 There are 0 generated clocks that are not connected to a clock source.


9. checking loops
-----------------
 There are 0 combinational loops in the design.


10. checking partial_input_delay
--------------------------------
 There are 0 input ports with partial input delay specified.


11. checking partial_output_delay
---------------------------------
 There are 0 ports with partial output delay specified.


12. checking latch_loops
------------------------
 There are 0 combinational latch loops in the design through latch input



------------------------------------------------------------------------------------------------
| Design Timing Summary
| ---------------------
------------------------------------------------------------------------------------------------

    WNS(ns)      TNS(ns)  TNS Failing Endpoints  TNS Total Endpoints      WHS(ns)      THS(ns)  THS Failing Endpoints  THS Total Endpoints     WPWS(ns)     TPWS(ns)  TPWS Failing Endpoints  TPWS Total Endpoints  
    -------      -------  ---------------------  -------------------      -------      -------  ---------------------  -------------------     --------     --------  ----------------------  --------------------  
     21.378        0.000                      0                64928        0.021        0.000                      0                64928       23.750        0.000                       0                 21457  


All user specified timing constraints are met.


------------------------------------------------------------------------------------------------
| Clock Summary
| -------------
------------------------------------------------------------------------------------------------

Clock       Waveform(ns)       Period(ns)      Frequency(MHz)
-----       ------------       ----------      --------------
clk_fpga_0  {0.000 25.000}     50.000          20.000          


------------------------------------------------------------------------------------------------
| Intra Clock Table
| -----------------
------------------------------------------------------------------------------------------------

Clock             WNS(ns)      TNS(ns)  TNS Failing Endpoints  TNS Total Endpoints      WHS(ns)      THS(ns)  THS Failing Endpoints  THS Total Endpoints     WPWS(ns)     TPWS(ns)  TPWS Failing Endpoints  TPWS Total Endpoints  
-----             -------      -------  ---------------------  -------------------      -------      -------  ---------------------  -------------------     --------     --------  ----------------------  --------------------  
clk_fpga_0         21.378        0.000                      0                64928        0.021        0.000                      0                64928       23.750        0.000                       0                 21457  


------------------------------------------------------------------------------------------------
| Inter Clock Table
| -----------------
------------------------------------------------------------------------------------------------

From Clock    To Clock          WNS(ns)      TNS(ns)  TNS Failing Endpoints  TNS Total Endpoints      WHS(ns)      THS(ns)  THS Failing Endpoints  THS Total Endpoints  
----------    --------          -------      -------  ---------------------  -------------------      -------      -------  ---------------------  -------------------  


------------------------------------------------------------------------------------------------
| Other Path Groups Table
| -----------------------
------------------------------------------------------------------------------------------------

Path Group    From Clock    To Clock          WNS(ns)      TNS(ns)  TNS Failing Endpoints  TNS Total Endpoints      WHS(ns)      THS(ns)  THS Failing Endpoints  THS Total Endpoints  
----------    ----------    --------          -------      -------  ---------------------  -------------------      -------      -------  ---------------------  -------------------  


------------------------------------------------------------------------------------------------
| Timing Details
| --------------
------------------------------------------------------------------------------------------------


---------------------------------------------------------------------------------------------------
From Clock:  clk_fpga_0
  To Clock:  clk_fpga_0

Setup :            0  Failing Endpoints,  Worst Slack       21.378ns,  Total Violation        0.000ns
Hold  :            0  Failing Endpoints,  Worst Slack        0.021ns,  Total Violation        0.000ns
PW    :            0  Failing Endpoints,  Worst Slack       23.750ns,  Total Violation        0.000ns
---------------------------------------------------------------------------------------------------


Max Delay Paths
--------------------------------------------------------------------------------------
Slack (MET) :             21.378ns  (required time - arrival time)
  Source:                 zedboard_pnyq_ssr_i/top_ssr_0/inst/u_top_system/u_dsp_chain/u_agg/calc_k_reg[0]/C
                            (rising edge-triggered cell FDRE clocked by clk_fpga_0  {rise@0.000ns fall@25.000ns period=50.000ns})
  Destination:            zedboard_pnyq_ssr_i/top_ssr_0/inst/u_top_system/u_dsp_chain/u_agg/feat_mem_reg[2][11]/D
                            (rising edge-triggered cell FDRE clocked by clk_fpga_0  {rise@0.000ns fall@25.000ns period=50.000ns})
  Path Group:             clk_fpga_0
  Path Type:              Setup (Max at Slow Process Corner)
  Requirement:            50.000ns  (clk_fpga_0 rise@50.000ns - clk_fpga_0 rise@0.000ns)
  Data Path Delay:        27.679ns  (logic 10.941ns (39.528%)  route 16.738ns (60.472%))
  Logic Levels:           41  (CARRY4=25 LUT1=1 LUT2=1 LUT3=5 LUT4=4 LUT5=2 LUT6=3)
  Clock Path Skew:        -0.125ns (DCD - SCD + CPR)
    Destination Clock Delay (DCD):    2.884ns = ( 52.884 - 50.000 ) 
    Source Clock Delay      (SCD):    3.256ns
    Clock Pessimism Removal (CPR):    0.247ns
  Clock Uncertainty:      0.751ns  ((TSJ^2 + TIJ^2)^1/2 + DJ) / 2 + PE
    Total System Jitter     (TSJ):    0.071ns
    Total Input Jitter      (TIJ):    1.500ns
    Discrete Jitter          (DJ):    0.000ns
    Phase Error              (PE):    0.000ns

    Location             Delay type                Incr(ns)  Path(ns)    Netlist Resource(s)
  -------------------------------------------------------------------    -------------------
                         (clock clk_fpga_0 rise edge)
                                                      0.000     0.000 r  
    PS7_X0Y0             PS7                          0.000     0.000 r  zedboard_pnyq_ssr_i/processing_system7_0/inst/PS7_i/FCLKCLK[0]
                         net (fo=1, routed)           1.193     1.193    zedboard_pnyq_ssr_i/processing_system7_0/inst/FCLK_CLK_unbuffered[0]
    BUFGCTRL_X0Y16       BUFG (Prop_bufg_I_O)         0.101     1.294 r  zedboard_pnyq_ssr_i/processing_system7_0/inst/buffer_fclk_clk_0.FCLK_CLK_0_BUFG/O
                         net (fo=21462, routed)       1.962     3.256    zedboard_pnyq_ssr_i/top_ssr_0/inst/u_top_system/u_dsp_chain/u_agg/s00_axi_aclk
    SLICE_X94Y121        FDRE                                         r  zedboard_pnyq_ssr_i/top_ssr_0/inst/u_top_system/u_dsp_chain/u_agg/calc_k_reg[0]/C
  -------------------------------------------------------------------    -------------------
    SLICE_X94Y121        FDRE (Prop_fdre_C_Q)         0.518     3.774 r  zedboard_pnyq_ssr_i/top_ssr_0/inst/u_top_system/u_dsp_chain/u_agg/calc_k_reg[0]/Q
                         net (fo=310, routed)         2.355     6.129    zedboard_pnyq_ssr_i/top_ssr_0/inst/u_top_system/u_dsp_chain/u_agg/sel0[0]
    SLICE_X111Y96        LUT6 (Prop_lut6_I4_O)        0.124     6.253 f  zedboard_pnyq_ssr_i/top_ssr_0/inst/u_top_system/u_dsp_chain/u_agg/suma_sq0_i_100/O
                         net (fo=1, routed)           0.666     6.919    zedboard_pnyq_ssr_i/top_ssr_0/inst/u_top_system/u_dsp_chain/u_agg/suma_sq0_i_100_n_0
    SLICE_X108Y96        LUT6 (Prop_lut6_I1_O)        0.124     7.043 f  zedboard_pnyq_ssr_i/top_ssr_0/inst/u_top_system/u_dsp_chain/u_agg/suma_sq0_i_31/O
                         net (fo=7, routed)           1.085     8.128    zedboard_pnyq_ssr_i/top_ssr_0/inst/u_top_system/u_dsp_chain/u_agg/suma_sq0_i_31_n_0
    SLICE_X103Y102       LUT1 (Prop_lut1_I0_O)        0.124     8.252 r  zedboard_pnyq_ssr_i/top_ssr_0/inst/u_top_system/u_dsp_chain/u_agg/feat_mem[12][3]_i_159/O
                         net (fo=1, routed)           0.000     8.252    zedboard_pnyq_ssr_i/top_ssr_0/inst/u_top_system/u_dsp_chain/u_agg/feat_mem[12][3]_i_159_n_0
    SLICE_X103Y102       CARRY4 (Prop_carry4_S[0]_CO[3])
                                                      0.532     8.784 r  zedboard_pnyq_ssr_i/top_ssr_0/inst/u_top_system/u_dsp_chain/u_agg/feat_mem_reg[12][3]_i_134/CO[3]
                         net (fo=1, routed)           0.000     8.784    zedboard_pnyq_ssr_i/top_ssr_0/inst/u_top_system/u_dsp_chain/u_agg/feat_mem_reg[12][3]_i_134_n_0
    SLICE_X103Y103       CARRY4 (Prop_carry4_CI_CO[3])
                                                      0.114     8.898 r  zedboard_pnyq_ssr_i/top_ssr_0/inst/u_top_system/u_dsp_chain/u_agg/feat_mem_reg[12][3]_i_105/CO[3]
                         net (fo=1, routed)           0.000     8.898    zedboard_pnyq_ssr_i/top_ssr_0/inst/u_top_system/u_dsp_chain/u_agg/feat_mem_reg[12][3]_i_105_n_0
    SLICE_X103Y104       CARRY4 (Prop_carry4_CI_CO[3])
                                                      0.114     9.012 r  zedboard_pnyq_ssr_i/top_ssr_0/inst/u_top_system/u_dsp_chain/u_agg/feat_mem_reg[12][3]_i_74/CO[3]
                         net (fo=1, routed)           0.000     9.012    zedboard_pnyq_ssr_i/top_ssr_0/inst/u_top_system/u_dsp_chain/u_agg/feat_mem_reg[12][3]_i_74_n_0
    SLICE_X103Y105       CARRY4 (Prop_carry4_CI_CO[3])
                                                      0.114     9.126 r  zedboard_pnyq_ssr_i/top_ssr_0/inst/u_top_system/u_dsp_chain/u_agg/feat_mem_reg[12][3]_i_49/CO[3]
                         net (fo=1, routed)           0.000     9.126    zedboard_pnyq_ssr_i/top_ssr_0/inst/u_top_system/u_dsp_chain/u_agg/feat_mem_reg[12][3]_i_49_n_0
    SLICE_X103Y106       CARRY4 (Prop_carry4_CI_CO[3])
                                                      0.114     9.240 r  zedboard_pnyq_ssr_i/top_ssr_0/inst/u_top_system/u_dsp_chain/u_agg/feat_mem_reg[12][7]_i_15/CO[3]
                         net (fo=1, routed)           0.000     9.240    zedboard_pnyq_ssr_i/top_ssr_0/inst/u_top_system/u_dsp_chain/u_agg/feat_mem_reg[12][7]_i_15_n_0
    SLICE_X103Y107       CARRY4 (Prop_carry4_CI_O[1])
                                                      0.334     9.574 r  zedboard_pnyq_ssr_i/top_ssr_0/inst/u_top_system/u_dsp_chain/u_agg/feat_mem_reg[12][15]_i_39/O[1]
                         net (fo=1, routed)           1.112    10.686    zedboard_pnyq_ssr_i/top_ssr_0/inst/u_top_system/u_dsp_chain/u_agg/feat_mem_reg[12][15]_i_39_n_6
    SLICE_X102Y104       LUT3 (Prop_lut3_I0_O)        0.332    11.018 f  zedboard_pnyq_ssr_i/top_ssr_0/inst/u_top_system/u_dsp_chain/u_agg/feat_mem[12][7]_i_11/O
                         net (fo=21, routed)          1.289    12.307    zedboard_pnyq_ssr_i/top_ssr_0/inst/u_top_system/u_dsp_chain/u_agg/feat_mem[12][7]_i_11_n_0
    SLICE_X111Y108       LUT3 (Prop_lut3_I0_O)        0.331    12.638 r  zedboard_pnyq_ssr_i/top_ssr_0/inst/u_top_system/u_dsp_chain/u_agg/feat_mem[12][3]_i_167/O
                         net (fo=2, routed)           0.935    13.573    zedboard_pnyq_ssr_i/top_ssr_0/inst/u_top_system/u_dsp_chain/u_agg/feat_mem[12][3]_i_167_n_0
    SLICE_X104Y108       LUT4 (Prop_lut4_I3_O)        0.124    13.697 r  zedboard_pnyq_ssr_i/top_ssr_0/inst/u_top_system/u_dsp_chain/u_agg/feat_mem[12][3]_i_171/O
                         net (fo=1, routed)           0.000    13.697    zedboard_pnyq_ssr_i/top_ssr_0/inst/u_top_system/u_dsp_chain/u_agg/feat_mem[12][3]_i_171_n_0
    SLICE_X104Y108       CARRY4 (Prop_carry4_S[3]_CO[3])
                                                      0.376    14.073 r  zedboard_pnyq_ssr_i/top_ssr_0/inst/u_top_system/u_dsp_chain/u_agg/feat_mem_reg[12][3]_i_147/CO[3]
                         net (fo=1, routed)           0.000    14.073    zedboard_pnyq_ssr_i/top_ssr_0/inst/u_top_system/u_dsp_chain/u_agg/feat_mem_reg[12][3]_i_147_n_0
    SLICE_X104Y109       CARRY4 (Prop_carry4_CI_CO[3])
                                                      0.117    14.190 r  zedboard_pnyq_ssr_i/top_ssr_0/inst/u_top_system/u_dsp_chain/u_agg/feat_mem_reg[12][3]_i_119/CO[3]
                         net (fo=1, routed)           0.000    14.190    zedboard_pnyq_ssr_i/top_ssr_0/inst/u_top_system/u_dsp_chain/u_agg/feat_mem_reg[12][3]_i_119_n_0
    SLICE_X104Y110       CARRY4 (Prop_carry4_CI_O[1])
                                                      0.323    14.513 r  zedboard_pnyq_ssr_i/top_ssr_0/inst/u_top_system/u_dsp_chain/u_agg/feat_mem_reg[12][3]_i_88/O[1]
                         net (fo=3, routed)           1.181    15.694    zedboard_pnyq_ssr_i/top_ssr_0/inst/u_top_system/u_dsp_chain/u_agg/feat_mem_reg[12][3]_i_88_n_6
    SLICE_X106Y109       LUT3 (Prop_lut3_I2_O)        0.332    16.026 f  zedboard_pnyq_ssr_i/top_ssr_0/inst/u_top_system/u_dsp_chain/u_agg/feat_mem[12][3]_i_96/O
                         net (fo=2, routed)           0.444    16.470    zedboard_pnyq_ssr_i/top_ssr_0/inst/u_top_system/u_dsp_chain/u_agg/feat_mem[12][3]_i_96_n_0
    SLICE_X106Y108       LUT5 (Prop_lut5_I3_O)        0.326    16.796 r  zedboard_pnyq_ssr_i/top_ssr_0/inst/u_top_system/u_dsp_chain/u_agg/feat_mem[12][3]_i_54/O
                         net (fo=2, routed)           0.541    17.337    zedboard_pnyq_ssr_i/top_ssr_0/inst/u_top_system/u_dsp_chain/u_agg/feat_mem[12][3]_i_54_n_0
    SLICE_X105Y109       LUT6 (Prop_lut6_I0_O)        0.124    17.461 r  zedboard_pnyq_ssr_i/top_ssr_0/inst/u_top_system/u_dsp_chain/u_agg/feat_mem[12][3]_i_58/O
                         net (fo=1, routed)           0.000    17.461    zedboard_pnyq_ssr_i/top_ssr_0/inst/u_top_system/u_dsp_chain/u_agg/feat_mem[12][3]_i_58_n_0
    SLICE_X105Y109       CARRY4 (Prop_carry4_S[0]_CO[3])
                                                      0.532    17.993 r  zedboard_pnyq_ssr_i/top_ssr_0/inst/u_top_system/u_dsp_chain/u_agg/feat_mem_reg[12][3]_i_29/CO[3]
                         net (fo=1, routed)           0.000    17.993    zedboard_pnyq_ssr_i/top_ssr_0/inst/u_top_system/u_dsp_chain/u_agg/feat_mem_reg[12][3]_i_29_n_0
    SLICE_X105Y110       CARRY4 (Prop_carry4_CI_O[0])
                                                      0.222    18.215 r  zedboard_pnyq_ssr_i/top_ssr_0/inst/u_top_system/u_dsp_chain/u_agg/feat_mem_reg[12][3]_i_12/O[0]
                         net (fo=10, routed)          1.031    19.246    zedboard_pnyq_ssr_i/top_ssr_0/inst_n_11
    SLICE_X111Y110       LUT2 (Prop_lut2_I0_O)        0.299    19.545 r  zedboard_pnyq_ssr_i/top_ssr_0/feat_mem[12][15]_i_183/O
                         net (fo=1, routed)           0.000    19.545    zedboard_pnyq_ssr_i/top_ssr_0/feat_mem[12][15]_i_183_n_0
    SLICE_X111Y110       CARRY4 (Prop_carry4_S[1]_O[3])
                                                      0.640    20.185 r  zedboard_pnyq_ssr_i/top_ssr_0/feat_mem_reg[12][15]_i_168/O[3]
                         net (fo=2, routed)           0.562    20.748    zedboard_pnyq_ssr_i/top_ssr_0/feat_mem_reg[12][15]_i_168_n_4
    SLICE_X107Y110       LUT3 (Prop_lut3_I1_O)        0.306    21.054 r  zedboard_pnyq_ssr_i/top_ssr_0/feat_mem[12][15]_i_141/O
                         net (fo=2, routed)           0.552    21.606    zedboard_pnyq_ssr_i/top_ssr_0/feat_mem[12][15]_i_141_n_0
    SLICE_X109Y110       LUT4 (Prop_lut4_I3_O)        0.124    21.730 r  zedboard_pnyq_ssr_i/top_ssr_0/feat_mem[12][15]_i_145/O
                         net (fo=1, routed)           0.000    21.730    zedboard_pnyq_ssr_i/top_ssr_0/feat_mem[12][15]_i_145_n_0
    SLICE_X109Y110       CARRY4 (Prop_carry4_S[1]_CO[3])
                                                      0.550    22.280 r  zedboard_pnyq_ssr_i/top_ssr_0/feat_mem_reg[12][15]_i_115/CO[3]
                         net (fo=1, routed)           0.000    22.280    zedboard_pnyq_ssr_i/top_ssr_0/feat_mem_reg[12][15]_i_115_n_0
    SLICE_X109Y111       CARRY4 (Prop_carry4_CI_O[1])
                                                      0.334    22.614 r  zedboard_pnyq_ssr_i/top_ssr_0/feat_mem_reg[12][15]_i_92/O[1]
                         net (fo=3, routed)           0.676    23.289    zedboard_pnyq_ssr_i/top_ssr_0/inst/u_top_system/u_dsp_chain/u_agg/feat_mem_reg[12][15]_i_83_0[1]
    SLICE_X108Y111       LUT4 (Prop_lut4_I3_O)        0.303    23.592 r  zedboard_pnyq_ssr_i/top_ssr_0/inst/u_top_system/u_dsp_chain/u_agg/feat_mem[12][15]_i_114/O
                         net (fo=1, routed)           0.000    23.592    zedboard_pnyq_ssr_i/top_ssr_0/inst/u_top_system/u_dsp_chain/u_agg/feat_mem[12][15]_i_114_n_0
    SLICE_X108Y111       CARRY4 (Prop_carry4_S[0]_CO[3])
                                                      0.513    24.105 r  zedboard_pnyq_ssr_i/top_ssr_0/inst/u_top_system/u_dsp_chain/u_agg/feat_mem_reg[12][15]_i_83/CO[3]
                         net (fo=1, routed)           0.000    24.105    zedboard_pnyq_ssr_i/top_ssr_0/inst/u_top_system/u_dsp_chain/u_agg/feat_mem_reg[12][15]_i_83_n_0
    SLICE_X108Y112       CARRY4 (Prop_carry4_CI_CO[3])
                                                      0.117    24.222 r  zedboard_pnyq_ssr_i/top_ssr_0/inst/u_top_system/u_dsp_chain/u_agg/feat_mem_reg[12][15]_i_55/CO[3]
                         net (fo=1, routed)           0.000    24.222    zedboard_pnyq_ssr_i/top_ssr_0/inst/u_top_system/u_dsp_chain/u_agg/feat_mem_reg[12][15]_i_55_n_0
    SLICE_X108Y113       CARRY4 (Prop_carry4_CI_CO[3])
                                                      0.117    24.339 r  zedboard_pnyq_ssr_i/top_ssr_0/inst/u_top_system/u_dsp_chain/u_agg/feat_mem_reg[12][15]_i_30/CO[3]
                         net (fo=1, routed)           0.000    24.339    zedboard_pnyq_ssr_i/top_ssr_0/inst/u_top_system/u_dsp_chain/u_agg/feat_mem_reg[12][15]_i_30_n_0
    SLICE_X108Y114       CARRY4 (Prop_carry4_CI_CO[3])
                                                      0.117    24.456 r  zedboard_pnyq_ssr_i/top_ssr_0/inst/u_top_system/u_dsp_chain/u_agg/feat_mem_reg[12][15]_i_15/CO[3]
                         net (fo=1, routed)           0.000    24.456    zedboard_pnyq_ssr_i/top_ssr_0/inst/u_top_system/u_dsp_chain/u_agg/feat_mem_reg[12][15]_i_15_n_0
    SLICE_X108Y115       CARRY4 (Prop_carry4_CI_CO[1])
                                                      0.157    24.613 r  zedboard_pnyq_ssr_i/top_ssr_0/inst/u_top_system/u_dsp_chain/u_agg/feat_mem_reg[12][15]_i_10/CO[1]
                         net (fo=1, routed)           0.310    24.924    zedboard_pnyq_ssr_i/top_ssr_0/inst/u_top_system/u_dsp_chain/u_agg/feat_mem_reg[12][15]_i_10_n_2
    SLICE_X108Y116       LUT4 (Prop_lut4_I0_O)        0.332    25.256 r  zedboard_pnyq_ssr_i/top_ssr_0/inst/u_top_system/u_dsp_chain/u_agg/feat_mem[12][15]_i_4/O
                         net (fo=42, routed)          0.870    26.126    zedboard_pnyq_ssr_i/top_ssr_0/inst/u_top_system/u_dsp_chain/u_agg/feat_mem[12][15]_i_4_n_0
    SLICE_X113Y112       LUT3 (Prop_lut3_I1_O)        0.124    26.250 r  zedboard_pnyq_ssr_i/top_ssr_0/inst/u_top_system/u_dsp_chain/u_agg/feat_mem[12][2]_i_13/O
                         net (fo=1, routed)           0.610    26.860    zedboard_pnyq_ssr_i/top_ssr_0/inst/u_top_system/u_dsp_chain/u_agg/feat_mem[12][2]_i_13_n_0
    SLICE_X110Y112       CARRY4 (Prop_carry4_CYINIT_CO[3])
                                                      0.580    27.440 r  zedboard_pnyq_ssr_i/top_ssr_0/inst/u_top_system/u_dsp_chain/u_agg/feat_mem_reg[12][2]_i_8/CO[3]
                         net (fo=1, routed)           0.000    27.440    zedboard_pnyq_ssr_i/top_ssr_0/inst/u_top_system/u_dsp_chain/u_agg/feat_mem_reg[12][2]_i_8_n_0
    SLICE_X110Y113       CARRY4 (Prop_carry4_CI_CO[3])
                                                      0.114    27.554 r  zedboard_pnyq_ssr_i/top_ssr_0/inst/u_top_system/u_dsp_chain/u_agg/feat_mem_reg[12][2]_i_3/CO[3]
                         net (fo=1, routed)           0.000    27.554    zedboard_pnyq_ssr_i/top_ssr_0/inst/u_top_system/u_dsp_chain/u_agg/feat_mem_reg[12][2]_i_3_n_0
    SLICE_X110Y114       CARRY4 (Prop_carry4_CI_CO[3])
                                                      0.114    27.668 r  zedboard_pnyq_ssr_i/top_ssr_0/inst/u_top_system/u_dsp_chain/u_agg/feat_mem_reg[12][2]_i_2/CO[3]
                         net (fo=1, routed)           0.000    27.668    zedboard_pnyq_ssr_i/top_ssr_0/inst/u_top_system/u_dsp_chain/u_agg/feat_mem_reg[12][2]_i_2_n_0
    SLICE_X110Y115       CARRY4 (Prop_carry4_CI_CO[3])
                                                      0.114    27.782 r  zedboard_pnyq_ssr_i/top_ssr_0/inst/u_top_system/u_dsp_chain/u_agg/feat_mem_reg[12][6]_i_2/CO[3]
                         net (fo=1, routed)           0.000    27.782    zedboard_pnyq_ssr_i/top_ssr_0/inst/u_top_system/u_dsp_chain/u_agg/feat_mem_reg[12][6]_i_2_n_0
    SLICE_X110Y116       CARRY4 (Prop_carry4_CI_CO[3])
                                                      0.114    27.896 r  zedboard_pnyq_ssr_i/top_ssr_0/inst/u_top_system/u_dsp_chain/u_agg/feat_mem_reg[12][10]_i_2/CO[3]
                         net (fo=1, routed)           0.000    27.896    zedboard_pnyq_ssr_i/top_ssr_0/inst/u_top_system/u_dsp_chain/u_agg/feat_mem_reg[12][10]_i_2_n_0
    SLICE_X110Y117       CARRY4 (Prop_carry4_CI_O[0])
                                                      0.222    28.118 r  zedboard_pnyq_ssr_i/top_ssr_0/inst/u_top_system/u_dsp_chain/u_agg/feat_mem_reg[12][14]_i_2/O[0]
                         net (fo=1, routed)           0.652    28.770    zedboard_pnyq_ssr_i/top_ssr_0/inst/u_top_system/u_dsp_chain/u_agg/feat_mem_reg[12][14]_i_2_n_7
    SLICE_X111Y117       LUT5 (Prop_lut5_I1_O)        0.299    29.069 r  zedboard_pnyq_ssr_i/top_ssr_0/inst/u_top_system/u_dsp_chain/u_agg/feat_mem[12][11]_i_1/O
                         net (fo=16, routed)          1.866    30.935    zedboard_pnyq_ssr_i/top_ssr_0/inst/u_top_system/u_dsp_chain/u_agg/p_1_in[11]
    SLICE_X85Y126        FDRE                                         r  zedboard_pnyq_ssr_i/top_ssr_0/inst/u_top_system/u_dsp_chain/u_agg/feat_mem_reg[2][11]/D
  -------------------------------------------------------------------    -------------------

                         (clock clk_fpga_0 rise edge)
                                                     50.000    50.000 r  
    PS7_X0Y0             PS7                          0.000    50.000 r  zedboard_pnyq_ssr_i/processing_system7_0/inst/PS7_i/FCLKCLK[0]
                         net (fo=1, routed)           1.088    51.088    zedboard_pnyq_ssr_i/processing_system7_0/inst/FCLK_CLK_unbuffered[0]
    BUFGCTRL_X0Y16       BUFG (Prop_bufg_I_O)         0.091    51.179 r  zedboard_pnyq_ssr_i/processing_system7_0/inst/buffer_fclk_clk_0.FCLK_CLK_0_BUFG/O
                         net (fo=21462, routed)       1.705    52.884    zedboard_pnyq_ssr_i/top_ssr_0/inst/u_top_system/u_dsp_chain/u_agg/s00_axi_aclk
    SLICE_X85Y126        FDRE                                         r  zedboard_pnyq_ssr_i/top_ssr_0/inst/u_top_system/u_dsp_chain/u_agg/feat_mem_reg[2][11]/C
                         clock pessimism              0.247    53.131    
                         clock uncertainty           -0.751    52.380    
    SLICE_X85Y126        FDRE (Setup_fdre_C_D)       -0.067    52.313    zedboard_pnyq_ssr_i/top_ssr_0/inst/u_top_system/u_dsp_chain/u_agg/feat_mem_reg[2][11]
  -------------------------------------------------------------------
                         required time                         52.313    
                         arrival time                         -30.935    
  -------------------------------------------------------------------
                         slack                                 21.378    

Slack (MET) :             21.397ns  (required time - arrival time)
  Source:                 zedboard_pnyq_ssr_i/top_ssr_0/inst/u_top_system/u_dsp_chain/u_agg/calc_k_reg[0]/C
                            (rising edge-triggered cell FDRE clocked by clk_fpga_0  {rise@0.000ns fall@25.000ns period=50.000ns})
  Destination:            zedboard_pnyq_ssr_i/top_ssr_0/inst/u_top_system/u_dsp_chain/u_agg/feat_mem_reg[5][15]/D
                            (rising edge-triggered cell FDRE clocked by clk_fpga_0  {rise@0.000ns fall@25.000ns period=50.000ns})
  Path Group:             clk_fpga_0
  Path Type:              Setup (Max at Slow Process Corner)
  Requirement:            50.000ns  (clk_fpga_0 rise@50.000ns - clk_fpga_0 rise@0.000ns)
  Data Path Delay:        27.664ns  (logic 11.055ns (39.961%)  route 16.609ns (60.039%))
  Logic Levels:           42  (CARRY4=26 LUT1=1 LUT2=1 LUT3=5 LUT4=4 LUT5=2 LUT6=3)
  Clock Path Skew:        -0.127ns (DCD - SCD + CPR)
    Destination Clock Delay (DCD):    2.882ns = ( 52.882 - 50.000 ) 
    Source Clock Delay      (SCD):    3.256ns
    Clock Pessimism Removal (CPR):    0.247ns
  Clock Uncertainty:      0.751ns  ((TSJ^2 + TIJ^2)^1/2 + DJ) / 2 + PE
    Total System Jitter     (TSJ):    0.071ns
    Total Input Jitter      (TIJ):    1.500ns
    Discrete Jitter          (DJ):    0.000ns
    Phase Error              (PE):    0.000ns

    Location             Delay type                Incr(ns)  Path(ns)    Netlist Resource(s)
  -------------------------------------------------------------------    -------------------
                         (clock clk_fpga_0 rise edge)
                                                      0.000     0.000 r  
    PS7_X0Y0             PS7                          0.000     0.000 r  zedboard_pnyq_ssr_i/processing_system7_0/inst/PS7_i/FCLKCLK[0]
                         net (fo=1, routed)           1.193     1.193    zedboard_pnyq_ssr_i/processing_system7_0/inst/FCLK_CLK_unbuffered[0]
    BUFGCTRL_X0Y16       BUFG (Prop_bufg_I_O)         0.101     1.294 r  zedboard_pnyq_ssr_i/processing_system7_0/inst/buffer_fclk_clk_0.FCLK_CLK_0_BUFG/O
                         net (fo=21462, routed)       1.962     3.256    zedboard_pnyq_ssr_i/top_ssr_0/inst/u_top_system/u_dsp_chain/u_agg/s00_axi_aclk
    SLICE_X94Y121        FDRE                                         r  zedboard_pnyq_ssr_i/top_ssr_0/inst/u_top_system/u_dsp_chain/u_agg/calc_k_reg[0]/C
  -------------------------------------------------------------------    -------------------
    SLICE_X94Y121        FDRE (Prop_fdre_C_Q)         0.518     3.774 r  zedboard_pnyq_ssr_i/top_ssr_0/inst/u_top_system/u_dsp_chain/u_agg/calc_k_reg[0]/Q
                         net (fo=310, routed)         2.355     6.129    zedboard_pnyq_ssr_i/top_ssr_0/inst/u_top_system/u_dsp_chain/u_agg/sel0[0]
    SLICE_X111Y96        LUT6 (Prop_lut6_I4_O)        0.124     6.253 f  zedboard_pnyq_ssr_i/top_ssr_0/inst/u_top_system/u_dsp_chain/u_agg/suma_sq0_i_100/O
                         net (fo=1, routed)           0.666     6.919    zedboard_pnyq_ssr_i/top_ssr_0/inst/u_top_system/u_dsp_chain/u_agg/suma_sq0_i_100_n_0
    SLICE_X108Y96        LUT6 (Prop_lut6_I1_O)        0.124     7.043 f  zedboard_pnyq_ssr_i/top_ssr_0/inst/u_top_system/u_dsp_chain/u_agg/suma_sq0_i_31/O
                         net (fo=7, routed)           1.085     8.128    zedboard_pnyq_ssr_i/top_ssr_0/inst/u_top_system/u_dsp_chain/u_agg/suma_sq0_i_31_n_0
    SLICE_X103Y102       LUT1 (Prop_lut1_I0_O)        0.124     8.252 r  zedboard_pnyq_ssr_i/top_ssr_0/inst/u_top_system/u_dsp_chain/u_agg/feat_mem[12][3]_i_159/O
                         net (fo=1, routed)           0.000     8.252    zedboard_pnyq_ssr_i/top_ssr_0/inst/u_top_system/u_dsp_chain/u_agg/feat_mem[12][3]_i_159_n_0
    SLICE_X103Y102       CARRY4 (Prop_carry4_S[0]_CO[3])
                                                      0.532     8.784 r  zedboard_pnyq_ssr_i/top_ssr_0/inst/u_top_system/u_dsp_chain/u_agg/feat_mem_reg[12][3]_i_134/CO[3]
                         net (fo=1, routed)           0.000     8.784    zedboard_pnyq_ssr_i/top_ssr_0/inst/u_top_system/u_dsp_chain/u_agg/feat_mem_reg[12][3]_i_134_n_0
    SLICE_X103Y103       CARRY4 (Prop_carry4_CI_CO[3])
                                                      0.114     8.898 r  zedboard_pnyq_ssr_i/top_ssr_0/inst/u_top_system/u_dsp_chain/u_agg/feat_mem_reg[12][3]_i_105/CO[3]
                         net (fo=1, routed)           0.000     8.898    zedboard_pnyq_ssr_i/top_ssr_0/inst/u_top_system/u_dsp_chain/u_agg/feat_mem_reg[12][3]_i_105_n_0
    SLICE_X103Y104       CARRY4 (Prop_carry4_CI_CO[3])
                                                      0.114     9.012 r  zedboard_pnyq_ssr_i/top_ssr_0/inst/u_top_system/u_dsp_chain/u_agg/feat_mem_reg[12][3]_i_74/CO[3]
                         net (fo=1, routed)           0.000     9.012    zedboard_pnyq_ssr_i/top_ssr_0/inst/u_top_system/u_dsp_chain/u_agg/feat_mem_reg[12][3]_i_74_n_0
    SLICE_X103Y105       CARRY4 (Prop_carry4_CI_CO[3])
                                                      0.114     9.126 r  zedboard_pnyq_ssr_i/top_ssr_0/inst/u_top_system/u_dsp_chain/u_agg/feat_mem_reg[12][3]_i_49/CO[3]
                         net (fo=1, routed)           0.000     9.126    zedboard_pnyq_ssr_i/top_ssr_0/inst/u_top_system/u_dsp_chain/u_agg/feat_mem_reg[12][3]_i_49_n_0
    SLICE_X103Y106       CARRY4 (Prop_carry4_CI_CO[3])
                                                      0.114     9.240 r  zedboard_pnyq_ssr_i/top_ssr_0/inst/u_top_system/u_dsp_chain/u_agg/feat_mem_reg[12][7]_i_15/CO[3]
                         net (fo=1, routed)           0.000     9.240    zedboard_pnyq_ssr_i/top_ssr_0/inst/u_top_system/u_dsp_chain/u_agg/feat_mem_reg[12][7]_i_15_n_0
    SLICE_X103Y107       CARRY4 (Prop_carry4_CI_O[1])
                                                      0.334     9.574 r  zedboard_pnyq_ssr_i/top_ssr_0/inst/u_top_system/u_dsp_chain/u_agg/feat_mem_reg[12][15]_i_39/O[1]
                         net (fo=1, routed)           1.112    10.686    zedboard_pnyq_ssr_i/top_ssr_0/inst/u_top_system/u_dsp_chain/u_agg/feat_mem_reg[12][15]_i_39_n_6
    SLICE_X102Y104       LUT3 (Prop_lut3_I0_O)        0.332    11.018 f  zedboard_pnyq_ssr_i/top_ssr_0/inst/u_top_system/u_dsp_chain/u_agg/feat_mem[12][7]_i_11/O
                         net (fo=21, routed)          1.289    12.307    zedboard_pnyq_ssr_i/top_ssr_0/inst/u_top_system/u_dsp_chain/u_agg/feat_mem[12][7]_i_11_n_0
    SLICE_X111Y108       LUT3 (Prop_lut3_I0_O)        0.331    12.638 r  zedboard_pnyq_ssr_i/top_ssr_0/inst/u_top_system/u_dsp_chain/u_agg/feat_mem[12][3]_i_167/O
                         net (fo=2, routed)           0.935    13.573    zedboard_pnyq_ssr_i/top_ssr_0/inst/u_top_system/u_dsp_chain/u_agg/feat_mem[12][3]_i_167_n_0
    SLICE_X104Y108       LUT4 (Prop_lut4_I3_O)        0.124    13.697 r  zedboard_pnyq_ssr_i/top_ssr_0/inst/u_top_system/u_dsp_chain/u_agg/feat_mem[12][3]_i_171/O
                         net (fo=1, routed)           0.000    13.697    zedboard_pnyq_ssr_i/top_ssr_0/inst/u_top_system/u_dsp_chain/u_agg/feat_mem[12][3]_i_171_n_0
    SLICE_X104Y108       CARRY4 (Prop_carry4_S[3]_CO[3])
                                                      0.376    14.073 r  zedboard_pnyq_ssr_i/top_ssr_0/inst/u_top_system/u_dsp_chain/u_agg/feat_mem_reg[12][3]_i_147/CO[3]
                         net (fo=1, routed)           0.000    14.073    zedboard_pnyq_ssr_i/top_ssr_0/inst/u_top_system/u_dsp_chain/u_agg/feat_mem_reg[12][3]_i_147_n_0
    SLICE_X104Y109       CARRY4 (Prop_carry4_CI_CO[3])
                                                      0.117    14.190 r  zedboard_pnyq_ssr_i/top_ssr_0/inst/u_top_system/u_dsp_chain/u_agg/feat_mem_reg[12][3]_i_119/CO[3]
                         net (fo=1, routed)           0.000    14.190    zedboard_pnyq_ssr_i/top_ssr_0/inst/u_top_system/u_dsp_chain/u_agg/feat_mem_reg[12][3]_i_119_n_0
    SLICE_X104Y110       CARRY4 (Prop_carry4_CI_O[1])
                                                      0.323    14.513 r  zedboard_pnyq_ssr_i/top_ssr_0/inst/u_top_system/u_dsp_chain/u_agg/feat_mem_reg[12][3]_i_88/O[1]
                         net (fo=3, routed)           1.181    15.694    zedboard_pnyq_ssr_i/top_ssr_0/inst/u_top_system/u_dsp_chain/u_agg/feat_mem_reg[12][3]_i_88_n_6
    SLICE_X106Y109       LUT3 (Prop_lut3_I2_O)        0.332    16.026 f  zedboard_pnyq_ssr_i/top_ssr_0/inst/u_top_system/u_dsp_chain/u_agg/feat_mem[12][3]_i_96/O
                         net (fo=2, routed)           0.444    16.470    zedboard_pnyq_ssr_i/top_ssr_0/inst/u_top_system/u_dsp_chain/u_agg/feat_mem[12][3]_i_96_n_0
    SLICE_X106Y108       LUT5 (Prop_lut5_I3_O)        0.326    16.796 r  zedboard_pnyq_ssr_i/top_ssr_0/inst/u_top_system/u_dsp_chain/u_agg/feat_mem[12][3]_i_54/O
                         net (fo=2, routed)           0.541    17.337    zedboard_pnyq_ssr_i/top_ssr_0/inst/u_top_system/u_dsp_chain/u_agg/feat_mem[12][3]_i_54_n_0
    SLICE_X105Y109       LUT6 (Prop_lut6_I0_O)        0.124    17.461 r  zedboard_pnyq_ssr_i/top_ssr_0/inst/u_top_system/u_dsp_chain/u_agg/feat_mem[12][3]_i_58/O
                         net (fo=1, routed)           0.000    17.461    zedboard_pnyq_ssr_i/top_ssr_0/inst/u_top_system/u_dsp_chain/u_agg/feat_mem[12][3]_i_58_n_0
    SLICE_X105Y109       CARRY4 (Prop_carry4_S[0]_CO[3])
                                                      0.532    17.993 r  zedboard_pnyq_ssr_i/top_ssr_0/inst/u_top_system/u_dsp_chain/u_agg/feat_mem_reg[12][3]_i_29/CO[3]
                         net (fo=1, routed)           0.000    17.993    zedboard_pnyq_ssr_i/top_ssr_0/inst/u_top_system/u_dsp_chain/u_agg/feat_mem_reg[12][3]_i_29_n_0
    SLICE_X105Y110       CARRY4 (Prop_carry4_CI_O[0])
                                                      0.222    18.215 r  zedboard_pnyq_ssr_i/top_ssr_0/inst/u_top_system/u_dsp_chain/u_agg/feat_mem_reg[12][3]_i_12/O[0]
                         net (fo=10, routed)          1.031    19.246    zedboard_pnyq_ssr_i/top_ssr_0/inst_n_11
    SLICE_X111Y110       LUT2 (Prop_lut2_I0_O)        0.299    19.545 r  zedboard_pnyq_ssr_i/top_ssr_0/feat_mem[12][15]_i_183/O
                         net (fo=1, routed)           0.000    19.545    zedboard_pnyq_ssr_i/top_ssr_0/feat_mem[12][15]_i_183_n_0
    SLICE_X111Y110       CARRY4 (Prop_carry4_S[1]_O[3])
                                                      0.640    20.185 r  zedboard_pnyq_ssr_i/top_ssr_0/feat_mem_reg[12][15]_i_168/O[3]
                         net (fo=2, routed)           0.562    20.748    zedboard_pnyq_ssr_i/top_ssr_0/feat_mem_reg[12][15]_i_168_n_4
    SLICE_X107Y110       LUT3 (Prop_lut3_I1_O)        0.306    21.054 r  zedboard_pnyq_ssr_i/top_ssr_0/feat_mem[12][15]_i_141/O
                         net (fo=2, routed)           0.552    21.606    zedboard_pnyq_ssr_i/top_ssr_0/feat_mem[12][15]_i_141_n_0
    SLICE_X109Y110       LUT4 (Prop_lut4_I3_O)        0.124    21.730 r  zedboard_pnyq_ssr_i/top_ssr_0/feat_mem[12][15]_i_145/O
                         net (fo=1, routed)           0.000    21.730    zedboard_pnyq_ssr_i/top_ssr_0/feat_mem[12][15]_i_145_n_0
    SLICE_X109Y110       CARRY4 (Prop_carry4_S[1]_CO[3])
                                                      0.550    22.280 r  zedboard_pnyq_ssr_i/top_ssr_0/feat_mem_reg[12][15]_i_115/CO[3]
                         net (fo=1, routed)           0.000    22.280    zedboard_pnyq_ssr_i/top_ssr_0/feat_mem_reg[12][15]_i_115_n_0
    SLICE_X109Y111       CARRY4 (Prop_carry4_CI_O[1])
                                                      0.334    22.614 r  zedboard_pnyq_ssr_i/top_ssr_0/feat_mem_reg[12][15]_i_92/O[1]
                         net (fo=3, routed)           0.676    23.289    zedboard_pnyq_ssr_i/top_ssr_0/inst/u_top_system/u_dsp_chain/u_agg/feat_mem_reg[12][15]_i_83_0[1]
    SLICE_X108Y111       LUT4 (Prop_lut4_I3_O)        0.303    23.592 r  zedboard_pnyq_ssr_i/top_ssr_0/inst/u_top_system/u_dsp_chain/u_agg/feat_mem[12][15]_i_114/O
                         net (fo=1, routed)           0.000    23.592    zedboard_pnyq_ssr_i/top_ssr_0/inst/u_top_system/u_dsp_chain/u_agg/feat_mem[12][15]_i_114_n_0
    SLICE_X108Y111       CARRY4 (Prop_carry4_S[0]_CO[3])
                                                      0.513    24.105 r  zedboard_pnyq_ssr_i/top_ssr_0/inst/u_top_system/u_dsp_chain/u_agg/feat_mem_reg[12][15]_i_83/CO[3]
                         net (fo=1, routed)           0.000    24.105    zedboard_pnyq_ssr_i/top_ssr_0/inst/u_top_system/u_dsp_chain/u_agg/feat_mem_reg[12][15]_i_83_n_0
    SLICE_X108Y112       CARRY4 (Prop_carry4_CI_CO[3])
                                                      0.117    24.222 r  zedboard_pnyq_ssr_i/top_ssr_0/inst/u_top_system/u_dsp_chain/u_agg/feat_mem_reg[12][15]_i_55/CO[3]
                         net (fo=1, routed)           0.000    24.222    zedboard_pnyq_ssr_i/top_ssr_0/inst/u_top_system/u_dsp_chain/u_agg/feat_mem_reg[12][15]_i_55_n_0
    SLICE_X108Y113       CARRY4 (Prop_carry4_CI_CO[3])
                                                      0.117    24.339 r  zedboard_pnyq_ssr_i/top_ssr_0/inst/u_top_system/u_dsp_chain/u_agg/feat_mem_reg[12][15]_i_30/CO[3]
                         net (fo=1, routed)           0.000    24.339    zedboard_pnyq_ssr_i/top_ssr_0/inst/u_top_system/u_dsp_chain/u_agg/feat_mem_reg[12][15]_i_30_n_0
    SLICE_X108Y114       CARRY4 (Prop_carry4_CI_CO[3])
                                                      0.117    24.456 r  zedboard_pnyq_ssr_i/top_ssr_0/inst/u_top_system/u_dsp_chain/u_agg/feat_mem_reg[12][15]_i_15/CO[3]
                         net (fo=1, routed)           0.000    24.456    zedboard_pnyq_ssr_i/top_ssr_0/inst/u_top_system/u_dsp_chain/u_agg/feat_mem_reg[12][15]_i_15_n_0
    SLICE_X108Y115       CARRY4 (Prop_carry4_CI_CO[1])
                                                      0.157    24.613 r  zedboard_pnyq_ssr_i/top_ssr_0/inst/u_top_system/u_dsp_chain/u_agg/feat_mem_reg[12][15]_i_10/CO[1]
                         net (fo=1, routed)           0.310    24.924    zedboard_pnyq_ssr_i/top_ssr_0/inst/u_top_system/u_dsp_chain/u_agg/feat_mem_reg[12][15]_i_10_n_2
    SLICE_X108Y116       LUT4 (Prop_lut4_I0_O)        0.332    25.256 r  zedboard_pnyq_ssr_i/top_ssr_0/inst/u_top_system/u_dsp_chain/u_agg/feat_mem[12][15]_i_4/O
                         net (fo=42, routed)          0.870    26.126    zedboard_pnyq_ssr_i/top_ssr_0/inst/u_top_system/u_dsp_chain/u_agg/feat_mem[12][15]_i_4_n_0
    SLICE_X113Y112       LUT3 (Prop_lut3_I1_O)        0.124    26.250 r  zedboard_pnyq_ssr_i/top_ssr_0/inst/u_top_system/u_dsp_chain/u_agg/feat_mem[12][2]_i_13/O
                         net (fo=1, routed)           0.610    26.860    zedboard_pnyq_ssr_i/top_ssr_0/inst/u_top_system/u_dsp_chain/u_agg/feat_mem[12][2]_i_13_n_0
    SLICE_X110Y112       CARRY4 (Prop_carry4_CYINIT_CO[3])
                                                      0.580    27.440 r  zedboard_pnyq_ssr_i/top_ssr_0/inst/u_top_system/u_dsp_chain/u_agg/feat_mem_reg[12][2]_i_8/CO[3]
                         net (fo=1, routed)           0.000    27.440    zedboard_pnyq_ssr_i/top_ssr_0/inst/u_top_system/u_dsp_chain/u_agg/feat_mem_reg[12][2]_i_8_n_0
    SLICE_X110Y113       CARRY4 (Prop_carry4_CI_CO[3])
                                                      0.114    27.554 r  zedboard_pnyq_ssr_i/top_ssr_0/inst/u_top_system/u_dsp_chain/u_agg/feat_mem_reg[12][2]_i_3/CO[3]
                         net (fo=1, routed)           0.000    27.554    zedboard_pnyq_ssr_i/top_ssr_0/inst/u_top_system/u_dsp_chain/u_agg/feat_mem_reg[12][2]_i_3_n_0
    SLICE_X110Y114       CARRY4 (Prop_carry4_CI_CO[3])
                                                      0.114    27.668 r  zedboard_pnyq_ssr_i/top_ssr_0/inst/u_top_system/u_dsp_chain/u_agg/feat_mem_reg[12][2]_i_2/CO[3]
                         net (fo=1, routed)           0.000    27.668    zedboard_pnyq_ssr_i/top_ssr_0/inst/u_top_system/u_dsp_chain/u_agg/feat_mem_reg[12][2]_i_2_n_0
    SLICE_X110Y115       CARRY4 (Prop_carry4_CI_CO[3])
                                                      0.114    27.782 r  zedboard_pnyq_ssr_i/top_ssr_0/inst/u_top_system/u_dsp_chain/u_agg/feat_mem_reg[12][6]_i_2/CO[3]
                         net (fo=1, routed)           0.000    27.782    zedboard_pnyq_ssr_i/top_ssr_0/inst/u_top_system/u_dsp_chain/u_agg/feat_mem_reg[12][6]_i_2_n_0
    SLICE_X110Y116       CARRY4 (Prop_carry4_CI_CO[3])
                                                      0.114    27.896 r  zedboard_pnyq_ssr_i/top_ssr_0/inst/u_top_system/u_dsp_chain/u_agg/feat_mem_reg[12][10]_i_2/CO[3]
                         net (fo=1, routed)           0.000    27.896    zedboard_pnyq_ssr_i/top_ssr_0/inst/u_top_system/u_dsp_chain/u_agg/feat_mem_reg[12][10]_i_2_n_0
    SLICE_X110Y117       CARRY4 (Prop_carry4_CI_CO[3])
                                                      0.114    28.010 r  zedboard_pnyq_ssr_i/top_ssr_0/inst/u_top_system/u_dsp_chain/u_agg/feat_mem_reg[12][14]_i_2/CO[3]
                         net (fo=1, routed)           0.000    28.010    zedboard_pnyq_ssr_i/top_ssr_0/inst/u_top_system/u_dsp_chain/u_agg/feat_mem_reg[12][14]_i_2_n_0
    SLICE_X110Y118       CARRY4 (Prop_carry4_CI_O[0])
                                                      0.222    28.232 r  zedboard_pnyq_ssr_i/top_ssr_0/inst/u_top_system/u_dsp_chain/u_agg/feat_mem_reg[12][15]_i_2/O[0]
                         net (fo=1, routed)           0.624    28.856    zedboard_pnyq_ssr_i/top_ssr_0/inst/u_top_system/u_dsp_chain/u_agg/feat_mem_reg[12][15]_i_2_n_7
    SLICE_X111Y118       LUT5 (Prop_lut5_I1_O)        0.299    29.155 r  zedboard_pnyq_ssr_i/top_ssr_0/inst/u_top_system/u_dsp_chain/u_agg/feat_mem[12][15]_i_1/O
                         net (fo=16, routed)          1.766    30.920    zedboard_pnyq_ssr_i/top_ssr_0/inst/u_top_system/u_dsp_chain/u_agg/p_1_in[15]
    SLICE_X84Y125        FDRE                                         r  zedboard_pnyq_ssr_i/top_ssr_0/inst/u_top_system/u_dsp_chain/u_agg/feat_mem_reg[5][15]/D
  -------------------------------------------------------------------    -------------------

                         (clock clk_fpga_0 rise edge)
                                                     50.000    50.000 r  
    PS7_X0Y0             PS7                          0.000    50.000 r  zedboard_pnyq_ssr_i/processing_system7_0/inst/PS7_i/FCLKCLK[0]
                         net (fo=1, routed)           1.088    51.088    zedboard_pnyq_ssr_i/processing_system7_0/inst/FCLK_CLK_unbuffered[0]
    BUFGCTRL_X0Y16       BUFG (Prop_bufg_I_O)         0.091    51.179 r  zedboard_pnyq_ssr_i/processing_system7_0/inst/buffer_fclk_clk_0.FCLK_CLK_0_BUFG/O
                         net (fo=21462, routed)       1.703    52.882    zedboard_pnyq_ssr_i/top_ssr_0/inst/u_top_system/u_dsp_chain/u_agg/s00_axi_aclk
    SLICE_X84Y125        FDRE                                         r  zedboard_pnyq_ssr_i/top_ssr_0/inst/u_top_system/u_dsp_chain/u_agg/feat_mem_reg[5][15]/C
                         clock pessimism              0.247    53.129    
                         clock uncertainty           -0.751    52.378    
    SLICE_X84Y125        FDRE (Setup_fdre_C_D)       -0.061    52.317    zedboard_pnyq_ssr_i/top_ssr_0/inst/u_top_system/u_dsp_chain/u_agg/feat_mem_reg[5][15]
  -------------------------------------------------------------------
                         required time                         52.317    
                         arrival time                         -30.920    
  -------------------------------------------------------------------
                         slack                                 21.397    

Slack (MET) :             21.408ns  (required time - arrival time)
  Source:                 zedboard_pnyq_ssr_i/top_ssr_0/inst/u_top_system/u_dsp_chain/u_agg/calc_k_reg[0]/C
                            (rising edge-triggered cell FDRE clocked by clk_fpga_0  {rise@0.000ns fall@25.000ns period=50.000ns})
  Destination:            zedboard_pnyq_ssr_i/top_ssr_0/inst/u_top_system/u_dsp_chain/u_agg/feat_mem_reg[7][11]/D
                            (rising edge-triggered cell FDRE clocked by clk_fpga_0  {rise@0.000ns fall@25.000ns period=50.000ns})
  Path Group:             clk_fpga_0
  Path Type:              Setup (Max at Slow Process Corner)
  Requirement:            50.000ns  (clk_fpga_0 rise@50.000ns - clk_fpga_0 rise@0.000ns)
  Data Path Delay:        27.650ns  (logic 10.941ns (39.569%)  route 16.709ns (60.431%))
  Logic Levels:           41  (CARRY4=25 LUT1=1 LUT2=1 LUT3=5 LUT4=4 LUT5=2 LUT6=3)
  Clock Path Skew:        -0.124ns (DCD - SCD + CPR)
    Destination Clock Delay (DCD):    2.885ns = ( 52.885 - 50.000 ) 
    Source Clock Delay      (SCD):    3.256ns
    Clock Pessimism Removal (CPR):    0.247ns
  Clock Uncertainty:      0.751ns  ((TSJ^2 + TIJ^2)^1/2 + DJ) / 2 + PE
    Total System Jitter     (TSJ):    0.071ns
    Total Input Jitter      (TIJ):    1.500ns
    Discrete Jitter          (DJ):    0.000ns
    Phase Error              (PE):    0.000ns

    Location             Delay type                Incr(ns)  Path(ns)    Netlist Resource(s)
  -------------------------------------------------------------------    -------------------
                         (clock clk_fpga_0 rise edge)
                                                      0.000     0.000 r  
    PS7_X0Y0             PS7                          0.000     0.000 r  zedboard_pnyq_ssr_i/processing_system7_0/inst/PS7_i/FCLKCLK[0]
                         net (fo=1, routed)           1.193     1.193    zedboard_pnyq_ssr_i/processing_system7_0/inst/FCLK_CLK_unbuffered[0]
    BUFGCTRL_X0Y16       BUFG (Prop_bufg_I_O)         0.101     1.294 r  zedboard_pnyq_ssr_i/processing_system7_0/inst/buffer_fclk_clk_0.FCLK_CLK_0_BUFG/O
                         net (fo=21462, routed)       1.962     3.256    zedboard_pnyq_ssr_i/top_ssr_0/inst/u_top_system/u_dsp_chain/u_agg/s00_axi_aclk
    SLICE_X94Y121        FDRE                                         r  zedboard_pnyq_ssr_i/top_ssr_0/inst/u_top_system/u_dsp_chain/u_agg/calc_k_reg[0]/C
  -------------------------------------------------------------------    -------------------
    SLICE_X94Y121        FDRE (Prop_fdre_C_Q)         0.518     3.774 r  zedboard_pnyq_ssr_i/top_ssr_0/inst/u_top_system/u_dsp_chain/u_agg/calc_k_reg[0]/Q
                         net (fo=310, routed)         2.355     6.129    zedboard_pnyq_ssr_i/top_ssr_0/inst/u_top_system/u_dsp_chain/u_agg/sel0[0]
    SLICE_X111Y96        LUT6 (Prop_lut6_I4_O)        0.124     6.253 f  zedboard_pnyq_ssr_i/top_ssr_0/inst/u_top_system/u_dsp_chain/u_agg/suma_sq0_i_100/O
                         net (fo=1, routed)           0.666     6.919    zedboard_pnyq_ssr_i/top_ssr_0/inst/u_top_system/u_dsp_chain/u_agg/suma_sq0_i_100_n_0
    SLICE_X108Y96        LUT6 (Prop_lut6_I1_O)        0.124     7.043 f  zedboard_pnyq_ssr_i/top_ssr_0/inst/u_top_system/u_dsp_chain/u_agg/suma_sq0_i_31/O
                         net (fo=7, routed)           1.085     8.128    zedboard_pnyq_ssr_i/top_ssr_0/inst/u_top_system/u_dsp_chain/u_agg/suma_sq0_i_31_n_0
    SLICE_X103Y102       LUT1 (Prop_lut1_I0_O)        0.124     8.252 r  zedboard_pnyq_ssr_i/top_ssr_0/inst/u_top_system/u_dsp_chain/u_agg/feat_mem[12][3]_i_159/O
                         net (fo=1, routed)           0.000     8.252    zedboard_pnyq_ssr_i/top_ssr_0/inst/u_top_system/u_dsp_chain/u_agg/feat_mem[12][3]_i_159_n_0
    SLICE_X103Y102       CARRY4 (Prop_carry4_S[0]_CO[3])
                                                      0.532     8.784 r  zedboard_pnyq_ssr_i/top_ssr_0/inst/u_top_system/u_dsp_chain/u_agg/feat_mem_reg[12][3]_i_134/CO[3]
                         net (fo=1, routed)           0.000     8.784    zedboard_pnyq_ssr_i/top_ssr_0/inst/u_top_system/u_dsp_chain/u_agg/feat_mem_reg[12][3]_i_134_n_0
    SLICE_X103Y103       CARRY4 (Prop_carry4_CI_CO[3])
                                                      0.114     8.898 r  zedboard_pnyq_ssr_i/top_ssr_0/inst/u_top_system/u_dsp_chain/u_agg/feat_mem_reg[12][3]_i_105/CO[3]
                         net (fo=1, routed)           0.000     8.898    zedboard_pnyq_ssr_i/top_ssr_0/inst/u_top_system/u_dsp_chain/u_agg/feat_mem_reg[12][3]_i_105_n_0
    SLICE_X103Y104       CARRY4 (Prop_carry4_CI_CO[3])
                                                      0.114     9.012 r  zedboard_pnyq_ssr_i/top_ssr_0/inst/u_top_system/u_dsp_chain/u_agg/feat_mem_reg[12][3]_i_74/CO[3]
                         net (fo=1, routed)           0.000     9.012    zedboard_pnyq_ssr_i/top_ssr_0/inst/u_top_system/u_dsp_chain/u_agg/feat_mem_reg[12][3]_i_74_n_0
    SLICE_X103Y105       CARRY4 (Prop_carry4_CI_CO[3])
                                                      0.114     9.126 r  zedboard_pnyq_ssr_i/top_ssr_0/inst/u_top_system/u_dsp_chain/u_agg/feat_mem_reg[12][3]_i_49/CO[3]
                         net (fo=1, routed)           0.000     9.126    zedboard_pnyq_ssr_i/top_ssr_0/inst/u_top_system/u_dsp_chain/u_agg/feat_mem_reg[12][3]_i_49_n_0
    SLICE_X103Y106       CARRY4 (Prop_carry4_CI_CO[3])
                                                      0.114     9.240 r  zedboard_pnyq_ssr_i/top_ssr_0/inst/u_top_system/u_dsp_chain/u_agg/feat_mem_reg[12][7]_i_15/CO[3]
                         net (fo=1, routed)           0.000     9.240    zedboard_pnyq_ssr_i/top_ssr_0/inst/u_top_system/u_dsp_chain/u_agg/feat_mem_reg[12][7]_i_15_n_0
    SLICE_X103Y107       CARRY4 (Prop_carry4_CI_O[1])
                                                      0.334     9.574 r  zedboard_pnyq_ssr_i/top_ssr_0/inst/u_top_system/u_dsp_chain/u_agg/feat_mem_reg[12][15]_i_39/O[1]
                         net (fo=1, routed)           1.112    10.686    zedboard_pnyq_ssr_i/top_ssr_0/inst/u_top_system/u_dsp_chain/u_agg/feat_mem_reg[12][15]_i_39_n_6
    SLICE_X102Y104       LUT3 (Prop_lut3_I0_O)        0.332    11.018 f  zedboard_pnyq_ssr_i/top_ssr_0/inst/u_top_system/u_dsp_chain/u_agg/feat_mem[12][7]_i_11/O
                         net (fo=21, routed)          1.289    12.307    zedboard_pnyq_ssr_i/top_ssr_0/inst/u_top_system/u_dsp_chain/u_agg/feat_mem[12][7]_i_11_n_0
    SLICE_X111Y108       LUT3 (Prop_lut3_I0_O)        0.331    12.638 r  zedboard_pnyq_ssr_i/top_ssr_0/inst/u_top_system/u_dsp_chain/u_agg/feat_mem[12][3]_i_167/O
                         net (fo=2, routed)           0.935    13.573    zedboard_pnyq_ssr_i/top_ssr_0/inst/u_top_system/u_dsp_chain/u_agg/feat_mem[12][3]_i_167_n_0
    SLICE_X104Y108       LUT4 (Prop_lut4_I3_O)        0.124    13.697 r  zedboard_pnyq_ssr_i/top_ssr_0/inst/u_top_system/u_dsp_chain/u_agg/feat_mem[12][3]_i_171/O
                         net (fo=1, routed)           0.000    13.697    zedboard_pnyq_ssr_i/top_ssr_0/inst/u_top_system/u_dsp_chain/u_agg/feat_mem[12][3]_i_171_n_0
    SLICE_X104Y108       CARRY4 (Prop_carry4_S[3]_CO[3])
                                                      0.376    14.073 r  zedboard_pnyq_ssr_i/top_ssr_0/inst/u_top_system/u_dsp_chain/u_agg/feat_mem_reg[12][3]_i_147/CO[3]
                         net (fo=1, routed)           0.000    14.073    zedboard_pnyq_ssr_i/top_ssr_0/inst/u_top_system/u_dsp_chain/u_agg/feat_mem_reg[12][3]_i_147_n_0
    SLICE_X104Y109       CARRY4 (Prop_carry4_CI_CO[3])
                                                      0.117    14.190 r  zedboard_pnyq_ssr_i/top_ssr_0/inst/u_top_system/u_dsp_chain/u_agg/feat_mem_reg[12][3]_i_119/CO[3]
                         net (fo=1, routed)           0.000    14.190    zedboard_pnyq_ssr_i/top_ssr_0/inst/u_top_system/u_dsp_chain/u_agg/feat_mem_reg[12][3]_i_119_n_0
    SLICE_X104Y110       CARRY4 (Prop_carry4_CI_O[1])
                                                      0.323    14.513 r  zedboard_pnyq_ssr_i/top_ssr_0/inst/u_top_system/u_dsp_chain/u_agg/feat_mem_reg[12][3]_i_88/O[1]
                         net (fo=3, routed)           1.181    15.694    zedboard_pnyq_ssr_i/top_ssr_0/inst/u_top_system/u_dsp_chain/u_agg/feat_mem_reg[12][3]_i_88_n_6
    SLICE_X106Y109       LUT3 (Prop_lut3_I2_O)        0.332    16.026 f  zedboard_pnyq_ssr_i/top_ssr_0/inst/u_top_system/u_dsp_chain/u_agg/feat_mem[12][3]_i_96/O
                         net (fo=2, routed)           0.444    16.470    zedboard_pnyq_ssr_i/top_ssr_0/inst/u_top_system/u_dsp_chain/u_agg/feat_mem[12][3]_i_96_n_0
    SLICE_X106Y108       LUT5 (Prop_lut5_I3_O)        0.326    16.796 r  zedboard_pnyq_ssr_i/top_ssr_0/inst/u_top_system/u_dsp_chain/u_agg/feat_mem[12][3]_i_54/O
                         net (fo=2, routed)           0.541    17.337    zedboard_pnyq_ssr_i/top_ssr_0/inst/u_top_system/u_dsp_chain/u_agg/feat_mem[12][3]_i_54_n_0
    SLICE_X105Y109       LUT6 (Prop_lut6_I0_O)        0.124    17.461 r  zedboard_pnyq_ssr_i/top_ssr_0/inst/u_top_system/u_dsp_chain/u_agg/feat_mem[12][3]_i_58/O
                         net (fo=1, routed)           0.000    17.461    zedboard_pnyq_ssr_i/top_ssr_0/inst/u_top_system/u_dsp_chain/u_agg/feat_mem[12][3]_i_58_n_0
    SLICE_X105Y109       CARRY4 (Prop_carry4_S[0]_CO[3])
                                                      0.532    17.993 r  zedboard_pnyq_ssr_i/top_ssr_0/inst/u_top_system/u_dsp_chain/u_agg/feat_mem_reg[12][3]_i_29/CO[3]
                         net (fo=1, routed)           0.000    17.993    zedboard_pnyq_ssr_i/top_ssr_0/inst/u_top_system/u_dsp_chain/u_agg/feat_mem_reg[12][3]_i_29_n_0
    SLICE_X105Y110       CARRY4 (Prop_carry4_CI_O[0])
                                                      0.222    18.215 r  zedboard_pnyq_ssr_i/top_ssr_0/inst/u_top_system/u_dsp_chain/u_agg/feat_mem_reg[12][3]_i_12/O[0]
                         net (fo=10, routed)          1.031    19.246    zedboard_pnyq_ssr_i/top_ssr_0/inst_n_11
    SLICE_X111Y110       LUT2 (Prop_lut2_I0_O)        0.299    19.545 r  zedboard_pnyq_ssr_i/top_ssr_0/feat_mem[12][15]_i_183/O
                         net (fo=1, routed)           0.000    19.545    zedboard_pnyq_ssr_i/top_ssr_0/feat_mem[12][15]_i_183_n_0
    SLICE_X111Y110       CARRY4 (Prop_carry4_S[1]_O[3])
                                                      0.640    20.185 r  zedboard_pnyq_ssr_i/top_ssr_0/feat_mem_reg[12][15]_i_168/O[3]
                         net (fo=2, routed)           0.562    20.748    zedboard_pnyq_ssr_i/top_ssr_0/feat_mem_reg[12][15]_i_168_n_4
    SLICE_X107Y110       LUT3 (Prop_lut3_I1_O)        0.306    21.054 r  zedboard_pnyq_ssr_i/top_ssr_0/feat_mem[12][15]_i_141/O
                         net (fo=2, routed)           0.552    21.606    zedboard_pnyq_ssr_i/top_ssr_0/feat_mem[12][15]_i_141_n_0
    SLICE_X109Y110       LUT4 (Prop_lut4_I3_O)        0.124    21.730 r  zedboard_pnyq_ssr_i/top_ssr_0/feat_mem[12][15]_i_145/O
                         net (fo=1, routed)           0.000    21.730    zedboard_pnyq_ssr_i/top_ssr_0/feat_mem[12][15]_i_145_n_0
    SLICE_X109Y110       CARRY4 (Prop_carry4_S[1]_CO[3])
                                                      0.550    22.280 r  zedboard_pnyq_ssr_i/top_ssr_0/feat_mem_reg[12][15]_i_115/CO[3]
                         net (fo=1, routed)           0.000    22.280    zedboard_pnyq_ssr_i/top_ssr_0/feat_mem_reg[12][15]_i_115_n_0
    SLICE_X109Y111       CARRY4 (Prop_carry4_CI_O[1])
                                                      0.334    22.614 r  zedboard_pnyq_ssr_i/top_ssr_0/feat_mem_reg[12][15]_i_92/O[1]
                         net (fo=3, routed)           0.676    23.289    zedboard_pnyq_ssr_i/top_ssr_0/inst/u_top_system/u_dsp_chain/u_agg/feat_mem_reg[12][15]_i_83_0[1]
    SLICE_X108Y111       LUT4 (Prop_lut4_I3_O)        0.303    23.592 r  zedboard_pnyq_ssr_i/top_ssr_0/inst/u_top_system/u_dsp_chain/u_agg/feat_mem[12][15]_i_114/O
                         net (fo=1, routed)           0.000    23.592    zedboard_pnyq_ssr_i/top_ssr_0/inst/u_top_system/u_dsp_chain/u_agg/feat_mem[12][15]_i_114_n_0
    SLICE_X108Y111       CARRY4 (Prop_carry4_S[0]_CO[3])
                                                      0.513    24.105 r  zedboard_pnyq_ssr_i/top_ssr_0/inst/u_top_system/u_dsp_chain/u_agg/feat_mem_reg[12][15]_i_83/CO[3]
                         net (fo=1, routed)           0.000    24.105    zedboard_pnyq_ssr_i/top_ssr_0/inst/u_top_system/u_dsp_chain/u_agg/feat_mem_reg[12][15]_i_83_n_0
    SLICE_X108Y112       CARRY4 (Prop_carry4_CI_CO[3])
                                                      0.117    24.222 r  zedboard_pnyq_ssr_i/top_ssr_0/inst/u_top_system/u_dsp_chain/u_agg/feat_mem_reg[12][15]_i_55/CO[3]
                         net (fo=1, routed)           0.000    24.222    zedboard_pnyq_ssr_i/top_ssr_0/inst/u_top_system/u_dsp_chain/u_agg/feat_mem_reg[12][15]_i_55_n_0
    SLICE_X108Y113       CARRY4 (Prop_carry4_CI_CO[3])
                                                      0.117    24.339 r  zedboard_pnyq_ssr_i/top_ssr_0/inst/u_top_system/u_dsp_chain/u_agg/feat_mem_reg[12][15]_i_30/CO[3]
                         net (fo=1, routed)           0.000    24.339    zedboard_pnyq_ssr_i/top_ssr_0/inst/u_top_system/u_dsp_chain/u_agg/feat_mem_reg[12][15]_i_30_n_0
    SLICE_X108Y114       CARRY4 (Prop_carry4_CI_CO[3])
                                                      0.117    24.456 r  zedboard_pnyq_ssr_i/top_ssr_0/inst/u_top_system/u_dsp_chain/u_agg/feat_mem_reg[12][15]_i_15/CO[3]
                         net (fo=1, routed)           0.000    24.456    zedboard_pnyq_ssr_i/top_ssr_0/inst/u_top_system/u_dsp_chain/u_agg/feat_mem_reg[12][15]_i_15_n_0
    SLICE_X108Y115       CARRY4 (Prop_carry4_CI_CO[1])
                                                      0.157    24.613 r  zedboard_pnyq_ssr_i/top_ssr_0/inst/u_top_system/u_dsp_chain/u_agg/feat_mem_reg[12][15]_i_10/CO[1]
                         net (fo=1, routed)           0.310    24.924    zedboard_pnyq_ssr_i/top_ssr_0/inst/u_top_system/u_dsp_chain/u_agg/feat_mem_reg[12][15]_i_10_n_2
    SLICE_X108Y116       LUT4 (Prop_lut4_I0_O)        0.332    25.256 r  zedboard_pnyq_ssr_i/top_ssr_0/inst/u_top_system/u_dsp_chain/u_agg/feat_mem[12][15]_i_4/O
                         net (fo=42, routed)          0.870    26.126    zedboard_pnyq_ssr_i/top_ssr_0/inst/u_top_system/u_dsp_chain/u_agg/feat_mem[12][15]_i_4_n_0
    SLICE_X113Y112       LUT3 (Prop_lut3_I1_O)        0.124    26.250 r  zedboard_pnyq_ssr_i/top_ssr_0/inst/u_top_system/u_dsp_chain/u_agg/feat_mem[12][2]_i_13/O
                         net (fo=1, routed)           0.610    26.860    zedboard_pnyq_ssr_i/top_ssr_0/inst/u_top_system/u_dsp_chain/u_agg/feat_mem[12][2]_i_13_n_0
    SLICE_X110Y112       CARRY4 (Prop_carry4_CYINIT_CO[3])
                                                      0.580    27.440 r  zedboard_pnyq_ssr_i/top_ssr_0/inst/u_top_system/u_dsp_chain/u_agg/feat_mem_reg[12][2]_i_8/CO[3]
                         net (fo=1, routed)           0.000    27.440    zedboard_pnyq_ssr_i/top_ssr_0/inst/u_top_system/u_dsp_chain/u_agg/feat_mem_reg[12][2]_i_8_n_0
    SLICE_X110Y113       CARRY4 (Prop_carry4_CI_CO[3])
                                                      0.114    27.554 r  zedboard_pnyq_ssr_i/top_ssr_0/inst/u_top_system/u_dsp_chain/u_agg/feat_mem_reg[12][2]_i_3/CO[3]
                         net (fo=1, routed)           0.000    27.554    zedboard_pnyq_ssr_i/top_ssr_0/inst/u_top_system/u_dsp_chain/u_agg/feat_mem_reg[12][2]_i_3_n_0
    SLICE_X110Y114       CARRY4 (Prop_carry4_CI_CO[3])
                                                      0.114    27.668 r  zedboard_pnyq_ssr_i/top_ssr_0/inst/u_top_system/u_dsp_chain/u_agg/feat_mem_reg[12][2]_i_2/CO[3]
                         net (fo=1, routed)           0.000    27.668    zedboard_pnyq_ssr_i/top_ssr_0/inst/u_top_system/u_dsp_chain/u_agg/feat_mem_reg[12][2]_i_2_n_0
    SLICE_X110Y115       CARRY4 (Prop_carry4_CI_CO[3])
                                                      0.114    27.782 r  zedboard_pnyq_ssr_i/top_ssr_0/inst/u_top_system/u_dsp_chain/u_agg/feat_mem_reg[12][6]_i_2/CO[3]
                         net (fo=1, routed)           0.000    27.782    zedboard_pnyq_ssr_i/top_ssr_0/inst/u_top_system/u_dsp_chain/u_agg/feat_mem_reg[12][6]_i_2_n_0
    SLICE_X110Y116       CARRY4 (Prop_carry4_CI_CO[3])
                                                      0.114    27.896 r  zedboard_pnyq_ssr_i/top_ssr_0/inst/u_top_system/u_dsp_chain/u_agg/feat_mem_reg[12][10]_i_2/CO[3]
                         net (fo=1, routed)           0.000    27.896    zedboard_pnyq_ssr_i/top_ssr_0/inst/u_top_system/u_dsp_chain/u_agg/feat_mem_reg[12][10]_i_2_n_0
    SLICE_X110Y117       CARRY4 (Prop_carry4_CI_O[0])
                                                      0.222    28.118 r  zedboard_pnyq_ssr_i/top_ssr_0/inst/u_top_system/u_dsp_chain/u_agg/feat_mem_reg[12][14]_i_2/O[0]
                         net (fo=1, routed)           0.652    28.770    zedboard_pnyq_ssr_i/top_ssr_0/inst/u_top_system/u_dsp_chain/u_agg/feat_mem_reg[12][14]_i_2_n_7
    SLICE_X111Y117       LUT5 (Prop_lut5_I1_O)        0.299    29.069 r  zedboard_pnyq_ssr_i/top_ssr_0/inst/u_top_system/u_dsp_chain/u_agg/feat_mem[12][11]_i_1/O
                         net (fo=16, routed)          1.838    30.906    zedboard_pnyq_ssr_i/top_ssr_0/inst/u_top_system/u_dsp_chain/u_agg/p_1_in[11]
    SLICE_X83Y127        FDRE                                         r  zedboard_pnyq_ssr_i/top_ssr_0/inst/u_top_system/u_dsp_chain/u_agg/feat_mem_reg[7][11]/D
  -------------------------------------------------------------------    -------------------

                         (clock clk_fpga_0 rise edge)
                                                     50.000    50.000 r  
    PS7_X0Y0             PS7                          0.000    50.000 r  zedboard_pnyq_ssr_i/processing_system7_0/inst/PS7_i/FCLKCLK[0]
                         net (fo=1, routed)           1.088    51.088    zedboard_pnyq_ssr_i/processing_system7_0/inst/FCLK_CLK_unbuffered[0]
    BUFGCTRL_X0Y16       BUFG (Prop_bufg_I_O)         0.091    51.179 r  zedboard_pnyq_ssr_i/processing_system7_0/inst/buffer_fclk_clk_0.FCLK_CLK_0_BUFG/O
                         net (fo=21462, routed)       1.706    52.885    zedboard_pnyq_ssr_i/top_ssr_0/inst/u_top_system/u_dsp_chain/u_agg/s00_axi_aclk
    SLICE_X83Y127        FDRE                                         r  zedboard_pnyq_ssr_i/top_ssr_0/inst/u_top_system/u_dsp_chain/u_agg/feat_mem_reg[7][11]/C
                         clock pessimism              0.247    53.132    
                         clock uncertainty           -0.751    52.381    
    SLICE_X83Y127        FDRE (Setup_fdre_C_D)       -0.067    52.314    zedboard_pnyq_ssr_i/top_ssr_0/inst/u_top_system/u_dsp_chain/u_agg/feat_mem_reg[7][11]
  -------------------------------------------------------------------
                         required time                         52.314    
                         arrival time                         -30.906    
  -------------------------------------------------------------------
                         slack                                 21.408    

Slack (MET) :             21.423ns  (required time - arrival time)
  Source:                 zedboard_pnyq_ssr_i/top_ssr_0/inst/u_top_system/u_dsp_chain/u_agg/calc_k_reg[0]/C
                            (rising edge-triggered cell FDRE clocked by clk_fpga_0  {rise@0.000ns fall@25.000ns period=50.000ns})
  Destination:            zedboard_pnyq_ssr_i/top_ssr_0/inst/u_top_system/u_dsp_chain/u_agg/feat_mem_reg[4][15]/D
                            (rising edge-triggered cell FDRE clocked by clk_fpga_0  {rise@0.000ns fall@25.000ns period=50.000ns})
  Path Group:             clk_fpga_0
  Path Type:              Setup (Max at Slow Process Corner)
  Requirement:            50.000ns  (clk_fpga_0 rise@50.000ns - clk_fpga_0 rise@0.000ns)
  Data Path Delay:        27.628ns  (logic 11.055ns (40.014%)  route 16.573ns (59.986%))
  Logic Levels:           42  (CARRY4=26 LUT1=1 LUT2=1 LUT3=5 LUT4=4 LUT5=2 LUT6=3)
  Clock Path Skew:        -0.127ns (DCD - SCD + CPR)
    Destination Clock Delay (DCD):    2.882ns = ( 52.882 - 50.000 ) 
    Source Clock Delay      (SCD):    3.256ns
    Clock Pessimism Removal (CPR):    0.247ns
  Clock Uncertainty:      0.751ns  ((TSJ^2 + TIJ^2)^1/2 + DJ) / 2 + PE
    Total System Jitter     (TSJ):    0.071ns
    Total Input Jitter      (TIJ):    1.500ns
    Discrete Jitter          (DJ):    0.000ns
    Phase Error              (PE):    0.000ns

    Location             Delay type                Incr(ns)  Path(ns)    Netlist Resource(s)
  -------------------------------------------------------------------    -------------------
                         (clock clk_fpga_0 rise edge)
                                                      0.000     0.000 r  
    PS7_X0Y0             PS7                          0.000     0.000 r  zedboard_pnyq_ssr_i/processing_system7_0/inst/PS7_i/FCLKCLK[0]
                         net (fo=1, routed)           1.193     1.193    zedboard_pnyq_ssr_i/processing_system7_0/inst/FCLK_CLK_unbuffered[0]
    BUFGCTRL_X0Y16       BUFG (Prop_bufg_I_O)         0.101     1.294 r  zedboard_pnyq_ssr_i/processing_system7_0/inst/buffer_fclk_clk_0.FCLK_CLK_0_BUFG/O
                         net (fo=21462, routed)       1.962     3.256    zedboard_pnyq_ssr_i/top_ssr_0/inst/u_top_system/u_dsp_chain/u_agg/s00_axi_aclk
    SLICE_X94Y121        FDRE                                         r  zedboard_pnyq_ssr_i/top_ssr_0/inst/u_top_system/u_dsp_chain/u_agg/calc_k_reg[0]/C
  -------------------------------------------------------------------    -------------------
    SLICE_X94Y121        FDRE (Prop_fdre_C_Q)         0.518     3.774 r  zedboard_pnyq_ssr_i/top_ssr_0/inst/u_top_system/u_dsp_chain/u_agg/calc_k_reg[0]/Q
                         net (fo=310, routed)         2.355     6.129    zedboard_pnyq_ssr_i/top_ssr_0/inst/u_top_system/u_dsp_chain/u_agg/sel0[0]
    SLICE_X111Y96        LUT6 (Prop_lut6_I4_O)        0.124     6.253 f  zedboard_pnyq_ssr_i/top_ssr_0/inst/u_top_system/u_dsp_chain/u_agg/suma_sq0_i_100/O
                         net (fo=1, routed)           0.666     6.919    zedboard_pnyq_ssr_i/top_ssr_0/inst/u_top_system/u_dsp_chain/u_agg/suma_sq0_i_100_n_0
    SLICE_X108Y96        LUT6 (Prop_lut6_I1_O)        0.124     7.043 f  zedboard_pnyq_ssr_i/top_ssr_0/inst/u_top_system/u_dsp_chain/u_agg/suma_sq0_i_31/O
                         net (fo=7, routed)           1.085     8.128    zedboard_pnyq_ssr_i/top_ssr_0/inst/u_top_system/u_dsp_chain/u_agg/suma_sq0_i_31_n_0
    SLICE_X103Y102       LUT1 (Prop_lut1_I0_O)        0.124     8.252 r  zedboard_pnyq_ssr_i/top_ssr_0/inst/u_top_system/u_dsp_chain/u_agg/feat_mem[12][3]_i_159/O
                         net (fo=1, routed)           0.000     8.252    zedboard_pnyq_ssr_i/top_ssr_0/inst/u_top_system/u_dsp_chain/u_agg/feat_mem[12][3]_i_159_n_0
    SLICE_X103Y102       CARRY4 (Prop_carry4_S[0]_CO[3])
                                                      0.532     8.784 r  zedboard_pnyq_ssr_i/top_ssr_0/inst/u_top_system/u_dsp_chain/u_agg/feat_mem_reg[12][3]_i_134/CO[3]
                         net (fo=1, routed)           0.000     8.784    zedboard_pnyq_ssr_i/top_ssr_0/inst/u_top_system/u_dsp_chain/u_agg/feat_mem_reg[12][3]_i_134_n_0
    SLICE_X103Y103       CARRY4 (Prop_carry4_CI_CO[3])
                                                      0.114     8.898 r  zedboard_pnyq_ssr_i/top_ssr_0/inst/u_top_system/u_dsp_chain/u_agg/feat_mem_reg[12][3]_i_105/CO[3]
                         net (fo=1, routed)           0.000     8.898    zedboard_pnyq_ssr_i/top_ssr_0/inst/u_top_system/u_dsp_chain/u_agg/feat_mem_reg[12][3]_i_105_n_0
    SLICE_X103Y104       CARRY4 (Prop_carry4_CI_CO[3])
                                                      0.114     9.012 r  zedboard_pnyq_ssr_i/top_ssr_0/inst/u_top_system/u_dsp_chain/u_agg/feat_mem_reg[12][3]_i_74/CO[3]
                         net (fo=1, routed)           0.000     9.012    zedboard_pnyq_ssr_i/top_ssr_0/inst/u_top_system/u_dsp_chain/u_agg/feat_mem_reg[12][3]_i_74_n_0
    SLICE_X103Y105       CARRY4 (Prop_carry4_CI_CO[3])
                                                      0.114     9.126 r  zedboard_pnyq_ssr_i/top_ssr_0/inst/u_top_system/u_dsp_chain/u_agg/feat_mem_reg[12][3]_i_49/CO[3]
                         net (fo=1, routed)           0.000     9.126    zedboard_pnyq_ssr_i/top_ssr_0/inst/u_top_system/u_dsp_chain/u_agg/feat_mem_reg[12][3]_i_49_n_0
    SLICE_X103Y106       CARRY4 (Prop_carry4_CI_CO[3])
                                                      0.114     9.240 r  zedboard_pnyq_ssr_i/top_ssr_0/inst/u_top_system/u_dsp_chain/u_agg/feat_mem_reg[12][7]_i_15/CO[3]
                         net (fo=1, routed)           0.000     9.240    zedboard_pnyq_ssr_i/top_ssr_0/inst/u_top_system/u_dsp_chain/u_agg/feat_mem_reg[12][7]_i_15_n_0
    SLICE_X103Y107       CARRY4 (Prop_carry4_CI_O[1])
                                                      0.334     9.574 r  zedboard_pnyq_ssr_i/top_ssr_0/inst/u_top_system/u_dsp_chain/u_agg/feat_mem_reg[12][15]_i_39/O[1]
                         net (fo=1, routed)           1.112    10.686    zedboard_pnyq_ssr_i/top_ssr_0/inst/u_top_system/u_dsp_chain/u_agg/feat_mem_reg[12][15]_i_39_n_6
    SLICE_X102Y104       LUT3 (Prop_lut3_I0_O)        0.332    11.018 f  zedboard_pnyq_ssr_i/top_ssr_0/inst/u_top_system/u_dsp_chain/u_agg/feat_mem[12][7]_i_11/O
                         net (fo=21, routed)          1.289    12.307    zedboard_pnyq_ssr_i/top_ssr_0/inst/u_top_system/u_dsp_chain/u_agg/feat_mem[12][7]_i_11_n_0
    SLICE_X111Y108       LUT3 (Prop_lut3_I0_O)        0.331    12.638 r  zedboard_pnyq_ssr_i/top_ssr_0/inst/u_top_system/u_dsp_chain/u_agg/feat_mem[12][3]_i_167/O
                         net (fo=2, routed)           0.935    13.573    zedboard_pnyq_ssr_i/top_ssr_0/inst/u_top_system/u_dsp_chain/u_agg/feat_mem[12][3]_i_167_n_0
    SLICE_X104Y108       LUT4 (Prop_lut4_I3_O)        0.124    13.697 r  zedboard_pnyq_ssr_i/top_ssr_0/inst/u_top_system/u_dsp_chain/u_agg/feat_mem[12][3]_i_171/O
                         net (fo=1, routed)           0.000    13.697    zedboard_pnyq_ssr_i/top_ssr_0/inst/u_top_system/u_dsp_chain/u_agg/feat_mem[12][3]_i_171_n_0
    SLICE_X104Y108       CARRY4 (Prop_carry4_S[3]_CO[3])
                                                      0.376    14.073 r  zedboard_pnyq_ssr_i/top_ssr_0/inst/u_top_system/u_dsp_chain/u_agg/feat_mem_reg[12][3]_i_147/CO[3]
                         net (fo=1, routed)           0.000    14.073    zedboard_pnyq_ssr_i/top_ssr_0/inst/u_top_system/u_dsp_chain/u_agg/feat_mem_reg[12][3]_i_147_n_0
    SLICE_X104Y109       CARRY4 (Prop_carry4_CI_CO[3])
                                                      0.117    14.190 r  zedboard_pnyq_ssr_i/top_ssr_0/inst/u_top_system/u_dsp_chain/u_agg/feat_mem_reg[12][3]_i_119/CO[3]
                         net (fo=1, routed)           0.000    14.190    zedboard_pnyq_ssr_i/top_ssr_0/inst/u_top_system/u_dsp_chain/u_agg/feat_mem_reg[12][3]_i_119_n_0
    SLICE_X104Y110       CARRY4 (Prop_carry4_CI_O[1])
                                                      0.323    14.513 r  zedboard_pnyq_ssr_i/top_ssr_0/inst/u_top_system/u_dsp_chain/u_agg/feat_mem_reg[12][3]_i_88/O[1]
                         net (fo=3, routed)           1.181    15.694    zedboard_pnyq_ssr_i/top_ssr_0/inst/u_top_system/u_dsp_chain/u_agg/feat_mem_reg[12][3]_i_88_n_6
    SLICE_X106Y109       LUT3 (Prop_lut3_I2_O)        0.332    16.026 f  zedboard_pnyq_ssr_i/top_ssr_0/inst/u_top_system/u_dsp_chain/u_agg/feat_mem[12][3]_i_96/O
                         net (fo=2, routed)           0.444    16.470    zedboard_pnyq_ssr_i/top_ssr_0/inst/u_top_system/u_dsp_chain/u_agg/feat_mem[12][3]_i_96_n_0
    SLICE_X106Y108       LUT5 (Prop_lut5_I3_O)        0.326    16.796 r  zedboard_pnyq_ssr_i/top_ssr_0/inst/u_top_system/u_dsp_chain/u_agg/feat_mem[12][3]_i_54/O
                         net (fo=2, routed)           0.541    17.337    zedboard_pnyq_ssr_i/top_ssr_0/inst/u_top_system/u_dsp_chain/u_agg/feat_mem[12][3]_i_54_n_0
    SLICE_X105Y109       LUT6 (Prop_lut6_I0_O)        0.124    17.461 r  zedboard_pnyq_ssr_i/top_ssr_0/inst/u_top_system/u_dsp_chain/u_agg/feat_mem[12][3]_i_58/O
                         net (fo=1, routed)           0.000    17.461    zedboard_pnyq_ssr_i/top_ssr_0/inst/u_top_system/u_dsp_chain/u_agg/feat_mem[12][3]_i_58_n_0
    SLICE_X105Y109       CARRY4 (Prop_carry4_S[0]_CO[3])
                                                      0.532    17.993 r  zedboard_pnyq_ssr_i/top_ssr_0/inst/u_top_system/u_dsp_chain/u_agg/feat_mem_reg[12][3]_i_29/CO[3]
                         net (fo=1, routed)           0.000    17.993    zedboard_pnyq_ssr_i/top_ssr_0/inst/u_top_system/u_dsp_chain/u_agg/feat_mem_reg[12][3]_i_29_n_0
    SLICE_X105Y110       CARRY4 (Prop_carry4_CI_O[0])
                                                      0.222    18.215 r  zedboard_pnyq_ssr_i/top_ssr_0/inst/u_top_system/u_dsp_chain/u_agg/feat_mem_reg[12][3]_i_12/O[0]
                         net (fo=10, routed)          1.031    19.246    zedboard_pnyq_ssr_i/top_ssr_0/inst_n_11
    SLICE_X111Y110       LUT2 (Prop_lut2_I0_O)        0.299    19.545 r  zedboard_pnyq_ssr_i/top_ssr_0/feat_mem[12][15]_i_183/O
                         net (fo=1, routed)           0.000    19.545    zedboard_pnyq_ssr_i/top_ssr_0/feat_mem[12][15]_i_183_n_0
    SLICE_X111Y110       CARRY4 (Prop_carry4_S[1]_O[3])
                                                      0.640    20.185 r  zedboard_pnyq_ssr_i/top_ssr_0/feat_mem_reg[12][15]_i_168/O[3]
                         net (fo=2, routed)           0.562    20.748    zedboard_pnyq_ssr_i/top_ssr_0/feat_mem_reg[12][15]_i_168_n_4
    SLICE_X107Y110       LUT3 (Prop_lut3_I1_O)        0.306    21.054 r  zedboard_pnyq_ssr_i/top_ssr_0/feat_mem[12][15]_i_141/O
                         net (fo=2, routed)           0.552    21.606    zedboard_pnyq_ssr_i/top_ssr_0/feat_mem[12][15]_i_141_n_0
    SLICE_X109Y110       LUT4 (Prop_lut4_I3_O)        0.124    21.730 r  zedboard_pnyq_ssr_i/top_ssr_0/feat_mem[12][15]_i_145/O
                         net (fo=1, routed)           0.000    21.730    zedboard_pnyq_ssr_i/top_ssr_0/feat_mem[12][15]_i_145_n_0
    SLICE_X109Y110       CARRY4 (Prop_carry4_S[1]_CO[3])
                                                      0.550    22.280 r  zedboard_pnyq_ssr_i/top_ssr_0/feat_mem_reg[12][15]_i_115/CO[3]
                         net (fo=1, routed)           0.000    22.280    zedboard_pnyq_ssr_i/top_ssr_0/feat_mem_reg[12][15]_i_115_n_0
    SLICE_X109Y111       CARRY4 (Prop_carry4_CI_O[1])
                                                      0.334    22.614 r  zedboard_pnyq_ssr_i/top_ssr_0/feat_mem_reg[12][15]_i_92/O[1]
                         net (fo=3, routed)           0.676    23.289    zedboard_pnyq_ssr_i/top_ssr_0/inst/u_top_system/u_dsp_chain/u_agg/feat_mem_reg[12][15]_i_83_0[1]
    SLICE_X108Y111       LUT4 (Prop_lut4_I3_O)        0.303    23.592 r  zedboard_pnyq_ssr_i/top_ssr_0/inst/u_top_system/u_dsp_chain/u_agg/feat_mem[12][15]_i_114/O
                         net (fo=1, routed)           0.000    23.592    zedboard_pnyq_ssr_i/top_ssr_0/inst/u_top_system/u_dsp_chain/u_agg/feat_mem[12][15]_i_114_n_0
    SLICE_X108Y111       CARRY4 (Prop_carry4_S[0]_CO[3])
                                                      0.513    24.105 r  zedboard_pnyq_ssr_i/top_ssr_0/inst/u_top_system/u_dsp_chain/u_agg/feat_mem_reg[12][15]_i_83/CO[3]
                         net (fo=1, routed)           0.000    24.105    zedboard_pnyq_ssr_i/top_ssr_0/inst/u_top_system/u_dsp_chain/u_agg/feat_mem_reg[12][15]_i_83_n_0
    SLICE_X108Y112       CARRY4 (Prop_carry4_CI_CO[3])
                                                      0.117    24.222 r  zedboard_pnyq_ssr_i/top_ssr_0/inst/u_top_system/u_dsp_chain/u_agg/feat_mem_reg[12][15]_i_55/CO[3]
                         net (fo=1, routed)           0.000    24.222    zedboard_pnyq_ssr_i/top_ssr_0/inst/u_top_system/u_dsp_chain/u_agg/feat_mem_reg[12][15]_i_55_n_0
    SLICE_X108Y113       CARRY4 (Prop_carry4_CI_CO[3])
                                                      0.117    24.339 r  zedboard_pnyq_ssr_i/top_ssr_0/inst/u_top_system/u_dsp_chain/u_agg/feat_mem_reg[12][15]_i_30/CO[3]
                         net (fo=1, routed)           0.000    24.339    zedboard_pnyq_ssr_i/top_ssr_0/inst/u_top_system/u_dsp_chain/u_agg/feat_mem_reg[12][15]_i_30_n_0
    SLICE_X108Y114       CARRY4 (Prop_carry4_CI_CO[3])
                                                      0.117    24.456 r  zedboard_pnyq_ssr_i/top_ssr_0/inst/u_top_system/u_dsp_chain/u_agg/feat_mem_reg[12][15]_i_15/CO[3]
                         net (fo=1, routed)           0.000    24.456    zedboard_pnyq_ssr_i/top_ssr_0/inst/u_top_system/u_dsp_chain/u_agg/feat_mem_reg[12][15]_i_15_n_0
    SLICE_X108Y115       CARRY4 (Prop_carry4_CI_CO[1])
                                                      0.157    24.613 r  zedboard_pnyq_ssr_i/top_ssr_0/inst/u_top_system/u_dsp_chain/u_agg/feat_mem_reg[12][15]_i_10/CO[1]
                         net (fo=1, routed)           0.310    24.924    zedboard_pnyq_ssr_i/top_ssr_0/inst/u_top_system/u_dsp_chain/u_agg/feat_mem_reg[12][15]_i_10_n_2
    SLICE_X108Y116       LUT4 (Prop_lut4_I0_O)        0.332    25.256 r  zedboard_pnyq_ssr_i/top_ssr_0/inst/u_top_system/u_dsp_chain/u_agg/feat_mem[12][15]_i_4/O
                         net (fo=42, routed)          0.870    26.126    zedboard_pnyq_ssr_i/top_ssr_0/inst/u_top_system/u_dsp_chain/u_agg/feat_mem[12][15]_i_4_n_0
    SLICE_X113Y112       LUT3 (Prop_lut3_I1_O)        0.124    26.250 r  zedboard_pnyq_ssr_i/top_ssr_0/inst/u_top_system/u_dsp_chain/u_agg/feat_mem[12][2]_i_13/O
                         net (fo=1, routed)           0.610    26.860    zedboard_pnyq_ssr_i/top_ssr_0/inst/u_top_system/u_dsp_chain/u_agg/feat_mem[12][2]_i_13_n_0
    SLICE_X110Y112       CARRY4 (Prop_carry4_CYINIT_CO[3])
                                                      0.580    27.440 r  zedboard_pnyq_ssr_i/top_ssr_0/inst/u_top_system/u_dsp_chain/u_agg/feat_mem_reg[12][2]_i_8/CO[3]
                         net (fo=1, routed)           0.000    27.440    zedboard_pnyq_ssr_i/top_ssr_0/inst/u_top_system/u_dsp_chain/u_agg/feat_mem_reg[12][2]_i_8_n_0
    SLICE_X110Y113       CARRY4 (Prop_carry4_CI_CO[3])
                                                      0.114    27.554 r  zedboard_pnyq_ssr_i/top_ssr_0/inst/u_top_system/u_dsp_chain/u_agg/feat_mem_reg[12][2]_i_3/CO[3]
                         net (fo=1, routed)           0.000    27.554    zedboard_pnyq_ssr_i/top_ssr_0/inst/u_top_system/u_dsp_chain/u_agg/feat_mem_reg[12][2]_i_3_n_0
    SLICE_X110Y114       CARRY4 (Prop_carry4_CI_CO[3])
                                                      0.114    27.668 r  zedboard_pnyq_ssr_i/top_ssr_0/inst/u_top_system/u_dsp_chain/u_agg/feat_mem_reg[12][2]_i_2/CO[3]
                         net (fo=1, routed)           0.000    27.668    zedboard_pnyq_ssr_i/top_ssr_0/inst/u_top_system/u_dsp_chain/u_agg/feat_mem_reg[12][2]_i_2_n_0
    SLICE_X110Y115       CARRY4 (Prop_carry4_CI_CO[3])
                                                      0.114    27.782 r  zedboard_pnyq_ssr_i/top_ssr_0/inst/u_top_system/u_dsp_chain/u_agg/feat_mem_reg[12][6]_i_2/CO[3]
                         net (fo=1, routed)           0.000    27.782    zedboard_pnyq_ssr_i/top_ssr_0/inst/u_top_system/u_dsp_chain/u_agg/feat_mem_reg[12][6]_i_2_n_0
    SLICE_X110Y116       CARRY4 (Prop_carry4_CI_CO[3])
                                                      0.114    27.896 r  zedboard_pnyq_ssr_i/top_ssr_0/inst/u_top_system/u_dsp_chain/u_agg/feat_mem_reg[12][10]_i_2/CO[3]
                         net (fo=1, routed)           0.000    27.896    zedboard_pnyq_ssr_i/top_ssr_0/inst/u_top_system/u_dsp_chain/u_agg/feat_mem_reg[12][10]_i_2_n_0
    SLICE_X110Y117       CARRY4 (Prop_carry4_CI_CO[3])
                                                      0.114    28.010 r  zedboard_pnyq_ssr_i/top_ssr_0/inst/u_top_system/u_dsp_chain/u_agg/feat_mem_reg[12][14]_i_2/CO[3]
                         net (fo=1, routed)           0.000    28.010    zedboard_pnyq_ssr_i/top_ssr_0/inst/u_top_system/u_dsp_chain/u_agg/feat_mem_reg[12][14]_i_2_n_0
    SLICE_X110Y118       CARRY4 (Prop_carry4_CI_O[0])
                                                      0.222    28.232 r  zedboard_pnyq_ssr_i/top_ssr_0/inst/u_top_system/u_dsp_chain/u_agg/feat_mem_reg[12][15]_i_2/O[0]
                         net (fo=1, routed)           0.624    28.856    zedboard_pnyq_ssr_i/top_ssr_0/inst/u_top_system/u_dsp_chain/u_agg/feat_mem_reg[12][15]_i_2_n_7
    SLICE_X111Y118       LUT5 (Prop_lut5_I1_O)        0.299    29.155 r  zedboard_pnyq_ssr_i/top_ssr_0/inst/u_top_system/u_dsp_chain/u_agg/feat_mem[12][15]_i_1/O
                         net (fo=16, routed)          1.729    30.884    zedboard_pnyq_ssr_i/top_ssr_0/inst/u_top_system/u_dsp_chain/u_agg/p_1_in[15]
    SLICE_X85Y124        FDRE                                         r  zedboard_pnyq_ssr_i/top_ssr_0/inst/u_top_system/u_dsp_chain/u_agg/feat_mem_reg[4][15]/D
  -------------------------------------------------------------------    -------------------

                         (clock clk_fpga_0 rise edge)
                                                     50.000    50.000 r  
    PS7_X0Y0             PS7                          0.000    50.000 r  zedboard_pnyq_ssr_i/processing_system7_0/inst/PS7_i/FCLKCLK[0]
                         net (fo=1, routed)           1.088    51.088    zedboard_pnyq_ssr_i/processing_system7_0/inst/FCLK_CLK_unbuffered[0]
    BUFGCTRL_X0Y16       BUFG (Prop_bufg_I_O)         0.091    51.179 r  zedboard_pnyq_ssr_i/processing_system7_0/inst/buffer_fclk_clk_0.FCLK_CLK_0_BUFG/O
                         net (fo=21462, routed)       1.703    52.882    zedboard_pnyq_ssr_i/top_ssr_0/inst/u_top_system/u_dsp_chain/u_agg/s00_axi_aclk
    SLICE_X85Y124        FDRE                                         r  zedboard_pnyq_ssr_i/top_ssr_0/inst/u_top_system/u_dsp_chain/u_agg/feat_mem_reg[4][15]/C
                         clock pessimism              0.247    53.129    
                         clock uncertainty           -0.751    52.378    
    SLICE_X85Y124        FDRE (Setup_fdre_C_D)       -0.072    52.306    zedboard_pnyq_ssr_i/top_ssr_0/inst/u_top_system/u_dsp_chain/u_agg/feat_mem_reg[4][15]
  -------------------------------------------------------------------
                         required time                         52.306    
                         arrival time                         -30.884    
  -------------------------------------------------------------------
                         slack                                 21.423    

Slack (MET) :             21.450ns  (required time - arrival time)
  Source:                 zedboard_pnyq_ssr_i/top_ssr_0/inst/u_top_system/u_dsp_chain/u_agg/calc_k_reg[0]/C
                            (rising edge-triggered cell FDRE clocked by clk_fpga_0  {rise@0.000ns fall@25.000ns period=50.000ns})
  Destination:            zedboard_pnyq_ssr_i/top_ssr_0/inst/u_top_system/u_dsp_chain/u_agg/feat_mem_reg[0][15]/D
                            (rising edge-triggered cell FDRE clocked by clk_fpga_0  {rise@0.000ns fall@25.000ns period=50.000ns})
  Path Group:             clk_fpga_0
  Path Type:              Setup (Max at Slow Process Corner)
  Requirement:            50.000ns  (clk_fpga_0 rise@50.000ns - clk_fpga_0 rise@0.000ns)
  Data Path Delay:        27.605ns  (logic 11.055ns (40.047%)  route 16.550ns (59.953%))
  Logic Levels:           42  (CARRY4=26 LUT1=1 LUT2=1 LUT3=5 LUT4=4 LUT5=2 LUT6=3)
  Clock Path Skew:        -0.127ns (DCD - SCD + CPR)
    Destination Clock Delay (DCD):    2.882ns = ( 52.882 - 50.000 ) 
    Source Clock Delay      (SCD):    3.256ns
    Clock Pessimism Removal (CPR):    0.247ns
  Clock Uncertainty:      0.751ns  ((TSJ^2 + TIJ^2)^1/2 + DJ) / 2 + PE
    Total System Jitter     (TSJ):    0.071ns
    Total Input Jitter      (TIJ):    1.500ns
    Discrete Jitter          (DJ):    0.000ns
    Phase Error              (PE):    0.000ns

    Location             Delay type                Incr(ns)  Path(ns)    Netlist Resource(s)
  -------------------------------------------------------------------    -------------------
                         (clock clk_fpga_0 rise edge)
                                                      0.000     0.000 r  
    PS7_X0Y0             PS7                          0.000     0.000 r  zedboard_pnyq_ssr_i/processing_system7_0/inst/PS7_i/FCLKCLK[0]
                         net (fo=1, routed)           1.193     1.193    zedboard_pnyq_ssr_i/processing_system7_0/inst/FCLK_CLK_unbuffered[0]
    BUFGCTRL_X0Y16       BUFG (Prop_bufg_I_O)         0.101     1.294 r  zedboard_pnyq_ssr_i/processing_system7_0/inst/buffer_fclk_clk_0.FCLK_CLK_0_BUFG/O
                         net (fo=21462, routed)       1.962     3.256    zedboard_pnyq_ssr_i/top_ssr_0/inst/u_top_system/u_dsp_chain/u_agg/s00_axi_aclk
    SLICE_X94Y121        FDRE                                         r  zedboard_pnyq_ssr_i/top_ssr_0/inst/u_top_system/u_dsp_chain/u_agg/calc_k_reg[0]/C
  -------------------------------------------------------------------    -------------------
    SLICE_X94Y121        FDRE (Prop_fdre_C_Q)         0.518     3.774 r  zedboard_pnyq_ssr_i/top_ssr_0/inst/u_top_system/u_dsp_chain/u_agg/calc_k_reg[0]/Q
                         net (fo=310, routed)         2.355     6.129    zedboard_pnyq_ssr_i/top_ssr_0/inst/u_top_system/u_dsp_chain/u_agg/sel0[0]
    SLICE_X111Y96        LUT6 (Prop_lut6_I4_O)        0.124     6.253 f  zedboard_pnyq_ssr_i/top_ssr_0/inst/u_top_system/u_dsp_chain/u_agg/suma_sq0_i_100/O
                         net (fo=1, routed)           0.666     6.919    zedboard_pnyq_ssr_i/top_ssr_0/inst/u_top_system/u_dsp_chain/u_agg/suma_sq0_i_100_n_0
    SLICE_X108Y96        LUT6 (Prop_lut6_I1_O)        0.124     7.043 f  zedboard_pnyq_ssr_i/top_ssr_0/inst/u_top_system/u_dsp_chain/u_agg/suma_sq0_i_31/O
                         net (fo=7, routed)           1.085     8.128    zedboard_pnyq_ssr_i/top_ssr_0/inst/u_top_system/u_dsp_chain/u_agg/suma_sq0_i_31_n_0
    SLICE_X103Y102       LUT1 (Prop_lut1_I0_O)        0.124     8.252 r  zedboard_pnyq_ssr_i/top_ssr_0/inst/u_top_system/u_dsp_chain/u_agg/feat_mem[12][3]_i_159/O
                         net (fo=1, routed)           0.000     8.252    zedboard_pnyq_ssr_i/top_ssr_0/inst/u_top_system/u_dsp_chain/u_agg/feat_mem[12][3]_i_159_n_0
    SLICE_X103Y102       CARRY4 (Prop_carry4_S[0]_CO[3])
                                                      0.532     8.784 r  zedboard_pnyq_ssr_i/top_ssr_0/inst/u_top_system/u_dsp_chain/u_agg/feat_mem_reg[12][3]_i_134/CO[3]
                         net (fo=1, routed)           0.000     8.784    zedboard_pnyq_ssr_i/top_ssr_0/inst/u_top_system/u_dsp_chain/u_agg/feat_mem_reg[12][3]_i_134_n_0
    SLICE_X103Y103       CARRY4 (Prop_carry4_CI_CO[3])
                                                      0.114     8.898 r  zedboard_pnyq_ssr_i/top_ssr_0/inst/u_top_system/u_dsp_chain/u_agg/feat_mem_reg[12][3]_i_105/CO[3]
                         net (fo=1, routed)           0.000     8.898    zedboard_pnyq_ssr_i/top_ssr_0/inst/u_top_system/u_dsp_chain/u_agg/feat_mem_reg[12][3]_i_105_n_0
    SLICE_X103Y104       CARRY4 (Prop_carry4_CI_CO[3])
                                                      0.114     9.012 r  zedboard_pnyq_ssr_i/top_ssr_0/inst/u_top_system/u_dsp_chain/u_agg/feat_mem_reg[12][3]_i_74/CO[3]
                         net (fo=1, routed)           0.000     9.012    zedboard_pnyq_ssr_i/top_ssr_0/inst/u_top_system/u_dsp_chain/u_agg/feat_mem_reg[12][3]_i_74_n_0
    SLICE_X103Y105       CARRY4 (Prop_carry4_CI_CO[3])
                                                      0.114     9.126 r  zedboard_pnyq_ssr_i/top_ssr_0/inst/u_top_system/u_dsp_chain/u_agg/feat_mem_reg[12][3]_i_49/CO[3]
                         net (fo=1, routed)           0.000     9.126    zedboard_pnyq_ssr_i/top_ssr_0/inst/u_top_system/u_dsp_chain/u_agg/feat_mem_reg[12][3]_i_49_n_0
    SLICE_X103Y106       CARRY4 (Prop_carry4_CI_CO[3])
                                                      0.114     9.240 r  zedboard_pnyq_ssr_i/top_ssr_0/inst/u_top_system/u_dsp_chain/u_agg/feat_mem_reg[12][7]_i_15/CO[3]
                         net (fo=1, routed)           0.000     9.240    zedboard_pnyq_ssr_i/top_ssr_0/inst/u_top_system/u_dsp_chain/u_agg/feat_mem_reg[12][7]_i_15_n_0
    SLICE_X103Y107       CARRY4 (Prop_carry4_CI_O[1])
                                                      0.334     9.574 r  zedboard_pnyq_ssr_i/top_ssr_0/inst/u_top_system/u_dsp_chain/u_agg/feat_mem_reg[12][15]_i_39/O[1]
                         net (fo=1, routed)           1.112    10.686    zedboard_pnyq_ssr_i/top_ssr_0/inst/u_top_system/u_dsp_chain/u_agg/feat_mem_reg[12][15]_i_39_n_6
    SLICE_X102Y104       LUT3 (Prop_lut3_I0_O)        0.332    11.018 f  zedboard_pnyq_ssr_i/top_ssr_0/inst/u_top_system/u_dsp_chain/u_agg/feat_mem[12][7]_i_11/O
                         net (fo=21, routed)          1.289    12.307    zedboard_pnyq_ssr_i/top_ssr_0/inst/u_top_system/u_dsp_chain/u_agg/feat_mem[12][7]_i_11_n_0
    SLICE_X111Y108       LUT3 (Prop_lut3_I0_O)        0.331    12.638 r  zedboard_pnyq_ssr_i/top_ssr_0/inst/u_top_system/u_dsp_chain/u_agg/feat_mem[12][3]_i_167/O
                         net (fo=2, routed)           0.935    13.573    zedboard_pnyq_ssr_i/top_ssr_0/inst/u_top_system/u_dsp_chain/u_agg/feat_mem[12][3]_i_167_n_0
    SLICE_X104Y108       LUT4 (Prop_lut4_I3_O)        0.124    13.697 r  zedboard_pnyq_ssr_i/top_ssr_0/inst/u_top_system/u_dsp_chain/u_agg/feat_mem[12][3]_i_171/O
                         net (fo=1, routed)           0.000    13.697    zedboard_pnyq_ssr_i/top_ssr_0/inst/u_top_system/u_dsp_chain/u_agg/feat_mem[12][3]_i_171_n_0
    SLICE_X104Y108       CARRY4 (Prop_carry4_S[3]_CO[3])
                                                      0.376    14.073 r  zedboard_pnyq_ssr_i/top_ssr_0/inst/u_top_system/u_dsp_chain/u_agg/feat_mem_reg[12][3]_i_147/CO[3]
                         net (fo=1, routed)           0.000    14.073    zedboard_pnyq_ssr_i/top_ssr_0/inst/u_top_system/u_dsp_chain/u_agg/feat_mem_reg[12][3]_i_147_n_0
    SLICE_X104Y109       CARRY4 (Prop_carry4_CI_CO[3])
                                                      0.117    14.190 r  zedboard_pnyq_ssr_i/top_ssr_0/inst/u_top_system/u_dsp_chain/u_agg/feat_mem_reg[12][3]_i_119/CO[3]
                         net (fo=1, routed)           0.000    14.190    zedboard_pnyq_ssr_i/top_ssr_0/inst/u_top_system/u_dsp_chain/u_agg/feat_mem_reg[12][3]_i_119_n_0
    SLICE_X104Y110       CARRY4 (Prop_carry4_CI_O[1])
                                                      0.323    14.513 r  zedboard_pnyq_ssr_i/top_ssr_0/inst/u_top_system/u_dsp_chain/u_agg/feat_mem_reg[12][3]_i_88/O[1]
                         net (fo=3, routed)           1.181    15.694    zedboard_pnyq_ssr_i/top_ssr_0/inst/u_top_system/u_dsp_chain/u_agg/feat_mem_reg[12][3]_i_88_n_6
    SLICE_X106Y109       LUT3 (Prop_lut3_I2_O)        0.332    16.026 f  zedboard_pnyq_ssr_i/top_ssr_0/inst/u_top_system/u_dsp_chain/u_agg/feat_mem[12][3]_i_96/O
                         net (fo=2, routed)           0.444    16.470    zedboard_pnyq_ssr_i/top_ssr_0/inst/u_top_system/u_dsp_chain/u_agg/feat_mem[12][3]_i_96_n_0
    SLICE_X106Y108       LUT5 (Prop_lut5_I3_O)        0.326    16.796 r  zedboard_pnyq_ssr_i/top_ssr_0/inst/u_top_system/u_dsp_chain/u_agg/feat_mem[12][3]_i_54/O
                         net (fo=2, routed)           0.541    17.337    zedboard_pnyq_ssr_i/top_ssr_0/inst/u_top_system/u_dsp_chain/u_agg/feat_mem[12][3]_i_54_n_0
    SLICE_X105Y109       LUT6 (Prop_lut6_I0_O)        0.124    17.461 r  zedboard_pnyq_ssr_i/top_ssr_0/inst/u_top_system/u_dsp_chain/u_agg/feat_mem[12][3]_i_58/O
                         net (fo=1, routed)           0.000    17.461    zedboard_pnyq_ssr_i/top_ssr_0/inst/u_top_system/u_dsp_chain/u_agg/feat_mem[12][3]_i_58_n_0
    SLICE_X105Y109       CARRY4 (Prop_carry4_S[0]_CO[3])
                                                      0.532    17.993 r  zedboard_pnyq_ssr_i/top_ssr_0/inst/u_top_system/u_dsp_chain/u_agg/feat_mem_reg[12][3]_i_29/CO[3]
                         net (fo=1, routed)           0.000    17.993    zedboard_pnyq_ssr_i/top_ssr_0/inst/u_top_system/u_dsp_chain/u_agg/feat_mem_reg[12][3]_i_29_n_0
    SLICE_X105Y110       CARRY4 (Prop_carry4_CI_O[0])
                                                      0.222    18.215 r  zedboard_pnyq_ssr_i/top_ssr_0/inst/u_top_system/u_dsp_chain/u_agg/feat_mem_reg[12][3]_i_12/O[0]
                         net (fo=10, routed)          1.031    19.246    zedboard_pnyq_ssr_i/top_ssr_0/inst_n_11
    SLICE_X111Y110       LUT2 (Prop_lut2_I0_O)        0.299    19.545 r  zedboard_pnyq_ssr_i/top_ssr_0/feat_mem[12][15]_i_183/O
                         net (fo=1, routed)           0.000    19.545    zedboard_pnyq_ssr_i/top_ssr_0/feat_mem[12][15]_i_183_n_0
    SLICE_X111Y110       CARRY4 (Prop_carry4_S[1]_O[3])
                                                      0.640    20.185 r  zedboard_pnyq_ssr_i/top_ssr_0/feat_mem_reg[12][15]_i_168/O[3]
                         net (fo=2, routed)           0.562    20.748    zedboard_pnyq_ssr_i/top_ssr_0/feat_mem_reg[12][15]_i_168_n_4
    SLICE_X107Y110       LUT3 (Prop_lut3_I1_O)        0.306    21.054 r  zedboard_pnyq_ssr_i/top_ssr_0/feat_mem[12][15]_i_141/O
                         net (fo=2, routed)           0.552    21.606    zedboard_pnyq_ssr_i/top_ssr_0/feat_mem[12][15]_i_141_n_0
    SLICE_X109Y110       LUT4 (Prop_lut4_I3_O)        0.124    21.730 r  zedboard_pnyq_ssr_i/top_ssr_0/feat_mem[12][15]_i_145/O
                         net (fo=1, routed)           0.000    21.730    zedboard_pnyq_ssr_i/top_ssr_0/feat_mem[12][15]_i_145_n_0
    SLICE_X109Y110       CARRY4 (Prop_carry4_S[1]_CO[3])
                                                      0.550    22.280 r  zedboard_pnyq_ssr_i/top_ssr_0/feat_mem_reg[12][15]_i_115/CO[3]
                         net (fo=1, routed)           0.000    22.280    zedboard_pnyq_ssr_i/top_ssr_0/feat_mem_reg[12][15]_i_115_n_0
    SLICE_X109Y111       CARRY4 (Prop_carry4_CI_O[1])
                                                      0.334    22.614 r  zedboard_pnyq_ssr_i/top_ssr_0/feat_mem_reg[12][15]_i_92/O[1]
                         net (fo=3, routed)           0.676    23.289    zedboard_pnyq_ssr_i/top_ssr_0/inst/u_top_system/u_dsp_chain/u_agg/feat_mem_reg[12][15]_i_83_0[1]
    SLICE_X108Y111       LUT4 (Prop_lut4_I3_O)        0.303    23.592 r  zedboard_pnyq_ssr_i/top_ssr_0/inst/u_top_system/u_dsp_chain/u_agg/feat_mem[12][15]_i_114/O
                         net (fo=1, routed)           0.000    23.592    zedboard_pnyq_ssr_i/top_ssr_0/inst/u_top_system/u_dsp_chain/u_agg/feat_mem[12][15]_i_114_n_0
    SLICE_X108Y111       CARRY4 (Prop_carry4_S[0]_CO[3])
                                                      0.513    24.105 r  zedboard_pnyq_ssr_i/top_ssr_0/inst/u_top_system/u_dsp_chain/u_agg/feat_mem_reg[12][15]_i_83/CO[3]
                         net (fo=1, routed)           0.000    24.105    zedboard_pnyq_ssr_i/top_ssr_0/inst/u_top_system/u_dsp_chain/u_agg/feat_mem_reg[12][15]_i_83_n_0
    SLICE_X108Y112       CARRY4 (Prop_carry4_CI_CO[3])
                                                      0.117    24.222 r  zedboard_pnyq_ssr_i/top_ssr_0/inst/u_top_system/u_dsp_chain/u_agg/feat_mem_reg[12][15]_i_55/CO[3]
                         net (fo=1, routed)           0.000    24.222    zedboard_pnyq_ssr_i/top_ssr_0/inst/u_top_system/u_dsp_chain/u_agg/feat_mem_reg[12][15]_i_55_n_0
    SLICE_X108Y113       CARRY4 (Prop_carry4_CI_CO[3])
                                                      0.117    24.339 r  zedboard_pnyq_ssr_i/top_ssr_0/inst/u_top_system/u_dsp_chain/u_agg/feat_mem_reg[12][15]_i_30/CO[3]
                         net (fo=1, routed)           0.000    24.339    zedboard_pnyq_ssr_i/top_ssr_0/inst/u_top_system/u_dsp_chain/u_agg/feat_mem_reg[12][15]_i_30_n_0
    SLICE_X108Y114       CARRY4 (Prop_carry4_CI_CO[3])
                                                      0.117    24.456 r  zedboard_pnyq_ssr_i/top_ssr_0/inst/u_top_system/u_dsp_chain/u_agg/feat_mem_reg[12][15]_i_15/CO[3]
                         net (fo=1, routed)           0.000    24.456    zedboard_pnyq_ssr_i/top_ssr_0/inst/u_top_system/u_dsp_chain/u_agg/feat_mem_reg[12][15]_i_15_n_0
    SLICE_X108Y115       CARRY4 (Prop_carry4_CI_CO[1])
                                                      0.157    24.613 r  zedboard_pnyq_ssr_i/top_ssr_0/inst/u_top_system/u_dsp_chain/u_agg/feat_mem_reg[12][15]_i_10/CO[1]
                         net (fo=1, routed)           0.310    24.924    zedboard_pnyq_ssr_i/top_ssr_0/inst/u_top_system/u_dsp_chain/u_agg/feat_mem_reg[12][15]_i_10_n_2
    SLICE_X108Y116       LUT4 (Prop_lut4_I0_O)        0.332    25.256 r  zedboard_pnyq_ssr_i/top_ssr_0/inst/u_top_system/u_dsp_chain/u_agg/feat_mem[12][15]_i_4/O
                         net (fo=42, routed)          0.870    26.126    zedboard_pnyq_ssr_i/top_ssr_0/inst/u_top_system/u_dsp_chain/u_agg/feat_mem[12][15]_i_4_n_0
    SLICE_X113Y112       LUT3 (Prop_lut3_I1_O)        0.124    26.250 r  zedboard_pnyq_ssr_i/top_ssr_0/inst/u_top_system/u_dsp_chain/u_agg/feat_mem[12][2]_i_13/O
                         net (fo=1, routed)           0.610    26.860    zedboard_pnyq_ssr_i/top_ssr_0/inst/u_top_system/u_dsp_chain/u_agg/feat_mem[12][2]_i_13_n_0
    SLICE_X110Y112       CARRY4 (Prop_carry4_CYINIT_CO[3])
                                                      0.580    27.440 r  zedboard_pnyq_ssr_i/top_ssr_0/inst/u_top_system/u_dsp_chain/u_agg/feat_mem_reg[12][2]_i_8/CO[3]
                         net (fo=1, routed)           0.000    27.440    zedboard_pnyq_ssr_i/top_ssr_0/inst/u_top_system/u_dsp_chain/u_agg/feat_mem_reg[12][2]_i_8_n_0
    SLICE_X110Y113       CARRY4 (Prop_carry4_CI_CO[3])
                                                      0.114    27.554 r  zedboard_pnyq_ssr_i/top_ssr_0/inst/u_top_system/u_dsp_chain/u_agg/feat_mem_reg[12][2]_i_3/CO[3]
                         net (fo=1, routed)           0.000    27.554    zedboard_pnyq_ssr_i/top_ssr_0/inst/u_top_system/u_dsp_chain/u_agg/feat_mem_reg[12][2]_i_3_n_0
    SLICE_X110Y114       CARRY4 (Prop_carry4_CI_CO[3])
                                                      0.114    27.668 r  zedboard_pnyq_ssr_i/top_ssr_0/inst/u_top_system/u_dsp_chain/u_agg/feat_mem_reg[12][2]_i_2/CO[3]
                         net (fo=1, routed)           0.000    27.668    zedboard_pnyq_ssr_i/top_ssr_0/inst/u_top_system/u_dsp_chain/u_agg/feat_mem_reg[12][2]_i_2_n_0
    SLICE_X110Y115       CARRY4 (Prop_carry4_CI_CO[3])
                                                      0.114    27.782 r  zedboard_pnyq_ssr_i/top_ssr_0/inst/u_top_system/u_dsp_chain/u_agg/feat_mem_reg[12][6]_i_2/CO[3]
                         net (fo=1, routed)           0.000    27.782    zedboard_pnyq_ssr_i/top_ssr_0/inst/u_top_system/u_dsp_chain/u_agg/feat_mem_reg[12][6]_i_2_n_0
    SLICE_X110Y116       CARRY4 (Prop_carry4_CI_CO[3])
                                                      0.114    27.896 r  zedboard_pnyq_ssr_i/top_ssr_0/inst/u_top_system/u_dsp_chain/u_agg/feat_mem_reg[12][10]_i_2/CO[3]
                         net (fo=1, routed)           0.000    27.896    zedboard_pnyq_ssr_i/top_ssr_0/inst/u_top_system/u_dsp_chain/u_agg/feat_mem_reg[12][10]_i_2_n_0
    SLICE_X110Y117       CARRY4 (Prop_carry4_CI_CO[3])
                                                      0.114    28.010 r  zedboard_pnyq_ssr_i/top_ssr_0/inst/u_top_system/u_dsp_chain/u_agg/feat_mem_reg[12][14]_i_2/CO[3]
                         net (fo=1, routed)           0.000    28.010    zedboard_pnyq_ssr_i/top_ssr_0/inst/u_top_system/u_dsp_chain/u_agg/feat_mem_reg[12][14]_i_2_n_0
    SLICE_X110Y118       CARRY4 (Prop_carry4_CI_O[0])
                                                      0.222    28.232 r  zedboard_pnyq_ssr_i/top_ssr_0/inst/u_top_system/u_dsp_chain/u_agg/feat_mem_reg[12][15]_i_2/O[0]
                         net (fo=1, routed)           0.624    28.856    zedboard_pnyq_ssr_i/top_ssr_0/inst/u_top_system/u_dsp_chain/u_agg/feat_mem_reg[12][15]_i_2_n_7
    SLICE_X111Y118       LUT5 (Prop_lut5_I1_O)        0.299    29.155 r  zedboard_pnyq_ssr_i/top_ssr_0/inst/u_top_system/u_dsp_chain/u_agg/feat_mem[12][15]_i_1/O
                         net (fo=16, routed)          1.706    30.861    zedboard_pnyq_ssr_i/top_ssr_0/inst/u_top_system/u_dsp_chain/u_agg/p_1_in[15]
    SLICE_X83Y124        FDRE                                         r  zedboard_pnyq_ssr_i/top_ssr_0/inst/u_top_system/u_dsp_chain/u_agg/feat_mem_reg[0][15]/D
  -------------------------------------------------------------------    -------------------

                         (clock clk_fpga_0 rise edge)
                                                     50.000    50.000 r  
    PS7_X0Y0             PS7                          0.000    50.000 r  zedboard_pnyq_ssr_i/processing_system7_0/inst/PS7_i/FCLKCLK[0]
                         net (fo=1, routed)           1.088    51.088    zedboard_pnyq_ssr_i/processing_system7_0/inst/FCLK_CLK_unbuffered[0]
    BUFGCTRL_X0Y16       BUFG (Prop_bufg_I_O)         0.091    51.179 r  zedboard_pnyq_ssr_i/processing_system7_0/inst/buffer_fclk_clk_0.FCLK_CLK_0_BUFG/O
                         net (fo=21462, routed)       1.703    52.882    zedboard_pnyq_ssr_i/top_ssr_0/inst/u_top_system/u_dsp_chain/u_agg/s00_axi_aclk
    SLICE_X83Y124        FDRE                                         r  zedboard_pnyq_ssr_i/top_ssr_0/inst/u_top_system/u_dsp_chain/u_agg/feat_mem_reg[0][15]/C
                         clock pessimism              0.247    53.129    
                         clock uncertainty           -0.751    52.378    
    SLICE_X83Y124        FDRE (Setup_fdre_C_D)       -0.067    52.311    zedboard_pnyq_ssr_i/top_ssr_0/inst/u_top_system/u_dsp_chain/u_agg/feat_mem_reg[0][15]
  -------------------------------------------------------------------
                         required time                         52.311    
                         arrival time                         -30.861    
  -------------------------------------------------------------------
                         slack                                 21.450    

Slack (MET) :             21.471ns  (required time - arrival time)
  Source:                 zedboard_pnyq_ssr_i/top_ssr_0/inst/u_top_system/u_dsp_chain/u_agg/calc_k_reg[0]/C
                            (rising edge-triggered cell FDRE clocked by clk_fpga_0  {rise@0.000ns fall@25.000ns period=50.000ns})
  Destination:            zedboard_pnyq_ssr_i/top_ssr_0/inst/u_top_system/u_dsp_chain/u_agg/feat_mem_reg[2][15]/D
                            (rising edge-triggered cell FDRE clocked by clk_fpga_0  {rise@0.000ns fall@25.000ns period=50.000ns})
  Path Group:             clk_fpga_0
  Path Type:              Setup (Max at Slow Process Corner)
  Requirement:            50.000ns  (clk_fpga_0 rise@50.000ns - clk_fpga_0 rise@0.000ns)
  Data Path Delay:        27.586ns  (logic 11.055ns (40.075%)  route 16.531ns (59.925%))
  Logic Levels:           42  (CARRY4=26 LUT1=1 LUT2=1 LUT3=5 LUT4=4 LUT5=2 LUT6=3)
  Clock Path Skew:        -0.125ns (DCD - SCD + CPR)
    Destination Clock Delay (DCD):    2.884ns = ( 52.884 - 50.000 ) 
    Source Clock Delay      (SCD):    3.256ns
    Clock Pessimism Removal (CPR):    0.247ns
  Clock Uncertainty:      0.751ns  ((TSJ^2 + TIJ^2)^1/2 + DJ) / 2 + PE
    Total System Jitter     (TSJ):    0.071ns
    Total Input Jitter      (TIJ):    1.500ns
    Discrete Jitter          (DJ):    0.000ns
    Phase Error              (PE):    0.000ns

    Location             Delay type                Incr(ns)  Path(ns)    Netlist Resource(s)
  -------------------------------------------------------------------    -------------------
                         (clock clk_fpga_0 rise edge)
                                                      0.000     0.000 r  
    PS7_X0Y0             PS7                          0.000     0.000 r  zedboard_pnyq_ssr_i/processing_system7_0/inst/PS7_i/FCLKCLK[0]
                         net (fo=1, routed)           1.193     1.193    zedboard_pnyq_ssr_i/processing_system7_0/inst/FCLK_CLK_unbuffered[0]
    BUFGCTRL_X0Y16       BUFG (Prop_bufg_I_O)         0.101     1.294 r  zedboard_pnyq_ssr_i/processing_system7_0/inst/buffer_fclk_clk_0.FCLK_CLK_0_BUFG/O
                         net (fo=21462, routed)       1.962     3.256    zedboard_pnyq_ssr_i/top_ssr_0/inst/u_top_system/u_dsp_chain/u_agg/s00_axi_aclk
    SLICE_X94Y121        FDRE                                         r  zedboard_pnyq_ssr_i/top_ssr_0/inst/u_top_system/u_dsp_chain/u_agg/calc_k_reg[0]/C
  -------------------------------------------------------------------    -------------------
    SLICE_X94Y121        FDRE (Prop_fdre_C_Q)         0.518     3.774 r  zedboard_pnyq_ssr_i/top_ssr_0/inst/u_top_system/u_dsp_chain/u_agg/calc_k_reg[0]/Q
                         net (fo=310, routed)         2.355     6.129    zedboard_pnyq_ssr_i/top_ssr_0/inst/u_top_system/u_dsp_chain/u_agg/sel0[0]
    SLICE_X111Y96        LUT6 (Prop_lut6_I4_O)        0.124     6.253 f  zedboard_pnyq_ssr_i/top_ssr_0/inst/u_top_system/u_dsp_chain/u_agg/suma_sq0_i_100/O
                         net (fo=1, routed)           0.666     6.919    zedboard_pnyq_ssr_i/top_ssr_0/inst/u_top_system/u_dsp_chain/u_agg/suma_sq0_i_100_n_0
    SLICE_X108Y96        LUT6 (Prop_lut6_I1_O)        0.124     7.043 f  zedboard_pnyq_ssr_i/top_ssr_0/inst/u_top_system/u_dsp_chain/u_agg/suma_sq0_i_31/O
                         net (fo=7, routed)           1.085     8.128    zedboard_pnyq_ssr_i/top_ssr_0/inst/u_top_system/u_dsp_chain/u_agg/suma_sq0_i_31_n_0
    SLICE_X103Y102       LUT1 (Prop_lut1_I0_O)        0.124     8.252 r  zedboard_pnyq_ssr_i/top_ssr_0/inst/u_top_system/u_dsp_chain/u_agg/feat_mem[12][3]_i_159/O
                         net (fo=1, routed)           0.000     8.252    zedboard_pnyq_ssr_i/top_ssr_0/inst/u_top_system/u_dsp_chain/u_agg/feat_mem[12][3]_i_159_n_0
    SLICE_X103Y102       CARRY4 (Prop_carry4_S[0]_CO[3])
                                                      0.532     8.784 r  zedboard_pnyq_ssr_i/top_ssr_0/inst/u_top_system/u_dsp_chain/u_agg/feat_mem_reg[12][3]_i_134/CO[3]
                         net (fo=1, routed)           0.000     8.784    zedboard_pnyq_ssr_i/top_ssr_0/inst/u_top_system/u_dsp_chain/u_agg/feat_mem_reg[12][3]_i_134_n_0
    SLICE_X103Y103       CARRY4 (Prop_carry4_CI_CO[3])
                                                      0.114     8.898 r  zedboard_pnyq_ssr_i/top_ssr_0/inst/u_top_system/u_dsp_chain/u_agg/feat_mem_reg[12][3]_i_105/CO[3]
                         net (fo=1, routed)           0.000     8.898    zedboard_pnyq_ssr_i/top_ssr_0/inst/u_top_system/u_dsp_chain/u_agg/feat_mem_reg[12][3]_i_105_n_0
    SLICE_X103Y104       CARRY4 (Prop_carry4_CI_CO[3])
                                                      0.114     9.012 r  zedboard_pnyq_ssr_i/top_ssr_0/inst/u_top_system/u_dsp_chain/u_agg/feat_mem_reg[12][3]_i_74/CO[3]
                         net (fo=1, routed)           0.000     9.012    zedboard_pnyq_ssr_i/top_ssr_0/inst/u_top_system/u_dsp_chain/u_agg/feat_mem_reg[12][3]_i_74_n_0
    SLICE_X103Y105       CARRY4 (Prop_carry4_CI_CO[3])
                                                      0.114     9.126 r  zedboard_pnyq_ssr_i/top_ssr_0/inst/u_top_system/u_dsp_chain/u_agg/feat_mem_reg[12][3]_i_49/CO[3]
                         net (fo=1, routed)           0.000     9.126    zedboard_pnyq_ssr_i/top_ssr_0/inst/u_top_system/u_dsp_chain/u_agg/feat_mem_reg[12][3]_i_49_n_0
    SLICE_X103Y106       CARRY4 (Prop_carry4_CI_CO[3])
                                                      0.114     9.240 r  zedboard_pnyq_ssr_i/top_ssr_0/inst/u_top_system/u_dsp_chain/u_agg/feat_mem_reg[12][7]_i_15/CO[3]
                         net (fo=1, routed)           0.000     9.240    zedboard_pnyq_ssr_i/top_ssr_0/inst/u_top_system/u_dsp_chain/u_agg/feat_mem_reg[12][7]_i_15_n_0
    SLICE_X103Y107       CARRY4 (Prop_carry4_CI_O[1])
                                                      0.334     9.574 r  zedboard_pnyq_ssr_i/top_ssr_0/inst/u_top_system/u_dsp_chain/u_agg/feat_mem_reg[12][15]_i_39/O[1]
                         net (fo=1, routed)           1.112    10.686    zedboard_pnyq_ssr_i/top_ssr_0/inst/u_top_system/u_dsp_chain/u_agg/feat_mem_reg[12][15]_i_39_n_6
    SLICE_X102Y104       LUT3 (Prop_lut3_I0_O)        0.332    11.018 f  zedboard_pnyq_ssr_i/top_ssr_0/inst/u_top_system/u_dsp_chain/u_agg/feat_mem[12][7]_i_11/O
                         net (fo=21, routed)          1.289    12.307    zedboard_pnyq_ssr_i/top_ssr_0/inst/u_top_system/u_dsp_chain/u_agg/feat_mem[12][7]_i_11_n_0
    SLICE_X111Y108       LUT3 (Prop_lut3_I0_O)        0.331    12.638 r  zedboard_pnyq_ssr_i/top_ssr_0/inst/u_top_system/u_dsp_chain/u_agg/feat_mem[12][3]_i_167/O
                         net (fo=2, routed)           0.935    13.573    zedboard_pnyq_ssr_i/top_ssr_0/inst/u_top_system/u_dsp_chain/u_agg/feat_mem[12][3]_i_167_n_0
    SLICE_X104Y108       LUT4 (Prop_lut4_I3_O)        0.124    13.697 r  zedboard_pnyq_ssr_i/top_ssr_0/inst/u_top_system/u_dsp_chain/u_agg/feat_mem[12][3]_i_171/O
                         net (fo=1, routed)           0.000    13.697    zedboard_pnyq_ssr_i/top_ssr_0/inst/u_top_system/u_dsp_chain/u_agg/feat_mem[12][3]_i_171_n_0
    SLICE_X104Y108       CARRY4 (Prop_carry4_S[3]_CO[3])
                                                      0.376    14.073 r  zedboard_pnyq_ssr_i/top_ssr_0/inst/u_top_system/u_dsp_chain/u_agg/feat_mem_reg[12][3]_i_147/CO[3]
                         net (fo=1, routed)           0.000    14.073    zedboard_pnyq_ssr_i/top_ssr_0/inst/u_top_system/u_dsp_chain/u_agg/feat_mem_reg[12][3]_i_147_n_0
    SLICE_X104Y109       CARRY4 (Prop_carry4_CI_CO[3])
                                                      0.117    14.190 r  zedboard_pnyq_ssr_i/top_ssr_0/inst/u_top_system/u_dsp_chain/u_agg/feat_mem_reg[12][3]_i_119/CO[3]
                         net (fo=1, routed)           0.000    14.190    zedboard_pnyq_ssr_i/top_ssr_0/inst/u_top_system/u_dsp_chain/u_agg/feat_mem_reg[12][3]_i_119_n_0
    SLICE_X104Y110       CARRY4 (Prop_carry4_CI_O[1])
                                                      0.323    14.513 r  zedboard_pnyq_ssr_i/top_ssr_0/inst/u_top_system/u_dsp_chain/u_agg/feat_mem_reg[12][3]_i_88/O[1]
                         net (fo=3, routed)           1.181    15.694    zedboard_pnyq_ssr_i/top_ssr_0/inst/u_top_system/u_dsp_chain/u_agg/feat_mem_reg[12][3]_i_88_n_6
    SLICE_X106Y109       LUT3 (Prop_lut3_I2_O)        0.332    16.026 f  zedboard_pnyq_ssr_i/top_ssr_0/inst/u_top_system/u_dsp_chain/u_agg/feat_mem[12][3]_i_96/O
                         net (fo=2, routed)           0.444    16.470    zedboard_pnyq_ssr_i/top_ssr_0/inst/u_top_system/u_dsp_chain/u_agg/feat_mem[12][3]_i_96_n_0
    SLICE_X106Y108       LUT5 (Prop_lut5_I3_O)        0.326    16.796 r  zedboard_pnyq_ssr_i/top_ssr_0/inst/u_top_system/u_dsp_chain/u_agg/feat_mem[12][3]_i_54/O
                         net (fo=2, routed)           0.541    17.337    zedboard_pnyq_ssr_i/top_ssr_0/inst/u_top_system/u_dsp_chain/u_agg/feat_mem[12][3]_i_54_n_0
    SLICE_X105Y109       LUT6 (Prop_lut6_I0_O)        0.124    17.461 r  zedboard_pnyq_ssr_i/top_ssr_0/inst/u_top_system/u_dsp_chain/u_agg/feat_mem[12][3]_i_58/O
                         net (fo=1, routed)           0.000    17.461    zedboard_pnyq_ssr_i/top_ssr_0/inst/u_top_system/u_dsp_chain/u_agg/feat_mem[12][3]_i_58_n_0
    SLICE_X105Y109       CARRY4 (Prop_carry4_S[0]_CO[3])
                                                      0.532    17.993 r  zedboard_pnyq_ssr_i/top_ssr_0/inst/u_top_system/u_dsp_chain/u_agg/feat_mem_reg[12][3]_i_29/CO[3]
                         net (fo=1, routed)           0.000    17.993    zedboard_pnyq_ssr_i/top_ssr_0/inst/u_top_system/u_dsp_chain/u_agg/feat_mem_reg[12][3]_i_29_n_0
    SLICE_X105Y110       CARRY4 (Prop_carry4_CI_O[0])
                                                      0.222    18.215 r  zedboard_pnyq_ssr_i/top_ssr_0/inst/u_top_system/u_dsp_chain/u_agg/feat_mem_reg[12][3]_i_12/O[0]
                         net (fo=10, routed)          1.031    19.246    zedboard_pnyq_ssr_i/top_ssr_0/inst_n_11
    SLICE_X111Y110       LUT2 (Prop_lut2_I0_O)        0.299    19.545 r  zedboard_pnyq_ssr_i/top_ssr_0/feat_mem[12][15]_i_183/O
                         net (fo=1, routed)           0.000    19.545    zedboard_pnyq_ssr_i/top_ssr_0/feat_mem[12][15]_i_183_n_0
    SLICE_X111Y110       CARRY4 (Prop_carry4_S[1]_O[3])
                                                      0.640    20.185 r  zedboard_pnyq_ssr_i/top_ssr_0/feat_mem_reg[12][15]_i_168/O[3]
                         net (fo=2, routed)           0.562    20.748    zedboard_pnyq_ssr_i/top_ssr_0/feat_mem_reg[12][15]_i_168_n_4
    SLICE_X107Y110       LUT3 (Prop_lut3_I1_O)        0.306    21.054 r  zedboard_pnyq_ssr_i/top_ssr_0/feat_mem[12][15]_i_141/O
                         net (fo=2, routed)           0.552    21.606    zedboard_pnyq_ssr_i/top_ssr_0/feat_mem[12][15]_i_141_n_0
    SLICE_X109Y110       LUT4 (Prop_lut4_I3_O)        0.124    21.730 r  zedboard_pnyq_ssr_i/top_ssr_0/feat_mem[12][15]_i_145/O
                         net (fo=1, routed)           0.000    21.730    zedboard_pnyq_ssr_i/top_ssr_0/feat_mem[12][15]_i_145_n_0
    SLICE_X109Y110       CARRY4 (Prop_carry4_S[1]_CO[3])
                                                      0.550    22.280 r  zedboard_pnyq_ssr_i/top_ssr_0/feat_mem_reg[12][15]_i_115/CO[3]
                         net (fo=1, routed)           0.000    22.280    zedboard_pnyq_ssr_i/top_ssr_0/feat_mem_reg[12][15]_i_115_n_0
    SLICE_X109Y111       CARRY4 (Prop_carry4_CI_O[1])
                                                      0.334    22.614 r  zedboard_pnyq_ssr_i/top_ssr_0/feat_mem_reg[12][15]_i_92/O[1]
                         net (fo=3, routed)           0.676    23.289    zedboard_pnyq_ssr_i/top_ssr_0/inst/u_top_system/u_dsp_chain/u_agg/feat_mem_reg[12][15]_i_83_0[1]
    SLICE_X108Y111       LUT4 (Prop_lut4_I3_O)        0.303    23.592 r  zedboard_pnyq_ssr_i/top_ssr_0/inst/u_top_system/u_dsp_chain/u_agg/feat_mem[12][15]_i_114/O
                         net (fo=1, routed)           0.000    23.592    zedboard_pnyq_ssr_i/top_ssr_0/inst/u_top_system/u_dsp_chain/u_agg/feat_mem[12][15]_i_114_n_0
    SLICE_X108Y111       CARRY4 (Prop_carry4_S[0]_CO[3])
                                                      0.513    24.105 r  zedboard_pnyq_ssr_i/top_ssr_0/inst/u_top_system/u_dsp_chain/u_agg/feat_mem_reg[12][15]_i_83/CO[3]
                         net (fo=1, routed)           0.000    24.105    zedboard_pnyq_ssr_i/top_ssr_0/inst/u_top_system/u_dsp_chain/u_agg/feat_mem_reg[12][15]_i_83_n_0
    SLICE_X108Y112       CARRY4 (Prop_carry4_CI_CO[3])
                                                      0.117    24.222 r  zedboard_pnyq_ssr_i/top_ssr_0/inst/u_top_system/u_dsp_chain/u_agg/feat_mem_reg[12][15]_i_55/CO[3]
                         net (fo=1, routed)           0.000    24.222    zedboard_pnyq_ssr_i/top_ssr_0/inst/u_top_system/u_dsp_chain/u_agg/feat_mem_reg[12][15]_i_55_n_0
    SLICE_X108Y113       CARRY4 (Prop_carry4_CI_CO[3])
                                                      0.117    24.339 r  zedboard_pnyq_ssr_i/top_ssr_0/inst/u_top_system/u_dsp_chain/u_agg/feat_mem_reg[12][15]_i_30/CO[3]
                         net (fo=1, routed)           0.000    24.339    zedboard_pnyq_ssr_i/top_ssr_0/inst/u_top_system/u_dsp_chain/u_agg/feat_mem_reg[12][15]_i_30_n_0
    SLICE_X108Y114       CARRY4 (Prop_carry4_CI_CO[3])
                                                      0.117    24.456 r  zedboard_pnyq_ssr_i/top_ssr_0/inst/u_top_system/u_dsp_chain/u_agg/feat_mem_reg[12][15]_i_15/CO[3]
                         net (fo=1, routed)           0.000    24.456    zedboard_pnyq_ssr_i/top_ssr_0/inst/u_top_system/u_dsp_chain/u_agg/feat_mem_reg[12][15]_i_15_n_0
    SLICE_X108Y115       CARRY4 (Prop_carry4_CI_CO[1])
                                                      0.157    24.613 r  zedboard_pnyq_ssr_i/top_ssr_0/inst/u_top_system/u_dsp_chain/u_agg/feat_mem_reg[12][15]_i_10/CO[1]
                         net (fo=1, routed)           0.310    24.924    zedboard_pnyq_ssr_i/top_ssr_0/inst/u_top_system/u_dsp_chain/u_agg/feat_mem_reg[12][15]_i_10_n_2
    SLICE_X108Y116       LUT4 (Prop_lut4_I0_O)        0.332    25.256 r  zedboard_pnyq_ssr_i/top_ssr_0/inst/u_top_system/u_dsp_chain/u_agg/feat_mem[12][15]_i_4/O
                         net (fo=42, routed)          0.870    26.126    zedboard_pnyq_ssr_i/top_ssr_0/inst/u_top_system/u_dsp_chain/u_agg/feat_mem[12][15]_i_4_n_0
    SLICE_X113Y112       LUT3 (Prop_lut3_I1_O)        0.124    26.250 r  zedboard_pnyq_ssr_i/top_ssr_0/inst/u_top_system/u_dsp_chain/u_agg/feat_mem[12][2]_i_13/O
                         net (fo=1, routed)           0.610    26.860    zedboard_pnyq_ssr_i/top_ssr_0/inst/u_top_system/u_dsp_chain/u_agg/feat_mem[12][2]_i_13_n_0
    SLICE_X110Y112       CARRY4 (Prop_carry4_CYINIT_CO[3])
                                                      0.580    27.440 r  zedboard_pnyq_ssr_i/top_ssr_0/inst/u_top_system/u_dsp_chain/u_agg/feat_mem_reg[12][2]_i_8/CO[3]
                         net (fo=1, routed)           0.000    27.440    zedboard_pnyq_ssr_i/top_ssr_0/inst/u_top_system/u_dsp_chain/u_agg/feat_mem_reg[12][2]_i_8_n_0
    SLICE_X110Y113       CARRY4 (Prop_carry4_CI_CO[3])
                                                      0.114    27.554 r  zedboard_pnyq_ssr_i/top_ssr_0/inst/u_top_system/u_dsp_chain/u_agg/feat_mem_reg[12][2]_i_3/CO[3]
                         net (fo=1, routed)           0.000    27.554    zedboard_pnyq_ssr_i/top_ssr_0/inst/u_top_system/u_dsp_chain/u_agg/feat_mem_reg[12][2]_i_3_n_0
    SLICE_X110Y114       CARRY4 (Prop_carry4_CI_CO[3])
                                                      0.114    27.668 r  zedboard_pnyq_ssr_i/top_ssr_0/inst/u_top_system/u_dsp_chain/u_agg/feat_mem_reg[12][2]_i_2/CO[3]
                         net (fo=1, routed)           0.000    27.668    zedboard_pnyq_ssr_i/top_ssr_0/inst/u_top_system/u_dsp_chain/u_agg/feat_mem_reg[12][2]_i_2_n_0
    SLICE_X110Y115       CARRY4 (Prop_carry4_CI_CO[3])
                                                      0.114    27.782 r  zedboard_pnyq_ssr_i/top_ssr_0/inst/u_top_system/u_dsp_chain/u_agg/feat_mem_reg[12][6]_i_2/CO[3]
                         net (fo=1, routed)           0.000    27.782    zedboard_pnyq_ssr_i/top_ssr_0/inst/u_top_system/u_dsp_chain/u_agg/feat_mem_reg[12][6]_i_2_n_0
    SLICE_X110Y116       CARRY4 (Prop_carry4_CI_CO[3])
                                                      0.114    27.896 r  zedboard_pnyq_ssr_i/top_ssr_0/inst/u_top_system/u_dsp_chain/u_agg/feat_mem_reg[12][10]_i_2/CO[3]
                         net (fo=1, routed)           0.000    27.896    zedboard_pnyq_ssr_i/top_ssr_0/inst/u_top_system/u_dsp_chain/u_agg/feat_mem_reg[12][10]_i_2_n_0
    SLICE_X110Y117       CARRY4 (Prop_carry4_CI_CO[3])
                                                      0.114    28.010 r  zedboard_pnyq_ssr_i/top_ssr_0/inst/u_top_system/u_dsp_chain/u_agg/feat_mem_reg[12][14]_i_2/CO[3]
                         net (fo=1, routed)           0.000    28.010    zedboard_pnyq_ssr_i/top_ssr_0/inst/u_top_system/u_dsp_chain/u_agg/feat_mem_reg[12][14]_i_2_n_0
    SLICE_X110Y118       CARRY4 (Prop_carry4_CI_O[0])
                                                      0.222    28.232 r  zedboard_pnyq_ssr_i/top_ssr_0/inst/u_top_system/u_dsp_chain/u_agg/feat_mem_reg[12][15]_i_2/O[0]
                         net (fo=1, routed)           0.624    28.856    zedboard_pnyq_ssr_i/top_ssr_0/inst/u_top_system/u_dsp_chain/u_agg/feat_mem_reg[12][15]_i_2_n_7
    SLICE_X111Y118       LUT5 (Prop_lut5_I1_O)        0.299    29.155 r  zedboard_pnyq_ssr_i/top_ssr_0/inst/u_top_system/u_dsp_chain/u_agg/feat_mem[12][15]_i_1/O
                         net (fo=16, routed)          1.687    30.842    zedboard_pnyq_ssr_i/top_ssr_0/inst/u_top_system/u_dsp_chain/u_agg/p_1_in[15]
    SLICE_X85Y123        FDRE                                         r  zedboard_pnyq_ssr_i/top_ssr_0/inst/u_top_system/u_dsp_chain/u_agg/feat_mem_reg[2][15]/D
  -------------------------------------------------------------------    -------------------

                         (clock clk_fpga_0 rise edge)
                                                     50.000    50.000 r  
    PS7_X0Y0             PS7                          0.000    50.000 r  zedboard_pnyq_ssr_i/processing_system7_0/inst/PS7_i/FCLKCLK[0]
                         net (fo=1, routed)           1.088    51.088    zedboard_pnyq_ssr_i/processing_system7_0/inst/FCLK_CLK_unbuffered[0]
    BUFGCTRL_X0Y16       BUFG (Prop_bufg_I_O)         0.091    51.179 r  zedboard_pnyq_ssr_i/processing_system7_0/inst/buffer_fclk_clk_0.FCLK_CLK_0_BUFG/O
                         net (fo=21462, routed)       1.705    52.884    zedboard_pnyq_ssr_i/top_ssr_0/inst/u_top_system/u_dsp_chain/u_agg/s00_axi_aclk
    SLICE_X85Y123        FDRE                                         r  zedboard_pnyq_ssr_i/top_ssr_0/inst/u_top_system/u_dsp_chain/u_agg/feat_mem_reg[2][15]/C
                         clock pessimism              0.247    53.131    
                         clock uncertainty           -0.751    52.380    
    SLICE_X85Y123        FDRE (Setup_fdre_C_D)       -0.067    52.313    zedboard_pnyq_ssr_i/top_ssr_0/inst/u_top_system/u_dsp_chain/u_agg/feat_mem_reg[2][15]
  -------------------------------------------------------------------
                         required time                         52.313    
                         arrival time                         -30.842    
  -------------------------------------------------------------------
                         slack                                 21.471    

Slack (MET) :             21.494ns  (required time - arrival time)
  Source:                 zedboard_pnyq_ssr_i/top_ssr_0/inst/u_top_system/u_dsp_chain/u_agg/calc_k_reg[0]/C
                            (rising edge-triggered cell FDRE clocked by clk_fpga_0  {rise@0.000ns fall@25.000ns period=50.000ns})
  Destination:            zedboard_pnyq_ssr_i/top_ssr_0/inst/u_top_system/u_dsp_chain/u_agg/feat_mem_reg[5][11]/D
                            (rising edge-triggered cell FDRE clocked by clk_fpga_0  {rise@0.000ns fall@25.000ns period=50.000ns})
  Path Group:             clk_fpga_0
  Path Type:              Setup (Max at Slow Process Corner)
  Requirement:            50.000ns  (clk_fpga_0 rise@50.000ns - clk_fpga_0 rise@0.000ns)
  Data Path Delay:        27.547ns  (logic 10.941ns (39.718%)  route 16.606ns (60.282%))
  Logic Levels:           41  (CARRY4=25 LUT1=1 LUT2=1 LUT3=5 LUT4=4 LUT5=2 LUT6=3)
  Clock Path Skew:        -0.127ns (DCD - SCD + CPR)
    Destination Clock Delay (DCD):    2.882ns = ( 52.882 - 50.000 ) 
    Source Clock Delay      (SCD):    3.256ns
    Clock Pessimism Removal (CPR):    0.247ns
  Clock Uncertainty:      0.751ns  ((TSJ^2 + TIJ^2)^1/2 + DJ) / 2 + PE
    Total System Jitter     (TSJ):    0.071ns
    Total Input Jitter      (TIJ):    1.500ns
    Discrete Jitter          (DJ):    0.000ns
    Phase Error              (PE):    0.000ns

    Location             Delay type                Incr(ns)  Path(ns)    Netlist Resource(s)
  -------------------------------------------------------------------    -------------------
                         (clock clk_fpga_0 rise edge)
                                                      0.000     0.000 r  
    PS7_X0Y0             PS7                          0.000     0.000 r  zedboard_pnyq_ssr_i/processing_system7_0/inst/PS7_i/FCLKCLK[0]
                         net (fo=1, routed)           1.193     1.193    zedboard_pnyq_ssr_i/processing_system7_0/inst/FCLK_CLK_unbuffered[0]
    BUFGCTRL_X0Y16       BUFG (Prop_bufg_I_O)         0.101     1.294 r  zedboard_pnyq_ssr_i/processing_system7_0/inst/buffer_fclk_clk_0.FCLK_CLK_0_BUFG/O
                         net (fo=21462, routed)       1.962     3.256    zedboard_pnyq_ssr_i/top_ssr_0/inst/u_top_system/u_dsp_chain/u_agg/s00_axi_aclk
    SLICE_X94Y121        FDRE                                         r  zedboard_pnyq_ssr_i/top_ssr_0/inst/u_top_system/u_dsp_chain/u_agg/calc_k_reg[0]/C
  -------------------------------------------------------------------    -------------------
    SLICE_X94Y121        FDRE (Prop_fdre_C_Q)         0.518     3.774 r  zedboard_pnyq_ssr_i/top_ssr_0/inst/u_top_system/u_dsp_chain/u_agg/calc_k_reg[0]/Q
                         net (fo=310, routed)         2.355     6.129    zedboard_pnyq_ssr_i/top_ssr_0/inst/u_top_system/u_dsp_chain/u_agg/sel0[0]
    SLICE_X111Y96        LUT6 (Prop_lut6_I4_O)        0.124     6.253 f  zedboard_pnyq_ssr_i/top_ssr_0/inst/u_top_system/u_dsp_chain/u_agg/suma_sq0_i_100/O
                         net (fo=1, routed)           0.666     6.919    zedboard_pnyq_ssr_i/top_ssr_0/inst/u_top_system/u_dsp_chain/u_agg/suma_sq0_i_100_n_0
    SLICE_X108Y96        LUT6 (Prop_lut6_I1_O)        0.124     7.043 f  zedboard_pnyq_ssr_i/top_ssr_0/inst/u_top_system/u_dsp_chain/u_agg/suma_sq0_i_31/O
                         net (fo=7, routed)           1.085     8.128    zedboard_pnyq_ssr_i/top_ssr_0/inst/u_top_system/u_dsp_chain/u_agg/suma_sq0_i_31_n_0
    SLICE_X103Y102       LUT1 (Prop_lut1_I0_O)        0.124     8.252 r  zedboard_pnyq_ssr_i/top_ssr_0/inst/u_top_system/u_dsp_chain/u_agg/feat_mem[12][3]_i_159/O
                         net (fo=1, routed)           0.000     8.252    zedboard_pnyq_ssr_i/top_ssr_0/inst/u_top_system/u_dsp_chain/u_agg/feat_mem[12][3]_i_159_n_0
    SLICE_X103Y102       CARRY4 (Prop_carry4_S[0]_CO[3])
                                                      0.532     8.784 r  zedboard_pnyq_ssr_i/top_ssr_0/inst/u_top_system/u_dsp_chain/u_agg/feat_mem_reg[12][3]_i_134/CO[3]
                         net (fo=1, routed)           0.000     8.784    zedboard_pnyq_ssr_i/top_ssr_0/inst/u_top_system/u_dsp_chain/u_agg/feat_mem_reg[12][3]_i_134_n_0
    SLICE_X103Y103       CARRY4 (Prop_carry4_CI_CO[3])
                                                      0.114     8.898 r  zedboard_pnyq_ssr_i/top_ssr_0/inst/u_top_system/u_dsp_chain/u_agg/feat_mem_reg[12][3]_i_105/CO[3]
                         net (fo=1, routed)           0.000     8.898    zedboard_pnyq_ssr_i/top_ssr_0/inst/u_top_system/u_dsp_chain/u_agg/feat_mem_reg[12][3]_i_105_n_0
    SLICE_X103Y104       CARRY4 (Prop_carry4_CI_CO[3])
                                                      0.114     9.012 r  zedboard_pnyq_ssr_i/top_ssr_0/inst/u_top_system/u_dsp_chain/u_agg/feat_mem_reg[12][3]_i_74/CO[3]
                         net (fo=1, routed)           0.000     9.012    zedboard_pnyq_ssr_i/top_ssr_0/inst/u_top_system/u_dsp_chain/u_agg/feat_mem_reg[12][3]_i_74_n_0
    SLICE_X103Y105       CARRY4 (Prop_carry4_CI_CO[3])
                                                      0.114     9.126 r  zedboard_pnyq_ssr_i/top_ssr_0/inst/u_top_system/u_dsp_chain/u_agg/feat_mem_reg[12][3]_i_49/CO[3]
                         net (fo=1, routed)           0.000     9.126    zedboard_pnyq_ssr_i/top_ssr_0/inst/u_top_system/u_dsp_chain/u_agg/feat_mem_reg[12][3]_i_49_n_0
    SLICE_X103Y106       CARRY4 (Prop_carry4_CI_CO[3])
                                                      0.114     9.240 r  zedboard_pnyq_ssr_i/top_ssr_0/inst/u_top_system/u_dsp_chain/u_agg/feat_mem_reg[12][7]_i_15/CO[3]
                         net (fo=1, routed)           0.000     9.240    zedboard_pnyq_ssr_i/top_ssr_0/inst/u_top_system/u_dsp_chain/u_agg/feat_mem_reg[12][7]_i_15_n_0
    SLICE_X103Y107       CARRY4 (Prop_carry4_CI_O[1])
                                                      0.334     9.574 r  zedboard_pnyq_ssr_i/top_ssr_0/inst/u_top_system/u_dsp_chain/u_agg/feat_mem_reg[12][15]_i_39/O[1]
                         net (fo=1, routed)           1.112    10.686    zedboard_pnyq_ssr_i/top_ssr_0/inst/u_top_system/u_dsp_chain/u_agg/feat_mem_reg[12][15]_i_39_n_6
    SLICE_X102Y104       LUT3 (Prop_lut3_I0_O)        0.332    11.018 f  zedboard_pnyq_ssr_i/top_ssr_0/inst/u_top_system/u_dsp_chain/u_agg/feat_mem[12][7]_i_11/O
                         net (fo=21, routed)          1.289    12.307    zedboard_pnyq_ssr_i/top_ssr_0/inst/u_top_system/u_dsp_chain/u_agg/feat_mem[12][7]_i_11_n_0
    SLICE_X111Y108       LUT3 (Prop_lut3_I0_O)        0.331    12.638 r  zedboard_pnyq_ssr_i/top_ssr_0/inst/u_top_system/u_dsp_chain/u_agg/feat_mem[12][3]_i_167/O
                         net (fo=2, routed)           0.935    13.573    zedboard_pnyq_ssr_i/top_ssr_0/inst/u_top_system/u_dsp_chain/u_agg/feat_mem[12][3]_i_167_n_0
    SLICE_X104Y108       LUT4 (Prop_lut4_I3_O)        0.124    13.697 r  zedboard_pnyq_ssr_i/top_ssr_0/inst/u_top_system/u_dsp_chain/u_agg/feat_mem[12][3]_i_171/O
                         net (fo=1, routed)           0.000    13.697    zedboard_pnyq_ssr_i/top_ssr_0/inst/u_top_system/u_dsp_chain/u_agg/feat_mem[12][3]_i_171_n_0
    SLICE_X104Y108       CARRY4 (Prop_carry4_S[3]_CO[3])
                                                      0.376    14.073 r  zedboard_pnyq_ssr_i/top_ssr_0/inst/u_top_system/u_dsp_chain/u_agg/feat_mem_reg[12][3]_i_147/CO[3]
                         net (fo=1, routed)           0.000    14.073    zedboard_pnyq_ssr_i/top_ssr_0/inst/u_top_system/u_dsp_chain/u_agg/feat_mem_reg[12][3]_i_147_n_0
    SLICE_X104Y109       CARRY4 (Prop_carry4_CI_CO[3])
                                                      0.117    14.190 r  zedboard_pnyq_ssr_i/top_ssr_0/inst/u_top_system/u_dsp_chain/u_agg/feat_mem_reg[12][3]_i_119/CO[3]
                         net (fo=1, routed)           0.000    14.190    zedboard_pnyq_ssr_i/top_ssr_0/inst/u_top_system/u_dsp_chain/u_agg/feat_mem_reg[12][3]_i_119_n_0
    SLICE_X104Y110       CARRY4 (Prop_carry4_CI_O[1])
                                                      0.323    14.513 r  zedboard_pnyq_ssr_i/top_ssr_0/inst/u_top_system/u_dsp_chain/u_agg/feat_mem_reg[12][3]_i_88/O[1]
                         net (fo=3, routed)           1.181    15.694    zedboard_pnyq_ssr_i/top_ssr_0/inst/u_top_system/u_dsp_chain/u_agg/feat_mem_reg[12][3]_i_88_n_6
    SLICE_X106Y109       LUT3 (Prop_lut3_I2_O)        0.332    16.026 f  zedboard_pnyq_ssr_i/top_ssr_0/inst/u_top_system/u_dsp_chain/u_agg/feat_mem[12][3]_i_96/O
                         net (fo=2, routed)           0.444    16.470    zedboard_pnyq_ssr_i/top_ssr_0/inst/u_top_system/u_dsp_chain/u_agg/feat_mem[12][3]_i_96_n_0
    SLICE_X106Y108       LUT5 (Prop_lut5_I3_O)        0.326    16.796 r  zedboard_pnyq_ssr_i/top_ssr_0/inst/u_top_system/u_dsp_chain/u_agg/feat_mem[12][3]_i_54/O
                         net (fo=2, routed)           0.541    17.337    zedboard_pnyq_ssr_i/top_ssr_0/inst/u_top_system/u_dsp_chain/u_agg/feat_mem[12][3]_i_54_n_0
    SLICE_X105Y109       LUT6 (Prop_lut6_I0_O)        0.124    17.461 r  zedboard_pnyq_ssr_i/top_ssr_0/inst/u_top_system/u_dsp_chain/u_agg/feat_mem[12][3]_i_58/O
                         net (fo=1, routed)           0.000    17.461    zedboard_pnyq_ssr_i/top_ssr_0/inst/u_top_system/u_dsp_chain/u_agg/feat_mem[12][3]_i_58_n_0
    SLICE_X105Y109       CARRY4 (Prop_carry4_S[0]_CO[3])
                                                      0.532    17.993 r  zedboard_pnyq_ssr_i/top_ssr_0/inst/u_top_system/u_dsp_chain/u_agg/feat_mem_reg[12][3]_i_29/CO[3]
                         net (fo=1, routed)           0.000    17.993    zedboard_pnyq_ssr_i/top_ssr_0/inst/u_top_system/u_dsp_chain/u_agg/feat_mem_reg[12][3]_i_29_n_0
    SLICE_X105Y110       CARRY4 (Prop_carry4_CI_O[0])
                                                      0.222    18.215 r  zedboard_pnyq_ssr_i/top_ssr_0/inst/u_top_system/u_dsp_chain/u_agg/feat_mem_reg[12][3]_i_12/O[0]
                         net (fo=10, routed)          1.031    19.246    zedboard_pnyq_ssr_i/top_ssr_0/inst_n_11
    SLICE_X111Y110       LUT2 (Prop_lut2_I0_O)        0.299    19.545 r  zedboard_pnyq_ssr_i/top_ssr_0/feat_mem[12][15]_i_183/O
                         net (fo=1, routed)           0.000    19.545    zedboard_pnyq_ssr_i/top_ssr_0/feat_mem[12][15]_i_183_n_0
    SLICE_X111Y110       CARRY4 (Prop_carry4_S[1]_O[3])
                                                      0.640    20.185 r  zedboard_pnyq_ssr_i/top_ssr_0/feat_mem_reg[12][15]_i_168/O[3]
                         net (fo=2, routed)           0.562    20.748    zedboard_pnyq_ssr_i/top_ssr_0/feat_mem_reg[12][15]_i_168_n_4
    SLICE_X107Y110       LUT3 (Prop_lut3_I1_O)        0.306    21.054 r  zedboard_pnyq_ssr_i/top_ssr_0/feat_mem[12][15]_i_141/O
                         net (fo=2, routed)           0.552    21.606    zedboard_pnyq_ssr_i/top_ssr_0/feat_mem[12][15]_i_141_n_0
    SLICE_X109Y110       LUT4 (Prop_lut4_I3_O)        0.124    21.730 r  zedboard_pnyq_ssr_i/top_ssr_0/feat_mem[12][15]_i_145/O
                         net (fo=1, routed)           0.000    21.730    zedboard_pnyq_ssr_i/top_ssr_0/feat_mem[12][15]_i_145_n_0
    SLICE_X109Y110       CARRY4 (Prop_carry4_S[1]_CO[3])
                                                      0.550    22.280 r  zedboard_pnyq_ssr_i/top_ssr_0/feat_mem_reg[12][15]_i_115/CO[3]
                         net (fo=1, routed)           0.000    22.280    zedboard_pnyq_ssr_i/top_ssr_0/feat_mem_reg[12][15]_i_115_n_0
    SLICE_X109Y111       CARRY4 (Prop_carry4_CI_O[1])
                                                      0.334    22.614 r  zedboard_pnyq_ssr_i/top_ssr_0/feat_mem_reg[12][15]_i_92/O[1]
                         net (fo=3, routed)           0.676    23.289    zedboard_pnyq_ssr_i/top_ssr_0/inst/u_top_system/u_dsp_chain/u_agg/feat_mem_reg[12][15]_i_83_0[1]
    SLICE_X108Y111       LUT4 (Prop_lut4_I3_O)        0.303    23.592 r  zedboard_pnyq_ssr_i/top_ssr_0/inst/u_top_system/u_dsp_chain/u_agg/feat_mem[12][15]_i_114/O
                         net (fo=1, routed)           0.000    23.592    zedboard_pnyq_ssr_i/top_ssr_0/inst/u_top_system/u_dsp_chain/u_agg/feat_mem[12][15]_i_114_n_0
    SLICE_X108Y111       CARRY4 (Prop_carry4_S[0]_CO[3])
                                                      0.513    24.105 r  zedboard_pnyq_ssr_i/top_ssr_0/inst/u_top_system/u_dsp_chain/u_agg/feat_mem_reg[12][15]_i_83/CO[3]
                         net (fo=1, routed)           0.000    24.105    zedboard_pnyq_ssr_i/top_ssr_0/inst/u_top_system/u_dsp_chain/u_agg/feat_mem_reg[12][15]_i_83_n_0
    SLICE_X108Y112       CARRY4 (Prop_carry4_CI_CO[3])
                                                      0.117    24.222 r  zedboard_pnyq_ssr_i/top_ssr_0/inst/u_top_system/u_dsp_chain/u_agg/feat_mem_reg[12][15]_i_55/CO[3]
                         net (fo=1, routed)           0.000    24.222    zedboard_pnyq_ssr_i/top_ssr_0/inst/u_top_system/u_dsp_chain/u_agg/feat_mem_reg[12][15]_i_55_n_0
    SLICE_X108Y113       CARRY4 (Prop_carry4_CI_CO[3])
                                                      0.117    24.339 r  zedboard_pnyq_ssr_i/top_ssr_0/inst/u_top_system/u_dsp_chain/u_agg/feat_mem_reg[12][15]_i_30/CO[3]
                         net (fo=1, routed)           0.000    24.339    zedboard_pnyq_ssr_i/top_ssr_0/inst/u_top_system/u_dsp_chain/u_agg/feat_mem_reg[12][15]_i_30_n_0
    SLICE_X108Y114       CARRY4 (Prop_carry4_CI_CO[3])
                                                      0.117    24.456 r  zedboard_pnyq_ssr_i/top_ssr_0/inst/u_top_system/u_dsp_chain/u_agg/feat_mem_reg[12][15]_i_15/CO[3]
                         net (fo=1, routed)           0.000    24.456    zedboard_pnyq_ssr_i/top_ssr_0/inst/u_top_system/u_dsp_chain/u_agg/feat_mem_reg[12][15]_i_15_n_0
    SLICE_X108Y115       CARRY4 (Prop_carry4_CI_CO[1])
                                                      0.157    24.613 r  zedboard_pnyq_ssr_i/top_ssr_0/inst/u_top_system/u_dsp_chain/u_agg/feat_mem_reg[12][15]_i_10/CO[1]
                         net (fo=1, routed)           0.310    24.924    zedboard_pnyq_ssr_i/top_ssr_0/inst/u_top_system/u_dsp_chain/u_agg/feat_mem_reg[12][15]_i_10_n_2
    SLICE_X108Y116       LUT4 (Prop_lut4_I0_O)        0.332    25.256 r  zedboard_pnyq_ssr_i/top_ssr_0/inst/u_top_system/u_dsp_chain/u_agg/feat_mem[12][15]_i_4/O
                         net (fo=42, routed)          0.870    26.126    zedboard_pnyq_ssr_i/top_ssr_0/inst/u_top_system/u_dsp_chain/u_agg/feat_mem[12][15]_i_4_n_0
    SLICE_X113Y112       LUT3 (Prop_lut3_I1_O)        0.124    26.250 r  zedboard_pnyq_ssr_i/top_ssr_0/inst/u_top_system/u_dsp_chain/u_agg/feat_mem[12][2]_i_13/O
                         net (fo=1, routed)           0.610    26.860    zedboard_pnyq_ssr_i/top_ssr_0/inst/u_top_system/u_dsp_chain/u_agg/feat_mem[12][2]_i_13_n_0
    SLICE_X110Y112       CARRY4 (Prop_carry4_CYINIT_CO[3])
                                                      0.580    27.440 r  zedboard_pnyq_ssr_i/top_ssr_0/inst/u_top_system/u_dsp_chain/u_agg/feat_mem_reg[12][2]_i_8/CO[3]
                         net (fo=1, routed)           0.000    27.440    zedboard_pnyq_ssr_i/top_ssr_0/inst/u_top_system/u_dsp_chain/u_agg/feat_mem_reg[12][2]_i_8_n_0
    SLICE_X110Y113       CARRY4 (Prop_carry4_CI_CO[3])
                                                      0.114    27.554 r  zedboard_pnyq_ssr_i/top_ssr_0/inst/u_top_system/u_dsp_chain/u_agg/feat_mem_reg[12][2]_i_3/CO[3]
                         net (fo=1, routed)           0.000    27.554    zedboard_pnyq_ssr_i/top_ssr_0/inst/u_top_system/u_dsp_chain/u_agg/feat_mem_reg[12][2]_i_3_n_0
    SLICE_X110Y114       CARRY4 (Prop_carry4_CI_CO[3])
                                                      0.114    27.668 r  zedboard_pnyq_ssr_i/top_ssr_0/inst/u_top_system/u_dsp_chain/u_agg/feat_mem_reg[12][2]_i_2/CO[3]
                         net (fo=1, routed)           0.000    27.668    zedboard_pnyq_ssr_i/top_ssr_0/inst/u_top_system/u_dsp_chain/u_agg/feat_mem_reg[12][2]_i_2_n_0
    SLICE_X110Y115       CARRY4 (Prop_carry4_CI_CO[3])
                                                      0.114    27.782 r  zedboard_pnyq_ssr_i/top_ssr_0/inst/u_top_system/u_dsp_chain/u_agg/feat_mem_reg[12][6]_i_2/CO[3]
                         net (fo=1, routed)           0.000    27.782    zedboard_pnyq_ssr_i/top_ssr_0/inst/u_top_system/u_dsp_chain/u_agg/feat_mem_reg[12][6]_i_2_n_0
    SLICE_X110Y116       CARRY4 (Prop_carry4_CI_CO[3])
                                                      0.114    27.896 r  zedboard_pnyq_ssr_i/top_ssr_0/inst/u_top_system/u_dsp_chain/u_agg/feat_mem_reg[12][10]_i_2/CO[3]
                         net (fo=1, routed)           0.000    27.896    zedboard_pnyq_ssr_i/top_ssr_0/inst/u_top_system/u_dsp_chain/u_agg/feat_mem_reg[12][10]_i_2_n_0
    SLICE_X110Y117       CARRY4 (Prop_carry4_CI_O[0])
                                                      0.222    28.118 r  zedboard_pnyq_ssr_i/top_ssr_0/inst/u_top_system/u_dsp_chain/u_agg/feat_mem_reg[12][14]_i_2/O[0]
                         net (fo=1, routed)           0.652    28.770    zedboard_pnyq_ssr_i/top_ssr_0/inst/u_top_system/u_dsp_chain/u_agg/feat_mem_reg[12][14]_i_2_n_7
    SLICE_X111Y117       LUT5 (Prop_lut5_I1_O)        0.299    29.069 r  zedboard_pnyq_ssr_i/top_ssr_0/inst/u_top_system/u_dsp_chain/u_agg/feat_mem[12][11]_i_1/O
                         net (fo=16, routed)          1.734    30.803    zedboard_pnyq_ssr_i/top_ssr_0/inst/u_top_system/u_dsp_chain/u_agg/p_1_in[11]
    SLICE_X84Y125        FDRE                                         r  zedboard_pnyq_ssr_i/top_ssr_0/inst/u_top_system/u_dsp_chain/u_agg/feat_mem_reg[5][11]/D
  -------------------------------------------------------------------    -------------------

                         (clock clk_fpga_0 rise edge)
                                                     50.000    50.000 r  
    PS7_X0Y0             PS7                          0.000    50.000 r  zedboard_pnyq_ssr_i/processing_system7_0/inst/PS7_i/FCLKCLK[0]
                         net (fo=1, routed)           1.088    51.088    zedboard_pnyq_ssr_i/processing_system7_0/inst/FCLK_CLK_unbuffered[0]
    BUFGCTRL_X0Y16       BUFG (Prop_bufg_I_O)         0.091    51.179 r  zedboard_pnyq_ssr_i/processing_system7_0/inst/buffer_fclk_clk_0.FCLK_CLK_0_BUFG/O
                         net (fo=21462, routed)       1.703    52.882    zedboard_pnyq_ssr_i/top_ssr_0/inst/u_top_system/u_dsp_chain/u_agg/s00_axi_aclk
    SLICE_X84Y125        FDRE                                         r  zedboard_pnyq_ssr_i/top_ssr_0/inst/u_top_system/u_dsp_chain/u_agg/feat_mem_reg[5][11]/C
                         clock pessimism              0.247    53.129    
                         clock uncertainty           -0.751    52.378    
    SLICE_X84Y125        FDRE (Setup_fdre_C_D)       -0.081    52.297    zedboard_pnyq_ssr_i/top_ssr_0/inst/u_top_system/u_dsp_chain/u_agg/feat_mem_reg[5][11]
  -------------------------------------------------------------------
                         required time                         52.297    
                         arrival time                         -30.803    
  -------------------------------------------------------------------
                         slack                                 21.494    

Slack (MET) :             21.502ns  (required time - arrival time)
  Source:                 zedboard_pnyq_ssr_i/top_ssr_0/inst/u_top_system/u_dsp_chain/u_agg/calc_k_reg[0]/C
                            (rising edge-triggered cell FDRE clocked by clk_fpga_0  {rise@0.000ns fall@25.000ns period=50.000ns})
  Destination:            zedboard_pnyq_ssr_i/top_ssr_0/inst/u_top_system/u_dsp_chain/u_agg/feat_mem_reg[0][11]/D
                            (rising edge-triggered cell FDRE clocked by clk_fpga_0  {rise@0.000ns fall@25.000ns period=50.000ns})
  Path Group:             clk_fpga_0
  Path Type:              Setup (Max at Slow Process Corner)
  Requirement:            50.000ns  (clk_fpga_0 rise@50.000ns - clk_fpga_0 rise@0.000ns)
  Data Path Delay:        27.542ns  (logic 10.941ns (39.725%)  route 16.601ns (60.275%))
  Logic Levels:           41  (CARRY4=25 LUT1=1 LUT2=1 LUT3=5 LUT4=4 LUT5=2 LUT6=3)
  Clock Path Skew:        -0.125ns (DCD - SCD + CPR)
    Destination Clock Delay (DCD):    2.884ns = ( 52.884 - 50.000 ) 
    Source Clock Delay      (SCD):    3.256ns
    Clock Pessimism Removal (CPR):    0.247ns
  Clock Uncertainty:      0.751ns  ((TSJ^2 + TIJ^2)^1/2 + DJ) / 2 + PE
    Total System Jitter     (TSJ):    0.071ns
    Total Input Jitter      (TIJ):    1.500ns
    Discrete Jitter          (DJ):    0.000ns
    Phase Error              (PE):    0.000ns

    Location             Delay type                Incr(ns)  Path(ns)    Netlist Resource(s)
  -------------------------------------------------------------------    -------------------
                         (clock clk_fpga_0 rise edge)
                                                      0.000     0.000 r  
    PS7_X0Y0             PS7                          0.000     0.000 r  zedboard_pnyq_ssr_i/processing_system7_0/inst/PS7_i/FCLKCLK[0]
                         net (fo=1, routed)           1.193     1.193    zedboard_pnyq_ssr_i/processing_system7_0/inst/FCLK_CLK_unbuffered[0]
    BUFGCTRL_X0Y16       BUFG (Prop_bufg_I_O)         0.101     1.294 r  zedboard_pnyq_ssr_i/processing_system7_0/inst/buffer_fclk_clk_0.FCLK_CLK_0_BUFG/O
                         net (fo=21462, routed)       1.962     3.256    zedboard_pnyq_ssr_i/top_ssr_0/inst/u_top_system/u_dsp_chain/u_agg/s00_axi_aclk
    SLICE_X94Y121        FDRE                                         r  zedboard_pnyq_ssr_i/top_ssr_0/inst/u_top_system/u_dsp_chain/u_agg/calc_k_reg[0]/C
  -------------------------------------------------------------------    -------------------
    SLICE_X94Y121        FDRE (Prop_fdre_C_Q)         0.518     3.774 r  zedboard_pnyq_ssr_i/top_ssr_0/inst/u_top_system/u_dsp_chain/u_agg/calc_k_reg[0]/Q
                         net (fo=310, routed)         2.355     6.129    zedboard_pnyq_ssr_i/top_ssr_0/inst/u_top_system/u_dsp_chain/u_agg/sel0[0]
    SLICE_X111Y96        LUT6 (Prop_lut6_I4_O)        0.124     6.253 f  zedboard_pnyq_ssr_i/top_ssr_0/inst/u_top_system/u_dsp_chain/u_agg/suma_sq0_i_100/O
                         net (fo=1, routed)           0.666     6.919    zedboard_pnyq_ssr_i/top_ssr_0/inst/u_top_system/u_dsp_chain/u_agg/suma_sq0_i_100_n_0
    SLICE_X108Y96        LUT6 (Prop_lut6_I1_O)        0.124     7.043 f  zedboard_pnyq_ssr_i/top_ssr_0/inst/u_top_system/u_dsp_chain/u_agg/suma_sq0_i_31/O
                         net (fo=7, routed)           1.085     8.128    zedboard_pnyq_ssr_i/top_ssr_0/inst/u_top_system/u_dsp_chain/u_agg/suma_sq0_i_31_n_0
    SLICE_X103Y102       LUT1 (Prop_lut1_I0_O)        0.124     8.252 r  zedboard_pnyq_ssr_i/top_ssr_0/inst/u_top_system/u_dsp_chain/u_agg/feat_mem[12][3]_i_159/O
                         net (fo=1, routed)           0.000     8.252    zedboard_pnyq_ssr_i/top_ssr_0/inst/u_top_system/u_dsp_chain/u_agg/feat_mem[12][3]_i_159_n_0
    SLICE_X103Y102       CARRY4 (Prop_carry4_S[0]_CO[3])
                                                      0.532     8.784 r  zedboard_pnyq_ssr_i/top_ssr_0/inst/u_top_system/u_dsp_chain/u_agg/feat_mem_reg[12][3]_i_134/CO[3]
                         net (fo=1, routed)           0.000     8.784    zedboard_pnyq_ssr_i/top_ssr_0/inst/u_top_system/u_dsp_chain/u_agg/feat_mem_reg[12][3]_i_134_n_0
    SLICE_X103Y103       CARRY4 (Prop_carry4_CI_CO[3])
                                                      0.114     8.898 r  zedboard_pnyq_ssr_i/top_ssr_0/inst/u_top_system/u_dsp_chain/u_agg/feat_mem_reg[12][3]_i_105/CO[3]
                         net (fo=1, routed)           0.000     8.898    zedboard_pnyq_ssr_i/top_ssr_0/inst/u_top_system/u_dsp_chain/u_agg/feat_mem_reg[12][3]_i_105_n_0
    SLICE_X103Y104       CARRY4 (Prop_carry4_CI_CO[3])
                                                      0.114     9.012 r  zedboard_pnyq_ssr_i/top_ssr_0/inst/u_top_system/u_dsp_chain/u_agg/feat_mem_reg[12][3]_i_74/CO[3]
                         net (fo=1, routed)           0.000     9.012    zedboard_pnyq_ssr_i/top_ssr_0/inst/u_top_system/u_dsp_chain/u_agg/feat_mem_reg[12][3]_i_74_n_0
    SLICE_X103Y105       CARRY4 (Prop_carry4_CI_CO[3])
                                                      0.114     9.126 r  zedboard_pnyq_ssr_i/top_ssr_0/inst/u_top_system/u_dsp_chain/u_agg/feat_mem_reg[12][3]_i_49/CO[3]
                         net (fo=1, routed)           0.000     9.126    zedboard_pnyq_ssr_i/top_ssr_0/inst/u_top_system/u_dsp_chain/u_agg/feat_mem_reg[12][3]_i_49_n_0
    SLICE_X103Y106       CARRY4 (Prop_carry4_CI_CO[3])
                                                      0.114     9.240 r  zedboard_pnyq_ssr_i/top_ssr_0/inst/u_top_system/u_dsp_chain/u_agg/feat_mem_reg[12][7]_i_15/CO[3]
                         net (fo=1, routed)           0.000     9.240    zedboard_pnyq_ssr_i/top_ssr_0/inst/u_top_system/u_dsp_chain/u_agg/feat_mem_reg[12][7]_i_15_n_0
    SLICE_X103Y107       CARRY4 (Prop_carry4_CI_O[1])
                                                      0.334     9.574 r  zedboard_pnyq_ssr_i/top_ssr_0/inst/u_top_system/u_dsp_chain/u_agg/feat_mem_reg[12][15]_i_39/O[1]
                         net (fo=1, routed)           1.112    10.686    zedboard_pnyq_ssr_i/top_ssr_0/inst/u_top_system/u_dsp_chain/u_agg/feat_mem_reg[12][15]_i_39_n_6
    SLICE_X102Y104       LUT3 (Prop_lut3_I0_O)        0.332    11.018 f  zedboard_pnyq_ssr_i/top_ssr_0/inst/u_top_system/u_dsp_chain/u_agg/feat_mem[12][7]_i_11/O
                         net (fo=21, routed)          1.289    12.307    zedboard_pnyq_ssr_i/top_ssr_0/inst/u_top_system/u_dsp_chain/u_agg/feat_mem[12][7]_i_11_n_0
    SLICE_X111Y108       LUT3 (Prop_lut3_I0_O)        0.331    12.638 r  zedboard_pnyq_ssr_i/top_ssr_0/inst/u_top_system/u_dsp_chain/u_agg/feat_mem[12][3]_i_167/O
                         net (fo=2, routed)           0.935    13.573    zedboard_pnyq_ssr_i/top_ssr_0/inst/u_top_system/u_dsp_chain/u_agg/feat_mem[12][3]_i_167_n_0
    SLICE_X104Y108       LUT4 (Prop_lut4_I3_O)        0.124    13.697 r  zedboard_pnyq_ssr_i/top_ssr_0/inst/u_top_system/u_dsp_chain/u_agg/feat_mem[12][3]_i_171/O
                         net (fo=1, routed)           0.000    13.697    zedboard_pnyq_ssr_i/top_ssr_0/inst/u_top_system/u_dsp_chain/u_agg/feat_mem[12][3]_i_171_n_0
    SLICE_X104Y108       CARRY4 (Prop_carry4_S[3]_CO[3])
                                                      0.376    14.073 r  zedboard_pnyq_ssr_i/top_ssr_0/inst/u_top_system/u_dsp_chain/u_agg/feat_mem_reg[12][3]_i_147/CO[3]
                         net (fo=1, routed)           0.000    14.073    zedboard_pnyq_ssr_i/top_ssr_0/inst/u_top_system/u_dsp_chain/u_agg/feat_mem_reg[12][3]_i_147_n_0
    SLICE_X104Y109       CARRY4 (Prop_carry4_CI_CO[3])
                                                      0.117    14.190 r  zedboard_pnyq_ssr_i/top_ssr_0/inst/u_top_system/u_dsp_chain/u_agg/feat_mem_reg[12][3]_i_119/CO[3]
                         net (fo=1, routed)           0.000    14.190    zedboard_pnyq_ssr_i/top_ssr_0/inst/u_top_system/u_dsp_chain/u_agg/feat_mem_reg[12][3]_i_119_n_0
    SLICE_X104Y110       CARRY4 (Prop_carry4_CI_O[1])
                                                      0.323    14.513 r  zedboard_pnyq_ssr_i/top_ssr_0/inst/u_top_system/u_dsp_chain/u_agg/feat_mem_reg[12][3]_i_88/O[1]
                         net (fo=3, routed)           1.181    15.694    zedboard_pnyq_ssr_i/top_ssr_0/inst/u_top_system/u_dsp_chain/u_agg/feat_mem_reg[12][3]_i_88_n_6
    SLICE_X106Y109       LUT3 (Prop_lut3_I2_O)        0.332    16.026 f  zedboard_pnyq_ssr_i/top_ssr_0/inst/u_top_system/u_dsp_chain/u_agg/feat_mem[12][3]_i_96/O
                         net (fo=2, routed)           0.444    16.470    zedboard_pnyq_ssr_i/top_ssr_0/inst/u_top_system/u_dsp_chain/u_agg/feat_mem[12][3]_i_96_n_0
    SLICE_X106Y108       LUT5 (Prop_lut5_I3_O)        0.326    16.796 r  zedboard_pnyq_ssr_i/top_ssr_0/inst/u_top_system/u_dsp_chain/u_agg/feat_mem[12][3]_i_54/O
                         net (fo=2, routed)           0.541    17.337    zedboard_pnyq_ssr_i/top_ssr_0/inst/u_top_system/u_dsp_chain/u_agg/feat_mem[12][3]_i_54_n_0
    SLICE_X105Y109       LUT6 (Prop_lut6_I0_O)        0.124    17.461 r  zedboard_pnyq_ssr_i/top_ssr_0/inst/u_top_system/u_dsp_chain/u_agg/feat_mem[12][3]_i_58/O
                         net (fo=1, routed)           0.000    17.461    zedboard_pnyq_ssr_i/top_ssr_0/inst/u_top_system/u_dsp_chain/u_agg/feat_mem[12][3]_i_58_n_0
    SLICE_X105Y109       CARRY4 (Prop_carry4_S[0]_CO[3])
                                                      0.532    17.993 r  zedboard_pnyq_ssr_i/top_ssr_0/inst/u_top_system/u_dsp_chain/u_agg/feat_mem_reg[12][3]_i_29/CO[3]
                         net (fo=1, routed)           0.000    17.993    zedboard_pnyq_ssr_i/top_ssr_0/inst/u_top_system/u_dsp_chain/u_agg/feat_mem_reg[12][3]_i_29_n_0
    SLICE_X105Y110       CARRY4 (Prop_carry4_CI_O[0])
                                                      0.222    18.215 r  zedboard_pnyq_ssr_i/top_ssr_0/inst/u_top_system/u_dsp_chain/u_agg/feat_mem_reg[12][3]_i_12/O[0]
                         net (fo=10, routed)          1.031    19.246    zedboard_pnyq_ssr_i/top_ssr_0/inst_n_11
    SLICE_X111Y110       LUT2 (Prop_lut2_I0_O)        0.299    19.545 r  zedboard_pnyq_ssr_i/top_ssr_0/feat_mem[12][15]_i_183/O
                         net (fo=1, routed)           0.000    19.545    zedboard_pnyq_ssr_i/top_ssr_0/feat_mem[12][15]_i_183_n_0
    SLICE_X111Y110       CARRY4 (Prop_carry4_S[1]_O[3])
                                                      0.640    20.185 r  zedboard_pnyq_ssr_i/top_ssr_0/feat_mem_reg[12][15]_i_168/O[3]
                         net (fo=2, routed)           0.562    20.748    zedboard_pnyq_ssr_i/top_ssr_0/feat_mem_reg[12][15]_i_168_n_4
    SLICE_X107Y110       LUT3 (Prop_lut3_I1_O)        0.306    21.054 r  zedboard_pnyq_ssr_i/top_ssr_0/feat_mem[12][15]_i_141/O
                         net (fo=2, routed)           0.552    21.606    zedboard_pnyq_ssr_i/top_ssr_0/feat_mem[12][15]_i_141_n_0
    SLICE_X109Y110       LUT4 (Prop_lut4_I3_O)        0.124    21.730 r  zedboard_pnyq_ssr_i/top_ssr_0/feat_mem[12][15]_i_145/O
                         net (fo=1, routed)           0.000    21.730    zedboard_pnyq_ssr_i/top_ssr_0/feat_mem[12][15]_i_145_n_0
    SLICE_X109Y110       CARRY4 (Prop_carry4_S[1]_CO[3])
                                                      0.550    22.280 r  zedboard_pnyq_ssr_i/top_ssr_0/feat_mem_reg[12][15]_i_115/CO[3]
                         net (fo=1, routed)           0.000    22.280    zedboard_pnyq_ssr_i/top_ssr_0/feat_mem_reg[12][15]_i_115_n_0
    SLICE_X109Y111       CARRY4 (Prop_carry4_CI_O[1])
                                                      0.334    22.614 r  zedboard_pnyq_ssr_i/top_ssr_0/feat_mem_reg[12][15]_i_92/O[1]
                         net (fo=3, routed)           0.676    23.289    zedboard_pnyq_ssr_i/top_ssr_0/inst/u_top_system/u_dsp_chain/u_agg/feat_mem_reg[12][15]_i_83_0[1]
    SLICE_X108Y111       LUT4 (Prop_lut4_I3_O)        0.303    23.592 r  zedboard_pnyq_ssr_i/top_ssr_0/inst/u_top_system/u_dsp_chain/u_agg/feat_mem[12][15]_i_114/O
                         net (fo=1, routed)           0.000    23.592    zedboard_pnyq_ssr_i/top_ssr_0/inst/u_top_system/u_dsp_chain/u_agg/feat_mem[12][15]_i_114_n_0
    SLICE_X108Y111       CARRY4 (Prop_carry4_S[0]_CO[3])
                                                      0.513    24.105 r  zedboard_pnyq_ssr_i/top_ssr_0/inst/u_top_system/u_dsp_chain/u_agg/feat_mem_reg[12][15]_i_83/CO[3]
                         net (fo=1, routed)           0.000    24.105    zedboard_pnyq_ssr_i/top_ssr_0/inst/u_top_system/u_dsp_chain/u_agg/feat_mem_reg[12][15]_i_83_n_0
    SLICE_X108Y112       CARRY4 (Prop_carry4_CI_CO[3])
                                                      0.117    24.222 r  zedboard_pnyq_ssr_i/top_ssr_0/inst/u_top_system/u_dsp_chain/u_agg/feat_mem_reg[12][15]_i_55/CO[3]
                         net (fo=1, routed)           0.000    24.222    zedboard_pnyq_ssr_i/top_ssr_0/inst/u_top_system/u_dsp_chain/u_agg/feat_mem_reg[12][15]_i_55_n_0
    SLICE_X108Y113       CARRY4 (Prop_carry4_CI_CO[3])
                                                      0.117    24.339 r  zedboard_pnyq_ssr_i/top_ssr_0/inst/u_top_system/u_dsp_chain/u_agg/feat_mem_reg[12][15]_i_30/CO[3]
                         net (fo=1, routed)           0.000    24.339    zedboard_pnyq_ssr_i/top_ssr_0/inst/u_top_system/u_dsp_chain/u_agg/feat_mem_reg[12][15]_i_30_n_0
    SLICE_X108Y114       CARRY4 (Prop_carry4_CI_CO[3])
                                                      0.117    24.456 r  zedboard_pnyq_ssr_i/top_ssr_0/inst/u_top_system/u_dsp_chain/u_agg/feat_mem_reg[12][15]_i_15/CO[3]
                         net (fo=1, routed)           0.000    24.456    zedboard_pnyq_ssr_i/top_ssr_0/inst/u_top_system/u_dsp_chain/u_agg/feat_mem_reg[12][15]_i_15_n_0
    SLICE_X108Y115       CARRY4 (Prop_carry4_CI_CO[1])
                                                      0.157    24.613 r  zedboard_pnyq_ssr_i/top_ssr_0/inst/u_top_system/u_dsp_chain/u_agg/feat_mem_reg[12][15]_i_10/CO[1]
                         net (fo=1, routed)           0.310    24.924    zedboard_pnyq_ssr_i/top_ssr_0/inst/u_top_system/u_dsp_chain/u_agg/feat_mem_reg[12][15]_i_10_n_2
    SLICE_X108Y116       LUT4 (Prop_lut4_I0_O)        0.332    25.256 r  zedboard_pnyq_ssr_i/top_ssr_0/inst/u_top_system/u_dsp_chain/u_agg/feat_mem[12][15]_i_4/O
                         net (fo=42, routed)          0.870    26.126    zedboard_pnyq_ssr_i/top_ssr_0/inst/u_top_system/u_dsp_chain/u_agg/feat_mem[12][15]_i_4_n_0
    SLICE_X113Y112       LUT3 (Prop_lut3_I1_O)        0.124    26.250 r  zedboard_pnyq_ssr_i/top_ssr_0/inst/u_top_system/u_dsp_chain/u_agg/feat_mem[12][2]_i_13/O
                         net (fo=1, routed)           0.610    26.860    zedboard_pnyq_ssr_i/top_ssr_0/inst/u_top_system/u_dsp_chain/u_agg/feat_mem[12][2]_i_13_n_0
    SLICE_X110Y112       CARRY4 (Prop_carry4_CYINIT_CO[3])
                                                      0.580    27.440 r  zedboard_pnyq_ssr_i/top_ssr_0/inst/u_top_system/u_dsp_chain/u_agg/feat_mem_reg[12][2]_i_8/CO[3]
                         net (fo=1, routed)           0.000    27.440    zedboard_pnyq_ssr_i/top_ssr_0/inst/u_top_system/u_dsp_chain/u_agg/feat_mem_reg[12][2]_i_8_n_0
    SLICE_X110Y113       CARRY4 (Prop_carry4_CI_CO[3])
                                                      0.114    27.554 r  zedboard_pnyq_ssr_i/top_ssr_0/inst/u_top_system/u_dsp_chain/u_agg/feat_mem_reg[12][2]_i_3/CO[3]
                         net (fo=1, routed)           0.000    27.554    zedboard_pnyq_ssr_i/top_ssr_0/inst/u_top_system/u_dsp_chain/u_agg/feat_mem_reg[12][2]_i_3_n_0
    SLICE_X110Y114       CARRY4 (Prop_carry4_CI_CO[3])
                                                      0.114    27.668 r  zedboard_pnyq_ssr_i/top_ssr_0/inst/u_top_system/u_dsp_chain/u_agg/feat_mem_reg[12][2]_i_2/CO[3]
                         net (fo=1, routed)           0.000    27.668    zedboard_pnyq_ssr_i/top_ssr_0/inst/u_top_system/u_dsp_chain/u_agg/feat_mem_reg[12][2]_i_2_n_0
    SLICE_X110Y115       CARRY4 (Prop_carry4_CI_CO[3])
                                                      0.114    27.782 r  zedboard_pnyq_ssr_i/top_ssr_0/inst/u_top_system/u_dsp_chain/u_agg/feat_mem_reg[12][6]_i_2/CO[3]
                         net (fo=1, routed)           0.000    27.782    zedboard_pnyq_ssr_i/top_ssr_0/inst/u_top_system/u_dsp_chain/u_agg/feat_mem_reg[12][6]_i_2_n_0
    SLICE_X110Y116       CARRY4 (Prop_carry4_CI_CO[3])
                                                      0.114    27.896 r  zedboard_pnyq_ssr_i/top_ssr_0/inst/u_top_system/u_dsp_chain/u_agg/feat_mem_reg[12][10]_i_2/CO[3]
                         net (fo=1, routed)           0.000    27.896    zedboard_pnyq_ssr_i/top_ssr_0/inst/u_top_system/u_dsp_chain/u_agg/feat_mem_reg[12][10]_i_2_n_0
    SLICE_X110Y117       CARRY4 (Prop_carry4_CI_O[0])
                                                      0.222    28.118 r  zedboard_pnyq_ssr_i/top_ssr_0/inst/u_top_system/u_dsp_chain/u_agg/feat_mem_reg[12][14]_i_2/O[0]
                         net (fo=1, routed)           0.652    28.770    zedboard_pnyq_ssr_i/top_ssr_0/inst/u_top_system/u_dsp_chain/u_agg/feat_mem_reg[12][14]_i_2_n_7
    SLICE_X111Y117       LUT5 (Prop_lut5_I1_O)        0.299    29.069 r  zedboard_pnyq_ssr_i/top_ssr_0/inst/u_top_system/u_dsp_chain/u_agg/feat_mem[12][11]_i_1/O
                         net (fo=16, routed)          1.729    30.798    zedboard_pnyq_ssr_i/top_ssr_0/inst/u_top_system/u_dsp_chain/u_agg/p_1_in[11]
    SLICE_X84Y126        FDRE                                         r  zedboard_pnyq_ssr_i/top_ssr_0/inst/u_top_system/u_dsp_chain/u_agg/feat_mem_reg[0][11]/D
  -------------------------------------------------------------------    -------------------

                         (clock clk_fpga_0 rise edge)
                                                     50.000    50.000 r  
    PS7_X0Y0             PS7                          0.000    50.000 r  zedboard_pnyq_ssr_i/processing_system7_0/inst/PS7_i/FCLKCLK[0]
                         net (fo=1, routed)           1.088    51.088    zedboard_pnyq_ssr_i/processing_system7_0/inst/FCLK_CLK_unbuffered[0]
    BUFGCTRL_X0Y16       BUFG (Prop_bufg_I_O)         0.091    51.179 r  zedboard_pnyq_ssr_i/processing_system7_0/inst/buffer_fclk_clk_0.FCLK_CLK_0_BUFG/O
                         net (fo=21462, routed)       1.705    52.884    zedboard_pnyq_ssr_i/top_ssr_0/inst/u_top_system/u_dsp_chain/u_agg/s00_axi_aclk
    SLICE_X84Y126        FDRE                                         r  zedboard_pnyq_ssr_i/top_ssr_0/inst/u_top_system/u_dsp_chain/u_agg/feat_mem_reg[0][11]/C
                         clock pessimism              0.247    53.131    
                         clock uncertainty           -0.751    52.380    
    SLICE_X84Y126        FDRE (Setup_fdre_C_D)       -0.081    52.299    zedboard_pnyq_ssr_i/top_ssr_0/inst/u_top_system/u_dsp_chain/u_agg/feat_mem_reg[0][11]
  -------------------------------------------------------------------
                         required time                         52.299    
                         arrival time                         -30.798    
  -------------------------------------------------------------------
                         slack                                 21.502    

Slack (MET) :             21.504ns  (required time - arrival time)
  Source:                 zedboard_pnyq_ssr_i/top_ssr_0/inst/u_top_system/u_dsp_chain/u_agg/calc_k_reg[0]/C
                            (rising edge-triggered cell FDRE clocked by clk_fpga_0  {rise@0.000ns fall@25.000ns period=50.000ns})
  Destination:            zedboard_pnyq_ssr_i/top_ssr_0/inst/u_top_system/u_dsp_chain/u_agg/feat_mem_reg[4][11]/D
                            (rising edge-triggered cell FDRE clocked by clk_fpga_0  {rise@0.000ns fall@25.000ns period=50.000ns})
  Path Group:             clk_fpga_0
  Path Type:              Setup (Max at Slow Process Corner)
  Requirement:            50.000ns  (clk_fpga_0 rise@50.000ns - clk_fpga_0 rise@0.000ns)
  Data Path Delay:        27.553ns  (logic 10.941ns (39.709%)  route 16.612ns (60.291%))
  Logic Levels:           41  (CARRY4=25 LUT1=1 LUT2=1 LUT3=5 LUT4=4 LUT5=2 LUT6=3)
  Clock Path Skew:        -0.125ns (DCD - SCD + CPR)
    Destination Clock Delay (DCD):    2.884ns = ( 52.884 - 50.000 ) 
    Source Clock Delay      (SCD):    3.256ns
    Clock Pessimism Removal (CPR):    0.247ns
  Clock Uncertainty:      0.751ns  ((TSJ^2 + TIJ^2)^1/2 + DJ) / 2 + PE
    Total System Jitter     (TSJ):    0.071ns
    Total Input Jitter      (TIJ):    1.500ns
    Discrete Jitter          (DJ):    0.000ns
    Phase Error              (PE):    0.000ns

    Location             Delay type                Incr(ns)  Path(ns)    Netlist Resource(s)
  -------------------------------------------------------------------    -------------------
                         (clock clk_fpga_0 rise edge)
                                                      0.000     0.000 r  
    PS7_X0Y0             PS7                          0.000     0.000 r  zedboard_pnyq_ssr_i/processing_system7_0/inst/PS7_i/FCLKCLK[0]
                         net (fo=1, routed)           1.193     1.193    zedboard_pnyq_ssr_i/processing_system7_0/inst/FCLK_CLK_unbuffered[0]
    BUFGCTRL_X0Y16       BUFG (Prop_bufg_I_O)         0.101     1.294 r  zedboard_pnyq_ssr_i/processing_system7_0/inst/buffer_fclk_clk_0.FCLK_CLK_0_BUFG/O
                         net (fo=21462, routed)       1.962     3.256    zedboard_pnyq_ssr_i/top_ssr_0/inst/u_top_system/u_dsp_chain/u_agg/s00_axi_aclk
    SLICE_X94Y121        FDRE                                         r  zedboard_pnyq_ssr_i/top_ssr_0/inst/u_top_system/u_dsp_chain/u_agg/calc_k_reg[0]/C
  -------------------------------------------------------------------    -------------------
    SLICE_X94Y121        FDRE (Prop_fdre_C_Q)         0.518     3.774 r  zedboard_pnyq_ssr_i/top_ssr_0/inst/u_top_system/u_dsp_chain/u_agg/calc_k_reg[0]/Q
                         net (fo=310, routed)         2.355     6.129    zedboard_pnyq_ssr_i/top_ssr_0/inst/u_top_system/u_dsp_chain/u_agg/sel0[0]
    SLICE_X111Y96        LUT6 (Prop_lut6_I4_O)        0.124     6.253 f  zedboard_pnyq_ssr_i/top_ssr_0/inst/u_top_system/u_dsp_chain/u_agg/suma_sq0_i_100/O
                         net (fo=1, routed)           0.666     6.919    zedboard_pnyq_ssr_i/top_ssr_0/inst/u_top_system/u_dsp_chain/u_agg/suma_sq0_i_100_n_0
    SLICE_X108Y96        LUT6 (Prop_lut6_I1_O)        0.124     7.043 f  zedboard_pnyq_ssr_i/top_ssr_0/inst/u_top_system/u_dsp_chain/u_agg/suma_sq0_i_31/O
                         net (fo=7, routed)           1.085     8.128    zedboard_pnyq_ssr_i/top_ssr_0/inst/u_top_system/u_dsp_chain/u_agg/suma_sq0_i_31_n_0
    SLICE_X103Y102       LUT1 (Prop_lut1_I0_O)        0.124     8.252 r  zedboard_pnyq_ssr_i/top_ssr_0/inst/u_top_system/u_dsp_chain/u_agg/feat_mem[12][3]_i_159/O
                         net (fo=1, routed)           0.000     8.252    zedboard_pnyq_ssr_i/top_ssr_0/inst/u_top_system/u_dsp_chain/u_agg/feat_mem[12][3]_i_159_n_0
    SLICE_X103Y102       CARRY4 (Prop_carry4_S[0]_CO[3])
                                                      0.532     8.784 r  zedboard_pnyq_ssr_i/top_ssr_0/inst/u_top_system/u_dsp_chain/u_agg/feat_mem_reg[12][3]_i_134/CO[3]
                         net (fo=1, routed)           0.000     8.784    zedboard_pnyq_ssr_i/top_ssr_0/inst/u_top_system/u_dsp_chain/u_agg/feat_mem_reg[12][3]_i_134_n_0
    SLICE_X103Y103       CARRY4 (Prop_carry4_CI_CO[3])
                                                      0.114     8.898 r  zedboard_pnyq_ssr_i/top_ssr_0/inst/u_top_system/u_dsp_chain/u_agg/feat_mem_reg[12][3]_i_105/CO[3]
                         net (fo=1, routed)           0.000     8.898    zedboard_pnyq_ssr_i/top_ssr_0/inst/u_top_system/u_dsp_chain/u_agg/feat_mem_reg[12][3]_i_105_n_0
    SLICE_X103Y104       CARRY4 (Prop_carry4_CI_CO[3])
                                                      0.114     9.012 r  zedboard_pnyq_ssr_i/top_ssr_0/inst/u_top_system/u_dsp_chain/u_agg/feat_mem_reg[12][3]_i_74/CO[3]
                         net (fo=1, routed)           0.000     9.012    zedboard_pnyq_ssr_i/top_ssr_0/inst/u_top_system/u_dsp_chain/u_agg/feat_mem_reg[12][3]_i_74_n_0
    SLICE_X103Y105       CARRY4 (Prop_carry4_CI_CO[3])
                                                      0.114     9.126 r  zedboard_pnyq_ssr_i/top_ssr_0/inst/u_top_system/u_dsp_chain/u_agg/feat_mem_reg[12][3]_i_49/CO[3]
                         net (fo=1, routed)           0.000     9.126    zedboard_pnyq_ssr_i/top_ssr_0/inst/u_top_system/u_dsp_chain/u_agg/feat_mem_reg[12][3]_i_49_n_0
    SLICE_X103Y106       CARRY4 (Prop_carry4_CI_CO[3])
                                                      0.114     9.240 r  zedboard_pnyq_ssr_i/top_ssr_0/inst/u_top_system/u_dsp_chain/u_agg/feat_mem_reg[12][7]_i_15/CO[3]
                         net (fo=1, routed)           0.000     9.240    zedboard_pnyq_ssr_i/top_ssr_0/inst/u_top_system/u_dsp_chain/u_agg/feat_mem_reg[12][7]_i_15_n_0
    SLICE_X103Y107       CARRY4 (Prop_carry4_CI_O[1])
                                                      0.334     9.574 r  zedboard_pnyq_ssr_i/top_ssr_0/inst/u_top_system/u_dsp_chain/u_agg/feat_mem_reg[12][15]_i_39/O[1]
                         net (fo=1, routed)           1.112    10.686    zedboard_pnyq_ssr_i/top_ssr_0/inst/u_top_system/u_dsp_chain/u_agg/feat_mem_reg[12][15]_i_39_n_6
    SLICE_X102Y104       LUT3 (Prop_lut3_I0_O)        0.332    11.018 f  zedboard_pnyq_ssr_i/top_ssr_0/inst/u_top_system/u_dsp_chain/u_agg/feat_mem[12][7]_i_11/O
                         net (fo=21, routed)          1.289    12.307    zedboard_pnyq_ssr_i/top_ssr_0/inst/u_top_system/u_dsp_chain/u_agg/feat_mem[12][7]_i_11_n_0
    SLICE_X111Y108       LUT3 (Prop_lut3_I0_O)        0.331    12.638 r  zedboard_pnyq_ssr_i/top_ssr_0/inst/u_top_system/u_dsp_chain/u_agg/feat_mem[12][3]_i_167/O
                         net (fo=2, routed)           0.935    13.573    zedboard_pnyq_ssr_i/top_ssr_0/inst/u_top_system/u_dsp_chain/u_agg/feat_mem[12][3]_i_167_n_0
    SLICE_X104Y108       LUT4 (Prop_lut4_I3_O)        0.124    13.697 r  zedboard_pnyq_ssr_i/top_ssr_0/inst/u_top_system/u_dsp_chain/u_agg/feat_mem[12][3]_i_171/O
                         net (fo=1, routed)           0.000    13.697    zedboard_pnyq_ssr_i/top_ssr_0/inst/u_top_system/u_dsp_chain/u_agg/feat_mem[12][3]_i_171_n_0
    SLICE_X104Y108       CARRY4 (Prop_carry4_S[3]_CO[3])
                                                      0.376    14.073 r  zedboard_pnyq_ssr_i/top_ssr_0/inst/u_top_system/u_dsp_chain/u_agg/feat_mem_reg[12][3]_i_147/CO[3]
                         net (fo=1, routed)           0.000    14.073    zedboard_pnyq_ssr_i/top_ssr_0/inst/u_top_system/u_dsp_chain/u_agg/feat_mem_reg[12][3]_i_147_n_0
    SLICE_X104Y109       CARRY4 (Prop_carry4_CI_CO[3])
                                                      0.117    14.190 r  zedboard_pnyq_ssr_i/top_ssr_0/inst/u_top_system/u_dsp_chain/u_agg/feat_mem_reg[12][3]_i_119/CO[3]
                         net (fo=1, routed)           0.000    14.190    zedboard_pnyq_ssr_i/top_ssr_0/inst/u_top_system/u_dsp_chain/u_agg/feat_mem_reg[12][3]_i_119_n_0
    SLICE_X104Y110       CARRY4 (Prop_carry4_CI_O[1])
                                                      0.323    14.513 r  zedboard_pnyq_ssr_i/top_ssr_0/inst/u_top_system/u_dsp_chain/u_agg/feat_mem_reg[12][3]_i_88/O[1]
                         net (fo=3, routed)           1.181    15.694    zedboard_pnyq_ssr_i/top_ssr_0/inst/u_top_system/u_dsp_chain/u_agg/feat_mem_reg[12][3]_i_88_n_6
    SLICE_X106Y109       LUT3 (Prop_lut3_I2_O)        0.332    16.026 f  zedboard_pnyq_ssr_i/top_ssr_0/inst/u_top_system/u_dsp_chain/u_agg/feat_mem[12][3]_i_96/O
                         net (fo=2, routed)           0.444    16.470    zedboard_pnyq_ssr_i/top_ssr_0/inst/u_top_system/u_dsp_chain/u_agg/feat_mem[12][3]_i_96_n_0
    SLICE_X106Y108       LUT5 (Prop_lut5_I3_O)        0.326    16.796 r  zedboard_pnyq_ssr_i/top_ssr_0/inst/u_top_system/u_dsp_chain/u_agg/feat_mem[12][3]_i_54/O
                         net (fo=2, routed)           0.541    17.337    zedboard_pnyq_ssr_i/top_ssr_0/inst/u_top_system/u_dsp_chain/u_agg/feat_mem[12][3]_i_54_n_0
    SLICE_X105Y109       LUT6 (Prop_lut6_I0_O)        0.124    17.461 r  zedboard_pnyq_ssr_i/top_ssr_0/inst/u_top_system/u_dsp_chain/u_agg/feat_mem[12][3]_i_58/O
                         net (fo=1, routed)           0.000    17.461    zedboard_pnyq_ssr_i/top_ssr_0/inst/u_top_system/u_dsp_chain/u_agg/feat_mem[12][3]_i_58_n_0
    SLICE_X105Y109       CARRY4 (Prop_carry4_S[0]_CO[3])
                                                      0.532    17.993 r  zedboard_pnyq_ssr_i/top_ssr_0/inst/u_top_system/u_dsp_chain/u_agg/feat_mem_reg[12][3]_i_29/CO[3]
                         net (fo=1, routed)           0.000    17.993    zedboard_pnyq_ssr_i/top_ssr_0/inst/u_top_system/u_dsp_chain/u_agg/feat_mem_reg[12][3]_i_29_n_0
    SLICE_X105Y110       CARRY4 (Prop_carry4_CI_O[0])
                                                      0.222    18.215 r  zedboard_pnyq_ssr_i/top_ssr_0/inst/u_top_system/u_dsp_chain/u_agg/feat_mem_reg[12][3]_i_12/O[0]
                         net (fo=10, routed)          1.031    19.246    zedboard_pnyq_ssr_i/top_ssr_0/inst_n_11
    SLICE_X111Y110       LUT2 (Prop_lut2_I0_O)        0.299    19.545 r  zedboard_pnyq_ssr_i/top_ssr_0/feat_mem[12][15]_i_183/O
                         net (fo=1, routed)           0.000    19.545    zedboard_pnyq_ssr_i/top_ssr_0/feat_mem[12][15]_i_183_n_0
    SLICE_X111Y110       CARRY4 (Prop_carry4_S[1]_O[3])
                                                      0.640    20.185 r  zedboard_pnyq_ssr_i/top_ssr_0/feat_mem_reg[12][15]_i_168/O[3]
                         net (fo=2, routed)           0.562    20.748    zedboard_pnyq_ssr_i/top_ssr_0/feat_mem_reg[12][15]_i_168_n_4
    SLICE_X107Y110       LUT3 (Prop_lut3_I1_O)        0.306    21.054 r  zedboard_pnyq_ssr_i/top_ssr_0/feat_mem[12][15]_i_141/O
                         net (fo=2, routed)           0.552    21.606    zedboard_pnyq_ssr_i/top_ssr_0/feat_mem[12][15]_i_141_n_0
    SLICE_X109Y110       LUT4 (Prop_lut4_I3_O)        0.124    21.730 r  zedboard_pnyq_ssr_i/top_ssr_0/feat_mem[12][15]_i_145/O
                         net (fo=1, routed)           0.000    21.730    zedboard_pnyq_ssr_i/top_ssr_0/feat_mem[12][15]_i_145_n_0
    SLICE_X109Y110       CARRY4 (Prop_carry4_S[1]_CO[3])
                                                      0.550    22.280 r  zedboard_pnyq_ssr_i/top_ssr_0/feat_mem_reg[12][15]_i_115/CO[3]
                         net (fo=1, routed)           0.000    22.280    zedboard_pnyq_ssr_i/top_ssr_0/feat_mem_reg[12][15]_i_115_n_0
    SLICE_X109Y111       CARRY4 (Prop_carry4_CI_O[1])
                                                      0.334    22.614 r  zedboard_pnyq_ssr_i/top_ssr_0/feat_mem_reg[12][15]_i_92/O[1]
                         net (fo=3, routed)           0.676    23.289    zedboard_pnyq_ssr_i/top_ssr_0/inst/u_top_system/u_dsp_chain/u_agg/feat_mem_reg[12][15]_i_83_0[1]
    SLICE_X108Y111       LUT4 (Prop_lut4_I3_O)        0.303    23.592 r  zedboard_pnyq_ssr_i/top_ssr_0/inst/u_top_system/u_dsp_chain/u_agg/feat_mem[12][15]_i_114/O
                         net (fo=1, routed)           0.000    23.592    zedboard_pnyq_ssr_i/top_ssr_0/inst/u_top_system/u_dsp_chain/u_agg/feat_mem[12][15]_i_114_n_0
    SLICE_X108Y111       CARRY4 (Prop_carry4_S[0]_CO[3])
                                                      0.513    24.105 r  zedboard_pnyq_ssr_i/top_ssr_0/inst/u_top_system/u_dsp_chain/u_agg/feat_mem_reg[12][15]_i_83/CO[3]
                         net (fo=1, routed)           0.000    24.105    zedboard_pnyq_ssr_i/top_ssr_0/inst/u_top_system/u_dsp_chain/u_agg/feat_mem_reg[12][15]_i_83_n_0
    SLICE_X108Y112       CARRY4 (Prop_carry4_CI_CO[3])
                                                      0.117    24.222 r  zedboard_pnyq_ssr_i/top_ssr_0/inst/u_top_system/u_dsp_chain/u_agg/feat_mem_reg[12][15]_i_55/CO[3]
                         net (fo=1, routed)           0.000    24.222    zedboard_pnyq_ssr_i/top_ssr_0/inst/u_top_system/u_dsp_chain/u_agg/feat_mem_reg[12][15]_i_55_n_0
    SLICE_X108Y113       CARRY4 (Prop_carry4_CI_CO[3])
                                                      0.117    24.339 r  zedboard_pnyq_ssr_i/top_ssr_0/inst/u_top_system/u_dsp_chain/u_agg/feat_mem_reg[12][15]_i_30/CO[3]
                         net (fo=1, routed)           0.000    24.339    zedboard_pnyq_ssr_i/top_ssr_0/inst/u_top_system/u_dsp_chain/u_agg/feat_mem_reg[12][15]_i_30_n_0
    SLICE_X108Y114       CARRY4 (Prop_carry4_CI_CO[3])
                                                      0.117    24.456 r  zedboard_pnyq_ssr_i/top_ssr_0/inst/u_top_system/u_dsp_chain/u_agg/feat_mem_reg[12][15]_i_15/CO[3]
                         net (fo=1, routed)           0.000    24.456    zedboard_pnyq_ssr_i/top_ssr_0/inst/u_top_system/u_dsp_chain/u_agg/feat_mem_reg[12][15]_i_15_n_0
    SLICE_X108Y115       CARRY4 (Prop_carry4_CI_CO[1])
                                                      0.157    24.613 r  zedboard_pnyq_ssr_i/top_ssr_0/inst/u_top_system/u_dsp_chain/u_agg/feat_mem_reg[12][15]_i_10/CO[1]
                         net (fo=1, routed)           0.310    24.924    zedboard_pnyq_ssr_i/top_ssr_0/inst/u_top_system/u_dsp_chain/u_agg/feat_mem_reg[12][15]_i_10_n_2
    SLICE_X108Y116       LUT4 (Prop_lut4_I0_O)        0.332    25.256 r  zedboard_pnyq_ssr_i/top_ssr_0/inst/u_top_system/u_dsp_chain/u_agg/feat_mem[12][15]_i_4/O
                         net (fo=42, routed)          0.870    26.126    zedboard_pnyq_ssr_i/top_ssr_0/inst/u_top_system/u_dsp_chain/u_agg/feat_mem[12][15]_i_4_n_0
    SLICE_X113Y112       LUT3 (Prop_lut3_I1_O)        0.124    26.250 r  zedboard_pnyq_ssr_i/top_ssr_0/inst/u_top_system/u_dsp_chain/u_agg/feat_mem[12][2]_i_13/O
                         net (fo=1, routed)           0.610    26.860    zedboard_pnyq_ssr_i/top_ssr_0/inst/u_top_system/u_dsp_chain/u_agg/feat_mem[12][2]_i_13_n_0
    SLICE_X110Y112       CARRY4 (Prop_carry4_CYINIT_CO[3])
                                                      0.580    27.440 r  zedboard_pnyq_ssr_i/top_ssr_0/inst/u_top_system/u_dsp_chain/u_agg/feat_mem_reg[12][2]_i_8/CO[3]
                         net (fo=1, routed)           0.000    27.440    zedboard_pnyq_ssr_i/top_ssr_0/inst/u_top_system/u_dsp_chain/u_agg/feat_mem_reg[12][2]_i_8_n_0
    SLICE_X110Y113       CARRY4 (Prop_carry4_CI_CO[3])
                                                      0.114    27.554 r  zedboard_pnyq_ssr_i/top_ssr_0/inst/u_top_system/u_dsp_chain/u_agg/feat_mem_reg[12][2]_i_3/CO[3]
                         net (fo=1, routed)           0.000    27.554    zedboard_pnyq_ssr_i/top_ssr_0/inst/u_top_system/u_dsp_chain/u_agg/feat_mem_reg[12][2]_i_3_n_0
    SLICE_X110Y114       CARRY4 (Prop_carry4_CI_CO[3])
                                                      0.114    27.668 r  zedboard_pnyq_ssr_i/top_ssr_0/inst/u_top_system/u_dsp_chain/u_agg/feat_mem_reg[12][2]_i_2/CO[3]
                         net (fo=1, routed)           0.000    27.668    zedboard_pnyq_ssr_i/top_ssr_0/inst/u_top_system/u_dsp_chain/u_agg/feat_mem_reg[12][2]_i_2_n_0
    SLICE_X110Y115       CARRY4 (Prop_carry4_CI_CO[3])
                                                      0.114    27.782 r  zedboard_pnyq_ssr_i/top_ssr_0/inst/u_top_system/u_dsp_chain/u_agg/feat_mem_reg[12][6]_i_2/CO[3]
                         net (fo=1, routed)           0.000    27.782    zedboard_pnyq_ssr_i/top_ssr_0/inst/u_top_system/u_dsp_chain/u_agg/feat_mem_reg[12][6]_i_2_n_0
    SLICE_X110Y116       CARRY4 (Prop_carry4_CI_CO[3])
                                                      0.114    27.896 r  zedboard_pnyq_ssr_i/top_ssr_0/inst/u_top_system/u_dsp_chain/u_agg/feat_mem_reg[12][10]_i_2/CO[3]
                         net (fo=1, routed)           0.000    27.896    zedboard_pnyq_ssr_i/top_ssr_0/inst/u_top_system/u_dsp_chain/u_agg/feat_mem_reg[12][10]_i_2_n_0
    SLICE_X110Y117       CARRY4 (Prop_carry4_CI_O[0])
                                                      0.222    28.118 r  zedboard_pnyq_ssr_i/top_ssr_0/inst/u_top_system/u_dsp_chain/u_agg/feat_mem_reg[12][14]_i_2/O[0]
                         net (fo=1, routed)           0.652    28.770    zedboard_pnyq_ssr_i/top_ssr_0/inst/u_top_system/u_dsp_chain/u_agg/feat_mem_reg[12][14]_i_2_n_7
    SLICE_X111Y117       LUT5 (Prop_lut5_I1_O)        0.299    29.069 r  zedboard_pnyq_ssr_i/top_ssr_0/inst/u_top_system/u_dsp_chain/u_agg/feat_mem[12][11]_i_1/O
                         net (fo=16, routed)          1.740    30.809    zedboard_pnyq_ssr_i/top_ssr_0/inst/u_top_system/u_dsp_chain/u_agg/p_1_in[11]
    SLICE_X83Y126        FDRE                                         r  zedboard_pnyq_ssr_i/top_ssr_0/inst/u_top_system/u_dsp_chain/u_agg/feat_mem_reg[4][11]/D
  -------------------------------------------------------------------    -------------------

                         (clock clk_fpga_0 rise edge)
                                                     50.000    50.000 r  
    PS7_X0Y0             PS7                          0.000    50.000 r  zedboard_pnyq_ssr_i/processing_system7_0/inst/PS7_i/FCLKCLK[0]
                         net (fo=1, routed)           1.088    51.088    zedboard_pnyq_ssr_i/processing_system7_0/inst/FCLK_CLK_unbuffered[0]
    BUFGCTRL_X0Y16       BUFG (Prop_bufg_I_O)         0.091    51.179 r  zedboard_pnyq_ssr_i/processing_system7_0/inst/buffer_fclk_clk_0.FCLK_CLK_0_BUFG/O
                         net (fo=21462, routed)       1.705    52.884    zedboard_pnyq_ssr_i/top_ssr_0/inst/u_top_system/u_dsp_chain/u_agg/s00_axi_aclk
    SLICE_X83Y126        FDRE                                         r  zedboard_pnyq_ssr_i/top_ssr_0/inst/u_top_system/u_dsp_chain/u_agg/feat_mem_reg[4][11]/C
                         clock pessimism              0.247    53.131    
                         clock uncertainty           -0.751    52.380    
    SLICE_X83Y126        FDRE (Setup_fdre_C_D)       -0.067    52.313    zedboard_pnyq_ssr_i/top_ssr_0/inst/u_top_system/u_dsp_chain/u_agg/feat_mem_reg[4][11]
  -------------------------------------------------------------------
                         required time                         52.313    
                         arrival time                         -30.809    
  -------------------------------------------------------------------
                         slack                                 21.504    

Slack (MET) :             21.509ns  (required time - arrival time)
  Source:                 zedboard_pnyq_ssr_i/top_ssr_0/inst/u_top_system/u_dsp_chain/u_agg/calc_k_reg[0]/C
                            (rising edge-triggered cell FDRE clocked by clk_fpga_0  {rise@0.000ns fall@25.000ns period=50.000ns})
  Destination:            zedboard_pnyq_ssr_i/top_ssr_0/inst/u_top_system/u_dsp_chain/u_agg/feat_mem_reg[6][15]/D
                            (rising edge-triggered cell FDRE clocked by clk_fpga_0  {rise@0.000ns fall@25.000ns period=50.000ns})
  Path Group:             clk_fpga_0
  Path Type:              Setup (Max at Slow Process Corner)
  Requirement:            50.000ns  (clk_fpga_0 rise@50.000ns - clk_fpga_0 rise@0.000ns)
  Data Path Delay:        27.552ns  (logic 11.055ns (40.124%)  route 16.497ns (59.876%))
  Logic Levels:           42  (CARRY4=26 LUT1=1 LUT2=1 LUT3=5 LUT4=4 LUT5=2 LUT6=3)
  Clock Path Skew:        -0.127ns (DCD - SCD + CPR)
    Destination Clock Delay (DCD):    2.882ns = ( 52.882 - 50.000 ) 
    Source Clock Delay      (SCD):    3.256ns
    Clock Pessimism Removal (CPR):    0.247ns
  Clock Uncertainty:      0.751ns  ((TSJ^2 + TIJ^2)^1/2 + DJ) / 2 + PE
    Total System Jitter     (TSJ):    0.071ns
    Total Input Jitter      (TIJ):    1.500ns
    Discrete Jitter          (DJ):    0.000ns
    Phase Error              (PE):    0.000ns

    Location             Delay type                Incr(ns)  Path(ns)    Netlist Resource(s)
  -------------------------------------------------------------------    -------------------
                         (clock clk_fpga_0 rise edge)
                                                      0.000     0.000 r  
    PS7_X0Y0             PS7                          0.000     0.000 r  zedboard_pnyq_ssr_i/processing_system7_0/inst/PS7_i/FCLKCLK[0]
                         net (fo=1, routed)           1.193     1.193    zedboard_pnyq_ssr_i/processing_system7_0/inst/FCLK_CLK_unbuffered[0]
    BUFGCTRL_X0Y16       BUFG (Prop_bufg_I_O)         0.101     1.294 r  zedboard_pnyq_ssr_i/processing_system7_0/inst/buffer_fclk_clk_0.FCLK_CLK_0_BUFG/O
                         net (fo=21462, routed)       1.962     3.256    zedboard_pnyq_ssr_i/top_ssr_0/inst/u_top_system/u_dsp_chain/u_agg/s00_axi_aclk
    SLICE_X94Y121        FDRE                                         r  zedboard_pnyq_ssr_i/top_ssr_0/inst/u_top_system/u_dsp_chain/u_agg/calc_k_reg[0]/C
  -------------------------------------------------------------------    -------------------
    SLICE_X94Y121        FDRE (Prop_fdre_C_Q)         0.518     3.774 r  zedboard_pnyq_ssr_i/top_ssr_0/inst/u_top_system/u_dsp_chain/u_agg/calc_k_reg[0]/Q
                         net (fo=310, routed)         2.355     6.129    zedboard_pnyq_ssr_i/top_ssr_0/inst/u_top_system/u_dsp_chain/u_agg/sel0[0]
    SLICE_X111Y96        LUT6 (Prop_lut6_I4_O)        0.124     6.253 f  zedboard_pnyq_ssr_i/top_ssr_0/inst/u_top_system/u_dsp_chain/u_agg/suma_sq0_i_100/O
                         net (fo=1, routed)           0.666     6.919    zedboard_pnyq_ssr_i/top_ssr_0/inst/u_top_system/u_dsp_chain/u_agg/suma_sq0_i_100_n_0
    SLICE_X108Y96        LUT6 (Prop_lut6_I1_O)        0.124     7.043 f  zedboard_pnyq_ssr_i/top_ssr_0/inst/u_top_system/u_dsp_chain/u_agg/suma_sq0_i_31/O
                         net (fo=7, routed)           1.085     8.128    zedboard_pnyq_ssr_i/top_ssr_0/inst/u_top_system/u_dsp_chain/u_agg/suma_sq0_i_31_n_0
    SLICE_X103Y102       LUT1 (Prop_lut1_I0_O)        0.124     8.252 r  zedboard_pnyq_ssr_i/top_ssr_0/inst/u_top_system/u_dsp_chain/u_agg/feat_mem[12][3]_i_159/O
                         net (fo=1, routed)           0.000     8.252    zedboard_pnyq_ssr_i/top_ssr_0/inst/u_top_system/u_dsp_chain/u_agg/feat_mem[12][3]_i_159_n_0
    SLICE_X103Y102       CARRY4 (Prop_carry4_S[0]_CO[3])
                                                      0.532     8.784 r  zedboard_pnyq_ssr_i/top_ssr_0/inst/u_top_system/u_dsp_chain/u_agg/feat_mem_reg[12][3]_i_134/CO[3]
                         net (fo=1, routed)           0.000     8.784    zedboard_pnyq_ssr_i/top_ssr_0/inst/u_top_system/u_dsp_chain/u_agg/feat_mem_reg[12][3]_i_134_n_0
    SLICE_X103Y103       CARRY4 (Prop_carry4_CI_CO[3])
                                                      0.114     8.898 r  zedboard_pnyq_ssr_i/top_ssr_0/inst/u_top_system/u_dsp_chain/u_agg/feat_mem_reg[12][3]_i_105/CO[3]
                         net (fo=1, routed)           0.000     8.898    zedboard_pnyq_ssr_i/top_ssr_0/inst/u_top_system/u_dsp_chain/u_agg/feat_mem_reg[12][3]_i_105_n_0
    SLICE_X103Y104       CARRY4 (Prop_carry4_CI_CO[3])
                                                      0.114     9.012 r  zedboard_pnyq_ssr_i/top_ssr_0/inst/u_top_system/u_dsp_chain/u_agg/feat_mem_reg[12][3]_i_74/CO[3]
                         net (fo=1, routed)           0.000     9.012    zedboard_pnyq_ssr_i/top_ssr_0/inst/u_top_system/u_dsp_chain/u_agg/feat_mem_reg[12][3]_i_74_n_0
    SLICE_X103Y105       CARRY4 (Prop_carry4_CI_CO[3])
                                                      0.114     9.126 r  zedboard_pnyq_ssr_i/top_ssr_0/inst/u_top_system/u_dsp_chain/u_agg/feat_mem_reg[12][3]_i_49/CO[3]
                         net (fo=1, routed)           0.000     9.126    zedboard_pnyq_ssr_i/top_ssr_0/inst/u_top_system/u_dsp_chain/u_agg/feat_mem_reg[12][3]_i_49_n_0
    SLICE_X103Y106       CARRY4 (Prop_carry4_CI_CO[3])
                                                      0.114     9.240 r  zedboard_pnyq_ssr_i/top_ssr_0/inst/u_top_system/u_dsp_chain/u_agg/feat_mem_reg[12][7]_i_15/CO[3]
                         net (fo=1, routed)           0.000     9.240    zedboard_pnyq_ssr_i/top_ssr_0/inst/u_top_system/u_dsp_chain/u_agg/feat_mem_reg[12][7]_i_15_n_0
    SLICE_X103Y107       CARRY4 (Prop_carry4_CI_O[1])
                                                      0.334     9.574 r  zedboard_pnyq_ssr_i/top_ssr_0/inst/u_top_system/u_dsp_chain/u_agg/feat_mem_reg[12][15]_i_39/O[1]
                         net (fo=1, routed)           1.112    10.686    zedboard_pnyq_ssr_i/top_ssr_0/inst/u_top_system/u_dsp_chain/u_agg/feat_mem_reg[12][15]_i_39_n_6
    SLICE_X102Y104       LUT3 (Prop_lut3_I0_O)        0.332    11.018 f  zedboard_pnyq_ssr_i/top_ssr_0/inst/u_top_system/u_dsp_chain/u_agg/feat_mem[12][7]_i_11/O
                         net (fo=21, routed)          1.289    12.307    zedboard_pnyq_ssr_i/top_ssr_0/inst/u_top_system/u_dsp_chain/u_agg/feat_mem[12][7]_i_11_n_0
    SLICE_X111Y108       LUT3 (Prop_lut3_I0_O)        0.331    12.638 r  zedboard_pnyq_ssr_i/top_ssr_0/inst/u_top_system/u_dsp_chain/u_agg/feat_mem[12][3]_i_167/O
                         net (fo=2, routed)           0.935    13.573    zedboard_pnyq_ssr_i/top_ssr_0/inst/u_top_system/u_dsp_chain/u_agg/feat_mem[12][3]_i_167_n_0
    SLICE_X104Y108       LUT4 (Prop_lut4_I3_O)        0.124    13.697 r  zedboard_pnyq_ssr_i/top_ssr_0/inst/u_top_system/u_dsp_chain/u_agg/feat_mem[12][3]_i_171/O
                         net (fo=1, routed)           0.000    13.697    zedboard_pnyq_ssr_i/top_ssr_0/inst/u_top_system/u_dsp_chain/u_agg/feat_mem[12][3]_i_171_n_0
    SLICE_X104Y108       CARRY4 (Prop_carry4_S[3]_CO[3])
                                                      0.376    14.073 r  zedboard_pnyq_ssr_i/top_ssr_0/inst/u_top_system/u_dsp_chain/u_agg/feat_mem_reg[12][3]_i_147/CO[3]
                         net (fo=1, routed)           0.000    14.073    zedboard_pnyq_ssr_i/top_ssr_0/inst/u_top_system/u_dsp_chain/u_agg/feat_mem_reg[12][3]_i_147_n_0
    SLICE_X104Y109       CARRY4 (Prop_carry4_CI_CO[3])
                                                      0.117    14.190 r  zedboard_pnyq_ssr_i/top_ssr_0/inst/u_top_system/u_dsp_chain/u_agg/feat_mem_reg[12][3]_i_119/CO[3]
                         net (fo=1, routed)           0.000    14.190    zedboard_pnyq_ssr_i/top_ssr_0/inst/u_top_system/u_dsp_chain/u_agg/feat_mem_reg[12][3]_i_119_n_0
    SLICE_X104Y110       CARRY4 (Prop_carry4_CI_O[1])
                                                      0.323    14.513 r  zedboard_pnyq_ssr_i/top_ssr_0/inst/u_top_system/u_dsp_chain/u_agg/feat_mem_reg[12][3]_i_88/O[1]
                         net (fo=3, routed)           1.181    15.694    zedboard_pnyq_ssr_i/top_ssr_0/inst/u_top_system/u_dsp_chain/u_agg/feat_mem_reg[12][3]_i_88_n_6
    SLICE_X106Y109       LUT3 (Prop_lut3_I2_O)        0.332    16.026 f  zedboard_pnyq_ssr_i/top_ssr_0/inst/u_top_system/u_dsp_chain/u_agg/feat_mem[12][3]_i_96/O
                         net (fo=2, routed)           0.444    16.470    zedboard_pnyq_ssr_i/top_ssr_0/inst/u_top_system/u_dsp_chain/u_agg/feat_mem[12][3]_i_96_n_0
    SLICE_X106Y108       LUT5 (Prop_lut5_I3_O)        0.326    16.796 r  zedboard_pnyq_ssr_i/top_ssr_0/inst/u_top_system/u_dsp_chain/u_agg/feat_mem[12][3]_i_54/O
                         net (fo=2, routed)           0.541    17.337    zedboard_pnyq_ssr_i/top_ssr_0/inst/u_top_system/u_dsp_chain/u_agg/feat_mem[12][3]_i_54_n_0
    SLICE_X105Y109       LUT6 (Prop_lut6_I0_O)        0.124    17.461 r  zedboard_pnyq_ssr_i/top_ssr_0/inst/u_top_system/u_dsp_chain/u_agg/feat_mem[12][3]_i_58/O
                         net (fo=1, routed)           0.000    17.461    zedboard_pnyq_ssr_i/top_ssr_0/inst/u_top_system/u_dsp_chain/u_agg/feat_mem[12][3]_i_58_n_0
    SLICE_X105Y109       CARRY4 (Prop_carry4_S[0]_CO[3])
                                                      0.532    17.993 r  zedboard_pnyq_ssr_i/top_ssr_0/inst/u_top_system/u_dsp_chain/u_agg/feat_mem_reg[12][3]_i_29/CO[3]
                         net (fo=1, routed)           0.000    17.993    zedboard_pnyq_ssr_i/top_ssr_0/inst/u_top_system/u_dsp_chain/u_agg/feat_mem_reg[12][3]_i_29_n_0
    SLICE_X105Y110       CARRY4 (Prop_carry4_CI_O[0])
                                                      0.222    18.215 r  zedboard_pnyq_ssr_i/top_ssr_0/inst/u_top_system/u_dsp_chain/u_agg/feat_mem_reg[12][3]_i_12/O[0]
                         net (fo=10, routed)          1.031    19.246    zedboard_pnyq_ssr_i/top_ssr_0/inst_n_11
    SLICE_X111Y110       LUT2 (Prop_lut2_I0_O)        0.299    19.545 r  zedboard_pnyq_ssr_i/top_ssr_0/feat_mem[12][15]_i_183/O
                         net (fo=1, routed)           0.000    19.545    zedboard_pnyq_ssr_i/top_ssr_0/feat_mem[12][15]_i_183_n_0
    SLICE_X111Y110       CARRY4 (Prop_carry4_S[1]_O[3])
                                                      0.640    20.185 r  zedboard_pnyq_ssr_i/top_ssr_0/feat_mem_reg[12][15]_i_168/O[3]
                         net (fo=2, routed)           0.562    20.748    zedboard_pnyq_ssr_i/top_ssr_0/feat_mem_reg[12][15]_i_168_n_4
    SLICE_X107Y110       LUT3 (Prop_lut3_I1_O)        0.306    21.054 r  zedboard_pnyq_ssr_i/top_ssr_0/feat_mem[12][15]_i_141/O
                         net (fo=2, routed)           0.552    21.606    zedboard_pnyq_ssr_i/top_ssr_0/feat_mem[12][15]_i_141_n_0
    SLICE_X109Y110       LUT4 (Prop_lut4_I3_O)        0.124    21.730 r  zedboard_pnyq_ssr_i/top_ssr_0/feat_mem[12][15]_i_145/O
                         net (fo=1, routed)           0.000    21.730    zedboard_pnyq_ssr_i/top_ssr_0/feat_mem[12][15]_i_145_n_0
    SLICE_X109Y110       CARRY4 (Prop_carry4_S[1]_CO[3])
                                                      0.550    22.280 r  zedboard_pnyq_ssr_i/top_ssr_0/feat_mem_reg[12][15]_i_115/CO[3]
                         net (fo=1, routed)           0.000    22.280    zedboard_pnyq_ssr_i/top_ssr_0/feat_mem_reg[12][15]_i_115_n_0
    SLICE_X109Y111       CARRY4 (Prop_carry4_CI_O[1])
                                                      0.334    22.614 r  zedboard_pnyq_ssr_i/top_ssr_0/feat_mem_reg[12][15]_i_92/O[1]
                         net (fo=3, routed)           0.676    23.289    zedboard_pnyq_ssr_i/top_ssr_0/inst/u_top_system/u_dsp_chain/u_agg/feat_mem_reg[12][15]_i_83_0[1]
    SLICE_X108Y111       LUT4 (Prop_lut4_I3_O)        0.303    23.592 r  zedboard_pnyq_ssr_i/top_ssr_0/inst/u_top_system/u_dsp_chain/u_agg/feat_mem[12][15]_i_114/O
                         net (fo=1, routed)           0.000    23.592    zedboard_pnyq_ssr_i/top_ssr_0/inst/u_top_system/u_dsp_chain/u_agg/feat_mem[12][15]_i_114_n_0
    SLICE_X108Y111       CARRY4 (Prop_carry4_S[0]_CO[3])
                                                      0.513    24.105 r  zedboard_pnyq_ssr_i/top_ssr_0/inst/u_top_system/u_dsp_chain/u_agg/feat_mem_reg[12][15]_i_83/CO[3]
                         net (fo=1, routed)           0.000    24.105    zedboard_pnyq_ssr_i/top_ssr_0/inst/u_top_system/u_dsp_chain/u_agg/feat_mem_reg[12][15]_i_83_n_0
    SLICE_X108Y112       CARRY4 (Prop_carry4_CI_CO[3])
                                                      0.117    24.222 r  zedboard_pnyq_ssr_i/top_ssr_0/inst/u_top_system/u_dsp_chain/u_agg/feat_mem_reg[12][15]_i_55/CO[3]
                         net (fo=1, routed)           0.000    24.222    zedboard_pnyq_ssr_i/top_ssr_0/inst/u_top_system/u_dsp_chain/u_agg/feat_mem_reg[12][15]_i_55_n_0
    SLICE_X108Y113       CARRY4 (Prop_carry4_CI_CO[3])
                                                      0.117    24.339 r  zedboard_pnyq_ssr_i/top_ssr_0/inst/u_top_system/u_dsp_chain/u_agg/feat_mem_reg[12][15]_i_30/CO[3]
                         net (fo=1, routed)           0.000    24.339    zedboard_pnyq_ssr_i/top_ssr_0/inst/u_top_system/u_dsp_chain/u_agg/feat_mem_reg[12][15]_i_30_n_0
    SLICE_X108Y114       CARRY4 (Prop_carry4_CI_CO[3])
                                                      0.117    24.456 r  zedboard_pnyq_ssr_i/top_ssr_0/inst/u_top_system/u_dsp_chain/u_agg/feat_mem_reg[12][15]_i_15/CO[3]
                         net (fo=1, routed)           0.000    24.456    zedboard_pnyq_ssr_i/top_ssr_0/inst/u_top_system/u_dsp_chain/u_agg/feat_mem_reg[12][15]_i_15_n_0
    SLICE_X108Y115       CARRY4 (Prop_carry4_CI_CO[1])
                                                      0.157    24.613 r  zedboard_pnyq_ssr_i/top_ssr_0/inst/u_top_system/u_dsp_chain/u_agg/feat_mem_reg[12][15]_i_10/CO[1]
                         net (fo=1, routed)           0.310    24.924    zedboard_pnyq_ssr_i/top_ssr_0/inst/u_top_system/u_dsp_chain/u_agg/feat_mem_reg[12][15]_i_10_n_2
    SLICE_X108Y116       LUT4 (Prop_lut4_I0_O)        0.332    25.256 r  zedboard_pnyq_ssr_i/top_ssr_0/inst/u_top_system/u_dsp_chain/u_agg/feat_mem[12][15]_i_4/O
                         net (fo=42, routed)          0.870    26.126    zedboard_pnyq_ssr_i/top_ssr_0/inst/u_top_system/u_dsp_chain/u_agg/feat_mem[12][15]_i_4_n_0
    SLICE_X113Y112       LUT3 (Prop_lut3_I1_O)        0.124    26.250 r  zedboard_pnyq_ssr_i/top_ssr_0/inst/u_top_system/u_dsp_chain/u_agg/feat_mem[12][2]_i_13/O
                         net (fo=1, routed)           0.610    26.860    zedboard_pnyq_ssr_i/top_ssr_0/inst/u_top_system/u_dsp_chain/u_agg/feat_mem[12][2]_i_13_n_0
    SLICE_X110Y112       CARRY4 (Prop_carry4_CYINIT_CO[3])
                                                      0.580    27.440 r  zedboard_pnyq_ssr_i/top_ssr_0/inst/u_top_system/u_dsp_chain/u_agg/feat_mem_reg[12][2]_i_8/CO[3]
                         net (fo=1, routed)           0.000    27.440    zedboard_pnyq_ssr_i/top_ssr_0/inst/u_top_system/u_dsp_chain/u_agg/feat_mem_reg[12][2]_i_8_n_0
    SLICE_X110Y113       CARRY4 (Prop_carry4_CI_CO[3])
                                                      0.114    27.554 r  zedboard_pnyq_ssr_i/top_ssr_0/inst/u_top_system/u_dsp_chain/u_agg/feat_mem_reg[12][2]_i_3/CO[3]
                         net (fo=1, routed)           0.000    27.554    zedboard_pnyq_ssr_i/top_ssr_0/inst/u_top_system/u_dsp_chain/u_agg/feat_mem_reg[12][2]_i_3_n_0
    SLICE_X110Y114       CARRY4 (Prop_carry4_CI_CO[3])
                                                      0.114    27.668 r  zedboard_pnyq_ssr_i/top_ssr_0/inst/u_top_system/u_dsp_chain/u_agg/feat_mem_reg[12][2]_i_2/CO[3]
                         net (fo=1, routed)           0.000    27.668    zedboard_pnyq_ssr_i/top_ssr_0/inst/u_top_system/u_dsp_chain/u_agg/feat_mem_reg[12][2]_i_2_n_0
    SLICE_X110Y115       CARRY4 (Prop_carry4_CI_CO[3])
                                                      0.114    27.782 r  zedboard_pnyq_ssr_i/top_ssr_0/inst/u_top_system/u_dsp_chain/u_agg/feat_mem_reg[12][6]_i_2/CO[3]
                         net (fo=1, routed)           0.000    27.782    zedboard_pnyq_ssr_i/top_ssr_0/inst/u_top_system/u_dsp_chain/u_agg/feat_mem_reg[12][6]_i_2_n_0
    SLICE_X110Y116       CARRY4 (Prop_carry4_CI_CO[3])
                                                      0.114    27.896 r  zedboard_pnyq_ssr_i/top_ssr_0/inst/u_top_system/u_dsp_chain/u_agg/feat_mem_reg[12][10]_i_2/CO[3]
                         net (fo=1, routed)           0.000    27.896    zedboard_pnyq_ssr_i/top_ssr_0/inst/u_top_system/u_dsp_chain/u_agg/feat_mem_reg[12][10]_i_2_n_0
    SLICE_X110Y117       CARRY4 (Prop_carry4_CI_CO[3])
                                                      0.114    28.010 r  zedboard_pnyq_ssr_i/top_ssr_0/inst/u_top_system/u_dsp_chain/u_agg/feat_mem_reg[12][14]_i_2/CO[3]
                         net (fo=1, routed)           0.000    28.010    zedboard_pnyq_ssr_i/top_ssr_0/inst/u_top_system/u_dsp_chain/u_agg/feat_mem_reg[12][14]_i_2_n_0
    SLICE_X110Y118       CARRY4 (Prop_carry4_CI_O[0])
                                                      0.222    28.232 r  zedboard_pnyq_ssr_i/top_ssr_0/inst/u_top_system/u_dsp_chain/u_agg/feat_mem_reg[12][15]_i_2/O[0]
                         net (fo=1, routed)           0.624    28.856    zedboard_pnyq_ssr_i/top_ssr_0/inst/u_top_system/u_dsp_chain/u_agg/feat_mem_reg[12][15]_i_2_n_7
    SLICE_X111Y118       LUT5 (Prop_lut5_I1_O)        0.299    29.155 r  zedboard_pnyq_ssr_i/top_ssr_0/inst/u_top_system/u_dsp_chain/u_agg/feat_mem[12][15]_i_1/O
                         net (fo=16, routed)          1.654    30.808    zedboard_pnyq_ssr_i/top_ssr_0/inst/u_top_system/u_dsp_chain/u_agg/p_1_in[15]
    SLICE_X84Y124        FDRE                                         r  zedboard_pnyq_ssr_i/top_ssr_0/inst/u_top_system/u_dsp_chain/u_agg/feat_mem_reg[6][15]/D
  -------------------------------------------------------------------    -------------------

                         (clock clk_fpga_0 rise edge)
                                                     50.000    50.000 r  
    PS7_X0Y0             PS7                          0.000    50.000 r  zedboard_pnyq_ssr_i/processing_system7_0/inst/PS7_i/FCLKCLK[0]
                         net (fo=1, routed)           1.088    51.088    zedboard_pnyq_ssr_i/processing_system7_0/inst/FCLK_CLK_unbuffered[0]
    BUFGCTRL_X0Y16       BUFG (Prop_bufg_I_O)         0.091    51.179 r  zedboard_pnyq_ssr_i/processing_system7_0/inst/buffer_fclk_clk_0.FCLK_CLK_0_BUFG/O
                         net (fo=21462, routed)       1.703    52.882    zedboard_pnyq_ssr_i/top_ssr_0/inst/u_top_system/u_dsp_chain/u_agg/s00_axi_aclk
    SLICE_X84Y124        FDRE                                         r  zedboard_pnyq_ssr_i/top_ssr_0/inst/u_top_system/u_dsp_chain/u_agg/feat_mem_reg[6][15]/C
                         clock pessimism              0.247    53.129    
                         clock uncertainty           -0.751    52.378    
    SLICE_X84Y124        FDRE (Setup_fdre_C_D)       -0.061    52.317    zedboard_pnyq_ssr_i/top_ssr_0/inst/u_top_system/u_dsp_chain/u_agg/feat_mem_reg[6][15]
  -------------------------------------------------------------------
                         required time                         52.317    
                         arrival time                         -30.808    
  -------------------------------------------------------------------
                         slack                                 21.509    





Min Delay Paths
--------------------------------------------------------------------------------------
Slack (MET) :             0.021ns  (arrival time - required time)
  Source:                 zedboard_pnyq_ssr_i/axi_smc/inst/m00_exit_pipeline/m00_exit/inst/r_reg/m_vector_i_reg[1057]/C
                            (rising edge-triggered cell FDRE clocked by clk_fpga_0  {rise@0.000ns fall@25.000ns period=50.000ns})
  Destination:            zedboard_pnyq_ssr_i/axi_smc/inst/s00_nodes/s00_r_node/inst/inst_mi_handler/gen_normal_area.inst_fifo_node_payld/gen_xpm_memory_fifo.inst_fifo/gen_mem_rep[0].inst_xpm_memory/xpm_memory_base_inst/gen_wr_a.gen_word_narrow.mem_reg_0_31_12_17/RAMC_D1/I
                            (rising edge-triggered cell RAMD32 clocked by clk_fpga_0  {rise@0.000ns fall@25.000ns period=50.000ns})
  Path Group:             clk_fpga_0
  Path Type:              Hold (Min at Fast Process Corner)
  Requirement:            0.000ns  (clk_fpga_0 rise@0.000ns - clk_fpga_0 rise@0.000ns)
  Data Path Delay:        0.418ns  (logic 0.141ns (33.759%)  route 0.277ns (66.241%))
  Logic Levels:           0  
  Clock Path Skew:        0.282ns (DCD - SCD - CPR)
    Destination Clock Delay (DCD):    1.225ns
    Source Clock Delay      (SCD):    0.913ns
    Clock Pessimism Removal (CPR):    0.030ns

    Location             Delay type                Incr(ns)  Path(ns)    Netlist Resource(s)
  -------------------------------------------------------------------    -------------------
                         (clock clk_fpga_0 rise edge)
                                                      0.000     0.000 r  
    PS7_X0Y0             PS7                          0.000     0.000 r  zedboard_pnyq_ssr_i/processing_system7_0/inst/PS7_i/FCLKCLK[0]
                         net (fo=1, routed)           0.310     0.310    zedboard_pnyq_ssr_i/processing_system7_0/inst/FCLK_CLK_unbuffered[0]
    BUFGCTRL_X0Y16       BUFG (Prop_bufg_I_O)         0.026     0.336 r  zedboard_pnyq_ssr_i/processing_system7_0/inst/buffer_fclk_clk_0.FCLK_CLK_0_BUFG/O
                         net (fo=21462, routed)       0.577     0.913    zedboard_pnyq_ssr_i/axi_smc/inst/m00_exit_pipeline/m00_exit/inst/r_reg/aclk
    SLICE_X28Y52         FDRE                                         r  zedboard_pnyq_ssr_i/axi_smc/inst/m00_exit_pipeline/m00_exit/inst/r_reg/m_vector_i_reg[1057]/C
  -------------------------------------------------------------------    -------------------
    SLICE_X28Y52         FDRE (Prop_fdre_C_Q)         0.141     1.054 r  zedboard_pnyq_ssr_i/axi_smc/inst/m00_exit_pipeline/m00_exit/inst/r_reg/m_vector_i_reg[1057]/Q
                         net (fo=1, routed)           0.277     1.330    zedboard_pnyq_ssr_i/axi_smc/inst/s00_nodes/s00_r_node/inst/inst_mi_handler/gen_normal_area.inst_fifo_node_payld/gen_xpm_memory_fifo.inst_fifo/gen_mem_rep[0].inst_xpm_memory/xpm_memory_base_inst/gen_wr_a.gen_word_narrow.mem_reg_0_31_12_17/DIC1
    SLICE_X30Y48         RAMD32                                       r  zedboard_pnyq_ssr_i/axi_smc/inst/s00_nodes/s00_r_node/inst/inst_mi_handler/gen_normal_area.inst_fifo_node_payld/gen_xpm_memory_fifo.inst_fifo/gen_mem_rep[0].inst_xpm_memory/xpm_memory_base_inst/gen_wr_a.gen_word_narrow.mem_reg_0_31_12_17/RAMC_D1/I
  -------------------------------------------------------------------    -------------------

                         (clock clk_fpga_0 rise edge)
                                                      0.000     0.000 r  
    PS7_X0Y0             PS7                          0.000     0.000 r  zedboard_pnyq_ssr_i/processing_system7_0/inst/PS7_i/FCLKCLK[0]
                         net (fo=1, routed)           0.337     0.337    zedboard_pnyq_ssr_i/processing_system7_0/inst/FCLK_CLK_unbuffered[0]
    BUFGCTRL_X0Y16       BUFG (Prop_bufg_I_O)         0.029     0.366 r  zedboard_pnyq_ssr_i/processing_system7_0/inst/buffer_fclk_clk_0.FCLK_CLK_0_BUFG/O
                         net (fo=21462, routed)       0.859     1.225    zedboard_pnyq_ssr_i/axi_smc/inst/s00_nodes/s00_r_node/inst/inst_mi_handler/gen_normal_area.inst_fifo_node_payld/gen_xpm_memory_fifo.inst_fifo/gen_mem_rep[0].inst_xpm_memory/xpm_memory_base_inst/gen_wr_a.gen_word_narrow.mem_reg_0_31_12_17/WCLK
    SLICE_X30Y48         RAMD32                                       r  zedboard_pnyq_ssr_i/axi_smc/inst/s00_nodes/s00_r_node/inst/inst_mi_handler/gen_normal_area.inst_fifo_node_payld/gen_xpm_memory_fifo.inst_fifo/gen_mem_rep[0].inst_xpm_memory/xpm_memory_base_inst/gen_wr_a.gen_word_narrow.mem_reg_0_31_12_17/RAMC_D1/CLK
                         clock pessimism             -0.030     1.195    
    SLICE_X30Y48         RAMD32 (Hold_ramd32_CLK_I)
                                                      0.114     1.309    zedboard_pnyq_ssr_i/axi_smc/inst/s00_nodes/s00_r_node/inst/inst_mi_handler/gen_normal_area.inst_fifo_node_payld/gen_xpm_memory_fifo.inst_fifo/gen_mem_rep[0].inst_xpm_memory/xpm_memory_base_inst/gen_wr_a.gen_word_narrow.mem_reg_0_31_12_17/RAMC_D1
  -------------------------------------------------------------------
                         required time                         -1.309    
                         arrival time                           1.330    
  -------------------------------------------------------------------
                         slack                                  0.021    

Slack (MET) :             0.029ns  (arrival time - required time)
  Source:                 zedboard_pnyq_ssr_i/axi_smc/inst/s00_nodes/s00_r_node/inst/s_sc_areset_reg/C
                            (rising edge-triggered cell FDSE clocked by clk_fpga_0  {rise@0.000ns fall@25.000ns period=50.000ns})
  Destination:            zedboard_pnyq_ssr_i/axi_smc/inst/s00_nodes/s00_r_node/inst/inst_mi_handler/m_sc_areset_r_reg/D
                            (rising edge-triggered cell FDRE clocked by clk_fpga_0  {rise@0.000ns fall@25.000ns period=50.000ns})
  Path Group:             clk_fpga_0
  Path Type:              Hold (Min at Fast Process Corner)
  Requirement:            0.000ns  (clk_fpga_0 rise@0.000ns - clk_fpga_0 rise@0.000ns)
  Data Path Delay:        0.431ns  (logic 0.231ns (53.543%)  route 0.200ns (46.457%))
  Logic Levels:           2  (LUT1=2)
  Clock Path Skew:        0.282ns (DCD - SCD - CPR)
    Destination Clock Delay (DCD):    1.225ns
    Source Clock Delay      (SCD):    0.913ns
    Clock Pessimism Removal (CPR):    0.030ns

    Location             Delay type                Incr(ns)  Path(ns)    Netlist Resource(s)
  -------------------------------------------------------------------    -------------------
                         (clock clk_fpga_0 rise edge)
                                                      0.000     0.000 r  
    PS7_X0Y0             PS7                          0.000     0.000 r  zedboard_pnyq_ssr_i/processing_system7_0/inst/PS7_i/FCLKCLK[0]
                         net (fo=1, routed)           0.310     0.310    zedboard_pnyq_ssr_i/processing_system7_0/inst/FCLK_CLK_unbuffered[0]
    BUFGCTRL_X0Y16       BUFG (Prop_bufg_I_O)         0.026     0.336 r  zedboard_pnyq_ssr_i/processing_system7_0/inst/buffer_fclk_clk_0.FCLK_CLK_0_BUFG/O
                         net (fo=21462, routed)       0.577     0.913    zedboard_pnyq_ssr_i/axi_smc/inst/s00_nodes/s00_r_node/inst/s_sc_aclk
    SLICE_X31Y50         FDSE                                         r  zedboard_pnyq_ssr_i/axi_smc/inst/s00_nodes/s00_r_node/inst/s_sc_areset_reg/C
  -------------------------------------------------------------------    -------------------
    SLICE_X31Y50         FDSE (Prop_fdse_C_Q)         0.141     1.054 r  zedboard_pnyq_ssr_i/axi_smc/inst/s00_nodes/s00_r_node/inst/s_sc_areset_reg/Q
                         net (fo=1, routed)           0.145     1.198    zedboard_pnyq_ssr_i/axi_smc/inst/s00_nodes/s00_r_node/inst/s_sc_areset
    SLICE_X30Y49         LUT1 (Prop_lut1_I0_O)        0.045     1.243 r  zedboard_pnyq_ssr_i/axi_smc/inst/s00_nodes/s00_r_node/inst/i_0/O
                         net (fo=1, routed)           0.056     1.299    zedboard_pnyq_ssr_i/axi_smc/inst/s00_nodes/s00_r_node/inst/mi_handler_m_sc_areset
    SLICE_X30Y49         LUT1 (Prop_lut1_I0_O)        0.045     1.344 r  zedboard_pnyq_ssr_i/axi_smc/inst/s00_nodes/s00_r_node/inst/i_1/O
                         net (fo=1, routed)           0.000     1.344    zedboard_pnyq_ssr_i/axi_smc/inst/s00_nodes/s00_r_node/inst/inst_mi_handler/m_sc_areset_r_reg_0
    SLICE_X30Y49         FDRE                                         r  zedboard_pnyq_ssr_i/axi_smc/inst/s00_nodes/s00_r_node/inst/inst_mi_handler/m_sc_areset_r_reg/D
  -------------------------------------------------------------------    -------------------

                         (clock clk_fpga_0 rise edge)
                                                      0.000     0.000 r  
    PS7_X0Y0             PS7                          0.000     0.000 r  zedboard_pnyq_ssr_i/processing_system7_0/inst/PS7_i/FCLKCLK[0]
                         net (fo=1, routed)           0.337     0.337    zedboard_pnyq_ssr_i/processing_system7_0/inst/FCLK_CLK_unbuffered[0]
    BUFGCTRL_X0Y16       BUFG (Prop_bufg_I_O)         0.029     0.366 r  zedboard_pnyq_ssr_i/processing_system7_0/inst/buffer_fclk_clk_0.FCLK_CLK_0_BUFG/O
                         net (fo=21462, routed)       0.859     1.225    zedboard_pnyq_ssr_i/axi_smc/inst/s00_nodes/s00_r_node/inst/inst_mi_handler/s_sc_aclk
    SLICE_X30Y49         FDRE                                         r  zedboard_pnyq_ssr_i/axi_smc/inst/s00_nodes/s00_r_node/inst/inst_mi_handler/m_sc_areset_r_reg/C
                         clock pessimism             -0.030     1.195    
    SLICE_X30Y49         FDRE (Hold_fdre_C_D)         0.120     1.315    zedboard_pnyq_ssr_i/axi_smc/inst/s00_nodes/s00_r_node/inst/inst_mi_handler/m_sc_areset_r_reg
  -------------------------------------------------------------------
                         required time                         -1.315    
                         arrival time                           1.344    
  -------------------------------------------------------------------
                         slack                                  0.029    

Slack (MET) :             0.032ns  (arrival time - required time)
  Source:                 zedboard_pnyq_ssr_i/top_ssr_0/inst/u_top_system/u_dsp_chain/u_agg/sqrt_bit_reg[54]/C
                            (rising edge-triggered cell FDRE clocked by clk_fpga_0  {rise@0.000ns fall@25.000ns period=50.000ns})
  Destination:            zedboard_pnyq_ssr_i/top_ssr_0/inst/u_top_system/u_dsp_chain/u_agg/sqrt_res_reg[60]/D
                            (rising edge-triggered cell FDRE clocked by clk_fpga_0  {rise@0.000ns fall@25.000ns period=50.000ns})
  Path Group:             clk_fpga_0
  Path Type:              Hold (Min at Fast Process Corner)
  Requirement:            0.000ns  (clk_fpga_0 rise@0.000ns - clk_fpga_0 rise@0.000ns)
  Data Path Delay:        0.489ns  (logic 0.417ns (85.311%)  route 0.072ns (14.689%))
  Logic Levels:           4  (CARRY4=3 LUT3=1)
  Clock Path Skew:        0.351ns (DCD - SCD - CPR)
    Destination Clock Delay (DCD):    1.331ns
    Source Clock Delay      (SCD):    0.945ns
    Clock Pessimism Removal (CPR):    0.035ns

    Location             Delay type                Incr(ns)  Path(ns)    Netlist Resource(s)
  -------------------------------------------------------------------    -------------------
                         (clock clk_fpga_0 rise edge)
                                                      0.000     0.000 r  
    PS7_X0Y0             PS7                          0.000     0.000 r  zedboard_pnyq_ssr_i/processing_system7_0/inst/PS7_i/FCLKCLK[0]
                         net (fo=1, routed)           0.310     0.310    zedboard_pnyq_ssr_i/processing_system7_0/inst/FCLK_CLK_unbuffered[0]
    BUFGCTRL_X0Y16       BUFG (Prop_bufg_I_O)         0.026     0.336 r  zedboard_pnyq_ssr_i/processing_system7_0/inst/buffer_fclk_clk_0.FCLK_CLK_0_BUFG/O
                         net (fo=21462, routed)       0.609     0.945    zedboard_pnyq_ssr_i/top_ssr_0/inst/u_top_system/u_dsp_chain/u_agg/s00_axi_aclk
    SLICE_X100Y98        FDRE                                         r  zedboard_pnyq_ssr_i/top_ssr_0/inst/u_top_system/u_dsp_chain/u_agg/sqrt_bit_reg[54]/C
  -------------------------------------------------------------------    -------------------
    SLICE_X100Y98        FDRE (Prop_fdre_C_Q)         0.164     1.109 r  zedboard_pnyq_ssr_i/top_ssr_0/inst/u_top_system/u_dsp_chain/u_agg/sqrt_bit_reg[54]/Q
                         net (fo=3, routed)           0.071     1.180    zedboard_pnyq_ssr_i/top_ssr_0/inst/u_top_system/u_dsp_chain/u_agg/sqrt_bit_reg_n_0_[54]
    SLICE_X101Y98        LUT3 (Prop_lut3_I1_O)        0.045     1.225 r  zedboard_pnyq_ssr_i/top_ssr_0/inst/u_top_system/u_dsp_chain/u_agg/sqrt_res[55]_i_2/O
                         net (fo=1, routed)           0.000     1.225    zedboard_pnyq_ssr_i/top_ssr_0/inst/u_top_system/u_dsp_chain/u_agg/sqrt_res[55]_i_2_n_0
    SLICE_X101Y98        CARRY4 (Prop_carry4_S[2]_CO[3])
                                                      0.115     1.340 r  zedboard_pnyq_ssr_i/top_ssr_0/inst/u_top_system/u_dsp_chain/u_agg/sqrt_res_reg[55]_i_1/CO[3]
                         net (fo=1, routed)           0.000     1.340    zedboard_pnyq_ssr_i/top_ssr_0/inst/u_top_system/u_dsp_chain/u_agg/sqrt_res_reg[55]_i_1_n_0
    SLICE_X101Y99        CARRY4 (Prop_carry4_CI_CO[3])
                                                      0.039     1.379 r  zedboard_pnyq_ssr_i/top_ssr_0/inst/u_top_system/u_dsp_chain/u_agg/sqrt_res_reg[59]_i_1/CO[3]
                         net (fo=1, routed)           0.001     1.379    zedboard_pnyq_ssr_i/top_ssr_0/inst/u_top_system/u_dsp_chain/u_agg/sqrt_res_reg[59]_i_1_n_0
    SLICE_X101Y100       CARRY4 (Prop_carry4_CI_O[0])
                                                      0.054     1.433 r  zedboard_pnyq_ssr_i/top_ssr_0/inst/u_top_system/u_dsp_chain/u_agg/sqrt_res_reg[63]_i_1/O[0]
                         net (fo=1, routed)           0.000     1.433    zedboard_pnyq_ssr_i/top_ssr_0/inst/u_top_system/u_dsp_chain/u_agg/sqrt_res[60]
    SLICE_X101Y100       FDRE                                         r  zedboard_pnyq_ssr_i/top_ssr_0/inst/u_top_system/u_dsp_chain/u_agg/sqrt_res_reg[60]/D
  -------------------------------------------------------------------    -------------------

                         (clock clk_fpga_0 rise edge)
                                                      0.000     0.000 r  
    PS7_X0Y0             PS7                          0.000     0.000 r  zedboard_pnyq_ssr_i/processing_system7_0/inst/PS7_i/FCLKCLK[0]
                         net (fo=1, routed)           0.337     0.337    zedboard_pnyq_ssr_i/processing_system7_0/inst/FCLK_CLK_unbuffered[0]
    BUFGCTRL_X0Y16       BUFG (Prop_bufg_I_O)         0.029     0.366 r  zedboard_pnyq_ssr_i/processing_system7_0/inst/buffer_fclk_clk_0.FCLK_CLK_0_BUFG/O
                         net (fo=21462, routed)       0.965     1.331    zedboard_pnyq_ssr_i/top_ssr_0/inst/u_top_system/u_dsp_chain/u_agg/s00_axi_aclk
    SLICE_X101Y100       FDRE                                         r  zedboard_pnyq_ssr_i/top_ssr_0/inst/u_top_system/u_dsp_chain/u_agg/sqrt_res_reg[60]/C
                         clock pessimism             -0.035     1.296    
    SLICE_X101Y100       FDRE (Hold_fdre_C_D)         0.105     1.401    zedboard_pnyq_ssr_i/top_ssr_0/inst/u_top_system/u_dsp_chain/u_agg/sqrt_res_reg[60]
  -------------------------------------------------------------------
                         required time                         -1.401    
                         arrival time                           1.433    
  -------------------------------------------------------------------
                         slack                                  0.032    

Slack (MET) :             0.042ns  (arrival time - required time)
  Source:                 zedboard_pnyq_ssr_i/axi_smc/inst/m00_exit_pipeline/m00_exit/inst/splitter_inst/gen_axi3.splitter_inst/ar_cmd_reg/m_vector_i_reg[183]/C
                            (rising edge-triggered cell FDRE clocked by clk_fpga_0  {rise@0.000ns fall@25.000ns period=50.000ns})
  Destination:            zedboard_pnyq_ssr_i/axi_smc/inst/m00_exit_pipeline/m00_exit/inst/exit_inst/gen_r_cmd_fifo.r_cmd_fifo/gen_srls[12].srl_nx1/shift_reg_reg[0]_srl16/D
                            (rising edge-triggered cell SRL16E clocked by clk_fpga_0  {rise@0.000ns fall@25.000ns period=50.000ns})
  Path Group:             clk_fpga_0
  Path Type:              Hold (Min at Fast Process Corner)
  Requirement:            0.000ns  (clk_fpga_0 rise@0.000ns - clk_fpga_0 rise@0.000ns)
  Data Path Delay:        0.416ns  (logic 0.164ns (39.465%)  route 0.252ns (60.535%))
  Logic Levels:           0  
  Clock Path Skew:        0.271ns (DCD - SCD - CPR)
    Destination Clock Delay (DCD):    1.196ns
    Source Clock Delay      (SCD):    0.895ns
    Clock Pessimism Removal (CPR):    0.030ns

    Location             Delay type                Incr(ns)  Path(ns)    Netlist Resource(s)
  -------------------------------------------------------------------    -------------------
                         (clock clk_fpga_0 rise edge)
                                                      0.000     0.000 r  
    PS7_X0Y0             PS7                          0.000     0.000 r  zedboard_pnyq_ssr_i/processing_system7_0/inst/PS7_i/FCLKCLK[0]
                         net (fo=1, routed)           0.310     0.310    zedboard_pnyq_ssr_i/processing_system7_0/inst/FCLK_CLK_unbuffered[0]
    BUFGCTRL_X0Y16       BUFG (Prop_bufg_I_O)         0.026     0.336 r  zedboard_pnyq_ssr_i/processing_system7_0/inst/buffer_fclk_clk_0.FCLK_CLK_0_BUFG/O
                         net (fo=21462, routed)       0.559     0.895    zedboard_pnyq_ssr_i/axi_smc/inst/m00_exit_pipeline/m00_exit/inst/splitter_inst/gen_axi3.splitter_inst/ar_cmd_reg/aclk
    SLICE_X34Y51         FDRE                                         r  zedboard_pnyq_ssr_i/axi_smc/inst/m00_exit_pipeline/m00_exit/inst/splitter_inst/gen_axi3.splitter_inst/ar_cmd_reg/m_vector_i_reg[183]/C
  -------------------------------------------------------------------    -------------------
    SLICE_X34Y51         FDRE (Prop_fdre_C_Q)         0.164     1.059 r  zedboard_pnyq_ssr_i/axi_smc/inst/m00_exit_pipeline/m00_exit/inst/splitter_inst/gen_axi3.splitter_inst/ar_cmd_reg/m_vector_i_reg[183]/Q
                         net (fo=2, routed)           0.252     1.310    zedboard_pnyq_ssr_i/axi_smc/inst/m00_exit_pipeline/m00_exit/inst/exit_inst/gen_r_cmd_fifo.r_cmd_fifo/gen_srls[12].srl_nx1/Q[0]
    SLICE_X34Y46         SRL16E                                       r  zedboard_pnyq_ssr_i/axi_smc/inst/m00_exit_pipeline/m00_exit/inst/exit_inst/gen_r_cmd_fifo.r_cmd_fifo/gen_srls[12].srl_nx1/shift_reg_reg[0]_srl16/D
  -------------------------------------------------------------------    -------------------

                         (clock clk_fpga_0 rise edge)
                                                      0.000     0.000 r  
    PS7_X0Y0             PS7                          0.000     0.000 r  zedboard_pnyq_ssr_i/processing_system7_0/inst/PS7_i/FCLKCLK[0]
                         net (fo=1, routed)           0.337     0.337    zedboard_pnyq_ssr_i/processing_system7_0/inst/FCLK_CLK_unbuffered[0]
    BUFGCTRL_X0Y16       BUFG (Prop_bufg_I_O)         0.029     0.366 r  zedboard_pnyq_ssr_i/processing_system7_0/inst/buffer_fclk_clk_0.FCLK_CLK_0_BUFG/O
                         net (fo=21462, routed)       0.830     1.196    zedboard_pnyq_ssr_i/axi_smc/inst/m00_exit_pipeline/m00_exit/inst/exit_inst/gen_r_cmd_fifo.r_cmd_fifo/gen_srls[12].srl_nx1/aclk
    SLICE_X34Y46         SRL16E                                       r  zedboard_pnyq_ssr_i/axi_smc/inst/m00_exit_pipeline/m00_exit/inst/exit_inst/gen_r_cmd_fifo.r_cmd_fifo/gen_srls[12].srl_nx1/shift_reg_reg[0]_srl16/CLK
                         clock pessimism             -0.030     1.166    
    SLICE_X34Y46         SRL16E (Hold_srl16e_CLK_D)
                                                      0.102     1.268    zedboard_pnyq_ssr_i/axi_smc/inst/m00_exit_pipeline/m00_exit/inst/exit_inst/gen_r_cmd_fifo.r_cmd_fifo/gen_srls[12].srl_nx1/shift_reg_reg[0]_srl16
  -------------------------------------------------------------------
                         required time                         -1.268    
                         arrival time                           1.310    
  -------------------------------------------------------------------
                         slack                                  0.042    

Slack (MET) :             0.043ns  (arrival time - required time)
  Source:                 zedboard_pnyq_ssr_i/top_ssr_0/inst/u_top_system/u_dsp_chain/u_agg/sqrt_bit_reg[54]/C
                            (rising edge-triggered cell FDRE clocked by clk_fpga_0  {rise@0.000ns fall@25.000ns period=50.000ns})
  Destination:            zedboard_pnyq_ssr_i/top_ssr_0/inst/u_top_system/u_dsp_chain/u_agg/sqrt_res_reg[62]/D
                            (rising edge-triggered cell FDRE clocked by clk_fpga_0  {rise@0.000ns fall@25.000ns period=50.000ns})
  Path Group:             clk_fpga_0
  Path Type:              Hold (Min at Fast Process Corner)
  Requirement:            0.000ns  (clk_fpga_0 rise@0.000ns - clk_fpga_0 rise@0.000ns)
  Data Path Delay:        0.500ns  (logic 0.428ns (85.634%)  route 0.072ns (14.366%))
  Logic Levels:           4  (CARRY4=3 LUT3=1)
  Clock Path Skew:        0.351ns (DCD - SCD - CPR)
    Destination Clock Delay (DCD):    1.331ns
    Source Clock Delay      (SCD):    0.945ns
    Clock Pessimism Removal (CPR):    0.035ns

    Location             Delay type                Incr(ns)  Path(ns)    Netlist Resource(s)
  -------------------------------------------------------------------    -------------------
                         (clock clk_fpga_0 rise edge)
                                                      0.000     0.000 r  
    PS7_X0Y0             PS7                          0.000     0.000 r  zedboard_pnyq_ssr_i/processing_system7_0/inst/PS7_i/FCLKCLK[0]
                         net (fo=1, routed)           0.310     0.310    zedboard_pnyq_ssr_i/processing_system7_0/inst/FCLK_CLK_unbuffered[0]
    BUFGCTRL_X0Y16       BUFG (Prop_bufg_I_O)         0.026     0.336 r  zedboard_pnyq_ssr_i/processing_system7_0/inst/buffer_fclk_clk_0.FCLK_CLK_0_BUFG/O
                         net (fo=21462, routed)       0.609     0.945    zedboard_pnyq_ssr_i/top_ssr_0/inst/u_top_system/u_dsp_chain/u_agg/s00_axi_aclk
    SLICE_X100Y98        FDRE                                         r  zedboard_pnyq_ssr_i/top_ssr_0/inst/u_top_system/u_dsp_chain/u_agg/sqrt_bit_reg[54]/C
  -------------------------------------------------------------------    -------------------
    SLICE_X100Y98        FDRE (Prop_fdre_C_Q)         0.164     1.109 r  zedboard_pnyq_ssr_i/top_ssr_0/inst/u_top_system/u_dsp_chain/u_agg/sqrt_bit_reg[54]/Q
                         net (fo=3, routed)           0.071     1.180    zedboard_pnyq_ssr_i/top_ssr_0/inst/u_top_system/u_dsp_chain/u_agg/sqrt_bit_reg_n_0_[54]
    SLICE_X101Y98        LUT3 (Prop_lut3_I1_O)        0.045     1.225 r  zedboard_pnyq_ssr_i/top_ssr_0/inst/u_top_system/u_dsp_chain/u_agg/sqrt_res[55]_i_2/O
                         net (fo=1, routed)           0.000     1.225    zedboard_pnyq_ssr_i/top_ssr_0/inst/u_top_system/u_dsp_chain/u_agg/sqrt_res[55]_i_2_n_0
    SLICE_X101Y98        CARRY4 (Prop_carry4_S[2]_CO[3])
                                                      0.115     1.340 r  zedboard_pnyq_ssr_i/top_ssr_0/inst/u_top_system/u_dsp_chain/u_agg/sqrt_res_reg[55]_i_1/CO[3]
                         net (fo=1, routed)           0.000     1.340    zedboard_pnyq_ssr_i/top_ssr_0/inst/u_top_system/u_dsp_chain/u_agg/sqrt_res_reg[55]_i_1_n_0
    SLICE_X101Y99        CARRY4 (Prop_carry4_CI_CO[3])
                                                      0.039     1.379 r  zedboard_pnyq_ssr_i/top_ssr_0/inst/u_top_system/u_dsp_chain/u_agg/sqrt_res_reg[59]_i_1/CO[3]
                         net (fo=1, routed)           0.001     1.379    zedboard_pnyq_ssr_i/top_ssr_0/inst/u_top_system/u_dsp_chain/u_agg/sqrt_res_reg[59]_i_1_n_0
    SLICE_X101Y100       CARRY4 (Prop_carry4_CI_O[2])
                                                      0.065     1.444 r  zedboard_pnyq_ssr_i/top_ssr_0/inst/u_top_system/u_dsp_chain/u_agg/sqrt_res_reg[63]_i_1/O[2]
                         net (fo=1, routed)           0.000     1.444    zedboard_pnyq_ssr_i/top_ssr_0/inst/u_top_system/u_dsp_chain/u_agg/sqrt_res[62]
    SLICE_X101Y100       FDRE                                         r  zedboard_pnyq_ssr_i/top_ssr_0/inst/u_top_system/u_dsp_chain/u_agg/sqrt_res_reg[62]/D
  -------------------------------------------------------------------    -------------------

                         (clock clk_fpga_0 rise edge)
                                                      0.000     0.000 r  
    PS7_X0Y0             PS7                          0.000     0.000 r  zedboard_pnyq_ssr_i/processing_system7_0/inst/PS7_i/FCLKCLK[0]
                         net (fo=1, routed)           0.337     0.337    zedboard_pnyq_ssr_i/processing_system7_0/inst/FCLK_CLK_unbuffered[0]
    BUFGCTRL_X0Y16       BUFG (Prop_bufg_I_O)         0.029     0.366 r  zedboard_pnyq_ssr_i/processing_system7_0/inst/buffer_fclk_clk_0.FCLK_CLK_0_BUFG/O
                         net (fo=21462, routed)       0.965     1.331    zedboard_pnyq_ssr_i/top_ssr_0/inst/u_top_system/u_dsp_chain/u_agg/s00_axi_aclk
    SLICE_X101Y100       FDRE                                         r  zedboard_pnyq_ssr_i/top_ssr_0/inst/u_top_system/u_dsp_chain/u_agg/sqrt_res_reg[62]/C
                         clock pessimism             -0.035     1.296    
    SLICE_X101Y100       FDRE (Hold_fdre_C_D)         0.105     1.401    zedboard_pnyq_ssr_i/top_ssr_0/inst/u_top_system/u_dsp_chain/u_agg/sqrt_res_reg[62]
  -------------------------------------------------------------------
                         required time                         -1.401    
                         arrival time                           1.444    
  -------------------------------------------------------------------
                         slack                                  0.043    

Slack (MET) :             0.057ns  (arrival time - required time)
  Source:                 zedboard_pnyq_ssr_i/ps7_0_axi_periph/xbar/inst/gen_sasd.crossbar_sasd_0/reg_slice_r/m_payload_i_reg[5]/C
                            (rising edge-triggered cell FDRE clocked by clk_fpga_0  {rise@0.000ns fall@25.000ns period=50.000ns})
  Destination:            zedboard_pnyq_ssr_i/ps7_0_axi_periph/s00_couplers/auto_pc/inst/gen_axilite.gen_b2s_conv.axilite_b2s/RD.r_channel_0/rd_data_fifo_0/memory_reg[31][2]_srl32/D
                            (rising edge-triggered cell SRLC32E clocked by clk_fpga_0  {rise@0.000ns fall@25.000ns period=50.000ns})
  Path Group:             clk_fpga_0
  Path Type:              Hold (Min at Fast Process Corner)
  Requirement:            0.000ns  (clk_fpga_0 rise@0.000ns - clk_fpga_0 rise@0.000ns)
  Data Path Delay:        0.275ns  (logic 0.141ns (51.279%)  route 0.134ns (48.721%))
  Logic Levels:           0  
  Clock Path Skew:        0.035ns (DCD - SCD - CPR)
    Destination Clock Delay (DCD):    1.190ns
    Source Clock Delay      (SCD):    0.891ns
    Clock Pessimism Removal (CPR):    0.264ns

    Location             Delay type                Incr(ns)  Path(ns)    Netlist Resource(s)
  -------------------------------------------------------------------    -------------------
                         (clock clk_fpga_0 rise edge)
                                                      0.000     0.000 r  
    PS7_X0Y0             PS7                          0.000     0.000 r  zedboard_pnyq_ssr_i/processing_system7_0/inst/PS7_i/FCLKCLK[0]
                         net (fo=1, routed)           0.310     0.310    zedboard_pnyq_ssr_i/processing_system7_0/inst/FCLK_CLK_unbuffered[0]
    BUFGCTRL_X0Y16       BUFG (Prop_bufg_I_O)         0.026     0.336 r  zedboard_pnyq_ssr_i/processing_system7_0/inst/buffer_fclk_clk_0.FCLK_CLK_0_BUFG/O
                         net (fo=21462, routed)       0.555     0.891    zedboard_pnyq_ssr_i/ps7_0_axi_periph/xbar/inst/gen_sasd.crossbar_sasd_0/reg_slice_r/aclk
    SLICE_X37Y91         FDRE                                         r  zedboard_pnyq_ssr_i/ps7_0_axi_periph/xbar/inst/gen_sasd.crossbar_sasd_0/reg_slice_r/m_payload_i_reg[5]/C
  -------------------------------------------------------------------    -------------------
    SLICE_X37Y91         FDRE (Prop_fdre_C_Q)         0.141     1.032 r  zedboard_pnyq_ssr_i/ps7_0_axi_periph/xbar/inst/gen_sasd.crossbar_sasd_0/reg_slice_r/m_payload_i_reg[5]/Q
                         net (fo=1, routed)           0.134     1.166    zedboard_pnyq_ssr_i/ps7_0_axi_periph/s00_couplers/auto_pc/inst/gen_axilite.gen_b2s_conv.axilite_b2s/RD.r_channel_0/rd_data_fifo_0/in[2]
    SLICE_X34Y91         SRLC32E                                      r  zedboard_pnyq_ssr_i/ps7_0_axi_periph/s00_couplers/auto_pc/inst/gen_axilite.gen_b2s_conv.axilite_b2s/RD.r_channel_0/rd_data_fifo_0/memory_reg[31][2]_srl32/D
  -------------------------------------------------------------------    -------------------

                         (clock clk_fpga_0 rise edge)
                                                      0.000     0.000 r  
    PS7_X0Y0             PS7                          0.000     0.000 r  zedboard_pnyq_ssr_i/processing_system7_0/inst/PS7_i/FCLKCLK[0]
                         net (fo=1, routed)           0.337     0.337    zedboard_pnyq_ssr_i/processing_system7_0/inst/FCLK_CLK_unbuffered[0]
    BUFGCTRL_X0Y16       BUFG (Prop_bufg_I_O)         0.029     0.366 r  zedboard_pnyq_ssr_i/processing_system7_0/inst/buffer_fclk_clk_0.FCLK_CLK_0_BUFG/O
                         net (fo=21462, routed)       0.824     1.190    zedboard_pnyq_ssr_i/ps7_0_axi_periph/s00_couplers/auto_pc/inst/gen_axilite.gen_b2s_conv.axilite_b2s/RD.r_channel_0/rd_data_fifo_0/aclk
    SLICE_X34Y91         SRLC32E                                      r  zedboard_pnyq_ssr_i/ps7_0_axi_periph/s00_couplers/auto_pc/inst/gen_axilite.gen_b2s_conv.axilite_b2s/RD.r_channel_0/rd_data_fifo_0/memory_reg[31][2]_srl32/CLK
                         clock pessimism             -0.264     0.926    
    SLICE_X34Y91         SRLC32E (Hold_srlc32e_CLK_D)
                                                      0.183     1.109    zedboard_pnyq_ssr_i/ps7_0_axi_periph/s00_couplers/auto_pc/inst/gen_axilite.gen_b2s_conv.axilite_b2s/RD.r_channel_0/rd_data_fifo_0/memory_reg[31][2]_srl32
  -------------------------------------------------------------------
                         required time                         -1.109    
                         arrival time                           1.166    
  -------------------------------------------------------------------
                         slack                                  0.057    

Slack (MET) :             0.058ns  (arrival time - required time)
  Source:                 zedboard_pnyq_ssr_i/top_ssr_0/inst/u_top_system/u_dsp_chain/u_framing/buffer_reg[56][5]/C
                            (rising edge-triggered cell FDRE clocked by clk_fpga_0  {rise@0.000ns fall@25.000ns period=50.000ns})
  Destination:            zedboard_pnyq_ssr_i/top_ssr_0/inst/u_top_system/u_dsp_chain/u_framing/buffer_reg[55][5]/D
                            (rising edge-triggered cell FDRE clocked by clk_fpga_0  {rise@0.000ns fall@25.000ns period=50.000ns})
  Path Group:             clk_fpga_0
  Path Type:              Hold (Min at Fast Process Corner)
  Requirement:            0.000ns  (clk_fpga_0 rise@0.000ns - clk_fpga_0 rise@0.000ns)
  Data Path Delay:        0.381ns  (logic 0.141ns (36.992%)  route 0.240ns (63.008%))
  Logic Levels:           0  
  Clock Path Skew:        0.259ns (DCD - SCD - CPR)
    Destination Clock Delay (DCD):    1.192ns
    Source Clock Delay      (SCD):    0.898ns
    Clock Pessimism Removal (CPR):    0.035ns

    Location             Delay type                Incr(ns)  Path(ns)    Netlist Resource(s)
  -------------------------------------------------------------------    -------------------
                         (clock clk_fpga_0 rise edge)
                                                      0.000     0.000 r  
    PS7_X0Y0             PS7                          0.000     0.000 r  zedboard_pnyq_ssr_i/processing_system7_0/inst/PS7_i/FCLKCLK[0]
                         net (fo=1, routed)           0.310     0.310    zedboard_pnyq_ssr_i/processing_system7_0/inst/FCLK_CLK_unbuffered[0]
    BUFGCTRL_X0Y16       BUFG (Prop_bufg_I_O)         0.026     0.336 r  zedboard_pnyq_ssr_i/processing_system7_0/inst/buffer_fclk_clk_0.FCLK_CLK_0_BUFG/O
                         net (fo=21462, routed)       0.562     0.898    zedboard_pnyq_ssr_i/top_ssr_0/inst/u_top_system/u_dsp_chain/u_framing/s00_axi_aclk
    SLICE_X49Y0          FDRE                                         r  zedboard_pnyq_ssr_i/top_ssr_0/inst/u_top_system/u_dsp_chain/u_framing/buffer_reg[56][5]/C
  -------------------------------------------------------------------    -------------------
    SLICE_X49Y0          FDRE (Prop_fdre_C_Q)         0.141     1.039 r  zedboard_pnyq_ssr_i/top_ssr_0/inst/u_top_system/u_dsp_chain/u_framing/buffer_reg[56][5]/Q
                         net (fo=2, routed)           0.240     1.279    zedboard_pnyq_ssr_i/top_ssr_0/inst/u_top_system/u_dsp_chain/u_framing/buffer_reg[56]_225[5]
    SLICE_X50Y1          FDRE                                         r  zedboard_pnyq_ssr_i/top_ssr_0/inst/u_top_system/u_dsp_chain/u_framing/buffer_reg[55][5]/D
  -------------------------------------------------------------------    -------------------

                         (clock clk_fpga_0 rise edge)
                                                      0.000     0.000 r  
    PS7_X0Y0             PS7                          0.000     0.000 r  zedboard_pnyq_ssr_i/processing_system7_0/inst/PS7_i/FCLKCLK[0]
                         net (fo=1, routed)           0.337     0.337    zedboard_pnyq_ssr_i/processing_system7_0/inst/FCLK_CLK_unbuffered[0]
    BUFGCTRL_X0Y16       BUFG (Prop_bufg_I_O)         0.029     0.366 r  zedboard_pnyq_ssr_i/processing_system7_0/inst/buffer_fclk_clk_0.FCLK_CLK_0_BUFG/O
                         net (fo=21462, routed)       0.826     1.192    zedboard_pnyq_ssr_i/top_ssr_0/inst/u_top_system/u_dsp_chain/u_framing/s00_axi_aclk
    SLICE_X50Y1          FDRE                                         r  zedboard_pnyq_ssr_i/top_ssr_0/inst/u_top_system/u_dsp_chain/u_framing/buffer_reg[55][5]/C
                         clock pessimism             -0.035     1.157    
    SLICE_X50Y1          FDRE (Hold_fdre_C_D)         0.064     1.221    zedboard_pnyq_ssr_i/top_ssr_0/inst/u_top_system/u_dsp_chain/u_framing/buffer_reg[55][5]
  -------------------------------------------------------------------
                         required time                         -1.221    
                         arrival time                           1.279    
  -------------------------------------------------------------------
                         slack                                  0.058    

Slack (MET) :             0.059ns  (arrival time - required time)
  Source:                 zedboard_pnyq_ssr_i/top_ssr_0/inst/u_top_system/u_dsp_chain/u_mel/FSM_onehot_state_reg[1]/C
                            (rising edge-triggered cell FDRE clocked by clk_fpga_0  {rise@0.000ns fall@25.000ns period=50.000ns})
  Destination:            zedboard_pnyq_ssr_i/top_ssr_0/inst/u_top_system/u_dsp_chain/u_mel/FSM_onehot_state_reg[2]/D
                            (rising edge-triggered cell FDRE clocked by clk_fpga_0  {rise@0.000ns fall@25.000ns period=50.000ns})
  Path Group:             clk_fpga_0
  Path Type:              Hold (Min at Fast Process Corner)
  Requirement:            0.000ns  (clk_fpga_0 rise@0.000ns - clk_fpga_0 rise@0.000ns)
  Data Path Delay:        0.391ns  (logic 0.141ns (36.034%)  route 0.250ns (63.966%))
  Logic Levels:           0  
  Clock Path Skew:        0.266ns (DCD - SCD - CPR)
    Destination Clock Delay (DCD):    1.181ns
    Source Clock Delay      (SCD):    0.880ns
    Clock Pessimism Removal (CPR):    0.035ns

    Location             Delay type                Incr(ns)  Path(ns)    Netlist Resource(s)
  -------------------------------------------------------------------    -------------------
                         (clock clk_fpga_0 rise edge)
                                                      0.000     0.000 r  
    PS7_X0Y0             PS7                          0.000     0.000 r  zedboard_pnyq_ssr_i/processing_system7_0/inst/PS7_i/FCLKCLK[0]
                         net (fo=1, routed)           0.310     0.310    zedboard_pnyq_ssr_i/processing_system7_0/inst/FCLK_CLK_unbuffered[0]
    BUFGCTRL_X0Y16       BUFG (Prop_bufg_I_O)         0.026     0.336 r  zedboard_pnyq_ssr_i/processing_system7_0/inst/buffer_fclk_clk_0.FCLK_CLK_0_BUFG/O
                         net (fo=21462, routed)       0.544     0.880    zedboard_pnyq_ssr_i/top_ssr_0/inst/u_top_system/u_dsp_chain/u_mel/s00_axi_aclk
    SLICE_X51Y80         FDRE                                         r  zedboard_pnyq_ssr_i/top_ssr_0/inst/u_top_system/u_dsp_chain/u_mel/FSM_onehot_state_reg[1]/C
  -------------------------------------------------------------------    -------------------
    SLICE_X51Y80         FDRE (Prop_fdre_C_Q)         0.141     1.021 r  zedboard_pnyq_ssr_i/top_ssr_0/inst/u_top_system/u_dsp_chain/u_mel/FSM_onehot_state_reg[1]/Q
                         net (fo=74, routed)          0.250     1.271    zedboard_pnyq_ssr_i/top_ssr_0/inst/u_top_system/u_dsp_chain/u_mel/FSM_onehot_state_reg_n_0_[1]
    SLICE_X49Y81         FDRE                                         r  zedboard_pnyq_ssr_i/top_ssr_0/inst/u_top_system/u_dsp_chain/u_mel/FSM_onehot_state_reg[2]/D
  -------------------------------------------------------------------    -------------------

                         (clock clk_fpga_0 rise edge)
                                                      0.000     0.000 r  
    PS7_X0Y0             PS7                          0.000     0.000 r  zedboard_pnyq_ssr_i/processing_system7_0/inst/PS7_i/FCLKCLK[0]
                         net (fo=1, routed)           0.337     0.337    zedboard_pnyq_ssr_i/processing_system7_0/inst/FCLK_CLK_unbuffered[0]
    BUFGCTRL_X0Y16       BUFG (Prop_bufg_I_O)         0.029     0.366 r  zedboard_pnyq_ssr_i/processing_system7_0/inst/buffer_fclk_clk_0.FCLK_CLK_0_BUFG/O
                         net (fo=21462, routed)       0.815     1.181    zedboard_pnyq_ssr_i/top_ssr_0/inst/u_top_system/u_dsp_chain/u_mel/s00_axi_aclk
    SLICE_X49Y81         FDRE                                         r  zedboard_pnyq_ssr_i/top_ssr_0/inst/u_top_system/u_dsp_chain/u_mel/FSM_onehot_state_reg[2]/C
                         clock pessimism             -0.035     1.146    
    SLICE_X49Y81         FDRE (Hold_fdre_C_D)         0.066     1.212    zedboard_pnyq_ssr_i/top_ssr_0/inst/u_top_system/u_dsp_chain/u_mel/FSM_onehot_state_reg[2]
  -------------------------------------------------------------------
                         required time                         -1.212    
                         arrival time                           1.271    
  -------------------------------------------------------------------
                         slack                                  0.059    

Slack (MET) :             0.063ns  (arrival time - required time)
  Source:                 zedboard_pnyq_ssr_i/axi_smc/inst/s00_nodes/s00_r_node/inst/inst_mi_handler/gen_normal_area.inst_fifo_node_payld/gen_xpm_memory_fifo.inst_fifo/gen_mem_rep[0].inst_wr_addra/count_r_reg[2]/C
                            (rising edge-triggered cell FDRE clocked by clk_fpga_0  {rise@0.000ns fall@25.000ns period=50.000ns})
  Destination:            zedboard_pnyq_ssr_i/axi_smc/inst/s00_nodes/s00_r_node/inst/inst_mi_handler/gen_normal_area.inst_fifo_node_payld/gen_xpm_memory_fifo.inst_fifo/gen_mem_rep[0].inst_xpm_memory/xpm_memory_base_inst/gen_wr_a.gen_word_narrow.mem_reg_0_31_48_53/RAMA/WADR2
                            (rising edge-triggered cell RAMD32 clocked by clk_fpga_0  {rise@0.000ns fall@25.000ns period=50.000ns})
  Path Group:             clk_fpga_0
  Path Type:              Hold (Min at Fast Process Corner)
  Requirement:            0.000ns  (clk_fpga_0 rise@0.000ns - clk_fpga_0 rise@0.000ns)
  Data Path Delay:        0.571ns  (logic 0.164ns (28.738%)  route 0.407ns (71.262%))
  Logic Levels:           0  
  Clock Path Skew:        0.253ns (DCD - SCD - CPR)
    Destination Clock Delay (DCD):    1.210ns
    Source Clock Delay      (SCD):    0.927ns
    Clock Pessimism Removal (CPR):    0.030ns

    Location             Delay type                Incr(ns)  Path(ns)    Netlist Resource(s)
  -------------------------------------------------------------------    -------------------
                         (clock clk_fpga_0 rise edge)
                                                      0.000     0.000 r  
    PS7_X0Y0             PS7                          0.000     0.000 r  zedboard_pnyq_ssr_i/processing_system7_0/inst/PS7_i/FCLKCLK[0]
                         net (fo=1, routed)           0.310     0.310    zedboard_pnyq_ssr_i/processing_system7_0/inst/FCLK_CLK_unbuffered[0]
    BUFGCTRL_X0Y16       BUFG (Prop_bufg_I_O)         0.026     0.336 r  zedboard_pnyq_ssr_i/processing_system7_0/inst/buffer_fclk_clk_0.FCLK_CLK_0_BUFG/O
                         net (fo=21462, routed)       0.591     0.927    zedboard_pnyq_ssr_i/axi_smc/inst/s00_nodes/s00_r_node/inst/inst_mi_handler/gen_normal_area.inst_fifo_node_payld/gen_xpm_memory_fifo.inst_fifo/gen_mem_rep[0].inst_wr_addra/s_sc_aclk
    SLICE_X30Y47         FDRE                                         r  zedboard_pnyq_ssr_i/axi_smc/inst/s00_nodes/s00_r_node/inst/inst_mi_handler/gen_normal_area.inst_fifo_node_payld/gen_xpm_memory_fifo.inst_fifo/gen_mem_rep[0].inst_wr_addra/count_r_reg[2]/C
  -------------------------------------------------------------------    -------------------
    SLICE_X30Y47         FDRE (Prop_fdre_C_Q)         0.164     1.091 r  zedboard_pnyq_ssr_i/axi_smc/inst/s00_nodes/s00_r_node/inst/inst_mi_handler/gen_normal_area.inst_fifo_node_payld/gen_xpm_memory_fifo.inst_fifo/gen_mem_rep[0].inst_wr_addra/count_r_reg[2]/Q
                         net (fo=109, routed)         0.407     1.497    zedboard_pnyq_ssr_i/axi_smc/inst/s00_nodes/s00_r_node/inst/inst_mi_handler/gen_normal_area.inst_fifo_node_payld/gen_xpm_memory_fifo.inst_fifo/gen_mem_rep[0].inst_xpm_memory/xpm_memory_base_inst/gen_wr_a.gen_word_narrow.mem_reg_0_31_48_53/ADDRD2
    SLICE_X26Y50         RAMD32                                       r  zedboard_pnyq_ssr_i/axi_smc/inst/s00_nodes/s00_r_node/inst/inst_mi_handler/gen_normal_area.inst_fifo_node_payld/gen_xpm_memory_fifo.inst_fifo/gen_mem_rep[0].inst_xpm_memory/xpm_memory_base_inst/gen_wr_a.gen_word_narrow.mem_reg_0_31_48_53/RAMA/WADR2
  -------------------------------------------------------------------    -------------------

                         (clock clk_fpga_0 rise edge)
                                                      0.000     0.000 r  
    PS7_X0Y0             PS7                          0.000     0.000 r  zedboard_pnyq_ssr_i/processing_system7_0/inst/PS7_i/FCLKCLK[0]
                         net (fo=1, routed)           0.337     0.337    zedboard_pnyq_ssr_i/processing_system7_0/inst/FCLK_CLK_unbuffered[0]
    BUFGCTRL_X0Y16       BUFG (Prop_bufg_I_O)         0.029     0.366 r  zedboard_pnyq_ssr_i/processing_system7_0/inst/buffer_fclk_clk_0.FCLK_CLK_0_BUFG/O
                         net (fo=21462, routed)       0.844     1.210    zedboard_pnyq_ssr_i/axi_smc/inst/s00_nodes/s00_r_node/inst/inst_mi_handler/gen_normal_area.inst_fifo_node_payld/gen_xpm_memory_fifo.inst_fifo/gen_mem_rep[0].inst_xpm_memory/xpm_memory_base_inst/gen_wr_a.gen_word_narrow.mem_reg_0_31_48_53/WCLK
    SLICE_X26Y50         RAMD32                                       r  zedboard_pnyq_ssr_i/axi_smc/inst/s00_nodes/s00_r_node/inst/inst_mi_handler/gen_normal_area.inst_fifo_node_payld/gen_xpm_memory_fifo.inst_fifo/gen_mem_rep[0].inst_xpm_memory/xpm_memory_base_inst/gen_wr_a.gen_word_narrow.mem_reg_0_31_48_53/RAMA/CLK
                         clock pessimism             -0.030     1.180    
    SLICE_X26Y50         RAMD32 (Hold_ramd32_CLK_WADR2)
                                                      0.254     1.434    zedboard_pnyq_ssr_i/axi_smc/inst/s00_nodes/s00_r_node/inst/inst_mi_handler/gen_normal_area.inst_fifo_node_payld/gen_xpm_memory_fifo.inst_fifo/gen_mem_rep[0].inst_xpm_memory/xpm_memory_base_inst/gen_wr_a.gen_word_narrow.mem_reg_0_31_48_53/RAMA
  -------------------------------------------------------------------
                         required time                         -1.434    
                         arrival time                           1.497    
  -------------------------------------------------------------------
                         slack                                  0.063    

Slack (MET) :             0.063ns  (arrival time - required time)
  Source:                 zedboard_pnyq_ssr_i/axi_smc/inst/s00_nodes/s00_r_node/inst/inst_mi_handler/gen_normal_area.inst_fifo_node_payld/gen_xpm_memory_fifo.inst_fifo/gen_mem_rep[0].inst_wr_addra/count_r_reg[2]/C
                            (rising edge-triggered cell FDRE clocked by clk_fpga_0  {rise@0.000ns fall@25.000ns period=50.000ns})
  Destination:            zedboard_pnyq_ssr_i/axi_smc/inst/s00_nodes/s00_r_node/inst/inst_mi_handler/gen_normal_area.inst_fifo_node_payld/gen_xpm_memory_fifo.inst_fifo/gen_mem_rep[0].inst_xpm_memory/xpm_memory_base_inst/gen_wr_a.gen_word_narrow.mem_reg_0_31_48_53/RAMA_D1/WADR2
                            (rising edge-triggered cell RAMD32 clocked by clk_fpga_0  {rise@0.000ns fall@25.000ns period=50.000ns})
  Path Group:             clk_fpga_0
  Path Type:              Hold (Min at Fast Process Corner)
  Requirement:            0.000ns  (clk_fpga_0 rise@0.000ns - clk_fpga_0 rise@0.000ns)
  Data Path Delay:        0.571ns  (logic 0.164ns (28.738%)  route 0.407ns (71.262%))
  Logic Levels:           0  
  Clock Path Skew:        0.253ns (DCD - SCD - CPR)
    Destination Clock Delay (DCD):    1.210ns
    Source Clock Delay      (SCD):    0.927ns
    Clock Pessimism Removal (CPR):    0.030ns

    Location             Delay type                Incr(ns)  Path(ns)    Netlist Resource(s)
  -------------------------------------------------------------------    -------------------
                         (clock clk_fpga_0 rise edge)
                                                      0.000     0.000 r  
    PS7_X0Y0             PS7                          0.000     0.000 r  zedboard_pnyq_ssr_i/processing_system7_0/inst/PS7_i/FCLKCLK[0]
                         net (fo=1, routed)           0.310     0.310    zedboard_pnyq_ssr_i/processing_system7_0/inst/FCLK_CLK_unbuffered[0]
    BUFGCTRL_X0Y16       BUFG (Prop_bufg_I_O)         0.026     0.336 r  zedboard_pnyq_ssr_i/processing_system7_0/inst/buffer_fclk_clk_0.FCLK_CLK_0_BUFG/O
                         net (fo=21462, routed)       0.591     0.927    zedboard_pnyq_ssr_i/axi_smc/inst/s00_nodes/s00_r_node/inst/inst_mi_handler/gen_normal_area.inst_fifo_node_payld/gen_xpm_memory_fifo.inst_fifo/gen_mem_rep[0].inst_wr_addra/s_sc_aclk
    SLICE_X30Y47         FDRE                                         r  zedboard_pnyq_ssr_i/axi_smc/inst/s00_nodes/s00_r_node/inst/inst_mi_handler/gen_normal_area.inst_fifo_node_payld/gen_xpm_memory_fifo.inst_fifo/gen_mem_rep[0].inst_wr_addra/count_r_reg[2]/C
  -------------------------------------------------------------------    -------------------
    SLICE_X30Y47         FDRE (Prop_fdre_C_Q)         0.164     1.091 r  zedboard_pnyq_ssr_i/axi_smc/inst/s00_nodes/s00_r_node/inst/inst_mi_handler/gen_normal_area.inst_fifo_node_payld/gen_xpm_memory_fifo.inst_fifo/gen_mem_rep[0].inst_wr_addra/count_r_reg[2]/Q
                         net (fo=109, routed)         0.407     1.497    zedboard_pnyq_ssr_i/axi_smc/inst/s00_nodes/s00_r_node/inst/inst_mi_handler/gen_normal_area.inst_fifo_node_payld/gen_xpm_memory_fifo.inst_fifo/gen_mem_rep[0].inst_xpm_memory/xpm_memory_base_inst/gen_wr_a.gen_word_narrow.mem_reg_0_31_48_53/ADDRD2
    SLICE_X26Y50         RAMD32                                       r  zedboard_pnyq_ssr_i/axi_smc/inst/s00_nodes/s00_r_node/inst/inst_mi_handler/gen_normal_area.inst_fifo_node_payld/gen_xpm_memory_fifo.inst_fifo/gen_mem_rep[0].inst_xpm_memory/xpm_memory_base_inst/gen_wr_a.gen_word_narrow.mem_reg_0_31_48_53/RAMA_D1/WADR2
  -------------------------------------------------------------------    -------------------

                         (clock clk_fpga_0 rise edge)
                                                      0.000     0.000 r  
    PS7_X0Y0             PS7                          0.000     0.000 r  zedboard_pnyq_ssr_i/processing_system7_0/inst/PS7_i/FCLKCLK[0]
                         net (fo=1, routed)           0.337     0.337    zedboard_pnyq_ssr_i/processing_system7_0/inst/FCLK_CLK_unbuffered[0]
    BUFGCTRL_X0Y16       BUFG (Prop_bufg_I_O)         0.029     0.366 r  zedboard_pnyq_ssr_i/processing_system7_0/inst/buffer_fclk_clk_0.FCLK_CLK_0_BUFG/O
                         net (fo=21462, routed)       0.844     1.210    zedboard_pnyq_ssr_i/axi_smc/inst/s00_nodes/s00_r_node/inst/inst_mi_handler/gen_normal_area.inst_fifo_node_payld/gen_xpm_memory_fifo.inst_fifo/gen_mem_rep[0].inst_xpm_memory/xpm_memory_base_inst/gen_wr_a.gen_word_narrow.mem_reg_0_31_48_53/WCLK
    SLICE_X26Y50         RAMD32                                       r  zedboard_pnyq_ssr_i/axi_smc/inst/s00_nodes/s00_r_node/inst/inst_mi_handler/gen_normal_area.inst_fifo_node_payld/gen_xpm_memory_fifo.inst_fifo/gen_mem_rep[0].inst_xpm_memory/xpm_memory_base_inst/gen_wr_a.gen_word_narrow.mem_reg_0_31_48_53/RAMA_D1/CLK
                         clock pessimism             -0.030     1.180    
    SLICE_X26Y50         RAMD32 (Hold_ramd32_CLK_WADR2)
                                                      0.254     1.434    zedboard_pnyq_ssr_i/axi_smc/inst/s00_nodes/s00_r_node/inst/inst_mi_handler/gen_normal_area.inst_fifo_node_payld/gen_xpm_memory_fifo.inst_fifo/gen_mem_rep[0].inst_xpm_memory/xpm_memory_base_inst/gen_wr_a.gen_word_narrow.mem_reg_0_31_48_53/RAMA_D1
  -------------------------------------------------------------------
                         required time                         -1.434    
                         arrival time                           1.497    
  -------------------------------------------------------------------
                         slack                                  0.063    





Pulse Width Checks
--------------------------------------------------------------------------------------
Clock Name:         clk_fpga_0
Waveform(ns):       { 0.000 25.000 }
Period(ns):         50.000
Sources:            { zedboard_pnyq_ssr_i/processing_system7_0/inst/PS7_i/FCLKCLK[0] }

Check Type        Corner  Lib Pin             Reference Pin  Required(ns)  Actual(ns)  Slack(ns)  Location        Pin
Min Period        n/a     DSP48E1/CLK         n/a            3.884         50.000      46.116     DSP48_X1Y6      zedboard_pnyq_ssr_i/top_ssr_0/inst/u_top_system/u_dsp_chain/u_window/product/CLK
Min Period        n/a     RAMB36E1/CLKARDCLK  n/a            2.576         50.000      47.424     RAMB36_X0Y9     zedboard_pnyq_ssr_i/axi_dma_0/U0/I_PRMRY_DATAMOVER/GEN_MM2S_FULL.I_MM2S_FULL_WRAPPER/GEN_INCLUDE_MM2S_SF.I_RD_SF/I_DATA_FIFO/BLK_MEM.I_SYNC_FIFOGEN_FIFO/xpm_fifo_instance.xpm_fifo_sync_inst/xpm_fifo_base_inst/gen_sdpram.xpm_memory_base_inst/gen_wr_a.gen_word_narrow.mem_reg/CLKARDCLK
Min Period        n/a     RAMB36E1/CLKBWRCLK  n/a            2.576         50.000      47.424     RAMB36_X0Y9     zedboard_pnyq_ssr_i/axi_dma_0/U0/I_PRMRY_DATAMOVER/GEN_MM2S_FULL.I_MM2S_FULL_WRAPPER/GEN_INCLUDE_MM2S_SF.I_RD_SF/I_DATA_FIFO/BLK_MEM.I_SYNC_FIFOGEN_FIFO/xpm_fifo_instance.xpm_fifo_sync_inst/xpm_fifo_base_inst/gen_sdpram.xpm_memory_base_inst/gen_wr_a.gen_word_narrow.mem_reg/CLKBWRCLK
Min Period        n/a     RAMB18E1/CLKARDCLK  n/a            2.576         50.000      47.424     RAMB18_X1Y6     zedboard_pnyq_ssr_i/top_ssr_0/inst/u_top_system/u_dsp_chain/u_window/idx_reg_rep/CLKARDCLK
Min Period        n/a     BUFG/I              n/a            2.155         50.000      47.845     BUFGCTRL_X0Y16  zedboard_pnyq_ssr_i/processing_system7_0/inst/buffer_fclk_clk_0.FCLK_CLK_0_BUFG/I
Min Period        n/a     DSP48E1/CLK         n/a            2.154         50.000      47.846     DSP48_X3Y38     zedboard_pnyq_ssr_i/top_ssr_0/inst/u_top_system/u_dsp_chain/u_agg/n_sumsq_reg__3/CLK
Min Period        n/a     DSP48E1/CLK         n/a            2.154         50.000      47.846     DSP48_X3Y21     zedboard_pnyq_ssr_i/top_ssr_0/inst/u_top_system/u_dsp_chain/u_power/im_sq__2/CLK
Min Period        n/a     DSP48E1/CLK         n/a            2.154         50.000      47.846     DSP48_X4Y56     zedboard_pnyq_ssr_i/top_ssr_0/inst/u_top_system/u_top_nn/u_dense_layer_1/p_0_out__32/CLK
Min Period        n/a     DSP48E1/CLK         n/a            2.154         50.000      47.846     DSP48_X2Y43     zedboard_pnyq_ssr_i/top_ssr_0/inst/u_top_system/u_top_nn/u_dense_layer_1/p_0_out__39/CLK
Min Period        n/a     DSP48E1/CLK         n/a            2.154         50.000      47.846     DSP48_X2Y37     zedboard_pnyq_ssr_i/top_ssr_0/inst/u_top_system/u_top_nn/u_dense_layer_1/p_1_out__1/CLK
Low Pulse Width   Fast    RAMD32/CLK          n/a            1.250         25.000      23.750     SLICE_X18Y46    zedboard_pnyq_ssr_i/axi_smc/inst/s00_nodes/s00_r_node/inst/inst_mi_handler/gen_normal_area.inst_fifo_node_payld/gen_xpm_memory_fifo.inst_fifo/gen_mem_rep[0].inst_xpm_memory/xpm_memory_base_inst/gen_wr_a.gen_word_narrow.mem_reg_0_31_36_41/RAMA/CLK
Low Pulse Width   Fast    RAMD32/CLK          n/a            1.250         25.000      23.750     SLICE_X18Y46    zedboard_pnyq_ssr_i/axi_smc/inst/s00_nodes/s00_r_node/inst/inst_mi_handler/gen_normal_area.inst_fifo_node_payld/gen_xpm_memory_fifo.inst_fifo/gen_mem_rep[0].inst_xpm_memory/xpm_memory_base_inst/gen_wr_a.gen_word_narrow.mem_reg_0_31_36_41/RAMA_D1/CLK
Low Pulse Width   Fast    RAMD32/CLK          n/a            1.250         25.000      23.750     SLICE_X18Y46    zedboard_pnyq_ssr_i/axi_smc/inst/s00_nodes/s00_r_node/inst/inst_mi_handler/gen_normal_area.inst_fifo_node_payld/gen_xpm_memory_fifo.inst_fifo/gen_mem_rep[0].inst_xpm_memory/xpm_memory_base_inst/gen_wr_a.gen_word_narrow.mem_reg_0_31_36_41/RAMB/CLK
Low Pulse Width   Fast    RAMD32/CLK          n/a            1.250         25.000      23.750     SLICE_X18Y46    zedboard_pnyq_ssr_i/axi_smc/inst/s00_nodes/s00_r_node/inst/inst_mi_handler/gen_normal_area.inst_fifo_node_payld/gen_xpm_memory_fifo.inst_fifo/gen_mem_rep[0].inst_xpm_memory/xpm_memory_base_inst/gen_wr_a.gen_word_narrow.mem_reg_0_31_36_41/RAMB_D1/CLK
Low Pulse Width   Fast    RAMD32/CLK          n/a            1.250         25.000      23.750     SLICE_X18Y46    zedboard_pnyq_ssr_i/axi_smc/inst/s00_nodes/s00_r_node/inst/inst_mi_handler/gen_normal_area.inst_fifo_node_payld/gen_xpm_memory_fifo.inst_fifo/gen_mem_rep[0].inst_xpm_memory/xpm_memory_base_inst/gen_wr_a.gen_word_narrow.mem_reg_0_31_36_41/RAMC/CLK
Low Pulse Width   Fast    RAMD32/CLK          n/a            1.250         25.000      23.750     SLICE_X18Y46    zedboard_pnyq_ssr_i/axi_smc/inst/s00_nodes/s00_r_node/inst/inst_mi_handler/gen_normal_area.inst_fifo_node_payld/gen_xpm_memory_fifo.inst_fifo/gen_mem_rep[0].inst_xpm_memory/xpm_memory_base_inst/gen_wr_a.gen_word_narrow.mem_reg_0_31_36_41/RAMC_D1/CLK
Low Pulse Width   Fast    RAMS32/CLK          n/a            1.250         25.000      23.750     SLICE_X18Y46    zedboard_pnyq_ssr_i/axi_smc/inst/s00_nodes/s00_r_node/inst/inst_mi_handler/gen_normal_area.inst_fifo_node_payld/gen_xpm_memory_fifo.inst_fifo/gen_mem_rep[0].inst_xpm_memory/xpm_memory_base_inst/gen_wr_a.gen_word_narrow.mem_reg_0_31_36_41/RAMD/CLK
Low Pulse Width   Fast    RAMS32/CLK          n/a            1.250         25.000      23.750     SLICE_X18Y46    zedboard_pnyq_ssr_i/axi_smc/inst/s00_nodes/s00_r_node/inst/inst_mi_handler/gen_normal_area.inst_fifo_node_payld/gen_xpm_memory_fifo.inst_fifo/gen_mem_rep[0].inst_xpm_memory/xpm_memory_base_inst/gen_wr_a.gen_word_narrow.mem_reg_0_31_36_41/RAMD_D1/CLK
Low Pulse Width   Fast    RAMD32/CLK          n/a            1.250         25.000      23.750     SLICE_X34Y56    zedboard_pnyq_ssr_i/axi_smc/inst/s00_nodes/s00_ar_node/inst/inst_mi_handler/gen_normal_area.inst_fifo_node_payld/gen_xpm_memory_fifo.inst_fifo/gen_mem_rep[0].inst_xpm_memory/xpm_memory_base_inst/gen_wr_a.gen_word_narrow.mem_reg_0_31_0_5/RAMA/CLK
Low Pulse Width   Fast    RAMD32/CLK          n/a            1.250         25.000      23.750     SLICE_X34Y56    zedboard_pnyq_ssr_i/axi_smc/inst/s00_nodes/s00_ar_node/inst/inst_mi_handler/gen_normal_area.inst_fifo_node_payld/gen_xpm_memory_fifo.inst_fifo/gen_mem_rep[0].inst_xpm_memory/xpm_memory_base_inst/gen_wr_a.gen_word_narrow.mem_reg_0_31_0_5/RAMA_D1/CLK
High Pulse Width  Slow    RAMD32/CLK          n/a            1.250         25.000      23.750     SLICE_X36Y56    zedboard_pnyq_ssr_i/axi_smc/inst/s00_nodes/s00_ar_node/inst/inst_mi_handler/gen_normal_area.inst_fifo_node_payld/gen_xpm_memory_fifo.inst_fifo/gen_mem_rep[0].inst_xpm_memory/xpm_memory_base_inst/gen_wr_a.gen_word_narrow.mem_reg_0_31_6_11/RAMA/CLK
High Pulse Width  Slow    RAMD32/CLK          n/a            1.250         25.000      23.750     SLICE_X36Y56    zedboard_pnyq_ssr_i/axi_smc/inst/s00_nodes/s00_ar_node/inst/inst_mi_handler/gen_normal_area.inst_fifo_node_payld/gen_xpm_memory_fifo.inst_fifo/gen_mem_rep[0].inst_xpm_memory/xpm_memory_base_inst/gen_wr_a.gen_word_narrow.mem_reg_0_31_6_11/RAMA_D1/CLK
High Pulse Width  Slow    RAMD32/CLK          n/a            1.250         25.000      23.750     SLICE_X36Y56    zedboard_pnyq_ssr_i/axi_smc/inst/s00_nodes/s00_ar_node/inst/inst_mi_handler/gen_normal_area.inst_fifo_node_payld/gen_xpm_memory_fifo.inst_fifo/gen_mem_rep[0].inst_xpm_memory/xpm_memory_base_inst/gen_wr_a.gen_word_narrow.mem_reg_0_31_6_11/RAMB/CLK
High Pulse Width  Slow    RAMD32/CLK          n/a            1.250         25.000      23.750     SLICE_X36Y56    zedboard_pnyq_ssr_i/axi_smc/inst/s00_nodes/s00_ar_node/inst/inst_mi_handler/gen_normal_area.inst_fifo_node_payld/gen_xpm_memory_fifo.inst_fifo/gen_mem_rep[0].inst_xpm_memory/xpm_memory_base_inst/gen_wr_a.gen_word_narrow.mem_reg_0_31_6_11/RAMB_D1/CLK
High Pulse Width  Slow    RAMD32/CLK          n/a            1.250         25.000      23.750     SLICE_X36Y56    zedboard_pnyq_ssr_i/axi_smc/inst/s00_nodes/s00_ar_node/inst/inst_mi_handler/gen_normal_area.inst_fifo_node_payld/gen_xpm_memory_fifo.inst_fifo/gen_mem_rep[0].inst_xpm_memory/xpm_memory_base_inst/gen_wr_a.gen_word_narrow.mem_reg_0_31_6_11/RAMC/CLK
High Pulse Width  Slow    RAMD32/CLK          n/a            1.250         25.000      23.750     SLICE_X36Y56    zedboard_pnyq_ssr_i/axi_smc/inst/s00_nodes/s00_ar_node/inst/inst_mi_handler/gen_normal_area.inst_fifo_node_payld/gen_xpm_memory_fifo.inst_fifo/gen_mem_rep[0].inst_xpm_memory/xpm_memory_base_inst/gen_wr_a.gen_word_narrow.mem_reg_0_31_6_11/RAMC_D1/CLK
High Pulse Width  Slow    RAMS32/CLK          n/a            1.250         25.000      23.750     SLICE_X36Y56    zedboard_pnyq_ssr_i/axi_smc/inst/s00_nodes/s00_ar_node/inst/inst_mi_handler/gen_normal_area.inst_fifo_node_payld/gen_xpm_memory_fifo.inst_fifo/gen_mem_rep[0].inst_xpm_memory/xpm_memory_base_inst/gen_wr_a.gen_word_narrow.mem_reg_0_31_6_11/RAMD/CLK
High Pulse Width  Slow    RAMS32/CLK          n/a            1.250         25.000      23.750     SLICE_X36Y56    zedboard_pnyq_ssr_i/axi_smc/inst/s00_nodes/s00_ar_node/inst/inst_mi_handler/gen_normal_area.inst_fifo_node_payld/gen_xpm_memory_fifo.inst_fifo/gen_mem_rep[0].inst_xpm_memory/xpm_memory_base_inst/gen_wr_a.gen_word_narrow.mem_reg_0_31_6_11/RAMD_D1/CLK
High Pulse Width  Slow    RAMD32/CLK          n/a            1.250         25.000      23.750     SLICE_X32Y55    zedboard_pnyq_ssr_i/axi_smc/inst/s00_nodes/s00_ar_node/inst/inst_mi_handler/gen_normal_area.inst_fifo_node_payld/gen_xpm_memory_fifo.inst_fifo/gen_mem_rep[0].inst_xpm_memory/xpm_memory_base_inst/gen_wr_a.gen_word_narrow.mem_reg_0_31_72_77/RAMA/CLK
High Pulse Width  Slow    RAMD32/CLK          n/a            1.250         25.000      23.750     SLICE_X32Y55    zedboard_pnyq_ssr_i/axi_smc/inst/s00_nodes/s00_ar_node/inst/inst_mi_handler/gen_normal_area.inst_fifo_node_payld/gen_xpm_memory_fifo.inst_fifo/gen_mem_rep[0].inst_xpm_memory/xpm_memory_base_inst/gen_wr_a.gen_word_narrow.mem_reg_0_31_72_77/RAMA_D1/CLK



