
*** Running vivado
    with args -log design_final_top_ssr_0_0.vds -m64 -product Vivado -mode batch -messageDb vivado.pb -notrace -source design_final_top_ssr_0_0.tcl


ECHO is off.
ECHO is off.

*** Running vivado
    with args -log design_final_top_ssr_0_0.vds -m64 -product Vivado -mode batch -messageDb vivado.pb -notrace -source design_final_top_ssr_0_0.tcl


ECHO is off.
ECHO is off.

****** Vivado v2023.2 (64-bit)
  **** SW Build 4029153 on Fri Oct 13 20:14:34 MDT 2023
  **** IP Build 4028589 on Sat Oct 14 00:45:43 MDT 2023
  **** SharedData Build 4025554 on Tue Oct 10 17:18:54 MDT 2023
    ** Copyright 1986-2022 Xilinx, Inc. All Rights Reserved.
    ** Copyright 2022-2023 Advanced Micro Devices, Inc. All Rights Reserved.

source design_final_top_ssr_0_0.tcl -notrace
create_project: Time (s): cpu = 00:00:09 ; elapsed = 00:00:15 . Memory (MB): peak = 457.691 ; gain = 184.094
INFO: [IP_Flow 19-234] Refreshing IP repositories
INFO: [IP_Flow 19-1700] Loaded user IP repository 'c:/Users/Python/Desktop/sdup/simple_speech_recognition/paczka_final'.
INFO: [IP_Flow 19-2313] Loaded Vivado IP repository 'C:/Users/Python/Desktop/Vivado_full/Vivado/2023.2/data/ip'.
WARNING: [IP_Flow 19-4995] The host OS only allows 260 characters in a normal path. The IP cache path is more than 80 characters. If you experience issues with IP caching, please consider changing the IP cache to a location with a shorter path. Alternately consider using the OS subst command to map part of the path to a drive letter. 
Current IP cache path is c:/Users/Python/Desktop/sdup/simple_speech_recognition/project_final/project_final.cache/ip 
INFO: [IP_Flow 19-6924] IPCACHE: Running cache check for IP inst: design_final_top_ssr_0_0
Command: synth_design -top design_final_top_ssr_0_0 -part xc7z020clg484-1 -incremental_mode off -mode out_of_context
Starting synth_design
Attempting to get a license for feature 'Synthesis' and/or device 'xc7z020'
INFO: [Common 17-349] Got license for feature 'Synthesis' and/or device 'xc7z020'
INFO: [Device 21-403] Loading part xc7z020clg484-1
INFO: [Synth 8-7079] Multithreading enabled for synth_design using a maximum of 2 processes.
INFO: [Synth 8-7078] Launching helper process for spawning children vivado processes
INFO: [Synth 8-7075] Helper process launched with PID 20608
---------------------------------------------------------------------------------
Starting RTL Elaboration : Time (s): cpu = 00:00:07 ; elapsed = 00:02:58 . Memory (MB): peak = 1331.547 ; gain = 439.918
---------------------------------------------------------------------------------
INFO: [Synth 8-6157] synthesizing module 'design_final_top_ssr_0_0' [c:/Users/Python/Desktop/sdup/simple_speech_recognition/project_final/project_final.gen/sources_1/bd/design_final/ip/design_final_top_ssr_0_0/synth/design_final_top_ssr_0_0.sv:53]
INFO: [Synth 8-6157] synthesizing module 'top_ssr' [c:/Users/Python/Desktop/sdup/simple_speech_recognition/project_final/project_final.gen/sources_1/bd/design_final/ipshared/b36c/src/top_ssr.sv:28]
INFO: [Synth 8-6157] synthesizing module 'top_system' [c:/Users/Python/Desktop/sdup/simple_speech_recognition/project_final/project_final.gen/sources_1/bd/design_final/ipshared/b36c/src/top_system.sv:32]
INFO: [Synth 8-6157] synthesizing module 'dsp_chain' [c:/Users/Python/Desktop/sdup/simple_speech_recognition/project_final/project_final.gen/sources_1/bd/design_final/ipshared/b36c/src/dsp_chain.sv:14]
INFO: [Synth 8-6157] synthesizing module 'framing' [c:/Users/Python/Desktop/sdup/simple_speech_recognition/project_final/project_final.gen/sources_1/bd/design_final/ipshared/b36c/src/framing.sv:30]
INFO: [Synth 8-6155] done synthesizing module 'framing' (0#1) [c:/Users/Python/Desktop/sdup/simple_speech_recognition/project_final/project_final.gen/sources_1/bd/design_final/ipshared/b36c/src/framing.sv:30]
INFO: [Synth 8-6157] synthesizing module 'window' [c:/Users/Python/Desktop/sdup/simple_speech_recognition/project_final/project_final.gen/sources_1/bd/design_final/ipshared/b36c/src/window.sv:17]
INFO: [Synth 8-3876] $readmem data file 'window_hamming_256.mem' is read successfully [c:/Users/Python/Desktop/sdup/simple_speech_recognition/project_final/project_final.gen/sources_1/bd/design_final/ipshared/b36c/src/window.sv:38]
INFO: [Synth 8-6155] done synthesizing module 'window' (0#1) [c:/Users/Python/Desktop/sdup/simple_speech_recognition/project_final/project_final.gen/sources_1/bd/design_final/ipshared/b36c/src/window.sv:17]
INFO: [Synth 8-6157] synthesizing module 'dft' [c:/Users/Python/Desktop/sdup/simple_speech_recognition/project_final/project_final.gen/sources_1/bd/design_final/ipshared/b36c/src/dft.sv:23]
INFO: [Synth 8-3876] $readmem data file 'dft_cos_256.mem' is read successfully [c:/Users/Python/Desktop/sdup/simple_speech_recognition/project_final/project_final.gen/sources_1/bd/design_final/ipshared/b36c/src/dft.sv:46]
INFO: [Synth 8-3876] $readmem data file 'dft_sin_256.mem' is read successfully [c:/Users/Python/Desktop/sdup/simple_speech_recognition/project_final/project_final.gen/sources_1/bd/design_final/ipshared/b36c/src/dft.sv:47]
INFO: [Synth 8-226] default block is never used [c:/Users/Python/Desktop/sdup/simple_speech_recognition/project_final/project_final.gen/sources_1/bd/design_final/ipshared/b36c/src/dft.sv:94]
INFO: [Synth 8-6155] done synthesizing module 'dft' (0#1) [c:/Users/Python/Desktop/sdup/simple_speech_recognition/project_final/project_final.gen/sources_1/bd/design_final/ipshared/b36c/src/dft.sv:23]
INFO: [Synth 8-6157] synthesizing module 'power' [c:/Users/Python/Desktop/sdup/simple_speech_recognition/project_final/project_final.gen/sources_1/bd/design_final/ipshared/b36c/src/power.sv:15]
INFO: [Synth 8-6155] done synthesizing module 'power' (0#1) [c:/Users/Python/Desktop/sdup/simple_speech_recognition/project_final/project_final.gen/sources_1/bd/design_final/ipshared/b36c/src/power.sv:15]
INFO: [Synth 8-6157] synthesizing module 'mel_filter' [c:/Users/Python/Desktop/sdup/simple_speech_recognition/project_final/project_final.gen/sources_1/bd/design_final/ipshared/b36c/src/mel.sv:20]
INFO: [Synth 8-3876] $readmem data file 'mel_fb_26.mem' is read successfully [c:/Users/Python/Desktop/sdup/simple_speech_recognition/project_final/project_final.gen/sources_1/bd/design_final/ipshared/b36c/src/mel.sv:41]
INFO: [Synth 8-226] default block is never used [c:/Users/Python/Desktop/sdup/simple_speech_recognition/project_final/project_final.gen/sources_1/bd/design_final/ipshared/b36c/src/mel.sv:87]
INFO: [Synth 8-6155] done synthesizing module 'mel_filter' (0#1) [c:/Users/Python/Desktop/sdup/simple_speech_recognition/project_final/project_final.gen/sources_1/bd/design_final/ipshared/b36c/src/mel.sv:20]
INFO: [Synth 8-6157] synthesizing module 'log2_unit' [c:/Users/Python/Desktop/sdup/simple_speech_recognition/project_final/project_final.gen/sources_1/bd/design_final/ipshared/b36c/src/log2.sv:21]
INFO: [Synth 8-6155] done synthesizing module 'log2_unit' (0#1) [c:/Users/Python/Desktop/sdup/simple_speech_recognition/project_final/project_final.gen/sources_1/bd/design_final/ipshared/b36c/src/log2.sv:21]
INFO: [Synth 8-6157] synthesizing module 'dct_unit' [c:/Users/Python/Desktop/sdup/simple_speech_recognition/project_final/project_final.gen/sources_1/bd/design_final/ipshared/b36c/src/dct.sv:20]
INFO: [Synth 8-3876] $readmem data file 'dct_13x26.mem' is read successfully [c:/Users/Python/Desktop/sdup/simple_speech_recognition/project_final/project_final.gen/sources_1/bd/design_final/ipshared/b36c/src/dct.sv:41]
INFO: [Synth 8-226] default block is never used [c:/Users/Python/Desktop/sdup/simple_speech_recognition/project_final/project_final.gen/sources_1/bd/design_final/ipshared/b36c/src/dct.sv:84]
INFO: [Synth 8-6155] done synthesizing module 'dct_unit' (0#1) [c:/Users/Python/Desktop/sdup/simple_speech_recognition/project_final/project_final.gen/sources_1/bd/design_final/ipshared/b36c/src/dct.sv:20]
INFO: [Synth 8-6157] synthesizing module 'feature_aggregator' [c:/Users/Python/Desktop/sdup/simple_speech_recognition/project_final/project_final.gen/sources_1/bd/design_final/ipshared/b36c/src/aggregator.sv:24]
INFO: [Synth 8-6155] done synthesizing module 'feature_aggregator' (0#1) [c:/Users/Python/Desktop/sdup/simple_speech_recognition/project_final/project_final.gen/sources_1/bd/design_final/ipshared/b36c/src/aggregator.sv:24]
INFO: [Synth 8-6155] done synthesizing module 'dsp_chain' (0#1) [c:/Users/Python/Desktop/sdup/simple_speech_recognition/project_final/project_final.gen/sources_1/bd/design_final/ipshared/b36c/src/dsp_chain.sv:14]
INFO: [Synth 8-6157] synthesizing module 'top_nn' [c:/Users/Python/Desktop/sdup/simple_speech_recognition/project_final/project_final.gen/sources_1/bd/design_final/ipshared/b36c/src/top_nn.sv:3]
INFO: [Synth 8-6157] synthesizing module 'dense_layer_1' [c:/Users/Python/Desktop/sdup/simple_speech_recognition/project_final/project_final.gen/sources_1/bd/design_final/ipshared/b36c/src/dense_layer_1.sv:12]
INFO: [Synth 8-6155] done synthesizing module 'dense_layer_1' (0#1) [c:/Users/Python/Desktop/sdup/simple_speech_recognition/project_final/project_final.gen/sources_1/bd/design_final/ipshared/b36c/src/dense_layer_1.sv:12]
INFO: [Synth 8-6157] synthesizing module 'dense_layer_2' [c:/Users/Python/Desktop/sdup/simple_speech_recognition/project_final/project_final.gen/sources_1/bd/design_final/ipshared/b36c/src/dense_layer_2.sv:12]
INFO: [Synth 8-6155] done synthesizing module 'dense_layer_2' (0#1) [c:/Users/Python/Desktop/sdup/simple_speech_recognition/project_final/project_final.gen/sources_1/bd/design_final/ipshared/b36c/src/dense_layer_2.sv:12]
INFO: [Synth 8-6157] synthesizing module 'final_layer' [c:/Users/Python/Desktop/sdup/simple_speech_recognition/project_final/project_final.gen/sources_1/bd/design_final/ipshared/b36c/src/final_layer.sv:14]
INFO: [Synth 8-6155] done synthesizing module 'final_layer' (0#1) [c:/Users/Python/Desktop/sdup/simple_speech_recognition/project_final/project_final.gen/sources_1/bd/design_final/ipshared/b36c/src/final_layer.sv:14]
INFO: [Synth 8-6155] done synthesizing module 'top_nn' (0#1) [c:/Users/Python/Desktop/sdup/simple_speech_recognition/project_final/project_final.gen/sources_1/bd/design_final/ipshared/b36c/src/top_nn.sv:3]
INFO: [Synth 8-6155] done synthesizing module 'top_system' (0#1) [c:/Users/Python/Desktop/sdup/simple_speech_recognition/project_final/project_final.gen/sources_1/bd/design_final/ipshared/b36c/src/top_system.sv:32]
INFO: [Synth 8-6155] done synthesizing module 'top_ssr' (0#1) [c:/Users/Python/Desktop/sdup/simple_speech_recognition/project_final/project_final.gen/sources_1/bd/design_final/ipshared/b36c/src/top_ssr.sv:28]
INFO: [Synth 8-6155] done synthesizing module 'design_final_top_ssr_0_0' (0#1) [c:/Users/Python/Desktop/sdup/simple_speech_recognition/project_final/project_final.gen/sources_1/bd/design_final/ip/design_final_top_ssr_0_0/synth/design_final_top_ssr_0_0.sv:53]
WARNING: [Synth 8-3848] Net done1_out in module/entity top_nn does not have driver. [c:/Users/Python/Desktop/sdup/simple_speech_recognition/project_final/project_final.gen/sources_1/bd/design_final/ipshared/b36c/src/top_nn.sv:8]
WARNING: [Synth 8-3848] Net done2_out in module/entity top_nn does not have driver. [c:/Users/Python/Desktop/sdup/simple_speech_recognition/project_final/project_final.gen/sources_1/bd/design_final/ipshared/b36c/src/top_nn.sv:9]
WARNING: [Synth 8-6014] Unused sequential element nn_rst_r_reg was removed.  [c:/Users/Python/Desktop/sdup/simple_speech_recognition/project_final/project_final.gen/sources_1/bd/design_final/ipshared/b36c/src/top_system.sv:123]
WARNING: [Synth 8-6014] Unused sequential element features_ready_reg was removed.  [c:/Users/Python/Desktop/sdup/simple_speech_recognition/project_final/project_final.gen/sources_1/bd/design_final/ipshared/b36c/src/top_system.sv:124]
WARNING: [Synth 8-7129] Port done1_out in module top_nn is either unconnected or has no load
WARNING: [Synth 8-7129] Port done2_out in module top_nn is either unconnected or has no load
WARNING: [Synth 8-7129] Port s_tlast in module framing is either unconnected or has no load
WARNING: [Synth 8-7129] Port s00_axi_awprot[2] in module top_ssr is either unconnected or has no load
WARNING: [Synth 8-7129] Port s00_axi_awprot[1] in module top_ssr is either unconnected or has no load
WARNING: [Synth 8-7129] Port s00_axi_awprot[0] in module top_ssr is either unconnected or has no load
WARNING: [Synth 8-7129] Port s00_axi_wstrb[3] in module top_ssr is either unconnected or has no load
WARNING: [Synth 8-7129] Port s00_axi_wstrb[2] in module top_ssr is either unconnected or has no load
WARNING: [Synth 8-7129] Port s00_axi_wstrb[1] in module top_ssr is either unconnected or has no load
WARNING: [Synth 8-7129] Port s00_axi_arprot[2] in module top_ssr is either unconnected or has no load
WARNING: [Synth 8-7129] Port s00_axi_arprot[1] in module top_ssr is either unconnected or has no load
WARNING: [Synth 8-7129] Port s00_axi_arprot[0] in module top_ssr is either unconnected or has no load
---------------------------------------------------------------------------------
Finished RTL Elaboration : Time (s): cpu = 00:00:14 ; elapsed = 00:03:09 . Memory (MB): peak = 1609.164 ; gain = 717.535
---------------------------------------------------------------------------------
---------------------------------------------------------------------------------
Start Handling Custom Attributes
---------------------------------------------------------------------------------
---------------------------------------------------------------------------------
Finished Handling Custom Attributes : Time (s): cpu = 00:00:15 ; elapsed = 00:03:09 . Memory (MB): peak = 1609.164 ; gain = 717.535
---------------------------------------------------------------------------------
---------------------------------------------------------------------------------
Finished RTL Optimization Phase 1 : Time (s): cpu = 00:00:15 ; elapsed = 00:03:09 . Memory (MB): peak = 1609.164 ; gain = 717.535
---------------------------------------------------------------------------------
Netlist sorting complete. Time (s): cpu = 00:00:00 ; elapsed = 00:00:00.278 . Memory (MB): peak = 1609.164 ; gain = 0.000
INFO: [Project 1-570] Preparing netlist for logic optimization

Processing XDC Constraints
Initializing timing engine
Completed Processing XDC Constraints

Netlist sorting complete. Time (s): cpu = 00:00:00 ; elapsed = 00:00:00.009 . Memory (MB): peak = 1719.328 ; gain = 0.000
INFO: [Project 1-111] Unisim Transformation Summary:
No Unisim elements were transformed.

The system cannot find the path specified.
Constraint Validation Runtime : Time (s): cpu = 00:00:00 ; elapsed = 00:00:00.424 . Memory (MB): peak = 1726.270 ; gain = 6.941
INFO: [Designutils 20-5008] Incremental synthesis strategy off
---------------------------------------------------------------------------------
Finished Constraint Validation : Time (s): cpu = 00:00:28 ; elapsed = 00:03:26 . Memory (MB): peak = 1726.270 ; gain = 834.641
---------------------------------------------------------------------------------
---------------------------------------------------------------------------------
Start Loading Part and Timing Information
---------------------------------------------------------------------------------
Loading part: xc7z020clg484-1
---------------------------------------------------------------------------------
Finished Loading Part and Timing Information : Time (s): cpu = 00:00:28 ; elapsed = 00:03:26 . Memory (MB): peak = 1726.270 ; gain = 834.641
---------------------------------------------------------------------------------
---------------------------------------------------------------------------------
Start Applying 'set_property' XDC Constraints
---------------------------------------------------------------------------------
---------------------------------------------------------------------------------
Finished applying 'set_property' XDC Constraints : Time (s): cpu = 00:00:29 ; elapsed = 00:03:26 . Memory (MB): peak = 1726.270 ; gain = 834.641
---------------------------------------------------------------------------------
INFO: [Synth 8-802] inferred FSM for state register 'state_reg' in module 'framing'
INFO: [Synth 8-802] inferred FSM for state register 'state_reg' in module 'dft'
INFO: [Synth 8-802] inferred FSM for state register 'state_reg' in module 'mel_filter'
INFO: [Synth 8-802] inferred FSM for state register 'state_reg' in module 'dct_unit'
INFO: [Synth 8-802] inferred FSM for state register 'buf_state_reg' in module 'top_system'
---------------------------------------------------------------------------------------------------
                   State |                     New Encoding |                Previous Encoding 
---------------------------------------------------------------------------------------------------
                  S_FILL |                               00 |                               00
                  S_EMIT |                               01 |                               01
                  S_DONE |                               10 |                               10
---------------------------------------------------------------------------------------------------
INFO: [Synth 8-3354] encoded FSM with state register 'state_reg' using encoding 'sequential' in module 'framing'
---------------------------------------------------------------------------------------------------
                   State |                     New Encoding |                Previous Encoding 
---------------------------------------------------------------------------------------------------
                  S_LOAD |                               00 |                               00
                   S_MAC |                               01 |                               01
                   S_OUT |                               10 |                               10
                  S_NEXT |                               11 |                               11
---------------------------------------------------------------------------------------------------
INFO: [Synth 8-3354] encoded FSM with state register 'state_reg' using encoding 'sequential' in module 'dft'
---------------------------------------------------------------------------------------------------
                   State |                     New Encoding |                Previous Encoding 
---------------------------------------------------------------------------------------------------
                  S_LOAD |                               00 |                               00
                   S_MAC |                               01 |                               01
                   S_OUT |                               10 |                               10
                  S_NEXT |                               11 |                               11
---------------------------------------------------------------------------------------------------
INFO: [Synth 8-3354] encoded FSM with state register 'state_reg' using encoding 'sequential' in module 'mel_filter'
---------------------------------------------------------------------------------------------------
                   State |                     New Encoding |                Previous Encoding 
---------------------------------------------------------------------------------------------------
                  S_LOAD |                             0001 |                               00
                   S_MAC |                             0010 |                               01
                   S_OUT |                             0100 |                               10
                  S_NEXT |                             1000 |                               11
---------------------------------------------------------------------------------------------------
INFO: [Synth 8-3354] encoded FSM with state register 'state_reg' using encoding 'one-hot' in module 'dct_unit'
---------------------------------------------------------------------------------------------------
                   State |                     New Encoding |                Previous Encoding 
---------------------------------------------------------------------------------------------------
                  S_WAIT |                              000 |                              000
                  S_LOAD |                              001 |                              001
                 S_START |                              010 |                              010
                   S_RUN |                              011 |                              011
                  S_DONE |                              100 |                              100
---------------------------------------------------------------------------------------------------
INFO: [Synth 8-3354] encoded FSM with state register 'buf_state_reg' using encoding 'sequential' in module 'top_system'
---------------------------------------------------------------------------------
Finished RTL Optimization Phase 2 : Time (s): cpu = 00:00:40 ; elapsed = 00:03:39 . Memory (MB): peak = 1726.270 ; gain = 834.641
---------------------------------------------------------------------------------
---------------------------------------------------------------------------------
Start RTL Component Statistics 
---------------------------------------------------------------------------------
Detailed RTL Component Info : 
+---Adders : 
	   2 Input   96 Bit       Adders := 2     
	   3 Input   96 Bit       Adders := 2     
	   2 Input   64 Bit       Adders := 2     
	   2 Input   48 Bit       Adders := 3     
	   2 Input   32 Bit       Adders := 6     
	   3 Input   32 Bit       Adders := 8     
	   3 Input   24 Bit       Adders := 28    
	   2 Input   24 Bit       Adders := 4     
	   2 Input   19 Bit       Adders := 1     
	   2 Input    9 Bit       Adders := 2     
	   2 Input    8 Bit       Adders := 8     
	   2 Input    7 Bit       Adders := 2     
	   2 Input    6 Bit       Adders := 1     
	   2 Input    5 Bit       Adders := 5     
	   2 Input    4 Bit       Adders := 4     
+---Registers : 
	               96 Bit    Registers := 4     
	               71 Bit    Registers := 1     
	               64 Bit    Registers := 15    
	               48 Bit    Registers := 134   
	               32 Bit    Registers := 17    
	               24 Bit    Registers := 79    
	               19 Bit    Registers := 1     
	               16 Bit    Registers := 568   
	                9 Bit    Registers := 2     
	                8 Bit    Registers := 8     
	                7 Bit    Registers := 12    
	                6 Bit    Registers := 1     
	                5 Bit    Registers := 8     
	                4 Bit    Registers := 5     
	                2 Bit    Registers := 3     
	                1 Bit    Registers := 30    
+---Multipliers : 
	               7x64  Multipliers := 1     
	              32x32  Multipliers := 3     
	              16x48  Multipliers := 1     
+---ROMs : 
	                    ROMs := 1     
+---Muxes : 
	  11 Input   96 Bit        Muxes := 3     
	   2 Input   96 Bit        Muxes := 2     
	   4 Input   64 Bit        Muxes := 1     
	   4 Input   48 Bit        Muxes := 3     
	   2 Input   48 Bit        Muxes := 3     
	   2 Input   32 Bit        Muxes := 2     
	   3 Input   32 Bit        Muxes := 1     
	   2 Input   24 Bit        Muxes := 32    
	   2 Input   16 Bit        Muxes := 3     
	   2 Input   10 Bit        Muxes := 1     
	   2 Input    9 Bit        Muxes := 4     
	   3 Input    9 Bit        Muxes := 1     
	   2 Input    8 Bit        Muxes := 9     
	   4 Input    8 Bit        Muxes := 3     
	  11 Input    7 Bit        Muxes := 1     
	   2 Input    7 Bit        Muxes := 1     
	   2 Input    6 Bit        Muxes := 9     
	  11 Input    5 Bit        Muxes := 1     
	   2 Input    5 Bit        Muxes := 7     
	   4 Input    5 Bit        Muxes := 2     
	  11 Input    4 Bit        Muxes := 1     
	   2 Input    4 Bit        Muxes := 9     
	   4 Input    4 Bit        Muxes := 2     
	   2 Input    3 Bit        Muxes := 4     
	   5 Input    3 Bit        Muxes := 1     
	   4 Input    2 Bit        Muxes := 2     
	   2 Input    2 Bit        Muxes := 7     
	   3 Input    2 Bit        Muxes := 2     
	   2 Input    1 Bit        Muxes := 597   
	   4 Input    1 Bit        Muxes := 440   
	   3 Input    1 Bit        Muxes := 14    
	  11 Input    1 Bit        Muxes := 67    
	   5 Input    1 Bit        Muxes := 31    
---------------------------------------------------------------------------------
Finished RTL Component Statistics 
---------------------------------------------------------------------------------
---------------------------------------------------------------------------------
Start Part Resource Summary
---------------------------------------------------------------------------------
Part Resources:
DSPs: 220 (col length:60)
BRAMs: 280 (col length: RAMB18 60 RAMB36 30)
---------------------------------------------------------------------------------
Finished Part Resource Summary
---------------------------------------------------------------------------------
---------------------------------------------------------------------------------
Start Cross Boundary and Area Optimization
---------------------------------------------------------------------------------
WARNING: [Synth 8-7129] Port s00_axi_awprot[2] in module design_final_top_ssr_0_0 is either unconnected or has no load
WARNING: [Synth 8-7129] Port s00_axi_awprot[1] in module design_final_top_ssr_0_0 is either unconnected or has no load
WARNING: [Synth 8-7129] Port s00_axi_awprot[0] in module design_final_top_ssr_0_0 is either unconnected or has no load
WARNING: [Synth 8-7129] Port s00_axi_wstrb[3] in module design_final_top_ssr_0_0 is either unconnected or has no load
WARNING: [Synth 8-7129] Port s00_axi_wstrb[2] in module design_final_top_ssr_0_0 is either unconnected or has no load
WARNING: [Synth 8-7129] Port s00_axi_wstrb[1] in module design_final_top_ssr_0_0 is either unconnected or has no load
WARNING: [Synth 8-7129] Port s00_axi_arprot[2] in module design_final_top_ssr_0_0 is either unconnected or has no load
WARNING: [Synth 8-7129] Port s00_axi_arprot[1] in module design_final_top_ssr_0_0 is either unconnected or has no load
WARNING: [Synth 8-7129] Port s00_axi_arprot[0] in module design_final_top_ssr_0_0 is either unconnected or has no load
INFO: [Synth 8-4471] merging register 'bin_idx_reg[7:0]' into 'bin_idx_reg[7:0]' [c:/Users/Python/Desktop/sdup/simple_speech_recognition/project_final/project_final.gen/sources_1/bd/design_final/ipshared/b36c/src/dft.sv:68]
INFO: [Synth 8-4471] merging register 'n_idx_reg[7:0]' into 'n_idx_reg[7:0]' [c:/Users/Python/Desktop/sdup/simple_speech_recognition/project_final/project_final.gen/sources_1/bd/design_final/ipshared/b36c/src/dft.sv:68]
DSP Report: Generating DSP acc_re0, operation Mode is: C+A*B.
DSP Report: operator acc_re0 is absorbed into DSP acc_re0.
DSP Report: operator prod_re is absorbed into DSP acc_re0.
DSP Report: Generating DSP acc_im0, operation Mode is: C+A*B.
DSP Report: operator acc_im0 is absorbed into DSP acc_im0.
DSP Report: operator prod_im is absorbed into DSP acc_im0.
INFO: [Synth 8-5845] Not enough pipeline registers after wide multiplier. Recommended levels of pipeline registers is 4 [c:/Users/Python/Desktop/sdup/simple_speech_recognition/project_final/project_final.gen/sources_1/bd/design_final/ipshared/b36c/src/aggregator.sv:113]
DSP Report: Generating DSP suma_sq0, operation Mode is: A*B.
DSP Report: operator suma_sq0 is absorbed into DSP suma_sq0.
DSP Report: operator suma_sq0 is absorbed into DSP suma_sq0.
DSP Report: Generating DSP suma_sq_reg, operation Mode is: (PCIN>>17)+A*B.
DSP Report: register suma_sq_reg is absorbed into DSP suma_sq_reg.
DSP Report: operator suma_sq0 is absorbed into DSP suma_sq_reg.
DSP Report: operator suma_sq0 is absorbed into DSP suma_sq_reg.
DSP Report: Generating DSP suma_sq0, operation Mode is: A*B.
DSP Report: operator suma_sq0 is absorbed into DSP suma_sq0.
DSP Report: operator suma_sq0 is absorbed into DSP suma_sq0.
DSP Report: Generating DSP suma_sq_reg, operation Mode is: (PCIN>>17)+A*B.
DSP Report: register suma_sq_reg is absorbed into DSP suma_sq_reg.
DSP Report: operator suma_sq0 is absorbed into DSP suma_sq_reg.
DSP Report: operator suma_sq0 is absorbed into DSP suma_sq_reg.
DSP Report: Generating DSP p_1_out, operation Mode is: A*B.
DSP Report: operator p_1_out is absorbed into DSP p_1_out.
DSP Report: operator p_0_out is absorbed into DSP p_1_out.
DSP Report: Generating DSP p_1_out, operation Mode is: (PCIN>>17)+A*B.
DSP Report: operator p_1_out is absorbed into DSP p_1_out.
DSP Report: operator p_0_out is absorbed into DSP p_1_out.
INFO: [Synth 8-5845] Not enough pipeline registers after wide multiplier. Recommended levels of pipeline registers is 4 [c:/Users/Python/Desktop/sdup/simple_speech_recognition/project_final/project_final.gen/sources_1/bd/design_final/ipshared/b36c/src/power.sv:40]
INFO: [Synth 8-5845] Not enough pipeline registers after wide multiplier. Recommended levels of pipeline registers is 4 [c:/Users/Python/Desktop/sdup/simple_speech_recognition/project_final/project_final.gen/sources_1/bd/design_final/ipshared/b36c/src/power.sv:39]
DSP Report: Generating DSP u_power/im_sq, operation Mode is: A*B.
DSP Report: operator u_power/im_sq is absorbed into DSP u_power/im_sq.
DSP Report: operator u_power/im_sq is absorbed into DSP u_power/im_sq.
DSP Report: Generating DSP u_power/im_sq, operation Mode is: (PCIN>>17)+A*B.
DSP Report: operator u_power/im_sq is absorbed into DSP u_power/im_sq.
DSP Report: operator u_power/im_sq is absorbed into DSP u_power/im_sq.
DSP Report: Generating DSP u_power/im_sq, operation Mode is: A*B.
DSP Report: operator u_power/im_sq is absorbed into DSP u_power/im_sq.
DSP Report: operator u_power/im_sq is absorbed into DSP u_power/im_sq.
DSP Report: Generating DSP u_power/im_sq, operation Mode is: (PCIN>>17)+A*B.
DSP Report: operator u_power/im_sq is absorbed into DSP u_power/im_sq.
DSP Report: operator u_power/im_sq is absorbed into DSP u_power/im_sq.
DSP Report: Generating DSP u_power/re_sq, operation Mode is: A*B.
DSP Report: operator u_power/re_sq is absorbed into DSP u_power/re_sq.
DSP Report: operator u_power/re_sq is absorbed into DSP u_power/re_sq.
DSP Report: Generating DSP u_power/re_sq, operation Mode is: (PCIN>>17)+A*B.
DSP Report: operator u_power/re_sq is absorbed into DSP u_power/re_sq.
DSP Report: operator u_power/re_sq is absorbed into DSP u_power/re_sq.
DSP Report: Generating DSP u_power/re_sq, operation Mode is: A*B.
DSP Report: operator u_power/re_sq is absorbed into DSP u_power/re_sq.
DSP Report: operator u_power/re_sq is absorbed into DSP u_power/re_sq.
DSP Report: Generating DSP u_power/re_sq, operation Mode is: (PCIN>>17)+A*B.
DSP Report: operator u_power/re_sq is absorbed into DSP u_power/re_sq.
DSP Report: operator u_power/re_sq is absorbed into DSP u_power/re_sq.
WARNING: [Synth 8-7129] Port s_tlast in module framing is either unconnected or has no load
INFO: [Synth 8-3886] merging instance 'u_agg/n_sumsq_reg[0]' (FDE) to 'u_agg/n_sumsq_reg[1]'
INFO: [Synth 8-3333] propagating constant 0 across sequential element (u_agg/\n_sumsq_reg[1] )
INFO: [Synth 8-3886] merging instance 'u_agg/var_num_reg[72]' (FDE) to 'u_agg/var_num_reg[73]'
INFO: [Synth 8-3886] merging instance 'u_agg/var_num_reg[73]' (FDE) to 'u_agg/var_num_reg[74]'
INFO: [Synth 8-3886] merging instance 'u_agg/var_num_reg[74]' (FDE) to 'u_agg/var_num_reg[75]'
INFO: [Synth 8-3886] merging instance 'u_agg/var_num_reg[75]' (FDE) to 'u_agg/var_num_reg[76]'
INFO: [Synth 8-3886] merging instance 'u_agg/var_num_reg[76]' (FDE) to 'u_agg/var_num_reg[77]'
INFO: [Synth 8-3886] merging instance 'u_agg/var_num_reg[77]' (FDE) to 'u_agg/var_num_reg[78]'
INFO: [Synth 8-3886] merging instance 'u_agg/var_num_reg[78]' (FDE) to 'u_agg/var_num_reg[79]'
INFO: [Synth 8-3886] merging instance 'u_agg/var_num_reg[79]' (FDE) to 'u_agg/var_num_reg[80]'
INFO: [Synth 8-3886] merging instance 'u_agg/var_num_reg[80]' (FDE) to 'u_agg/var_num_reg[81]'
INFO: [Synth 8-3886] merging instance 'u_agg/var_num_reg[81]' (FDE) to 'u_agg/var_num_reg[82]'
INFO: [Synth 8-3886] merging instance 'u_agg/var_num_reg[82]' (FDE) to 'u_agg/var_num_reg[83]'
INFO: [Synth 8-3886] merging instance 'u_agg/var_num_reg[83]' (FDE) to 'u_agg/var_num_reg[84]'
INFO: [Synth 8-3886] merging instance 'u_agg/var_num_reg[84]' (FDE) to 'u_agg/var_num_reg[85]'
INFO: [Synth 8-3886] merging instance 'u_agg/var_num_reg[85]' (FDE) to 'u_agg/var_num_reg[86]'
INFO: [Synth 8-3886] merging instance 'u_agg/var_num_reg[86]' (FDE) to 'u_agg/var_num_reg[87]'
INFO: [Synth 8-3886] merging instance 'u_agg/var_num_reg[87]' (FDE) to 'u_agg/var_num_reg[88]'
INFO: [Synth 8-3886] merging instance 'u_agg/var_num_reg[88]' (FDE) to 'u_agg/var_num_reg[89]'
INFO: [Synth 8-3886] merging instance 'u_agg/var_num_reg[89]' (FDE) to 'u_agg/var_num_reg[90]'
INFO: [Synth 8-3886] merging instance 'u_agg/var_num_reg[90]' (FDE) to 'u_agg/var_num_reg[91]'
INFO: [Synth 8-3886] merging instance 'u_agg/var_num_reg[91]' (FDE) to 'u_agg/var_num_reg[92]'
INFO: [Synth 8-3886] merging instance 'u_agg/var_num_reg[92]' (FDE) to 'u_agg/var_num_reg[93]'
INFO: [Synth 8-3886] merging instance 'u_agg/var_num_reg[93]' (FDE) to 'u_agg/var_num_reg[94]'
INFO: [Synth 8-3886] merging instance 'u_agg/var_num_reg[94]' (FDE) to 'u_agg/var_num_reg[95]'
INFO: [Synth 8-3333] propagating constant 0 across sequential element (u_agg/\sqrt_bit_reg[93] )
INFO: [Synth 8-3886] merging instance 'u_agg/sqrt_bit_reg[93]' (FDE) to 'u_agg/sqrt_bit_reg[91]'
INFO: [Synth 8-3333] propagating constant 0 across sequential element (u_agg/\sqrt_bit_reg[91] )
INFO: [Synth 8-3886] merging instance 'u_agg/sqrt_bit_reg[91]' (FDE) to 'u_agg/sqrt_bit_reg[89]'
INFO: [Synth 8-3333] propagating constant 0 across sequential element (u_agg/\sqrt_bit_reg[89] )
INFO: [Synth 8-3886] merging instance 'u_agg/sqrt_bit_reg[89]' (FDE) to 'u_agg/sqrt_bit_reg[87]'
INFO: [Synth 8-3333] propagating constant 0 across sequential element (u_agg/\sqrt_bit_reg[87] )
INFO: [Synth 8-3886] merging instance 'u_agg/sqrt_bit_reg[87]' (FDE) to 'u_agg/sqrt_bit_reg[85]'
INFO: [Synth 8-3333] propagating constant 0 across sequential element (u_agg/\sqrt_bit_reg[85] )
INFO: [Synth 8-3886] merging instance 'u_agg/sqrt_bit_reg[85]' (FDE) to 'u_agg/sqrt_bit_reg[83]'
INFO: [Synth 8-3333] propagating constant 0 across sequential element (u_agg/\sqrt_bit_reg[83] )
INFO: [Synth 8-3886] merging instance 'u_agg/sqrt_bit_reg[83]' (FDE) to 'u_agg/sqrt_bit_reg[81]'
INFO: [Synth 8-3333] propagating constant 0 across sequential element (u_agg/\sqrt_bit_reg[81] )
INFO: [Synth 8-3886] merging instance 'u_agg/sqrt_bit_reg[81]' (FDE) to 'u_agg/sqrt_bit_reg[79]'
INFO: [Synth 8-3333] propagating constant 0 across sequential element (u_agg/\sqrt_bit_reg[79] )
INFO: [Synth 8-3886] merging instance 'u_agg/sqrt_bit_reg[79]' (FDE) to 'u_agg/sqrt_bit_reg[77]'
INFO: [Synth 8-3333] propagating constant 0 across sequential element (u_agg/\sqrt_bit_reg[77] )
INFO: [Synth 8-3886] merging instance 'u_agg/sqrt_bit_reg[77]' (FDE) to 'u_agg/sqrt_bit_reg[75]'
INFO: [Synth 8-3333] propagating constant 0 across sequential element (u_agg/\sqrt_bit_reg[75] )
INFO: [Synth 8-3886] merging instance 'u_agg/sqrt_bit_reg[75]' (FDE) to 'u_agg/sqrt_bit_reg[73]'
INFO: [Synth 8-3333] propagating constant 0 across sequential element (u_agg/\sqrt_bit_reg[73] )
INFO: [Synth 8-3886] merging instance 'u_agg/sqrt_bit_reg[73]' (FDE) to 'u_agg/sqrt_bit_reg[71]'
INFO: [Synth 8-3333] propagating constant 0 across sequential element (u_agg/\sqrt_bit_reg[71] )
INFO: [Synth 8-3886] merging instance 'u_agg/sqrt_bit_reg[71]' (FDE) to 'u_agg/sqrt_bit_reg[69]'
INFO: [Synth 8-3333] propagating constant 0 across sequential element (u_agg/\sqrt_bit_reg[69] )
INFO: [Synth 8-3886] merging instance 'u_agg/sqrt_bit_reg[69]' (FDE) to 'u_agg/sqrt_bit_reg[67]'
INFO: [Synth 8-3333] propagating constant 0 across sequential element (u_agg/\sqrt_bit_reg[67] )
INFO: [Synth 8-3886] merging instance 'u_agg/sqrt_bit_reg[67]' (FDE) to 'u_agg/sqrt_bit_reg[65]'
INFO: [Synth 8-3333] propagating constant 0 across sequential element (u_agg/\sqrt_bit_reg[65] )
INFO: [Synth 8-3886] merging instance 'u_agg/sqrt_bit_reg[65]' (FDE) to 'u_agg/sqrt_bit_reg[63]'
INFO: [Synth 8-3333] propagating constant 0 across sequential element (u_agg/\sqrt_bit_reg[63] )
INFO: [Synth 8-3886] merging instance 'u_agg/sqrt_bit_reg[63]' (FDE) to 'u_agg/sqrt_bit_reg[61]'
INFO: [Synth 8-3333] propagating constant 0 across sequential element (u_agg/\sqrt_bit_reg[61] )
INFO: [Synth 8-3886] merging instance 'u_agg/sqrt_bit_reg[61]' (FDE) to 'u_agg/sqrt_bit_reg[59]'
INFO: [Synth 8-3333] propagating constant 0 across sequential element (u_agg/\sqrt_bit_reg[59] )
INFO: [Synth 8-3886] merging instance 'u_agg/sqrt_bit_reg[59]' (FDE) to 'u_agg/sqrt_bit_reg[57]'
INFO: [Synth 8-3333] propagating constant 0 across sequential element (u_agg/\sqrt_bit_reg[57] )
INFO: [Synth 8-3886] merging instance 'u_agg/sqrt_bit_reg[57]' (FDE) to 'u_agg/sqrt_bit_reg[55]'
INFO: [Synth 8-3333] propagating constant 0 across sequential element (u_agg/\sqrt_bit_reg[55] )
INFO: [Synth 8-3886] merging instance 'u_agg/sqrt_bit_reg[55]' (FDE) to 'u_agg/sqrt_bit_reg[53]'
INFO: [Synth 8-3333] propagating constant 0 across sequential element (u_agg/\sqrt_bit_reg[53] )
INFO: [Synth 8-3886] merging instance 'u_agg/sqrt_bit_reg[53]' (FDE) to 'u_agg/sqrt_bit_reg[51]'
INFO: [Synth 8-3333] propagating constant 0 across sequential element (u_agg/\sqrt_bit_reg[51] )
INFO: [Synth 8-3886] merging instance 'u_agg/sqrt_bit_reg[51]' (FDE) to 'u_agg/sqrt_bit_reg[49]'
INFO: [Synth 8-3333] propagating constant 0 across sequential element (u_agg/\sqrt_bit_reg[49] )
INFO: [Synth 8-3886] merging instance 'u_agg/sqrt_bit_reg[49]' (FDE) to 'u_agg/sqrt_bit_reg[47]'
INFO: [Synth 8-3333] propagating constant 0 across sequential element (u_agg/\sqrt_bit_reg[47] )
INFO: [Synth 8-3886] merging instance 'u_agg/sqrt_bit_reg[47]' (FDE) to 'u_agg/sqrt_bit_reg[45]'
INFO: [Synth 8-3333] propagating constant 0 across sequential element (u_agg/\sqrt_bit_reg[45] )
INFO: [Synth 8-3886] merging instance 'u_agg/sqrt_bit_reg[45]' (FDE) to 'u_agg/sqrt_bit_reg[43]'
INFO: [Synth 8-3333] propagating constant 0 across sequential element (u_agg/\sqrt_bit_reg[43] )
INFO: [Synth 8-3886] merging instance 'u_agg/sqrt_bit_reg[43]' (FDE) to 'u_agg/sqrt_bit_reg[41]'
INFO: [Synth 8-3333] propagating constant 0 across sequential element (u_agg/\sqrt_bit_reg[41] )
INFO: [Synth 8-3886] merging instance 'u_agg/sqrt_bit_reg[41]' (FDE) to 'u_agg/sqrt_bit_reg[39]'
INFO: [Synth 8-3333] propagating constant 0 across sequential element (u_agg/\sqrt_bit_reg[39] )
INFO: [Synth 8-3886] merging instance 'u_agg/sqrt_bit_reg[39]' (FDE) to 'u_agg/sqrt_bit_reg[37]'
INFO: [Synth 8-3333] propagating constant 0 across sequential element (u_agg/\sqrt_bit_reg[37] )
INFO: [Synth 8-3886] merging instance 'u_agg/sqrt_bit_reg[37]' (FDE) to 'u_agg/sqrt_bit_reg[35]'
INFO: [Synth 8-3333] propagating constant 0 across sequential element (u_agg/\sqrt_bit_reg[35] )
INFO: [Synth 8-3886] merging instance 'u_agg/sqrt_bit_reg[35]' (FDE) to 'u_agg/sqrt_bit_reg[33]'
INFO: [Synth 8-3333] propagating constant 0 across sequential element (u_agg/\sqrt_bit_reg[33] )
INFO: [Synth 8-3886] merging instance 'u_agg/sqrt_bit_reg[33]' (FDE) to 'u_agg/sqrt_bit_reg[31]'
INFO: [Synth 8-3333] propagating constant 0 across sequential element (u_agg/\sqrt_bit_reg[31] )
INFO: [Synth 8-3886] merging instance 'u_agg/sqrt_bit_reg[31]' (FDE) to 'u_agg/sqrt_bit_reg[29]'
INFO: [Synth 8-3333] propagating constant 0 across sequential element (u_agg/\sqrt_bit_reg[29] )
INFO: [Synth 8-3886] merging instance 'u_agg/sqrt_bit_reg[29]' (FDE) to 'u_agg/sqrt_bit_reg[27]'
INFO: [Synth 8-3333] propagating constant 0 across sequential element (u_agg/\sqrt_bit_reg[27] )
INFO: [Synth 8-3886] merging instance 'u_agg/sqrt_bit_reg[27]' (FDE) to 'u_agg/sqrt_bit_reg[25]'
INFO: [Synth 8-3333] propagating constant 0 across sequential element (u_agg/\sqrt_bit_reg[25] )
INFO: [Synth 8-3886] merging instance 'u_agg/sqrt_bit_reg[25]' (FDE) to 'u_agg/sqrt_bit_reg[23]'
INFO: [Synth 8-3333] propagating constant 0 across sequential element (u_agg/\sqrt_bit_reg[23] )
INFO: [Synth 8-3886] merging instance 'u_agg/sqrt_bit_reg[23]' (FDE) to 'u_agg/sqrt_bit_reg[21]'
INFO: [Synth 8-3333] propagating constant 0 across sequential element (u_agg/\sqrt_bit_reg[21] )
INFO: [Synth 8-3886] merging instance 'u_agg/sqrt_bit_reg[21]' (FDE) to 'u_agg/sqrt_bit_reg[19]'
INFO: [Synth 8-3333] propagating constant 0 across sequential element (u_agg/\sqrt_bit_reg[19] )
INFO: [Synth 8-3886] merging instance 'u_agg/sqrt_bit_reg[19]' (FDE) to 'u_agg/sqrt_bit_reg[17]'
INFO: [Synth 8-3333] propagating constant 0 across sequential element (u_agg/\sqrt_bit_reg[17] )
INFO: [Synth 8-3886] merging instance 'u_agg/sqrt_bit_reg[17]' (FDE) to 'u_agg/sqrt_bit_reg[15]'
INFO: [Synth 8-3333] propagating constant 0 across sequential element (u_agg/\sqrt_bit_reg[15] )
INFO: [Synth 8-3886] merging instance 'u_agg/sqrt_bit_reg[15]' (FDE) to 'u_agg/sqrt_bit_reg[13]'
INFO: [Synth 8-3333] propagating constant 0 across sequential element (u_agg/\sqrt_bit_reg[13] )
INFO: [Synth 8-3886] merging instance 'u_agg/sqrt_bit_reg[13]' (FDE) to 'u_agg/sqrt_bit_reg[11]'
INFO: [Synth 8-3333] propagating constant 0 across sequential element (u_agg/\sqrt_bit_reg[11] )
INFO: [Synth 8-3886] merging instance 'u_agg/sqrt_bit_reg[11]' (FDE) to 'u_agg/sqrt_bit_reg[9]'
INFO: [Synth 8-3333] propagating constant 0 across sequential element (u_agg/\sqrt_bit_reg[9] )
INFO: [Synth 8-3886] merging instance 'u_agg/sqrt_bit_reg[9]' (FDE) to 'u_agg/sqrt_bit_reg[7]'
INFO: [Synth 8-3333] propagating constant 0 across sequential element (u_agg/\sqrt_bit_reg[7] )
INFO: [Synth 8-3886] merging instance 'u_agg/sqrt_bit_reg[7]' (FDE) to 'u_agg/sqrt_bit_reg[5]'
INFO: [Synth 8-3333] propagating constant 0 across sequential element (u_agg/\sqrt_bit_reg[5] )
INFO: [Synth 8-3886] merging instance 'u_agg/sqrt_bit_reg[5]' (FDE) to 'u_agg/sqrt_bit_reg[3]'
INFO: [Synth 8-3333] propagating constant 0 across sequential element (u_agg/\sqrt_bit_reg[3] )
INFO: [Synth 8-3886] merging instance 'u_agg/sqrt_bit_reg[3]' (FDE) to 'u_agg/sqrt_bit_reg[1]'
INFO: [Synth 8-3333] propagating constant 0 across sequential element (u_agg/\sqrt_bit_reg[1] )
WARNING: [Synth 8-3332] Sequential element (suma_sq_reg[47]) is unused and will be removed from module feature_aggregator.
WARNING: [Synth 8-3332] Sequential element (suma_sq_reg[46]) is unused and will be removed from module feature_aggregator.
WARNING: [Synth 8-3332] Sequential element (suma_sq_reg[45]) is unused and will be removed from module feature_aggregator.
WARNING: [Synth 8-3332] Sequential element (suma_sq_reg[44]) is unused and will be removed from module feature_aggregator.
WARNING: [Synth 8-3332] Sequential element (suma_sq_reg[43]) is unused and will be removed from module feature_aggregator.
WARNING: [Synth 8-3332] Sequential element (suma_sq_reg[42]) is unused and will be removed from module feature_aggregator.
WARNING: [Synth 8-3332] Sequential element (suma_sq_reg[41]) is unused and will be removed from module feature_aggregator.
WARNING: [Synth 8-3332] Sequential element (suma_sq_reg[40]) is unused and will be removed from module feature_aggregator.
WARNING: [Synth 8-3332] Sequential element (suma_sq_reg[39]) is unused and will be removed from module feature_aggregator.
WARNING: [Synth 8-3332] Sequential element (suma_sq_reg[38]) is unused and will be removed from module feature_aggregator.
WARNING: [Synth 8-3332] Sequential element (suma_sq_reg[37]) is unused and will be removed from module feature_aggregator.
WARNING: [Synth 8-3332] Sequential element (suma_sq_reg[36]) is unused and will be removed from module feature_aggregator.
WARNING: [Synth 8-3332] Sequential element (suma_sq_reg[35]) is unused and will be removed from module feature_aggregator.
WARNING: [Synth 8-3332] Sequential element (suma_sq_reg[34]) is unused and will be removed from module feature_aggregator.
WARNING: [Synth 8-3332] Sequential element (suma_sq_reg[33]) is unused and will be removed from module feature_aggregator.
WARNING: [Synth 8-3332] Sequential element (suma_sq_reg[32]) is unused and will be removed from module feature_aggregator.
WARNING: [Synth 8-3332] Sequential element (suma_sq_reg[31]) is unused and will be removed from module feature_aggregator.
WARNING: [Synth 8-3332] Sequential element (suma_sq_reg[30]) is unused and will be removed from module feature_aggregator.
WARNING: [Synth 8-3332] Sequential element (suma_sq_reg[29]) is unused and will be removed from module feature_aggregator.
WARNING: [Synth 8-3332] Sequential element (suma_sq_reg[28]) is unused and will be removed from module feature_aggregator.
WARNING: [Synth 8-3332] Sequential element (suma_sq_reg[27]) is unused and will be removed from module feature_aggregator.
WARNING: [Synth 8-3332] Sequential element (suma_sq_reg[26]) is unused and will be removed from module feature_aggregator.
WARNING: [Synth 8-3332] Sequential element (suma_sq_reg[25]) is unused and will be removed from module feature_aggregator.
WARNING: [Synth 8-3332] Sequential element (suma_sq_reg[24]) is unused and will be removed from module feature_aggregator.
WARNING: [Synth 8-3332] Sequential element (suma_sq_reg[23]) is unused and will be removed from module feature_aggregator.
WARNING: [Synth 8-3332] Sequential element (suma_sq_reg[22]) is unused and will be removed from module feature_aggregator.
WARNING: [Synth 8-3332] Sequential element (suma_sq_reg[21]) is unused and will be removed from module feature_aggregator.
WARNING: [Synth 8-3332] Sequential element (suma_sq_reg[20]) is unused and will be removed from module feature_aggregator.
WARNING: [Synth 8-3332] Sequential element (suma_sq_reg[19]) is unused and will be removed from module feature_aggregator.
WARNING: [Synth 8-3332] Sequential element (suma_sq_reg[18]) is unused and will be removed from module feature_aggregator.
WARNING: [Synth 8-3332] Sequential element (suma_sq_reg[17]) is unused and will be removed from module feature_aggregator.
WARNING: [Synth 8-3332] Sequential element (suma_sq_reg[47]__0) is unused and will be removed from module feature_aggregator.
WARNING: [Synth 8-3332] Sequential element (suma_sq_reg[46]__0) is unused and will be removed from module feature_aggregator.
WARNING: [Synth 8-3332] Sequential element (suma_sq_reg[45]__0) is unused and will be removed from module feature_aggregator.
WARNING: [Synth 8-3332] Sequential element (suma_sq_reg[44]__0) is unused and will be removed from module feature_aggregator.
WARNING: [Synth 8-3332] Sequential element (suma_sq_reg[43]__0) is unused and will be removed from module feature_aggregator.
WARNING: [Synth 8-3332] Sequential element (suma_sq_reg[42]__0) is unused and will be removed from module feature_aggregator.
WARNING: [Synth 8-3332] Sequential element (suma_sq_reg[41]__0) is unused and will be removed from module feature_aggregator.
WARNING: [Synth 8-3332] Sequential element (suma_sq_reg[40]__0) is unused and will be removed from module feature_aggregator.
WARNING: [Synth 8-3332] Sequential element (suma_sq_reg[39]__0) is unused and will be removed from module feature_aggregator.
WARNING: [Synth 8-3332] Sequential element (suma_sq_reg[38]__0) is unused and will be removed from module feature_aggregator.
WARNING: [Synth 8-3332] Sequential element (suma_sq_reg[37]__0) is unused and will be removed from module feature_aggregator.
WARNING: [Synth 8-3332] Sequential element (suma_sq_reg[36]__0) is unused and will be removed from module feature_aggregator.
WARNING: [Synth 8-3332] Sequential element (suma_sq_reg[35]__0) is unused and will be removed from module feature_aggregator.
WARNING: [Synth 8-3332] Sequential element (suma_sq_reg[34]__0) is unused and will be removed from module feature_aggregator.
WARNING: [Synth 8-3332] Sequential element (suma_sq_reg[33]__0) is unused and will be removed from module feature_aggregator.
WARNING: [Synth 8-3332] Sequential element (suma_sq_reg[32]__0) is unused and will be removed from module feature_aggregator.
WARNING: [Synth 8-3332] Sequential element (suma_sq_reg[31]__0) is unused and will be removed from module feature_aggregator.
WARNING: [Synth 8-3332] Sequential element (suma_sq_reg[30]__0) is unused and will be removed from module feature_aggregator.
WARNING: [Synth 8-3332] Sequential element (suma_sq_reg[29]__0) is unused and will be removed from module feature_aggregator.
WARNING: [Synth 8-3332] Sequential element (suma_sq_reg[28]__0) is unused and will be removed from module feature_aggregator.
WARNING: [Synth 8-3332] Sequential element (suma_sq_reg[27]__0) is unused and will be removed from module feature_aggregator.
WARNING: [Synth 8-3332] Sequential element (suma_sq_reg[26]__0) is unused and will be removed from module feature_aggregator.
WARNING: [Synth 8-3332] Sequential element (suma_sq_reg[25]__0) is unused and will be removed from module feature_aggregator.
WARNING: [Synth 8-3332] Sequential element (suma_sq_reg[24]__0) is unused and will be removed from module feature_aggregator.
WARNING: [Synth 8-3332] Sequential element (suma_sq_reg[23]__0) is unused and will be removed from module feature_aggregator.
WARNING: [Synth 8-3332] Sequential element (suma_sq_reg[22]__0) is unused and will be removed from module feature_aggregator.
WARNING: [Synth 8-3332] Sequential element (suma_sq_reg[21]__0) is unused and will be removed from module feature_aggregator.
WARNING: [Synth 8-3332] Sequential element (suma_sq_reg[20]__0) is unused and will be removed from module feature_aggregator.
WARNING: [Synth 8-3332] Sequential element (suma_sq_reg[19]__0) is unused and will be removed from module feature_aggregator.
WARNING: [Synth 8-3332] Sequential element (suma_sq_reg[18]__0) is unused and will be removed from module feature_aggregator.
WARNING: [Synth 8-3332] Sequential element (suma_sq_reg[17]__0) is unused and will be removed from module feature_aggregator.
INFO: [Synth 8-4471] merging register 'mel_idx_reg[4:0]' into 'mel_idx_reg[4:0]' [c:/Users/Python/Desktop/sdup/simple_speech_recognition/project_final/project_final.gen/sources_1/bd/design_final/ipshared/b36c/src/mel.sv:62]
INFO: [Synth 8-4471] merging register 'k_idx_reg[7:0]' into 'k_idx_reg[7:0]' [c:/Users/Python/Desktop/sdup/simple_speech_recognition/project_final/project_final.gen/sources_1/bd/design_final/ipshared/b36c/src/mel.sv:62]
INFO: [Synth 8-5845] Not enough pipeline registers after wide multiplier. Recommended levels of pipeline registers is 3 [c:/Users/Python/Desktop/sdup/simple_speech_recognition/project_final/project_final.gen/sources_1/bd/design_final/ipshared/b36c/src/mel.sv:69]
DSP Report: Generating DSP prod, operation Mode is: A*B.
DSP Report: operator prod is absorbed into DSP prod.
DSP Report: operator prod is absorbed into DSP prod.
DSP Report: Generating DSP prod, operation Mode is: A*B.
DSP Report: operator prod is absorbed into DSP prod.
DSP Report: operator prod is absorbed into DSP prod.
DSP Report: Generating DSP prod, operation Mode is: (PCIN>>17)+A*B.
DSP Report: operator prod is absorbed into DSP prod.
DSP Report: operator prod is absorbed into DSP prod.
INFO: [Synth 8-4471] merging register 'k_idx_reg[3:0]' into 'k_idx_reg[3:0]' [c:/Users/Python/Desktop/sdup/simple_speech_recognition/project_final/project_final.gen/sources_1/bd/design_final/ipshared/b36c/src/dct.sv:62]
INFO: [Synth 8-4471] merging register 'n_idx_reg[4:0]' into 'n_idx_reg[4:0]' [c:/Users/Python/Desktop/sdup/simple_speech_recognition/project_final/project_final.gen/sources_1/bd/design_final/ipshared/b36c/src/dct.sv:62]
DSP Report: Generating DSP acc0, operation Mode is: C'+A*B.
DSP Report: register acc_reg is absorbed into DSP acc0.
DSP Report: operator acc0 is absorbed into DSP acc0.
DSP Report: operator prod is absorbed into DSP acc0.
DSP Report: Generating DSP m_tdata_reg, operation Mode is: (A*B)'.
DSP Report: register m_tdata_reg is absorbed into DSP m_tdata_reg.
DSP Report: operator product is absorbed into DSP m_tdata_reg.
INFO: [Synth 8-3886] merging instance 'u_log2/m_tdata_reg[16]' (FDRE) to 'u_log2/m_tdata_reg[17]'
INFO: [Synth 8-3886] merging instance 'u_log2/m_tdata_reg[17]' (FDRE) to 'u_log2/m_tdata_reg[18]'
INFO: [Synth 8-3886] merging instance 'u_dct/logmel_buf_reg[25][16]' (FDRE) to 'u_dct/logmel_buf_reg[25][23]'
INFO: [Synth 8-3886] merging instance 'u_dct/logmel_buf_reg[24][16]' (FDRE) to 'u_dct/logmel_buf_reg[24][23]'
INFO: [Synth 8-3886] merging instance 'u_dct/logmel_buf_reg[23][16]' (FDRE) to 'u_dct/logmel_buf_reg[23][23]'
INFO: [Synth 8-3886] merging instance 'u_dct/logmel_buf_reg[22][16]' (FDRE) to 'u_dct/logmel_buf_reg[22][23]'
INFO: [Synth 8-3886] merging instance 'u_dct/logmel_buf_reg[21][16]' (FDRE) to 'u_dct/logmel_buf_reg[21][23]'
INFO: [Synth 8-3886] merging instance 'u_dct/logmel_buf_reg[20][16]' (FDRE) to 'u_dct/logmel_buf_reg[20][23]'
INFO: [Synth 8-3886] merging instance 'u_dct/logmel_buf_reg[19][16]' (FDRE) to 'u_dct/logmel_buf_reg[19][23]'
INFO: [Synth 8-3886] merging instance 'u_dct/logmel_buf_reg[18][16]' (FDRE) to 'u_dct/logmel_buf_reg[18][23]'
INFO: [Synth 8-3886] merging instance 'u_dct/logmel_buf_reg[17][16]' (FDRE) to 'u_dct/logmel_buf_reg[17][23]'
INFO: [Synth 8-3886] merging instance 'u_dct/logmel_buf_reg[16][16]' (FDRE) to 'u_dct/logmel_buf_reg[16][23]'
INFO: [Synth 8-3886] merging instance 'u_dct/logmel_buf_reg[15][16]' (FDRE) to 'u_dct/logmel_buf_reg[15][23]'
INFO: [Synth 8-3886] merging instance 'u_dct/logmel_buf_reg[14][16]' (FDRE) to 'u_dct/logmel_buf_reg[14][23]'
INFO: [Synth 8-3886] merging instance 'u_dct/logmel_buf_reg[13][16]' (FDRE) to 'u_dct/logmel_buf_reg[13][23]'
INFO: [Synth 8-3886] merging instance 'u_dct/logmel_buf_reg[12][16]' (FDRE) to 'u_dct/logmel_buf_reg[12][23]'
INFO: [Synth 8-3886] merging instance 'u_dct/logmel_buf_reg[11][16]' (FDRE) to 'u_dct/logmel_buf_reg[11][23]'
INFO: [Synth 8-3886] merging instance 'u_dct/logmel_buf_reg[10][16]' (FDRE) to 'u_dct/logmel_buf_reg[10][23]'
INFO: [Synth 8-3886] merging instance 'u_dct/logmel_buf_reg[9][16]' (FDRE) to 'u_dct/logmel_buf_reg[9][23]'
INFO: [Synth 8-3886] merging instance 'u_dct/logmel_buf_reg[8][16]' (FDRE) to 'u_dct/logmel_buf_reg[8][23]'
INFO: [Synth 8-3886] merging instance 'u_dct/logmel_buf_reg[7][16]' (FDRE) to 'u_dct/logmel_buf_reg[7][23]'
INFO: [Synth 8-3886] merging instance 'u_dct/logmel_buf_reg[6][16]' (FDRE) to 'u_dct/logmel_buf_reg[6][23]'
INFO: [Synth 8-3886] merging instance 'u_dct/logmel_buf_reg[5][16]' (FDRE) to 'u_dct/logmel_buf_reg[5][23]'
INFO: [Synth 8-3886] merging instance 'u_dct/logmel_buf_reg[4][16]' (FDRE) to 'u_dct/logmel_buf_reg[4][23]'
INFO: [Synth 8-3886] merging instance 'u_dct/logmel_buf_reg[3][16]' (FDRE) to 'u_dct/logmel_buf_reg[3][23]'
INFO: [Synth 8-3886] merging instance 'u_dct/logmel_buf_reg[2][16]' (FDRE) to 'u_dct/logmel_buf_reg[2][23]'
INFO: [Synth 8-3886] merging instance 'u_dct/logmel_buf_reg[1][16]' (FDRE) to 'u_dct/logmel_buf_reg[1][23]'
INFO: [Synth 8-3886] merging instance 'u_dct/logmel_buf_reg[0][16]' (FDRE) to 'u_dct/logmel_buf_reg[0][23]'
INFO: [Synth 8-3886] merging instance 'u_dct/logmel_buf_reg[25][17]' (FDRE) to 'u_dct/logmel_buf_reg[25][23]'
INFO: [Synth 8-3886] merging instance 'u_dct/logmel_buf_reg[24][17]' (FDRE) to 'u_dct/logmel_buf_reg[24][23]'
INFO: [Common 17-14] Message 'Synth 8-3886' appears 100 times and further instances of the messages will be disabled. Use the Tcl command set_msg_config to change the current settings.
INFO: [Common 17-14] Message 'Synth 8-3886' appears 100 times and further instances of the messages will be disabled. Use the Tcl command set_msg_config to change the current settings.
INFO: [Synth 8-4471] merging register 'output_vector_reg[31][23:0]' into 'output_vector_reg[31][23:0]' [c:/Users/Python/Desktop/sdup/simple_speech_recognition/project_final/project_final.gen/sources_1/bd/design_final/ipshared/b36c/src/dense_layer_1.sv:58]
INFO: [Synth 8-4471] merging register 'output_vector_reg[30][23:0]' into 'output_vector_reg[30][23:0]' [c:/Users/Python/Desktop/sdup/simple_speech_recognition/project_final/project_final.gen/sources_1/bd/design_final/ipshared/b36c/src/dense_layer_1.sv:58]
INFO: [Synth 8-4471] merging register 'output_vector_reg[29][23:0]' into 'output_vector_reg[29][23:0]' [c:/Users/Python/Desktop/sdup/simple_speech_recognition/project_final/project_final.gen/sources_1/bd/design_final/ipshared/b36c/src/dense_layer_1.sv:58]
INFO: [Synth 8-4471] merging register 'output_vector_reg[28][23:0]' into 'output_vector_reg[28][23:0]' [c:/Users/Python/Desktop/sdup/simple_speech_recognition/project_final/project_final.gen/sources_1/bd/design_final/ipshared/b36c/src/dense_layer_1.sv:58]
INFO: [Synth 8-4471] merging register 'output_vector_reg[27][23:0]' into 'output_vector_reg[27][23:0]' [c:/Users/Python/Desktop/sdup/simple_speech_recognition/project_final/project_final.gen/sources_1/bd/design_final/ipshared/b36c/src/dense_layer_1.sv:58]
INFO: [Synth 8-4471] merging register 'output_vector_reg[26][23:0]' into 'output_vector_reg[26][23:0]' [c:/Users/Python/Desktop/sdup/simple_speech_recognition/project_final/project_final.gen/sources_1/bd/design_final/ipshared/b36c/src/dense_layer_1.sv:58]
INFO: [Synth 8-4471] merging register 'output_vector_reg[25][23:0]' into 'output_vector_reg[25][23:0]' [c:/Users/Python/Desktop/sdup/simple_speech_recognition/project_final/project_final.gen/sources_1/bd/design_final/ipshared/b36c/src/dense_layer_1.sv:58]
INFO: [Synth 8-4471] merging register 'output_vector_reg[24][23:0]' into 'output_vector_reg[24][23:0]' [c:/Users/Python/Desktop/sdup/simple_speech_recognition/project_final/project_final.gen/sources_1/bd/design_final/ipshared/b36c/src/dense_layer_1.sv:58]
INFO: [Synth 8-4471] merging register 'output_vector_reg[20][23:0]' into 'output_vector_reg[20][23:0]' [c:/Users/Python/Desktop/sdup/simple_speech_recognition/project_final/project_final.gen/sources_1/bd/design_final/ipshared/b36c/src/dense_layer_1.sv:58]
INFO: [Synth 8-4471] merging register 'output_vector_reg[18][23:0]' into 'output_vector_reg[18][23:0]' [c:/Users/Python/Desktop/sdup/simple_speech_recognition/project_final/project_final.gen/sources_1/bd/design_final/ipshared/b36c/src/dense_layer_1.sv:58]
INFO: [Synth 8-4471] merging register 'output_vector_reg[16][23:0]' into 'output_vector_reg[16][23:0]' [c:/Users/Python/Desktop/sdup/simple_speech_recognition/project_final/project_final.gen/sources_1/bd/design_final/ipshared/b36c/src/dense_layer_1.sv:58]
INFO: [Synth 8-4471] merging register 'output_vector_reg[15][23:0]' into 'output_vector_reg[15][23:0]' [c:/Users/Python/Desktop/sdup/simple_speech_recognition/project_final/project_final.gen/sources_1/bd/design_final/ipshared/b36c/src/dense_layer_1.sv:58]
INFO: [Synth 8-4471] merging register 'output_vector_reg[13][23:0]' into 'output_vector_reg[13][23:0]' [c:/Users/Python/Desktop/sdup/simple_speech_recognition/project_final/project_final.gen/sources_1/bd/design_final/ipshared/b36c/src/dense_layer_1.sv:58]
INFO: [Synth 8-4471] merging register 'output_vector_reg[12][23:0]' into 'output_vector_reg[12][23:0]' [c:/Users/Python/Desktop/sdup/simple_speech_recognition/project_final/project_final.gen/sources_1/bd/design_final/ipshared/b36c/src/dense_layer_1.sv:58]
INFO: [Synth 8-4471] merging register 'output_vector_reg[10][23:0]' into 'output_vector_reg[10][23:0]' [c:/Users/Python/Desktop/sdup/simple_speech_recognition/project_final/project_final.gen/sources_1/bd/design_final/ipshared/b36c/src/dense_layer_1.sv:58]
INFO: [Synth 8-4471] merging register 'output_vector_reg[7][23:0]' into 'output_vector_reg[7][23:0]' [c:/Users/Python/Desktop/sdup/simple_speech_recognition/project_final/project_final.gen/sources_1/bd/design_final/ipshared/b36c/src/dense_layer_1.sv:58]
INFO: [Synth 8-4471] merging register 'output_vector_reg[6][23:0]' into 'output_vector_reg[6][23:0]' [c:/Users/Python/Desktop/sdup/simple_speech_recognition/project_final/project_final.gen/sources_1/bd/design_final/ipshared/b36c/src/dense_layer_1.sv:58]
INFO: [Synth 8-4471] merging register 'output_vector_reg[5][23:0]' into 'output_vector_reg[5][23:0]' [c:/Users/Python/Desktop/sdup/simple_speech_recognition/project_final/project_final.gen/sources_1/bd/design_final/ipshared/b36c/src/dense_layer_1.sv:58]
INFO: [Synth 8-4471] merging register 'output_vector_reg[3][23:0]' into 'output_vector_reg[3][23:0]' [c:/Users/Python/Desktop/sdup/simple_speech_recognition/project_final/project_final.gen/sources_1/bd/design_final/ipshared/b36c/src/dense_layer_1.sv:58]
INFO: [Synth 8-4471] merging register 'output_vector_reg[2][23:0]' into 'output_vector_reg[2][23:0]' [c:/Users/Python/Desktop/sdup/simple_speech_recognition/project_final/project_final.gen/sources_1/bd/design_final/ipshared/b36c/src/dense_layer_1.sv:58]
INFO: [Synth 8-4471] merging register 'output_vector_reg[22][23:0]' into 'output_vector_reg[22][23:0]' [c:/Users/Python/Desktop/sdup/simple_speech_recognition/project_final/project_final.gen/sources_1/bd/design_final/ipshared/b36c/src/dense_layer_1.sv:58]
INFO: [Synth 8-4471] merging register 'output_vector_reg[19][23:0]' into 'output_vector_reg[19][23:0]' [c:/Users/Python/Desktop/sdup/simple_speech_recognition/project_final/project_final.gen/sources_1/bd/design_final/ipshared/b36c/src/dense_layer_1.sv:58]
INFO: [Synth 8-4471] merging register 'output_vector_reg[14][23:0]' into 'output_vector_reg[14][23:0]' [c:/Users/Python/Desktop/sdup/simple_speech_recognition/project_final/project_final.gen/sources_1/bd/design_final/ipshared/b36c/src/dense_layer_1.sv:58]
INFO: [Synth 8-4471] merging register 'output_vector_reg[1][23:0]' into 'output_vector_reg[1][23:0]' [c:/Users/Python/Desktop/sdup/simple_speech_recognition/project_final/project_final.gen/sources_1/bd/design_final/ipshared/b36c/src/dense_layer_1.sv:58]
DSP Report: Generating DSP p_0_in, operation Mode is: A*(B:0x1f).
DSP Report: operator p_0_in is absorbed into DSP p_0_in.
DSP Report: Generating DSP p_0_out, operation Mode is: A*B.
DSP Report: operator p_0_out is absorbed into DSP p_0_out.
DSP Report: Generating DSP p_1_out, operation Mode is: PCIN+A2:B2+(C:0xfffffffffff8).
DSP Report: register p_1_out is absorbed into DSP p_1_out.
DSP Report: register p_1_out is absorbed into DSP p_1_out.
DSP Report: operator p_1_out is absorbed into DSP p_1_out.
DSP Report: Generating DSP p_0_in, operation Mode is: A*(B:0x3ffe2).
DSP Report: operator p_0_in is absorbed into DSP p_0_in.
DSP Report: Generating DSP p_0_out, operation Mode is: A*B.
DSP Report: operator p_0_out is absorbed into DSP p_0_out.
DSP Report: Generating DSP p_1_out, operation Mode is: PCIN+A2:B2+(C:0xffffffffffe9).
DSP Report: register p_1_out is absorbed into DSP p_1_out.
DSP Report: register p_1_out is absorbed into DSP p_1_out.
DSP Report: operator p_1_out is absorbed into DSP p_1_out.
DSP Report: Generating DSP p_0_out, operation Mode is: A*B.
DSP Report: operator p_0_out is absorbed into DSP p_0_out.
DSP Report: Generating DSP p_0_out, operation Mode is: A*B.
DSP Report: operator p_0_out is absorbed into DSP p_0_out.
DSP Report: Generating DSP p_0_out, operation Mode is: A*B.
DSP Report: operator p_0_out is absorbed into DSP p_0_out.
DSP Report: Generating DSP p_0_out, operation Mode is: A*B.
DSP Report: operator p_0_out is absorbed into DSP p_0_out.
DSP Report: Generating DSP p_0_out, operation Mode is: A*B.
DSP Report: operator p_0_out is absorbed into DSP p_0_out.
DSP Report: Generating DSP p_0_in, operation Mode is: A*(B:0x15).
DSP Report: operator p_0_in is absorbed into DSP p_0_in.
DSP Report: Generating DSP p_0_out, operation Mode is: A*B.
DSP Report: operator p_0_out is absorbed into DSP p_0_out.
DSP Report: Generating DSP p_1_out, operation Mode is: PCIN+A2:B2+(C:0xfffffffffff2).
DSP Report: register p_1_out is absorbed into DSP p_1_out.
DSP Report: register p_1_out is absorbed into DSP p_1_out.
DSP Report: operator p_1_out is absorbed into DSP p_1_out.
DSP Report: Generating DSP p_0_out, operation Mode is: A*B.
DSP Report: operator p_0_out is absorbed into DSP p_0_out.
DSP Report: Generating DSP p_0_out, operation Mode is: A*B.
DSP Report: operator p_0_out is absorbed into DSP p_0_out.
DSP Report: Generating DSP p_0_in, operation Mode is: A*(B:0x3ffdc).
DSP Report: operator p_0_in is absorbed into DSP p_0_in.
DSP Report: Generating DSP p_0_out, operation Mode is: A*B.
DSP Report: operator p_0_out is absorbed into DSP p_0_out.
DSP Report: Generating DSP p_0_out, operation Mode is: A*B.
DSP Report: operator p_0_out is absorbed into DSP p_0_out.
DSP Report: Generating DSP p_0_in, operation Mode is: A*(B:0x22).
DSP Report: operator p_0_in is absorbed into DSP p_0_in.
DSP Report: Generating DSP p_0_out, operation Mode is: A*B.
DSP Report: operator p_0_out is absorbed into DSP p_0_out.
DSP Report: Generating DSP p_0_out, operation Mode is: C'+A*(B:0x22).
DSP Report: register output_vector_reg[19] is absorbed into DSP p_0_out.
DSP Report: operator p_0_out is absorbed into DSP p_0_out.
DSP Report: operator p_0_in is absorbed into DSP p_0_out.
DSP Report: Generating DSP p_0_out, operation Mode is: A*B.
DSP Report: operator p_0_out is absorbed into DSP p_0_out.
DSP Report: Generating DSP p_0_out, operation Mode is: A*B.
DSP Report: operator p_0_out is absorbed into DSP p_0_out.
DSP Report: Generating DSP p_0_out, operation Mode is: A*B.
DSP Report: operator p_0_out is absorbed into DSP p_0_out.
DSP Report: Generating DSP p_0_in, operation Mode is: A*(B:0x1d).
DSP Report: operator p_0_in is absorbed into DSP p_0_in.
DSP Report: Generating DSP p_0_out, operation Mode is: A*B.
DSP Report: operator p_0_out is absorbed into DSP p_0_out.
DSP Report: Generating DSP p_1_out, operation Mode is: PCIN+A2:B2+(C:0xffffffffffff).
DSP Report: register p_1_out is absorbed into DSP p_1_out.
DSP Report: register p_1_out is absorbed into DSP p_1_out.
DSP Report: operator p_1_out is absorbed into DSP p_1_out.
DSP Report: Generating DSP p_0_in, operation Mode is: A*(B:0x3ffdf).
DSP Report: operator p_0_in is absorbed into DSP p_0_in.
DSP Report: Generating DSP p_0_out, operation Mode is: A*B.
DSP Report: operator p_0_out is absorbed into DSP p_0_out.
DSP Report: Generating DSP p_0_out, operation Mode is: C'+A*(B:0x3ffdf).
DSP Report: register output_vector_reg[14] is absorbed into DSP p_0_out.
DSP Report: operator p_0_out is absorbed into DSP p_0_out.
DSP Report: operator p_0_in is absorbed into DSP p_0_out.
DSP Report: Generating DSP p_0_out, operation Mode is: A*B.
DSP Report: operator p_0_out is absorbed into DSP p_0_out.
DSP Report: Generating DSP p_0_in, operation Mode is: A*(B:0x19).
DSP Report: operator p_0_in is absorbed into DSP p_0_in.
DSP Report: Generating DSP p_0_out, operation Mode is: A*B.
DSP Report: operator p_0_out is absorbed into DSP p_0_out.
DSP Report: Generating DSP p_1_out, operation Mode is: PCIN+A2:B2+(C:0xffffffffffff).
DSP Report: register p_1_out is absorbed into DSP p_1_out.
DSP Report: register p_1_out is absorbed into DSP p_1_out.
DSP Report: operator p_1_out is absorbed into DSP p_1_out.
DSP Report: Generating DSP p_0_in, operation Mode is: A*(B:0x3ffe4).
DSP Report: operator p_0_in is absorbed into DSP p_0_in.
DSP Report: Generating DSP p_0_out, operation Mode is: A*B.
DSP Report: operator p_0_out is absorbed into DSP p_0_out.
DSP Report: Generating DSP p_0_out, operation Mode is: A*B.
DSP Report: operator p_0_out is absorbed into DSP p_0_out.
DSP Report: Generating DSP p_0_out, operation Mode is: A*B.
DSP Report: operator p_0_out is absorbed into DSP p_0_out.
DSP Report: Generating DSP p_0_out, operation Mode is: A*B.
DSP Report: operator p_0_out is absorbed into DSP p_0_out.
DSP Report: Generating DSP p_0_in, operation Mode is: A*(B:0x3ffe1).
DSP Report: operator p_0_in is absorbed into DSP p_0_in.
DSP Report: Generating DSP p_0_out, operation Mode is: A*B.
DSP Report: operator p_0_out is absorbed into DSP p_0_out.
DSP Report: Generating DSP p_1_out, operation Mode is: PCIN+A2:B2+(C:0x6).
DSP Report: register p_1_out is absorbed into DSP p_1_out.
DSP Report: register p_1_out is absorbed into DSP p_1_out.
DSP Report: operator p_1_out is absorbed into DSP p_1_out.
DSP Report: Generating DSP p_0_in, operation Mode is: A*(B:0x3ffd5).
DSP Report: operator p_0_in is absorbed into DSP p_0_in.
DSP Report: Generating DSP p_0_out, operation Mode is: A*B.
DSP Report: operator p_0_out is absorbed into DSP p_0_out.
DSP Report: Generating DSP p_1_out, operation Mode is: PCIN+A2:B2+(C:0xffffffffffff).
DSP Report: register p_1_out is absorbed into DSP p_1_out.
DSP Report: register p_1_out is absorbed into DSP p_1_out.
DSP Report: operator p_1_out is absorbed into DSP p_1_out.
DSP Report: Generating DSP p_0_in, operation Mode is: A*(B:0x3ffe9).
DSP Report: operator p_0_in is absorbed into DSP p_0_in.
DSP Report: Generating DSP p_0_out, operation Mode is: A*B.
DSP Report: operator p_0_out is absorbed into DSP p_0_out.
DSP Report: Generating DSP p_1_out, operation Mode is: PCIN+A2:B2+(C:0xffffffffffe6).
DSP Report: register p_1_out is absorbed into DSP p_1_out.
DSP Report: register p_1_out is absorbed into DSP p_1_out.
DSP Report: operator p_1_out is absorbed into DSP p_1_out.
DSP Report: Generating DSP p_0_out, operation Mode is: A*B.
DSP Report: operator p_0_out is absorbed into DSP p_0_out.
DSP Report: Generating DSP p_0_in, operation Mode is: A*(B:0x3ffee).
DSP Report: operator p_0_in is absorbed into DSP p_0_in.
DSP Report: Generating DSP p_0_out, operation Mode is: A*B.
DSP Report: operator p_0_out is absorbed into DSP p_0_out.
DSP Report: Generating DSP p_1_out, operation Mode is: PCIN+A2:B2+(C:0xfffffffffff1).
DSP Report: register p_1_out is absorbed into DSP p_1_out.
DSP Report: register p_1_out is absorbed into DSP p_1_out.
DSP Report: operator p_1_out is absorbed into DSP p_1_out.
DSP Report: Generating DSP p_0_in, operation Mode is: A*(B:0x3ffcf).
DSP Report: operator p_0_in is absorbed into DSP p_0_in.
DSP Report: Generating DSP p_0_out, operation Mode is: A*B.
DSP Report: operator p_0_out is absorbed into DSP p_0_out.
DSP Report: Generating DSP p_1_out, operation Mode is: PCIN+A2:B2+(C:0xffffffffffee).
DSP Report: register p_1_out is absorbed into DSP p_1_out.
DSP Report: register p_1_out is absorbed into DSP p_1_out.
DSP Report: operator p_1_out is absorbed into DSP p_1_out.
DSP Report: Generating DSP p_0_out, operation Mode is: A*B.
DSP Report: operator p_0_out is absorbed into DSP p_0_out.
DSP Report: Generating DSP p_0_out, operation Mode is: C'+A*(B:0x3ffe4).
DSP Report: register output_vector_reg[1] is absorbed into DSP p_0_out.
DSP Report: operator p_0_out is absorbed into DSP p_0_out.
DSP Report: operator p_0_in is absorbed into DSP p_0_out.
DSP Report: Generating DSP p_0_out, operation Mode is: A*B.
DSP Report: operator p_0_out is absorbed into DSP p_0_out.
DSP Report: Generating DSP p_1_out, operation Mode is: C+A*B.
DSP Report: operator p_1_out is absorbed into DSP p_1_out.
DSP Report: operator p_0_out is absorbed into DSP p_1_out.
DSP Report: Generating DSP u_top_nn/u_dense_layer_2/output_vector_reg[2], operation Mode is: (PCIN+P)'.
DSP Report: register u_top_nn/u_dense_layer_2/output_vector_reg[2] is absorbed into DSP u_top_nn/u_dense_layer_2/output_vector_reg[2].
DSP Report: operator u_top_nn/u_dense_layer_2/lDadR4dsP_dspDelayedAccum is absorbed into DSP u_top_nn/u_dense_layer_2/output_vector_reg[2].
DSP Report: Generating DSP p_1_out, operation Mode is: C+A*B.
DSP Report: operator p_1_out is absorbed into DSP p_1_out.
DSP Report: operator p_0_out is absorbed into DSP p_1_out.
DSP Report: Generating DSP u_top_nn/u_dense_layer_2/output_vector_reg[0], operation Mode is: (PCIN+P)'.
DSP Report: register u_top_nn/u_dense_layer_2/output_vector_reg[0] is absorbed into DSP u_top_nn/u_dense_layer_2/output_vector_reg[0].
DSP Report: operator u_top_nn/u_dense_layer_2/lDadR4dsP_dspDelayedAccum is absorbed into DSP u_top_nn/u_dense_layer_2/output_vector_reg[0].
DSP Report: Generating DSP p_1_out, operation Mode is: C+A*B.
DSP Report: operator p_1_out is absorbed into DSP p_1_out.
DSP Report: operator p_0_out is absorbed into DSP p_1_out.
DSP Report: Generating DSP u_top_nn/u_dense_layer_2/output_vector_reg[1], operation Mode is: (PCIN+P)'.
DSP Report: register u_top_nn/u_dense_layer_2/output_vector_reg[1] is absorbed into DSP u_top_nn/u_dense_layer_2/output_vector_reg[1].
DSP Report: operator u_top_nn/u_dense_layer_2/lDadR4dsP_dspDelayedAccum is absorbed into DSP u_top_nn/u_dense_layer_2/output_vector_reg[1].
---------------------------------------------------------------------------------
Finished Cross Boundary and Area Optimization : Time (s): cpu = 00:01:35 ; elapsed = 00:06:15 . Memory (MB): peak = 1726.270 ; gain = 834.641
---------------------------------------------------------------------------------
 Sort Area is top_system__GC0 p_1_out_3d : 0 1 : 127 1472 : Used 1 time 100
 Sort Area is top_system__GC0 p_1_out_3a : 0 1 : 127 1471 : Used 1 time 100
 Sort Area is top_system__GC0 p_1_out_3f : 0 1 : 127 1470 : Used 1 time 100
 Sort Area is dsp_chain__GCB1 prod_0 : 0 0 : 3017 6053 : Used 1 time 0
 Sort Area is dsp_chain__GCB1 prod_0 : 0 1 : 3036 6053 : Used 1 time 0
 Sort Area is dsp_chain__GCB0 suma_sq0_3 : 0 0 : 3101 5802 : Used 1 time 0
 Sort Area is dsp_chain__GCB0 suma_sq0_3 : 0 1 : 2701 5802 : Used 1 time 0
 Sort Area is dsp_chain__GCB0 u_power/im_sq_d : 0 0 : 3101 5754 : Used 1 time 0
 Sort Area is dsp_chain__GCB0 u_power/im_sq_d : 0 1 : 2653 5754 : Used 1 time 0
 Sort Area is dsp_chain__GCB0 u_power/re_sq_9 : 0 0 : 3101 5754 : Used 1 time 0
 Sort Area is dsp_chain__GCB0 u_power/re_sq_9 : 0 1 : 2653 5754 : Used 1 time 0
 Sort Area is dsp_chain__GCB0 suma_sq0_6 : 0 0 : 2634 5167 : Used 1 time 0
 Sort Area is dsp_chain__GCB0 suma_sq0_6 : 0 1 : 2533 5167 : Used 1 time 0
 Sort Area is dsp_chain__GCB0 u_power/im_sq_e : 0 0 : 2634 5119 : Used 1 time 0
 Sort Area is dsp_chain__GCB0 u_power/im_sq_e : 0 1 : 2485 5119 : Used 1 time 0
 Sort Area is dsp_chain__GCB0 u_power/re_sq_b : 0 0 : 2634 5119 : Used 1 time 0
 Sort Area is dsp_chain__GCB0 u_power/re_sq_b : 0 1 : 2485 5119 : Used 1 time 0
 Sort Area is dsp_chain__GCB0 p_1_out_0 : 0 0 : 3300 4382 : Used 1 time 0
 Sort Area is dsp_chain__GCB0 p_1_out_0 : 0 1 : 1082 4382 : Used 1 time 0
 Sort Area is dsp_chain__GCB1 prod_3 : 0 0 : 2579 2579 : Used 1 time 0
 Sort Area is dsp_chain__GCB1 acc0_5 : 0 0 : 2099 2099 : Used 1 time 0
 Sort Area is dft__GB1 acc_im0_2 : 0 0 : 2097 2097 : Used 1 time 0
 Sort Area is dft__GB1 acc_re0_0 : 0 0 : 2097 2097 : Used 1 time 0
 Sort Area is dsp_chain__GCB1 m_tdata_reg_7 : 0 0 : 1968 1968 : Used 1 time 0
 Sort Area is top_system__GC0 p_1_out_3d : 0 0 : 1345 1472 : Used 1 time 0
 Sort Area is top_system__GC0 p_1_out_3a : 0 0 : 1344 1471 : Used 1 time 0
 Sort Area is top_system__GC0 p_1_out_3f : 0 0 : 1343 1470 : Used 1 time 0
 Sort Area is top_system__GC0 p_0_in_2e : 0 0 : 644 831 : Used 1 time 0
 Sort Area is top_system__GC0 p_0_in_2e : 0 1 : 187 831 : Used 1 time 0
 Sort Area is top_system__GC0 p_0_in_35 : 0 0 : 644 820 : Used 1 time 0
 Sort Area is top_system__GC0 p_0_in_35 : 0 1 : 176 820 : Used 1 time 0
 Sort Area is top_system__GC0 p_0_out_11 : 0 0 : 817 817 : Used 1 time 0
 Sort Area is top_system__GC0 p_0_out_23 : 0 0 : 817 817 : Used 1 time 0
 Sort Area is top_system__GC0 p_0_out_2b : 0 0 : 817 817 : Used 1 time 0
 Sort Area is top_system__GC0 p_0_out_31 : 0 0 : 817 817 : Used 1 time 0
 Sort Area is top_system__GC0 p_0_out_b : 0 0 : 817 817 : Used 1 time 0
 Sort Area is top_system__GC0 p_0_in_14 : 0 0 : 644 644 : Used 1 time 0
 Sort Area is top_system__GC0 p_0_in_17 : 0 0 : 644 644 : Used 1 time 0
 Sort Area is top_system__GC0 p_0_in_21 : 0 0 : 644 644 : Used 1 time 0
 Sort Area is top_system__GC0 p_0_out_0 : 0 0 : 644 644 : Used 1 time 0
 Sort Area is top_system__GC0 p_0_out_12 : 0 0 : 644 644 : Used 1 time 0
 Sort Area is top_system__GC0 p_0_out_13 : 0 0 : 644 644 : Used 1 time 0
 Sort Area is top_system__GC0 p_0_out_15 : 0 0 : 644 644 : Used 1 time 0
 Sort Area is top_system__GC0 p_0_out_16 : 0 0 : 644 644 : Used 1 time 0
 Sort Area is top_system__GC0 p_0_out_1a : 0 0 : 644 644 : Used 1 time 0
 Sort Area is top_system__GC0 p_0_out_1b : 0 0 : 644 644 : Used 1 time 0
 Sort Area is top_system__GC0 p_0_out_1c : 0 0 : 644 644 : Used 1 time 0
 Sort Area is top_system__GC0 p_0_out_1d : 0 0 : 644 644 : Used 1 time 0
 Sort Area is top_system__GC0 p_0_out_20 : 0 0 : 644 644 : Used 1 time 0
 Sort Area is top_system__GC0 p_0_out_24 : 0 0 : 644 644 : Used 1 time 0
 Sort Area is top_system__GC0 p_0_out_26 : 0 0 : 644 644 : Used 1 time 0
 Sort Area is top_system__GC0 p_0_out_28 : 0 0 : 644 644 : Used 1 time 0
 Sort Area is top_system__GC0 p_0_out_29 : 0 0 : 644 644 : Used 1 time 0
 Sort Area is top_system__GC0 p_0_out_2a : 0 0 : 644 644 : Used 1 time 0
 Sort Area is top_system__GC0 p_0_out_2d : 0 0 : 644 644 : Used 1 time 0
 Sort Area is top_system__GC0 p_0_out_2f : 0 0 : 644 644 : Used 1 time 0
 Sort Area is top_system__GC0 p_0_out_32 : 0 0 : 644 644 : Used 1 time 0
 Sort Area is top_system__GC0 p_0_out_34 : 0 0 : 644 644 : Used 1 time 0
 Sort Area is top_system__GC0 p_0_out_36 : 0 0 : 644 644 : Used 1 time 0
 Sort Area is top_system__GC0 p_0_out_39 : 0 0 : 644 644 : Used 1 time 0
 Sort Area is top_system__GC0 p_0_out_5 : 0 0 : 644 644 : Used 1 time 0
 Sort Area is top_system__GC0 p_0_out_8 : 0 0 : 644 644 : Used 1 time 0
 Sort Area is top_system__GC0 p_0_out_9 : 0 0 : 644 644 : Used 1 time 0
 Sort Area is top_system__GC0 p_0_out_a : 0 0 : 644 644 : Used 1 time 0
 Sort Area is top_system__GC0 p_0_out_d : 0 0 : 644 644 : Used 1 time 0
 Sort Area is top_system__GC0 p_0_out_e : 0 0 : 644 644 : Used 1 time 0
 Sort Area is top_system__GC0 p_0_in_1e : 0 0 : 285 472 : Used 1 time 0
 Sort Area is top_system__GC0 p_0_in_1e : 0 1 : 187 472 : Used 1 time 0
 Sort Area is top_system__GC0 p_0_in_25 : 0 0 : 285 472 : Used 1 time 0
 Sort Area is top_system__GC0 p_0_in_25 : 0 1 : 187 472 : Used 1 time 0
 Sort Area is top_system__GC0 p_0_in_33 : 0 0 : 285 466 : Used 1 time 0
 Sort Area is top_system__GC0 p_0_in_33 : 0 1 : 181 466 : Used 1 time 0
 Sort Area is top_system__GC0 p_0_in_f : 0 0 : 285 466 : Used 1 time 0
 Sort Area is top_system__GC0 p_0_in_f : 0 1 : 181 466 : Used 1 time 0
 Sort Area is top_system__GC0 p_0_in_2 : 0 0 : 285 462 : Used 1 time 0
 Sort Area is top_system__GC0 p_0_in_2 : 0 1 : 177 462 : Used 1 time 0
 Sort Area is top_system__GC0 p_0_in_2c : 0 0 : 285 462 : Used 1 time 0
 Sort Area is top_system__GC0 p_0_in_2c : 0 1 : 177 462 : Used 1 time 0
 Sort Area is top_system__GC0 p_0_in_30 : 0 0 : 285 461 : Used 1 time 0
 Sort Area is top_system__GC0 p_0_in_30 : 0 1 : 176 461 : Used 1 time 0
 Sort Area is top_system__GC0 p_0_in_6 : 0 0 : 285 461 : Used 1 time 0
 Sort Area is top_system__GC0 p_0_in_6 : 0 1 : 176 461 : Used 1 time 0
 Sort Area is top_system__GC0 p_0_out_37 : 0 0 : 346 346 : Used 1 time 0
 Sort Area is top_system__GC0 p_0_out_18 : 0 0 : 321 321 : Used 1 time 0
 Sort Area is top_system__GC0 p_0_out_22 : 0 0 : 321 321 : Used 1 time 0
 Sort Area is top_system__GC0 p_0_in_27 : 0 0 : 285 285 : Used 1 time 0
---------------------------------------------------------------------------------
Start ROM, RAM, DSP, Shift Register and Retiming Reporting
---------------------------------------------------------------------------------

ROM: Preliminary Mapping Report
+--------------+---------------+---------------+----------------+
|Module Name   | RTL Object    | Depth x Width | Implemented As | 
+--------------+---------------+---------------+----------------+
|dft           | sin_rom       | 65536x16      | LUT            | 
|dft           | cos_rom       | 65536x16      | LUT            | 
|mel_filter    | fb_rom        | 4096x16       | LUT            | 
|dct_unit      | dct_rom       | 512x12        | LUT            | 
|dense_layer_1 | weight_matrix | 32x7          | LUT            | 
|dense_layer_1 | weight_matrix | 32x7          | LUT            | 
|dense_layer_1 | weight_matrix | 32x7          | LUT            | 
|dense_layer_1 | weight_matrix | 32x7          | LUT            | 
|dense_layer_1 | weight_matrix | 32x7          | LUT            | 
|dense_layer_1 | weight_matrix | 32x8          | LUT            | 
|dense_layer_1 | weight_matrix | 32x7          | LUT            | 
|dense_layer_1 | weight_matrix | 32x7          | LUT            | 
|dense_layer_1 | weight_matrix | 32x8          | LUT            | 
|dense_layer_1 | weight_matrix | 32x7          | LUT            | 
|dense_layer_1 | weight_matrix | 32x7          | LUT            | 
|dense_layer_1 | weight_matrix | 32x7          | LUT            | 
|dense_layer_1 | weight_matrix | 32x7          | LUT            | 
|dense_layer_1 | weight_matrix | 32x7          | LUT            | 
|dense_layer_1 | weight_matrix | 32x7          | LUT            | 
|dense_layer_1 | weight_matrix | 32x7          | LUT            | 
|dense_layer_1 | weight_matrix | 32x7          | LUT            | 
|dense_layer_1 | weight_matrix | 32x7          | LUT            | 
|dense_layer_1 | weight_matrix | 32x8          | LUT            | 
|dense_layer_1 | weight_matrix | 32x7          | LUT            | 
|dense_layer_1 | weight_matrix | 32x7          | LUT            | 
|dense_layer_1 | weight_matrix | 32x7          | LUT            | 
|dense_layer_1 | weight_matrix | 32x7          | LUT            | 
|dense_layer_1 | weight_matrix | 32x7          | LUT            | 
|dense_layer_1 | weight_matrix | 32x8          | LUT            | 
|dense_layer_1 | weight_matrix | 32x7          | LUT            | 
|dense_layer_1 | weight_matrix | 32x7          | LUT            | 
|dense_layer_1 | weight_matrix | 32x8          | LUT            | 
|dense_layer_1 | weight_matrix | 32x7          | LUT            | 
|dense_layer_1 | weight_matrix | 32x7          | LUT            | 
|dense_layer_1 | weight_matrix | 32x7          | LUT            | 
|dense_layer_1 | weight_matrix | 32x7          | LUT            | 
|dense_layer_2 | weight_matrix | 32x7          | LUT            | 
|dense_layer_2 | weight_matrix | 32x7          | LUT            | 
|dense_layer_2 | weight_matrix | 32x7          | LUT            | 
+--------------+---------------+---------------+----------------+


DSP: Preliminary Mapping Report (see note below. The ' indicates corresponding REG is set)
+-------------------+-------------------------------+--------+--------+--------+--------+--------+------+------+------+------+-------+------+------+
|Module Name        | DSP Mapping                   | A Size | B Size | C Size | D Size | P Size | AREG | BREG | CREG | DREG | ADREG | MREG | PREG | 
+-------------------+-------------------------------+--------+--------+--------+--------+--------+------+------+------+------+-------+------+------+
|dft                | C+A*B                         | 16     | 16     | 48     | -      | 48     | 0    | 0    | 0    | -    | -     | 0    | 0    | 
|dft                | C+A*B                         | 16     | 16     | 48     | -      | 48     | 0    | 0    | 0    | -    | -     | 0    | 0    | 
|feature_aggregator | A*B                           | 18     | 15     | -      | -      | 48     | 0    | 0    | -    | -    | -     | 0    | 0    | 
|feature_aggregator | (PCIN>>17)+A*B                | 15     | 15     | -      | -      | 48     | 0    | 0    | -    | -    | -     | 0    | 1    | 
|feature_aggregator | A*B                           | 18     | 18     | -      | -      | 48     | 0    | 0    | -    | -    | -     | 0    | 0    | 
|feature_aggregator | (PCIN>>17)+A*B                | 18     | 15     | -      | -      | 48     | 0    | 0    | -    | -    | -     | 0    | 1    | 
|feature_aggregator | A*B                           | 24     | 18     | -      | -      | 48     | 0    | 0    | -    | -    | -     | 0    | 0    | 
|feature_aggregator | (PCIN>>17)+A*B                | 24     | 7      | -      | -      | 47     | 0    | 0    | -    | -    | -     | 0    | 0    | 
|dsp_chain__GCB0    | A*B                           | 18     | 15     | -      | -      | 48     | 0    | 0    | -    | -    | -     | 0    | 0    | 
|dsp_chain__GCB0    | (PCIN>>17)+A*B                | 15     | 15     | -      | -      | 48     | 0    | 0    | -    | -    | -     | 0    | 0    | 
|dsp_chain__GCB0    | A*B                           | 18     | 18     | -      | -      | 48     | 0    | 0    | -    | -    | -     | 0    | 0    | 
|dsp_chain__GCB0    | (PCIN>>17)+A*B                | 18     | 15     | -      | -      | 48     | 0    | 0    | -    | -    | -     | 0    | 0    | 
|dsp_chain__GCB0    | A*B                           | 18     | 15     | -      | -      | 48     | 0    | 0    | -    | -    | -     | 0    | 0    | 
|dsp_chain__GCB0    | (PCIN>>17)+A*B                | 15     | 15     | -      | -      | 48     | 0    | 0    | -    | -    | -     | 0    | 0    | 
|dsp_chain__GCB0    | A*B                           | 18     | 18     | -      | -      | 48     | 0    | 0    | -    | -    | -     | 0    | 0    | 
|dsp_chain__GCB0    | (PCIN>>17)+A*B                | 18     | 15     | -      | -      | 48     | 0    | 0    | -    | -    | -     | 0    | 0    | 
|mel_filter         | A*B                           | 17     | 15     | -      | -      | 48     | 0    | 0    | -    | -    | -     | 0    | 0    | 
|mel_filter         | A*B                           | 18     | 17     | -      | -      | 48     | 0    | 0    | -    | -    | -     | 0    | 0    | 
|mel_filter         | (PCIN>>17)+A*B                | 18     | 17     | -      | -      | 48     | 0    | 0    | -    | -    | -     | 0    | 0    | 
|dct_unit           | C'+A*B                        | 24     | 12     | 48     | -      | 48     | 0    | 0    | 1    | -    | -     | 0    | 0    | 
|window             | (A*B)'                        | 16     | 16     | -      | -      | 31     | 0    | 0    | -    | -    | -     | 1    | 0    | 
|dense_layer_1      | A*(B:0x1f)                    | 16     | 6      | -      | -      | 22     | 0    | 0    | -    | -    | -     | 0    | 0    | 
|dense_layer_1      | A*B                           | 16     | 7      | -      | -      | 23     | 0    | 0    | -    | -    | -     | 0    | 0    | 
|dense_layer_1      | PCIN+A2:B2+(C:0xfffffffffff8) | 6      | 18     | 4      | -      | -1     | 1    | 1    | 0    | -    | -     | 0    | 0    | 
|dense_layer_1      | A*(B:0x3ffe2)                 | 16     | 6      | -      | -      | 22     | 0    | 0    | -    | -    | -     | 0    | 0    | 
|dense_layer_1      | A*B                           | 16     | 7      | -      | -      | 23     | 0    | 0    | -    | -    | -     | 0    | 0    | 
|dense_layer_1      | PCIN+A2:B2+(C:0xffffffffffe9) | 6      | 18     | 6      | -      | -1     | 1    | 1    | 0    | -    | -     | 0    | 0    | 
|dense_layer_1      | A*B                           | 16     | 7      | -      | -      | 23     | 0    | 0    | -    | -    | -     | 0    | 0    | 
|dense_layer_1      | A*B                           | 16     | 7      | -      | -      | 23     | 0    | 0    | -    | -    | -     | 0    | 0    | 
|dense_layer_1      | A*B                           | 16     | 7      | -      | -      | 23     | 0    | 0    | -    | -    | -     | 0    | 0    | 
|dense_layer_1      | A*B                           | 16     | 8      | -      | -      | 24     | 0    | 0    | -    | -    | -     | 0    | 0    | 
|dense_layer_1      | A*B                           | 16     | 7      | -      | -      | 23     | 0    | 0    | -    | -    | -     | 0    | 0    | 
|dense_layer_1      | A*(B:0x15)                    | 16     | 6      | -      | -      | 22     | 0    | 0    | -    | -    | -     | 0    | 0    | 
|dense_layer_1      | A*B                           | 16     | 7      | -      | -      | 23     | 0    | 0    | -    | -    | -     | 0    | 0    | 
|dense_layer_1      | PCIN+A2:B2+(C:0xfffffffffff2) | 6      | 18     | 5      | -      | -1     | 1    | 1    | 0    | -    | -     | 0    | 0    | 
|dense_layer_1      | A*B                           | 16     | 8      | -      | -      | 24     | 0    | 0    | -    | -    | -     | 0    | 0    | 
|dense_layer_1      | A*B                           | 16     | 7      | -      | -      | 23     | 0    | 0    | -    | -    | -     | 0    | 0    | 
|dense_layer_1      | A*(B:0x3ffdc)                 | 16     | 7      | -      | -      | 23     | 0    | 0    | -    | -    | -     | 0    | 0    | 
|dense_layer_1      | A*B                           | 16     | 7      | -      | -      | 23     | 0    | 0    | -    | -    | -     | 0    | 0    | 
|dense_layer_1      | A*B                           | 16     | 7      | -      | -      | 23     | 0    | 0    | -    | -    | -     | 0    | 0    | 
|dense_layer_1      | A*(B:0x22)                    | 16     | 7      | -      | -      | 23     | 0    | 0    | -    | -    | -     | 0    | 0    | 
|dense_layer_1      | A*B                           | 16     | 7      | -      | -      | 23     | 0    | 0    | -    | -    | -     | 0    | 0    | 
|dense_layer_1      | C'+A*(B:0x22)                 | 16     | 7      | 24     | -      | 25     | 0    | 0    | 1    | -    | -     | 0    | 0    | 
|dense_layer_1      | A*B                           | 16     | 7      | -      | -      | 23     | 0    | 0    | -    | -    | -     | 0    | 0    | 
|dense_layer_1      | A*B                           | 16     | 7      | -      | -      | 23     | 0    | 0    | -    | -    | -     | 0    | 0    | 
|dense_layer_1      | A*B                           | 16     | 7      | -      | -      | 23     | 0    | 0    | -    | -    | -     | 0    | 0    | 
|dense_layer_1      | A*(B:0x1d)                    | 16     | 6      | -      | -      | 22     | 0    | 0    | -    | -    | -     | 0    | 0    | 
|dense_layer_1      | A*B                           | 16     | 7      | -      | -      | 23     | 0    | 0    | -    | -    | -     | 0    | 0    | 
|dense_layer_1      | PCIN+A2:B2+(C:0xffffffffffff) | 6      | 18     | 1      | -      | -1     | 1    | 1    | 0    | -    | -     | 0    | 0    | 
|dense_layer_1      | A*(B:0x3ffdf)                 | 16     | 7      | -      | -      | 23     | 0    | 0    | -    | -    | -     | 0    | 0    | 
|dense_layer_1      | A*B                           | 16     | 7      | -      | -      | 23     | 0    | 0    | -    | -    | -     | 0    | 0    | 
|dense_layer_1      | C'+A*(B:0x3ffdf)              | 16     | 7      | 24     | -      | 25     | 0    | 0    | 1    | -    | -     | 0    | 0    | 
|dense_layer_1      | A*B                           | 16     | 8      | -      | -      | 24     | 0    | 0    | -    | -    | -     | 0    | 0    | 
|dense_layer_1      | A*(B:0x19)                    | 16     | 6      | -      | -      | 22     | 0    | 0    | -    | -    | -     | 0    | 0    | 
|dense_layer_1      | A*B                           | 16     | 7      | -      | -      | 23     | 0    | 0    | -    | -    | -     | 0    | 0    | 
|dense_layer_1      | PCIN+A2:B2+(C:0xffffffffffff) | 6      | 18     | 1      | -      | -1     | 1    | 1    | 0    | -    | -     | 0    | 0    | 
|dense_layer_1      | A*(B:0x3ffe4)                 | 16     | 6      | -      | -      | 22     | 0    | 0    | -    | -    | -     | 0    | 0    | 
|dense_layer_1      | A*B                           | 16     | 7      | -      | -      | 23     | 0    | 0    | -    | -    | -     | 0    | 0    | 
|dense_layer_1      | A*B                           | 16     | 7      | -      | -      | 23     | 0    | 0    | -    | -    | -     | 0    | 0    | 
|dense_layer_1      | A*B                           | 16     | 7      | -      | -      | 23     | 0    | 0    | -    | -    | -     | 0    | 0    | 
|dense_layer_1      | A*B                           | 16     | 7      | -      | -      | 23     | 0    | 0    | -    | -    | -     | 0    | 0    | 
|dense_layer_1      | A*(B:0x3ffe1)                 | 16     | 6      | -      | -      | 22     | 0    | 0    | -    | -    | -     | 0    | 0    | 
|dense_layer_1      | A*B                           | 16     | 8      | -      | -      | 24     | 0    | 0    | -    | -    | -     | 0    | 0    | 
|dense_layer_1      | PCIN+A2:B2+(C:0x6)            | 6      | 18     | 4      | -      | -1     | 1    | 1    | 0    | -    | -     | 0    | 0    | 
|dense_layer_1      | A*(B:0x3ffd5)                 | 16     | 7      | -      | -      | 23     | 0    | 0    | -    | -    | -     | 0    | 0    | 
|dense_layer_1      | A*B                           | 16     | 7      | -      | -      | 23     | 0    | 0    | -    | -    | -     | 0    | 0    | 
|dense_layer_1      | PCIN+A2:B2+(C:0xffffffffffff) | 6      | 18     | 1      | -      | -1     | 1    | 1    | 0    | -    | -     | 0    | 0    | 
|dense_layer_1      | A*(B:0x3ffe9)                 | 16     | 6      | -      | -      | 22     | 0    | 0    | -    | -    | -     | 0    | 0    | 
|dense_layer_1      | A*B                           | 16     | 7      | -      | -      | 23     | 0    | 0    | -    | -    | -     | 0    | 0    | 
|dense_layer_1      | PCIN+A2:B2+(C:0xffffffffffe6) | 6      | 18     | 6      | -      | -1     | 1    | 1    | 0    | -    | -     | 0    | 0    | 
|dense_layer_1      | A*B                           | 16     | 8      | -      | -      | 24     | 0    | 0    | -    | -    | -     | 0    | 0    | 
|dense_layer_1      | A*(B:0x3ffee)                 | 16     | 6      | -      | -      | 22     | 0    | 0    | -    | -    | -     | 0    | 0    | 
|dense_layer_1      | A*B                           | 16     | 7      | -      | -      | 23     | 0    | 0    | -    | -    | -     | 0    | 0    | 
|dense_layer_1      | PCIN+A2:B2+(C:0xfffffffffff1) | 6      | 18     | 5      | -      | -1     | 1    | 1    | 0    | -    | -     | 0    | 0    | 
|dense_layer_1      | A*(B:0x3ffcf)                 | 16     | 7      | -      | -      | 23     | 0    | 0    | -    | -    | -     | 0    | 0    | 
|dense_layer_1      | A*B                           | 16     | 7      | -      | -      | 23     | 0    | 0    | -    | -    | -     | 0    | 0    | 
|dense_layer_1      | PCIN+A2:B2+(C:0xffffffffffee) | 6      | 18     | 6      | -      | -1     | 1    | 1    | 0    | -    | -     | 0    | 0    | 
|dense_layer_1      | A*B                           | 16     | 7      | -      | -      | 23     | 0    | 0    | -    | -    | -     | 0    | 0    | 
|dense_layer_1      | C'+A*(B:0x3ffe4)              | 16     | 6      | 24     | -      | 25     | 0    | 0    | 1    | -    | -     | 0    | 0    | 
|dense_layer_1      | A*B                           | 16     | 7      | -      | -      | 23     | 0    | 0    | -    | -    | -     | 0    | 0    | 
|dense_layer_2      | C+A*B                         | 25     | 8      | 6      | -      | 32     | 0    | 0    | 0    | -    | -     | 0    | 0    | 
|dense_layer_2      | (PCIN+P)'                     | -      | -      | -      | -      | 32     | -    | -    | -    | -    | -     | 0    | 1    | 
|dense_layer_2      | C+A*B                         | 25     | 8      | 7      | -      | 32     | 0    | 0    | 0    | -    | -     | 0    | 0    | 
|dense_layer_2      | (PCIN+P)'                     | -      | -      | -      | -      | 32     | -    | -    | -    | -    | -     | 0    | 1    | 
|dense_layer_2      | C+A*B                         | 25     | 8      | 8      | -      | 32     | 0    | 0    | 0    | -    | -     | 0    | 0    | 
|dense_layer_2      | (PCIN+P)'                     | -      | -      | -      | -      | 32     | -    | -    | -    | -    | -     | 0    | 1    | 
+-------------------+-------------------------------+--------+--------+--------+--------+--------+------+------+------+------+-------+------+------+

Note: The table above is a preliminary report that shows the DSPs inferred at the current stage of the synthesis flow. Some DSP may be reimplemented as non DSP primitives later in the synthesis flow. Multiple instantiated DSPs are reported only once.
---------------------------------------------------------------------------------
Finished ROM, RAM, DSP, Shift Register and Retiming Reporting
---------------------------------------------------------------------------------
---------------------------------------------------------------------------------
Start Applying XDC Timing Constraints
---------------------------------------------------------------------------------
---------------------------------------------------------------------------------
Finished Applying XDC Timing Constraints : Time (s): cpu = 00:01:43 ; elapsed = 00:06:37 . Memory (MB): peak = 1726.270 ; gain = 834.641
---------------------------------------------------------------------------------
---------------------------------------------------------------------------------
Start Timing Optimization
---------------------------------------------------------------------------------
---------------------------------------------------------------------------------
Finished Timing Optimization : Time (s): cpu = 00:01:44 ; elapsed = 00:06:37 . Memory (MB): peak = 1726.270 ; gain = 834.641
---------------------------------------------------------------------------------
---------------------------------------------------------------------------------
Start Technology Mapping
---------------------------------------------------------------------------------
INFO: [Synth 8-7052] The timing for the instance u_dsp_chaini_4/inst/u_top_system/u_dsp_chain/u_window/idx_reg_rep (implemented as a Block RAM) might be sub-optimal as no optional output register could be merged into the ram block. Providing additional output register may help in improving timing.
---------------------------------------------------------------------------------
Finished Technology Mapping : Time (s): cpu = 00:01:48 ; elapsed = 00:06:55 . Memory (MB): peak = 1726.270 ; gain = 834.641
---------------------------------------------------------------------------------
---------------------------------------------------------------------------------
Start IO Insertion
---------------------------------------------------------------------------------
---------------------------------------------------------------------------------
Start Flattening Before IO Insertion
---------------------------------------------------------------------------------
---------------------------------------------------------------------------------
Finished Flattening Before IO Insertion
---------------------------------------------------------------------------------
---------------------------------------------------------------------------------
Start Final Netlist Cleanup
---------------------------------------------------------------------------------
INFO: [Synth 8-7052] The timing for the instance inst/u_top_system/u_dsp_chain/u_window/idx_reg_rep (implemented as a Block RAM) might be sub-optimal as no optional output register could be merged into the ram block. Providing additional output register may help in improving timing.
---------------------------------------------------------------------------------
Finished Final Netlist Cleanup
---------------------------------------------------------------------------------
---------------------------------------------------------------------------------
Finished IO Insertion : Time (s): cpu = 00:01:57 ; elapsed = 00:07:40 . Memory (MB): peak = 1778.184 ; gain = 886.555
---------------------------------------------------------------------------------
---------------------------------------------------------------------------------
Start Renaming Generated Instances
---------------------------------------------------------------------------------
---------------------------------------------------------------------------------
Finished Renaming Generated Instances : Time (s): cpu = 00:01:57 ; elapsed = 00:07:40 . Memory (MB): peak = 1778.184 ; gain = 886.555
---------------------------------------------------------------------------------
---------------------------------------------------------------------------------
Start Rebuilding User Hierarchy
---------------------------------------------------------------------------------
---------------------------------------------------------------------------------
Finished Rebuilding User Hierarchy : Time (s): cpu = 00:01:59 ; elapsed = 00:07:43 . Memory (MB): peak = 1778.184 ; gain = 886.555
---------------------------------------------------------------------------------
---------------------------------------------------------------------------------
Start Renaming Generated Ports
---------------------------------------------------------------------------------
---------------------------------------------------------------------------------
Finished Renaming Generated Ports : Time (s): cpu = 00:01:59 ; elapsed = 00:07:43 . Memory (MB): peak = 1778.184 ; gain = 886.555
---------------------------------------------------------------------------------
---------------------------------------------------------------------------------
Start Handling Custom Attributes
---------------------------------------------------------------------------------
---------------------------------------------------------------------------------
Finished Handling Custom Attributes : Time (s): cpu = 00:02:00 ; elapsed = 00:07:43 . Memory (MB): peak = 1779.172 ; gain = 887.543
---------------------------------------------------------------------------------
---------------------------------------------------------------------------------
Start Renaming Generated Nets
---------------------------------------------------------------------------------
---------------------------------------------------------------------------------
Finished Renaming Generated Nets : Time (s): cpu = 00:02:00 ; elapsed = 00:07:44 . Memory (MB): peak = 1779.172 ; gain = 887.543
---------------------------------------------------------------------------------
---------------------------------------------------------------------------------
Start Writing Synthesis Report
---------------------------------------------------------------------------------

DSP Final Report (the ' indicates corresponding REG is set)
+-------------------+------------------+--------+--------+--------+--------+--------+------+------+------+------+-------+------+------+
|Module Name        | DSP Mapping      | A Size | B Size | C Size | D Size | P Size | AREG | BREG | CREG | DREG | ADREG | MREG | PREG | 
+-------------------+------------------+--------+--------+--------+--------+--------+------+------+------+------+-------+------+------+
|dense_layer_2      | C+A*B            | 30     | 18     | 5      | -      | 32     | 0    | 0    | 0    | -    | -     | 0    | 0    | 
|dense_layer_2      | C+A*B            | 30     | 18     | 6      | -      | 32     | 0    | 0    | 0    | -    | -     | 0    | 0    | 
|dense_layer_2      | C+A*B            | 30     | 18     | 48     | -      | 32     | 0    | 0    | 0    | -    | -     | 0    | 0    | 
|feature_aggregator | A*B              | 17     | 18     | -      | -      | 48     | 0    | 0    | -    | -    | -     | 0    | 0    | 
|feature_aggregator | (PCIN>>17+A*B)'  | 30     | 18     | -      | -      | 48     | 0    | 0    | -    | -    | -     | 0    | 1    | 
|feature_aggregator | A*B              | 17     | 17     | -      | -      | 48     | 0    | 0    | -    | -    | -     | 0    | 0    | 
|feature_aggregator | (PCIN>>17+A*B)'  | 17     | 18     | -      | -      | 48     | 0    | 0    | -    | -    | -     | 0    | 1    | 
|feature_aggregator | A''*B''          | 30     | 17     | -      | -      | 48     | 2    | 2    | -    | -    | -     | 0    | 0    | 
|feature_aggregator | PCIN>>17+A''*B'' | 30     | 18     | -      | -      | 47     | 2    | 2    | -    | -    | -     | 0    | 0    | 
|dct_unit           | C'+A*B           | 30     | 18     | 48     | -      | 48     | 0    | 0    | 0    | -    | -     | 0    | 0    | 
|dft                | C'+A*B           | 30     | 18     | 48     | -      | 48     | 0    | 0    | 0    | -    | -     | 0    | 0    | 
|dft                | C'+A*B           | 30     | 18     | 48     | -      | 48     | 0    | 0    | 0    | -    | -     | 0    | 0    | 
|mel_filter         | A*B              | 15     | 14     | -      | -      | 48     | 0    | 0    | -    | -    | -     | 0    | 0    | 
|mel_filter         | A*B              | 17     | 15     | -      | -      | 48     | 0    | 0    | -    | -    | -     | 0    | 0    | 
|mel_filter         | PCIN>>17+A*B     | 17     | 15     | -      | -      | 48     | 0    | 0    | -    | -    | -     | 0    | 0    | 
|dsp_chain__GCB0    | A''*B''          | 17     | 18     | -      | -      | 48     | 2    | 2    | -    | -    | -     | 0    | 0    | 
|dsp_chain__GCB0    | PCIN>>17+A''*B'' | 30     | 18     | -      | -      | 48     | 2    | 2    | -    | -    | -     | 0    | 0    | 
|dsp_chain__GCB0    | A''*B''          | 17     | 17     | -      | -      | 48     | 2    | 2    | -    | -    | -     | 0    | 0    | 
|dsp_chain__GCB0    | PCIN>>17+A''*B'' | 17     | 18     | -      | -      | 48     | 2    | 2    | -    | -    | -     | 0    | 0    | 
|dsp_chain__GCB0    | A''*B''          | 17     | 18     | -      | -      | 48     | 2    | 2    | -    | -    | -     | 0    | 0    | 
|dsp_chain__GCB0    | PCIN>>17+A''*B'' | 30     | 18     | -      | -      | 48     | 2    | 2    | -    | -    | -     | 0    | 0    | 
|dsp_chain__GCB0    | A''*B''          | 17     | 17     | -      | -      | 48     | 2    | 2    | -    | -    | -     | 0    | 0    | 
|dsp_chain__GCB0    | PCIN>>17+A''*B'' | 17     | 18     | -      | -      | 48     | 2    | 2    | -    | -    | -     | 0    | 0    | 
|window             | (A'*B)'          | 30     | 18     | -      | -      | 31     | 1    | 0    | -    | -    | -     | 0    | 1    | 
|dense_layer_1      | A''*B            | 30     | 5      | -      | -      | 22     | 2    | 0    | -    | -    | -     | 0    | 0    | 
|dense_layer_1      | A*B              | 30     | 18     | -      | -      | 23     | 0    | 0    | -    | -    | -     | 0    | 0    | 
|dense_layer_1      | PCIN+A':B'+C     | 30     | 18     | -      | -      | 32     | 1    | 1    | -    | -    | -     | 0    | 0    | 
|dense_layer_1      | A''*B            | 30     | 18     | -      | -      | 22     | 2    | 0    | -    | -    | -     | 0    | 0    | 
|dense_layer_1      | A*B              | 30     | 18     | -      | -      | 23     | 0    | 0    | -    | -    | -     | 0    | 0    | 
|dense_layer_1      | PCIN+A':B'+C     | 30     | 18     | -      | -      | 32     | 1    | 1    | -    | -    | -     | 0    | 0    | 
|dense_layer_1      | A*B              | 30     | 18     | -      | -      | 23     | 0    | 0    | -    | -    | -     | 0    | 0    | 
|dense_layer_1      | A*B              | 30     | 18     | -      | -      | 23     | 0    | 0    | -    | -    | -     | 0    | 0    | 
|dense_layer_1      | A*B              | 30     | 18     | -      | -      | 23     | 0    | 0    | -    | -    | -     | 0    | 0    | 
|dense_layer_1      | A*B              | 30     | 18     | -      | -      | 24     | 0    | 0    | -    | -    | -     | 0    | 0    | 
|dense_layer_1      | A*B              | 30     | 18     | -      | -      | 23     | 0    | 0    | -    | -    | -     | 0    | 0    | 
|dense_layer_1      | A''*B            | 30     | 5      | -      | -      | 22     | 2    | 0    | -    | -    | -     | 0    | 0    | 
|dense_layer_1      | A*B              | 30     | 18     | -      | -      | 23     | 0    | 0    | -    | -    | -     | 0    | 0    | 
|dense_layer_1      | PCIN+A':B'+C     | 30     | 18     | -      | -      | 32     | 1    | 1    | -    | -    | -     | 0    | 0    | 
|dense_layer_1      | A*B              | 30     | 18     | -      | -      | 24     | 0    | 0    | -    | -    | -     | 0    | 0    | 
|dense_layer_1      | A*B              | 30     | 18     | -      | -      | 23     | 0    | 0    | -    | -    | -     | 0    | 0    | 
|dense_layer_1      | A''*B            | 30     | 18     | -      | -      | 23     | 2    | 0    | -    | -    | -     | 0    | 0    | 
|dense_layer_1      | A*B              | 30     | 18     | -      | -      | 23     | 0    | 0    | -    | -    | -     | 0    | 0    | 
|dense_layer_1      | A*B              | 30     | 18     | -      | -      | 23     | 0    | 0    | -    | -    | -     | 0    | 0    | 
|dense_layer_1      | A''*B            | 30     | 6      | -      | -      | 23     | 2    | 0    | -    | -    | -     | 0    | 0    | 
|dense_layer_1      | A*B              | 30     | 18     | -      | -      | 23     | 0    | 0    | -    | -    | -     | 0    | 0    | 
|dense_layer_1      | C'+A''*B         | 30     | 6      | 48     | -      | 25     | 2    | 0    | 0    | -    | -     | 0    | 0    | 
|dense_layer_1      | A*B              | 30     | 18     | -      | -      | 23     | 0    | 0    | -    | -    | -     | 0    | 0    | 
|dense_layer_1      | A*B              | 30     | 18     | -      | -      | 23     | 0    | 0    | -    | -    | -     | 0    | 0    | 
|dense_layer_1      | A*B              | 30     | 18     | -      | -      | 23     | 0    | 0    | -    | -    | -     | 0    | 0    | 
|dense_layer_1      | A''*B            | 30     | 5      | -      | -      | 22     | 2    | 0    | -    | -    | -     | 0    | 0    | 
|dense_layer_1      | A*B              | 30     | 18     | -      | -      | 23     | 0    | 0    | -    | -    | -     | 0    | 0    | 
|dense_layer_1      | PCIN+A':B'+C     | 30     | 18     | -      | -      | 32     | 1    | 1    | -    | -    | -     | 0    | 0    | 
|dense_layer_1      | A''*B            | 30     | 18     | -      | -      | 23     | 2    | 0    | -    | -    | -     | 0    | 0    | 
|dense_layer_1      | A*B              | 30     | 18     | -      | -      | 23     | 0    | 0    | -    | -    | -     | 0    | 0    | 
|dense_layer_1      | C'+A''*B         | 30     | 18     | 48     | -      | 25     | 2    | 0    | 0    | -    | -     | 0    | 0    | 
|dense_layer_1      | A*B              | 30     | 18     | -      | -      | 24     | 0    | 0    | -    | -    | -     | 0    | 0    | 
|dense_layer_1      | A''*B            | 30     | 5      | -      | -      | 22     | 2    | 0    | -    | -    | -     | 0    | 0    | 
|dense_layer_1      | A*B              | 30     | 18     | -      | -      | 23     | 0    | 0    | -    | -    | -     | 0    | 0    | 
|dense_layer_1      | PCIN+A':B'+C     | 30     | 18     | -      | -      | 32     | 1    | 1    | -    | -    | -     | 0    | 0    | 
|dense_layer_1      | A''*B            | 30     | 18     | -      | -      | 22     | 2    | 0    | -    | -    | -     | 0    | 0    | 
|dense_layer_1      | A*B              | 30     | 18     | -      | -      | 23     | 0    | 0    | -    | -    | -     | 0    | 0    | 
|dense_layer_1      | A*B              | 30     | 18     | -      | -      | 23     | 0    | 0    | -    | -    | -     | 0    | 0    | 
|dense_layer_1      | A*B              | 30     | 18     | -      | -      | 23     | 0    | 0    | -    | -    | -     | 0    | 0    | 
|dense_layer_1      | A*B              | 30     | 18     | -      | -      | 23     | 0    | 0    | -    | -    | -     | 0    | 0    | 
|dense_layer_1      | A''*B            | 30     | 18     | -      | -      | 22     | 2    | 0    | -    | -    | -     | 0    | 0    | 
|dense_layer_1      | A*B              | 30     | 18     | -      | -      | 24     | 0    | 0    | -    | -    | -     | 0    | 0    | 
|dense_layer_1      | PCIN+A':B'+C     | 30     | 18     | -      | -      | 32     | 1    | 1    | -    | -    | -     | 0    | 0    | 
|dense_layer_1      | A''*B            | 30     | 18     | -      | -      | 23     | 2    | 0    | -    | -    | -     | 0    | 0    | 
|dense_layer_1      | A*B              | 30     | 18     | -      | -      | 23     | 0    | 0    | -    | -    | -     | 0    | 0    | 
|dense_layer_1      | PCIN+A':B'+C     | 30     | 18     | -      | -      | 32     | 1    | 1    | -    | -    | -     | 0    | 0    | 
|dense_layer_1      | A''*B            | 30     | 18     | -      | -      | 22     | 2    | 0    | -    | -    | -     | 0    | 0    | 
|dense_layer_1      | A*B              | 30     | 18     | -      | -      | 23     | 0    | 0    | -    | -    | -     | 0    | 0    | 
|dense_layer_1      | PCIN+A':B'+C     | 30     | 18     | -      | -      | 32     | 1    | 1    | -    | -    | -     | 0    | 0    | 
|dense_layer_1      | A*B              | 30     | 18     | -      | -      | 24     | 0    | 0    | -    | -    | -     | 0    | 0    | 
|dense_layer_1      | A''*B            | 30     | 18     | -      | -      | 22     | 2    | 0    | -    | -    | -     | 0    | 0    | 
|dense_layer_1      | A*B              | 30     | 18     | -      | -      | 23     | 0    | 0    | -    | -    | -     | 0    | 0    | 
|dense_layer_1      | PCIN+A':B'+C     | 30     | 18     | -      | -      | 32     | 1    | 1    | -    | -    | -     | 0    | 0    | 
|dense_layer_1      | A''*B            | 30     | 18     | -      | -      | 23     | 2    | 0    | -    | -    | -     | 0    | 0    | 
|dense_layer_1      | A*B              | 30     | 18     | -      | -      | 23     | 0    | 0    | -    | -    | -     | 0    | 0    | 
|dense_layer_1      | PCIN+A':B'+C     | 30     | 18     | -      | -      | 32     | 1    | 1    | -    | -    | -     | 0    | 0    | 
|dense_layer_1      | A*B              | 30     | 18     | -      | -      | 23     | 0    | 0    | -    | -    | -     | 0    | 0    | 
|dense_layer_1      | C'+A''*B         | 30     | 18     | 48     | -      | 25     | 2    | 0    | 0    | -    | -     | 0    | 0    | 
|dense_layer_1      | A*B              | 30     | 18     | -      | -      | 23     | 0    | 0    | -    | -    | -     | 0    | 0    | 
|dense_layer_2      | (PCIN+P)'        | -      | -      | -      | -      | 32     | -    | -    | -    | -    | -     | 0    | 1    | 
|dense_layer_2      | (PCIN+P)'        | -      | -      | -      | -      | 32     | -    | -    | -    | -    | -     | 0    | 1    | 
|dense_layer_2      | (PCIN+P)'        | -      | -      | -      | -      | 32     | -    | -    | -    | -    | -     | 0    | 1    | 
+-------------------+------------------+--------+--------+--------+--------+--------+------+------+------+------+-------+------+------+


Report BlackBoxes: 
+-+--------------+----------+
| |BlackBox name |Instances |
+-+--------------+----------+
+-+--------------+----------+

Report Cell Usage: 
+------+---------+------+
|      |Cell     |Count |
+------+---------+------+
|1     |CARRY4   |   814|
|2     |DSP48E1  |    86|
|10    |LUT1     |   200|
|11    |LUT2     |  1696|
|12    |LUT3     |   993|
|13    |LUT4     |  2597|
|14    |LUT5     |  2352|
|15    |LUT6     | 22548|
|16    |MUXF7    | 11177|
|17    |MUXF8    |  2339|
|18    |RAMB18E1 |     1|
|19    |FDRE     | 18742|
|20    |FDSE     |     3|
+------+---------+------+
---------------------------------------------------------------------------------
Finished Writing Synthesis Report : Time (s): cpu = 00:02:00 ; elapsed = 00:07:44 . Memory (MB): peak = 1779.172 ; gain = 887.543
---------------------------------------------------------------------------------
Synthesis finished with 0 errors, 0 critical warnings and 72 warnings.
Synthesis Optimization Runtime : Time (s): cpu = 00:01:39 ; elapsed = 00:07:42 . Memory (MB): peak = 1779.172 ; gain = 770.438
Synthesis Optimization Complete : Time (s): cpu = 00:02:00 ; elapsed = 00:07:50 . Memory (MB): peak = 1779.172 ; gain = 887.543
INFO: [Project 1-571] Translating synthesized netlist
Netlist sorting complete. Time (s): cpu = 00:00:00 ; elapsed = 00:00:00.492 . Memory (MB): peak = 1791.172 ; gain = 0.000
INFO: [Netlist 29-17] Analyzing 14417 Unisim elements for replacement
INFO: [Netlist 29-28] Unisim Transformation completed in 0 CPU seconds
INFO: [Project 1-570] Preparing netlist for logic optimization
INFO: [Opt 31-138] Pushed 0 inverter(s) to 0 load pin(s).
Netlist sorting complete. Time (s): cpu = 00:00:00 ; elapsed = 00:00:00.011 . Memory (MB): peak = 1824.953 ; gain = 0.000
INFO: [Project 1-111] Unisim Transformation Summary:
No Unisim elements were transformed.

The system cannot find the path specified.
Synth Design complete | Checksum: ffbc6069
INFO: [Common 17-83] Releasing license: Synthesis
255 Infos, 89 Warnings, 0 Critical Warnings and 0 Errors encountered.
synth_design completed successfully
synth_design: Time (s): cpu = 00:02:13 ; elapsed = 00:09:05 . Memory (MB): peak = 1824.953 ; gain = 1352.539
Write ShapeDB Complete: Time (s): cpu = 00:00:01 ; elapsed = 00:00:00.177 . Memory (MB): peak = 1824.953 ; gain = 0.000
INFO: [Common 17-1381] The checkpoint 'C:/Users/Python/Desktop/sdup/simple_speech_recognition/project_final/project_final.runs/design_final_top_ssr_0_0_synth_1/design_final_top_ssr_0_0.dcp' has been generated.
INFO: [Coretcl 2-1648] Added synthesis output to IP cache for IP design_final_top_ssr_0_0, cache-ID = e10a785e4817cfba
INFO: [Coretcl 2-1174] Renamed 15 cell refs.
Write ShapeDB Complete: Time (s): cpu = 00:00:01 ; elapsed = 00:00:00.296 . Memory (MB): peak = 1824.953 ; gain = 0.000
INFO: [Common 17-1381] The checkpoint 'C:/Users/Python/Desktop/sdup/simple_speech_recognition/project_final/project_final.runs/design_final_top_ssr_0_0_synth_1/design_final_top_ssr_0_0.dcp' has been generated.
INFO: [runtcl-4] Executing : report_utilization -file design_final_top_ssr_0_0_utilization_synth.rpt -pb design_final_top_ssr_0_0_utilization_synth.pb
INFO: [Common 17-206] Exiting Vivado at Tue Jun 16 03:41:29 2026...
